,entry,exit,direction,bars,return,open,mae,mfe,mae_atr,mfe_atr,symbol
0,2019-09-19 04:00:00+00:00,2019-09-19 21:00:00+00:00,-1,17,-0.043400818453061145,False,0.051888775876937264,0.004196714101142576,6.349820487838154,0.5135673511403587,BTC
1,2019-09-24 19:00:00+00:00,2019-09-25 00:00:00+00:00,-1,5,0.011114173979028086,False,0.017356354294120406,0.054494095446585906,1.0248039387205423,3.217597584395507,BTC
2,2019-10-06 19:00:00+00:00,2019-10-07 00:00:00+00:00,-1,5,-0.004447078666376124,False,0.011238666836930178,0.004093985442472277,1.1886871054296686,0.4330111191918596,BTC
3,2019-10-07 17:00:00+00:00,2019-10-08 00:00:00+00:00,1,7,-0.006490686445820248,False,0.0063762084531555465,0.009694364968046059,0.5494363651825358,0.8353611225116262,BTC
4,2019-10-09 16:00:00+00:00,2019-10-10 00:00:00+00:00,1,8,-0.0005333420412440767,False,0.006922734146658165,0.013439624612138568,0.7835604970115736,1.52118494190909,BTC
5,2019-10-20 18:00:00+00:00,2019-10-21 00:00:00+00:00,1,6,0.00881656998735384,False,0.003041927947866689,0.020595106356817904,0.48242578586014245,3.266221468535755,BTC
6,2019-10-23 13:00:00+00:00,2019-10-24 00:00:00+00:00,-1,11,0.010055570196920894,False,0.0042013858085052,0.05025111655171229,0.40461679375455173,4.83946168918349,BTC
7,2019-10-25 16:00:00+00:00,2019-10-26 00:00:00+00:00,1,8,0.04426703295120474,False,0.0008796639127257767,0.06479263163498902,0.06408067015108544,4.719933597317901,BTC
8,2019-10-26 02:00:00+00:00,2019-10-27 00:00:00+00:00,1,22,-0.0845448350605585,False,0.11648944643568304,0.0221395858223816,4.443998503939925,0.8446111582033847,BTC
9,2019-11-08 14:00:00+00:00,2019-11-09 00:00:00+00:00,-1,10,0.0025532317706760807,False,0.010100035637837824,0.01600411310587164,1.191016803129739,1.887237660516071,BTC
10,2019-11-18 19:00:00+00:00,2019-11-19 00:00:00+00:00,-1,5,0.001655731864987632,False,0.0037506654111663456,0.005655842645029106,0.4745189927436555,0.7155542979242289,BTC
11,2019-11-21 16:00:00+00:00,2019-11-22 00:00:00+00:00,-1,8,-0.001096614448514797,False,0.004195090734081838,0.010534280671109598,0.41343745261232334,1.0381816370224486,BTC
12,2019-12-14 16:00:00+00:00,2019-12-15 00:00:00+00:00,-1,8,-0.0022106568953524203,False,0.0056239558698710414,0.007006919066896697,1.0297904220778045,1.2830218284643158,BTC
13,2019-12-16 19:00:00+00:00,2019-12-17 00:00:00+00:00,-1,5,0.0028343974289862144,False,0.00030932186240674486,0.012573789163905866,0.041513628242667015,1.6875095891724499,BTC
14,2019-12-17 21:00:00+00:00,2019-12-18 00:00:00+00:00,-1,3,-0.007616030631064485,False,0.01780679716270662,0.004485136431132443,1.8705903546115468,0.47116013455605354,BTC
15,2019-12-18 21:00:00+00:00,2019-12-19 00:00:00+00:00,1,3,0.02287512844044553,False,0.0011153320890745812,0.05203945434522412,0.07479019021877799,3.489580123701137,BTC
16,2020-01-02 21:00:00+00:00,2020-01-03 00:00:00+00:00,-1,3,-0.004083639101085054,False,0.005454322925291055,7.487454913275503e-05,0.8765698741280964,0.012033166170702065,BTC
17,2020-01-03 10:00:00+00:00,2020-01-04 00:00:00+00:00,1,14,-0.0020281317425326663,False,0.01581315561969458,0.008458642777887465,1.6661657031160018,0.8912516154506904,BTC
18,2020-01-14 05:00:00+00:00,2020-01-15 00:00:00+00:00,1,19,0.031870202192519646,False,0.007301272447192463,0.04255324137575288,0.8540207437493315,4.977399639790121,BTC
19,2020-01-19 13:00:00+00:00,2020-01-20 00:00:00+00:00,-1,11,-0.007414924502209937,False,0.013322152502674758,0.023692565711476755,1.1751860903626687,2.0899906125185677,BTC
20,2020-01-27 19:00:00+00:00,2020-01-28 00:00:00+00:00,1,5,0.0013259730145519862,False,0.0028355387523630307,0.014434242506076023,0.4190702510329049,2.1332671350198016,BTC
21,2020-02-05 17:00:00+00:00,2020-02-06 00:00:00+00:00,1,7,0.002239959975403904,False,0.004312869389276343,0.02304895122417216,0.6572037612322884,3.51224580893862,BTC
22,2020-02-11 17:00:00+00:00,2020-02-12 00:00:00+00:00,1,7,-0.008426162971443447,False,0.006502397619131134,0.007448006139151461,0.7229835112265472,0.8281230932844938,BTC
23,2020-02-15 18:00:00+00:00,2020-02-16 00:00:00+00:00,-1,6,-0.006834259464960092,False,0.008989224494267449,0.0037896346999076696,0.9136090288696496,0.3851549686139547,BTC
24,2020-02-19 22:00:00+00:00,2020-02-20 00:00:00+00:00,-1,2,0.0007499024798724344,False,0.00904543096035044,0.012166983293144149,0.6047452301275583,0.8134410780230591,BTC
25,2020-02-25 17:00:00+00:00,2020-02-26 00:00:00+00:00,-1,7,-0.0018434280240660931,False,0.012191811831550381,0.007940126660093725,1.296961746990877,0.8446685928792289,BTC
26,2020-02-26 17:00:00+00:00,2020-02-27 00:00:00+00:00,-1,7,-0.006757195075202071,False,0.013838686593643701,0.008909526128437152,0.9107616940821059,0.5863602051607475,BTC
27,2020-03-02 17:00:00+00:00,2020-03-03 00:00:00+00:00,1,7,0.004981191965123178,False,0.0041351928157797825,0.012580511549534773,0.5126342298230183,1.5595889082524448,BTC
28,2020-03-05 19:00:00+00:00,2020-03-06 00:00:00+00:00,1,5,-0.007852732577983978,False,0.008873971620396241,0.005742368636601266,1.3377590088570714,0.8656671110075772,BTC
29,2020-03-08 16:00:00+00:00,2020-03-09 00:00:00+00:00,-1,8,0.04264164441173911,False,0.0001773809523809264,0.04789285714285717,0.019281954623014755,5.206127748214749,BTC
30,2020-03-12 11:00:00+00:00,2020-03-13 00:00:00+00:00,-1,13,0.20556946129431133,False,0.08676206765679056,0.27320696798398947,1.9819622869739781,6.241044291668561,BTC
31,2020-03-19 17:00:00+00:00,2020-03-20 00:00:00+00:00,1,7,-0.0001730530976887482,False,0.01335011571724387,0.03942506800925738,0.5242996936213182,1.5483424650434952,BTC
32,2020-04-06 18:00:00+00:00,2020-04-07 00:00:00+00:00,1,6,0.01574274056475308,False,0.004398973572833046,0.02337232423545613,0.3897828605383498,2.0709675216481793,BTC
33,2020-04-10 15:00:00+00:00,2020-04-11 00:00:00+00:00,-1,9,-0.0029708144868396008,False,0.014379833189262505,0.01569399341167669,1.2819928952746007,1.3991530908216172,BTC
34,2020-04-16 09:00:00+00:00,2020-04-17 00:00:00+00:00,1,15,0.006936854465426438,False,0.018951333951738782,0.021494088450922766,1.3785624825799874,1.5635281406129877,BTC
35,2020-04-23 15:00:00+00:00,2020-04-24 00:00:00+00:00,1,9,-0.009039788847631656,False,0.014274514797820775,0.01066376958086442,1.1449490609721045,0.855333658689231,BTC
36,2020-04-29 11:00:00+00:00,2020-04-30 00:00:00+00:00,1,13,0.0794003390995133,False,0.0009386243294879345,0.10866950926351912,0.1219129836813344,14.114511730938805,BTC
37,2020-05-07 17:00:00+00:00,2020-05-08 00:00:00+00:00,1,7,0.03551176302425678,False,0.00029690040133465887,0.04641819771075251,0.02426351567292109,3.7934225167789206,BTC
38,2020-05-10 01:00:00+00:00,2020-05-11 00:00:00+00:00,-1,23,-0.006284227734392667,False,0.02350089238072464,0.051270492557360776,0.9635795228187235,2.102183864031604,BTC
39,2020-05-21 15:00:00+00:00,2020-05-22 00:00:00+00:00,-1,9,-3.0255823094182304e-05,False,0.008925149027849445,0.029369390803230304,0.6940720073307136,2.283936320309263,BTC
40,2020-06-02 16:00:00+00:00,2020-06-03 00:00:00+00:00,-1,8,-0.0064774457724550705,False,0.00856261684217194,0.005798540331013175,0.5607953781879412,0.3797664519861586,BTC
41,2020-06-11 16:00:00+00:00,2020-06-12 00:00:00+00:00,-1,8,0.022966961131770373,False,0.004999464568053293,0.04933847907930909,0.6472893650596061,6.3879386205327355,BTC
42,2020-06-22 12:00:00+00:00,2020-06-23 00:00:00+00:00,1,12,0.02214101715055497,False,0.002184190940153576,0.03553486247843305,0.5681777527023929,9.243751512019848,BTC
43,2020-06-24 16:00:00+00:00,2020-06-25 00:00:00+00:00,-1,8,-0.0061525409463715755,False,0.010079444912035896,0.0027518861819010106,1.199908465381679,0.32759854875410327,BTC
44,2020-07-06 13:00:00+00:00,2020-07-07 00:00:00+00:00,1,11,0.0060186008027765196,False,0.004526722771411909,0.012065145961181273,0.9759949058330478,2.6013346941880973,BTC
45,2020-07-21 08:00:00+00:00,2020-07-22 00:00:00+00:00,1,16,0.005964971968031374,False,0.0015952986998208866,0.013390417686988605,0.44128518424990854,3.704004107098838,BTC
46,2020-07-26 11:00:00+00:00,2020-07-27 00:00:00+00:00,1,13,-0.009866269532797041,False,0.020176767701989933,0.0002956449304384561,2.6152110183128334,0.03832000700066183,BTC
47,2020-07-27 17:00:00+00:00,2020-07-28 00:00:00+00:00,1,7,0.02706493406105709,False,0.005276602091995633,0.070982417541439,0.40952117482142414,5.509000397686045,BTC
48,2020-08-02 12:00:00+00:00,2020-08-03 00:00:00+00:00,-1,12,0.0017536000239937672,False,0.016536517730936673,0.012960908532245812,0.8547984435738064,0.6699696163926675,BTC
49,2020-08-10 03:00:00+00:00,2020-08-11 00:00:00+00:00,1,21,-0.012978579173314964,False,0.05275025168692642,0.005482198870113008,7.291882423976885,0.7578267080691576,BTC
50,2020-08-11 17:00:00+00:00,2020-08-12 00:00:00+00:00,-1,7,0.0018906628840212338,False,0.011048061516502098,0.026822510337878993,1.0822374577788365,2.6274587044934665,BTC
51,2020-08-17 16:00:00+00:00,2020-08-18 00:00:00+00:00,1,8,-0.013338313612615792,False,0.017607696566776458,0.004454359092220445,1.9604324235609305,0.4959461879329225,BTC
52,2020-08-25 14:00:00+00:00,2020-08-26 00:00:00+00:00,-1,10,0.010289625247898507,False,0.0002487664240392636,0.028501649277748203,0.04425168512028177,5.070000962222109,BTC
53,2020-09-01 16:00:00+00:00,2020-09-02 00:00:00+00:00,1,8,-0.011809293031943406,False,0.01511561415637471,0.0009909429145507195,2.399918815047187,0.15733284275882484,BTC
54,2020-09-02 12:00:00+00:00,2020-09-03 00:00:00+00:00,-1,12,0.0005145872534764909,False,0.006175613028783053,0.018172995991237985,0.6353287015004566,1.8695837792416563,BTC
55,2020-09-03 13:00:00+00:00,2020-09-04 00:00:00+00:00,-1,11,0.06236923315045422,False,0.009738322418554842,0.08545301718962152,0.7622540436682975,6.688719586069301,BTC
56,2020-09-14 14:00:00+00:00,2020-09-15 00:00:00+00:00,1,10,0.001234814875336841,False,0.004869885679903662,0.010271886281588469,0.8049566234846284,1.6978679668326624,BTC
57,2020-09-21 11:00:00+00:00,2020-09-22 00:00:00+00:00,-1,13,0.022185316841607686,False,0.0017193760746100602,0.03615564759727973,0.27592777914154787,5.802306832264365,BTC
58,2020-10-01 17:00:00+00:00,2020-10-02 00:00:00+00:00,-1,7,-0.010559723035580015,False,0.010970080647537975,0.005762168195227371,1.559986592645152,0.8194019185390766,BTC
59,2020-10-08 15:00:00+00:00,2020-10-09 00:00:00+00:00,1,9,-0.0008044335736184184,False,0.006750693630333267,0.00384968272198233,1.2341000071531305,0.7037637515333569,BTC
60,2020-10-19 16:00:00+00:00,2020-10-20 00:00:00+00:00,1,8,-0.006334951154697354,False,0.012296290521577661,0.002447225348102485,2.3050102862063957,0.45874644797490594,BTC
61,2020-10-21 13:00:00+00:00,2020-10-22 00:00:00+00:00,1,11,0.0306771559873851,False,0.003677849123517235,0.06763258924287589,0.4527968409077865,8.326557649080963,BTC
62,2020-10-27 12:00:00+00:00,2020-10-28 00:00:00+00:00,1,12,0.011811425689594503,False,0.010407581317361794,0.02520512906307971,1.4479495702402927,3.5066510346506377,BTC
63,2020-11-05 13:00:00+00:00,2020-11-06 00:00:00+00:00,1,11,0.046804206860982654,False,0.009049235022483556,0.06124865048481643,0.8055180645200963,5.452051391130376,BTC
64,2020-11-16 18:00:00+00:00,2020-11-17 00:00:00+00:00,1,6,-0.0004596682231833946,False,0.006160411580926711,0.011575413959764698,0.8181671126577651,1.5373360842644226,BTC
65,2020-11-17 17:00:00+00:00,2020-11-18 00:00:00+00:00,1,7,-0.001497665468227892,False,0.01471364726295836,0.012456713331473131,1.412183853177649,1.1955682446360476,BTC
66,2020-11-24 13:00:00+00:00,2020-11-25 00:00:00+00:00,1,11,-0.0019770951452171706,False,0.015779754122256705,0.013842813685000514,1.2637596582455146,1.1086351128271394,BTC
67,2020-11-26 08:00:00+00:00,2020-11-27 00:00:00+00:00,-1,16,0.024520980979276262,False,0.0,0.08303256053282825,0.0,4.391280850638139,BTC
68,2020-12-08 23:00:00+00:00,2020-12-09 00:00:00+00:00,-1,1,-0.0016812622843415657,False,0.006855754531557093,0.009973247433937446,0.7148574970908369,1.039922107140099,BTC
69,2020-12-16 15:00:00+00:00,2020-12-17 00:00:00+00:00,1,9,0.030249620898654447,False,0.0062046304237307615,0.044827451099898545,0.5688040092376097,4.10951695237209,BTC
70,2020-12-17 16:00:00+00:00,2020-12-18 00:00:00+00:00,1,8,-0.024846987920369733,False,0.042760605027505116,0.017116405606218143,2.1432710117304867,0.8579180752290899,BTC
71,2020-12-26 21:00:00+00:00,2020-12-27 00:00:00+00:00,1,3,0.0009002677293749104,False,0.014386317907444705,0.018365834102358456,1.1610123040391276,1.4821693433971217,BTC
72,2021-01-02 17:00:00+00:00,2021-01-03 00:00:00+00:00,1,7,-0.009379378853317476,False,0.061931049105119484,0.02877844850499868,4.07746444326858,1.8947378125694927,BTC
73,2021-01-11 07:00:00+00:00,2021-01-12 00:00:00+00:00,-1,17,-0.07905669160926047,False,0.10555871429560709,0.07521810492605502,2.610385236143973,1.8600854690200928,BTC
74,2021-01-21 10:00:00+00:00,2021-01-22 00:00:00+00:00,-1,14,0.06060867309449696,False,0.0055669381475620784,0.08645888777898492,0.2619080938339787,4.067636803745771,BTC
75,2021-01-27 14:00:00+00:00,2021-01-28 00:00:00+00:00,-1,10,-0.006851021102409249,False,0.04607607327600299,0.03432983844840192,2.354056660960279,1.753933855974658,BTC
76,2021-01-29 10:00:00+00:00,2021-01-30 00:00:00+00:00,1,14,-0.07963621417647862,False,0.09511264728613426,0.04310261283827319,3.1801517500845207,1.4411632265736842,BTC
77,2021-02-08 13:00:00+00:00,2021-02-09 00:00:00+00:00,1,11,0.06277268928533122,False,0.023815051222702072,0.08366412985765218,1.2727215934216238,4.471170087728382,BTC
78,2021-02-17 20:00:00+00:00,2021-02-18 00:00:00+00:00,1,4,-0.0026486342177290496,False,0.0044667711764934314,0.010521093957983436,0.3313904770755341,0.7805616648645394,BTC
79,2021-02-22 14:00:00+00:00,2021-02-23 00:00:00+00:00,-1,10,-0.03785984937607943,False,0.05426962735651662,0.08507180487834794,2.614828038093236,4.09894358009425,BTC
80,2021-02-23 09:00:00+00:00,2021-02-24 00:00:00+00:00,-1,15,-0.05610959451591985,False,0.0647085188702413,0.036313858898644844,1.8169785930245679,1.0196726088146721,BTC
81,2021-03-13 21:00:00+00:00,2021-03-14 00:00:00+00:00,1,3,-0.00971608579073464,False,0.01716315675807293,0.001312310038022308,1.3982623810279289,0.10691236957611706,BTC
82,2021-03-22 21:00:00+00:00,2021-03-23 00:00:00+00:00,-1,3,0.006352292049395492,False,0.0077712627710812944,0.016776417215602826,0.5445136728288855,1.1754831645856951,BTC
83,2021-04-07 19:00:00+00:00,2021-04-08 00:00:00+00:00,-1,5,-0.0032520188830407843,False,0.01241466859768629,0.007025514491587554,1.099797773441477,0.6223803023279114,BTC
84,2021-04-10 05:00:00+00:00,2021-04-11 00:00:00+00:00,1,19,-0.02737140601839755,False,0.04623724921892508,0.004944644373999772,5.132950058821916,0.5489213363494645,BTC
85,2021-04-13 09:00:00+00:00,2021-04-14 00:00:00+00:00,1,15,0.010331212281252736,False,0.0063351039344782395,0.01629704333165883,0.661241799307572,1.7010433242256016,BTC
86,2021-04-18 04:00:00+00:00,2021-04-19 00:00:00+00:00,-1,20,-0.025306048997101913,False,0.03344262641783525,0.03189566497099514,1.4502470942000698,1.3831627595222487,BTC
87,2021-04-26 12:00:00+00:00,2021-04-27 00:00:00+00:00,1,12,0.005789276704728309,False,0.01851004226564451,0.014421931337127087,1.3051697025840128,1.0169111212080642,BTC
88,2021-05-05 16:00:00+00:00,2021-05-06 00:00:00+00:00,1,8,-0.0033735953621003454,False,0.015651059707167587,0.00597089039014797,1.107233359068065,0.4224103125926421,BTC
89,2021-05-10 21:00:00+00:00,2021-05-11 00:00:00+00:00,-1,3,-0.012087400119328373,False,0.01826654122415011,0.0038897432650033103,1.085027105063147,0.23104959075041215,BTC
90,2021-05-19 13:00:00+00:00,2021-05-20 00:00:00+00:00,-1,11,-0.054846081703910324,False,0.15508726514451204,0.18175468099470654,3.145434150076349,3.6862948095981234,BTC
91,2021-05-28 22:00:00+00:00,2021-05-29 00:00:00+00:00,-1,2,-0.019389167431773387,False,0.025109431651619784,0.007732190410645764,1.0429388499317143,0.321162258318647,BTC
92,2021-06-09 23:00:00+00:00,2021-06-10 00:00:00+00:00,1,1,0.006413459439599967,False,0.003734147474412884,0.011867106107191055,0.18604244276319526,0.5912421573706015,BTC
93,2021-06-13 21:00:00+00:00,2021-06-14 00:00:00+00:00,1,3,-0.0074635461440224135,False,0.013479389158050166,0.0016320496718306534,0.9091398104632319,0.11007630330403863,BTC
94,2021-06-18 19:00:00+00:00,2021-06-19 00:00:00+00:00,-1,5,-0.017157500790446596,False,0.019067498581962557,0.003114010209869623,1.2186174392326994,0.19901861439159027,BTC
95,2021-06-21 17:00:00+00:00,2021-06-22 00:00:00+00:00,-1,7,0.015102811103393001,False,0.022915483240509158,0.02836989245707106,0.918172380271581,1.1367184105160042,BTC
96,2021-07-05 12:00:00+00:00,2021-07-06 00:00:00+00:00,-1,12,-0.011117389389434356,False,0.026866938562151138,0.009930369618601923,2.5118893646159832,0.9284269502447797,BTC
97,2021-07-20 04:00:00+00:00,2021-07-21 00:00:00+00:00,-1,20,-0.008647584548144892,False,0.013354318401078504,0.011516772842726149,1.2346665047006655,1.0647771937212367,BTC
98,2021-07-21 15:00:00+00:00,2021-07-22 00:00:00+00:00,1,9,0.009263346868183798,False,0.009009853554096395,0.034458026212599406,0.893183202132414,3.415963423483066,BTC
99,2021-07-26 02:00:00+00:00,2021-07-27 00:00:00+00:00,1,22,-0.029412666191484832,False,0.042302565585312354,0.058919268454855615,1.3406155299040765,1.8672173946960755,BTC
100,2021-08-13 21:00:00+00:00,2021-08-14 00:00:00+00:00,1,3,0.0023155260826605477,False,0.0028109671831869566,0.0051171701950095475,0.28766712068804423,0.5236779799044595,BTC
101,2021-08-20 22:00:00+00:00,2021-08-21 00:00:00+00:00,1,2,-0.002523946728427549,False,0.008673972371926814,0.0013813631610028103,0.9190524486034026,0.14636260540084653,BTC
102,2021-08-26 07:00:00+00:00,2021-08-27 00:00:00+00:00,-1,17,-0.0005418107161965634,False,0.011991919374585235,0.013059896047142885,1.0464696303054428,1.1396661502949625,BTC
103,2021-09-07 15:00:00+00:00,2021-09-08 00:00:00+00:00,-1,9,0.008133309750469803,False,0.01760366693061036,0.11081665093426786,1.1639458915710097,7.327143036790436,BTC
104,2021-09-13 15:00:00+00:00,2021-09-14 00:00:00+00:00,-1,9,-0.024688636923656245,False,0.03633698210170246,0.001875313282210036,2.080903388602671,0.10739322689815861,BTC
105,2021-09-14 23:00:00+00:00,2021-09-15 00:00:00+00:00,1,1,-0.0032478355726398107,False,0.006226452298213253,0.001759147162402574,0.6489248904254483,0.18333945639187021,BTC
106,2021-09-19 23:00:00+00:00,2021-09-20 00:00:00+00:00,-1,1,-0.005945363525172675,False,0.006939064809590149,0.0014972652858670928,0.8793147079967558,0.18973268354783732,BTC
107,2021-09-20 03:00:00+00:00,2021-09-21 00:00:00+00:00,-1,21,0.06369292140261193,False,0.002721143206553438,0.07588061786597519,0.2704462978661348,7.541548027397017,BTC
108,2021-09-30 19:00:00+00:00,2021-10-01 00:00:00+00:00,1,5,-0.00558088792603224,False,0.020544622957447977,0.0028422961131787795,1.8292462749133682,0.2530715500596791,BTC
109,2021-10-01 11:00:00+00:00,2021-10-02 00:00:00+00:00,1,13,0.0201942614741278,False,0.007007944517501298,0.0289560333139648,0.5246053786443068,2.1676100292708766,BTC
110,2021-10-06 16:00:00+00:00,2021-10-07 00:00:00+00:00,1,8,0.003940303330086471,False,0.009162024821300178,0.014595546882214051,0.6118132344052489,0.9746479539283336,BTC
111,2021-10-11 08:00:00+00:00,2021-10-12 00:00:00+00:00,1,16,0.010252506636678893,False,0.01601531432863677,0.018655582304748772,1.545133516694758,1.7998626128107094,BTC
112,2021-10-15 14:00:00+00:00,2021-10-16 00:00:00+00:00,1,10,0.026686999035480146,False,0.005852318433836644,0.06632044392577871,0.5494215015478379,6.226229535690643,BTC
113,2021-10-26 23:00:00+00:00,2021-10-27 00:00:00+00:00,-1,1,-0.0023172286919994163,False,0.0050154612024208385,0.001914930973784678,0.49374975064586457,0.18851640011767204,BTC
114,2021-11-02 10:00:00+00:00,2021-11-03 00:00:00+00:00,1,14,-0.00016286323178473145,False,0.007981578147753911,0.01890763787056794,0.7956832999817611,1.8849018849671069,BTC
115,2021-11-08 07:00:00+00:00,2021-11-09 00:00:00+00:00,1,17,0.021757431801456797,False,0.01125779574732771,0.02962505236571794,1.441107777762344,3.792295964419764,BTC
116,2021-11-16 04:00:00+00:00,2021-11-17 00:00:00+00:00,-1,20,0.011991186850067458,False,0.010163808591176514,0.04178529393280917,0.8566611425267425,3.521892145073593,BTC
117,2021-11-26 09:00:00+00:00,2021-11-27 00:00:00+00:00,-1,15,0.02532186992877911,False,0.004602609847434241,0.03139160240055555,0.39622520812912765,2.702411155184201,BTC
118,2021-12-03 20:00:00+00:00,2021-12-04 00:00:00+00:00,-1,4,0.0034168601635240947,False,0.0040020896605415385,0.06087760175264244,0.33949408847735063,5.16419862340213,BTC
119,2021-12-04 06:00:00+00:00,2021-12-05 00:00:00+00:00,-1,18,-0.03564659949623078,False,0.041040239692694276,0.02978165312113369,1.199413120538213,0.870377604328766,BTC
120,2021-12-09 19:00:00+00:00,2021-12-10 00:00:00+00:00,-1,5,0.0028559025194003227,False,0.015030616837281423,0.009151438527476685,1.1575142898643045,0.7047562307685667,BTC
121,2021-12-13 16:00:00+00:00,2021-12-14 00:00:00+00:00,-1,8,0.010139728130844784,False,0.013991172984565536,0.03469733845310671,1.2277759179292655,3.0448166580429397,BTC
122,2021-12-21 05:00:00+00:00,2021-12-22 00:00:00+00:00,1,19,0.004971253072837535,False,0.005484029905100534,0.015459674748250418,0.5071067815570378,1.429551997557927,BTC
123,2021-12-23 20:00:00+00:00,2021-12-24 00:00:00+00:00,1,4,-0.006780020309573542,False,0.010737172428441447,0.001126807987494799,1.1613380261192428,0.12187612453221605,BTC
124,2021-12-28 05:00:00+00:00,2021-12-29 00:00:00+00:00,-1,19,0.02986915031347666,False,0.007937168231098714,0.0356883011800941,0.7903135713282937,3.553527900513659,BTC
125,2022-01-05 21:00:00+00:00,2022-01-06 00:00:00+00:00,-1,3,0.010646235306701658,False,0.00882080759697315,0.03841254126613788,0.6268870170042448,2.729945432450512,BTC
126,2022-01-17 22:00:00+00:00,2022-01-18 00:00:00+00:00,-1,2,-0.012752757782021406,False,0.015770479218397627,0.004472046532491657,2.2083974326176867,0.626236904036507,BTC
127,2022-01-20 16:00:00+00:00,2022-01-20 22:00:00+00:00,1,6,-0.04726974363726229,False,0.045996902652617744,0.005066580028440924,6.049848862566783,0.6663936407557751,BTC
128,2022-01-21 04:00:00+00:00,2022-01-22 00:00:00+00:00,-1,20,0.050848117931424665,False,0.021437316098586214,0.07977000570382121,1.2308473354260792,4.580083556912553,BTC
129,2022-02-02 22:00:00+00:00,2022-02-03 00:00:00+00:00,-1,2,-0.001422130454759983,False,0.008104046603078384,0.0025236558862944333,0.8015982434325872,0.24962320980650465,BTC
130,2022-02-04 16:00:00+00:00,2022-02-05 00:00:00+00:00,1,8,0.04985015359639691,False,0.0013882373918866165,0.05724269358072548,0.1104470719597866,4.554183552490547,BTC
131,2022-02-15 09:00:00+00:00,2022-02-16 00:00:00+00:00,1,15,0.011074906801084633,False,0.003338609610101407,0.018344158797736626,0.4043790606815521,2.2218811331453194,BTC
132,2022-02-17 18:00:00+00:00,2022-02-18 00:00:00+00:00,-1,6,0.02839765986207928,False,0.0032183081715792695,0.04097531751737363,0.31938600205216616,4.0664045041622305,BTC
133,2022-02-24 04:00:00+00:00,2022-02-24 20:00:00+00:00,-1,16,-0.06815759086415123,False,0.0703940093618044,0.017305587862884678,4.277970938038061,1.0516917932970424,BTC
134,2022-02-28 18:00:00+00:00,2022-03-01 00:00:00+00:00,1,6,0.04023489068405843,False,0.01002291434766543,0.0706481452417114,0.6226503596671458,4.38885253517251,BTC
135,2022-03-09 04:00:00+00:00,2022-03-10 00:00:00+00:00,1,20,0.016151012692490547,False,8.738182215368387e-05,0.035171183416871976,0.006133290498549338,2.4686494256671065,BTC
136,2022-03-16 03:00:00+00:00,2022-03-16 04:00:00+00:00,1,1,-0.04392916868537096,False,0.05304420595187416,0.00202359804051104,3.967859915251567,0.15137098209765318,BTC
137,2022-03-22 05:00:00+00:00,2022-03-23 00:00:00+00:00,1,19,-0.01656314669261047,False,0.023192471227472727,0.0045496413319563115,2.311219926026264,0.4533894469268223,BTC
138,2022-03-27 22:00:00+00:00,2022-03-28 00:00:00+00:00,1,2,0.0040342725422491295,False,0.004473960604231746,0.01049651726974561,0.5290824273592613,1.2412990026426585,BTC
139,2022-04-06 17:00:00+00:00,2022-04-07 00:00:00+00:00,-1,7,0.012441334596004761,False,0.011989180495650167,0.015370275604941946,1.168563452845497,1.498112597321761,BTC
140,2022-04-11 15:00:00+00:00,2022-04-12 00:00:00+00:00,-1,9,0.03044077166526936,False,0.004641952070741834,0.040809474091829424,0.4939912161215482,4.3428974338121344,BTC
141,2022-04-26 16:00:00+00:00,2022-04-27 00:00:00+00:00,-1,8,0.010265836439049714,False,0.007992860645084261,0.022702214704684386,0.7637239693949449,2.169214039654393,BTC
142,2022-05-04 09:00:00+00:00,2022-05-05 00:00:00+00:00,1,15,0.01700671243400335,False,0.009169036789091544,0.028608318873019623,1.3079442778474684,4.080917966576191,BTC
143,2022-05-05 16:00:00+00:00,2022-05-06 00:00:00+00:00,-1,8,0.007919354253771604,False,0.012088466209768408,0.04062201787108532,0.9488555398412385,3.1885291341065454,BTC
144,2022-05-23 20:00:00+00:00,2022-05-24 00:00:00+00:00,-1,4,-0.002855515424414044,False,0.014011038165627564,0.0076420716517334375,1.3045385160238936,0.7115373389216708,BTC
145,2022-05-30 07:00:00+00:00,2022-05-31 00:00:00+00:00,1,17,0.03185701595056258,False,0.014132237598855629,0.052752315999048435,1.8465180239208028,6.892617083065202,BTC
146,2022-06-06 02:00:00+00:00,2022-06-07 00:00:00+00:00,1,22,0.015190716452546374,False,4.54047181987889e-05,0.030687103114115055,0.005964297351115336,4.031012966881525,BTC
147,2022-06-07 02:00:00+00:00,2022-06-07 22:00:00+00:00,-1,20,-0.06297699098969978,False,0.06927858634190247,0.012239566590077753,5.769167344953903,1.0192486829823826,BTC
148,2022-06-13 13:00:00+00:00,2022-06-14 00:00:00+00:00,-1,11,0.04888821424243271,False,0.02217687419725552,0.07473129182721555,0.8974489216271264,3.0242096638865616,BTC
149,2022-06-18 19:00:00+00:00,2022-06-19 00:00:00+00:00,-1,5,-0.04389674913477078,False,0.07121079780484182,0.03353713805435159,3.742399554476962,1.762504765878413,BTC
150,2022-06-30 14:00:00+00:00,2022-07-01 00:00:00+00:00,-1,10,-0.058495210788648826,False,0.05887968433446106,0.015507493874433925,4.58617924864213,1.2078894003809844,BTC
151,2022-07-07 20:00:00+00:00,2022-07-08 00:00:00+00:00,1,4,-0.01005566001960696,False,0.012973786345410972,0.0010689152116268282,1.1191064653698148,0.09220360906335198,BTC
152,2022-07-18 07:00:00+00:00,2022-07-19 00:00:00+00:00,1,17,0.00977357412169945,False,0.03621565349064633,0.02752227424930037,3.020069825079418,2.2951177727426657,BTC
153,2022-07-25 23:00:00+00:00,2022-07-26 00:00:00+00:00,-1,1,0.014448116632944475,False,0.004711882258377449,0.019189371471862737,0.42466799411944667,1.7294812231099876,BTC
154,2022-07-27 20:00:00+00:00,2022-07-28 00:00:00+00:00,1,4,0.006209324294713926,False,0.008482766497684858,0.010209191786960062,0.711564948962106,0.856383708642132,BTC
155,2022-08-05 12:00:00+00:00,2022-08-06 00:00:00+00:00,1,12,-0.005409618957642288,False,0.02761937331680411,0.0024366263412131835,3.4844731220411527,0.3074059247118808,BTC
156,2022-08-08 09:00:00+00:00,2022-08-09 00:00:00+00:00,1,15,-0.014794751712821151,False,0.01883882522677905,0.00508283444718987,2.8712352683624767,0.7746774733741953,BTC
157,2022-08-19 09:00:00+00:00,2022-08-20 00:00:00+00:00,-1,15,0.04263161126027962,False,0.002112805438177476,0.04648171963990447,0.18430096386438577,4.054621205016487,BTC
158,2022-08-26 16:00:00+00:00,2022-08-27 00:00:00+00:00,-1,8,0.024630968474640573,False,0.0024987843101382016,0.032262723819336384,0.21417251654796796,2.7652601799381307,BTC
159,2022-09-06 18:00:00+00:00,2022-09-07 00:00:00+00:00,-1,6,0.014483788138456122,False,0.0016135623055080768,0.025576010310034508,0.15500413118931214,2.4569161313838985,BTC
160,2022-09-09 05:00:00+00:00,2022-09-10 00:00:00+00:00,1,19,0.04659138407424659,False,0.0009434703986162791,0.0646473779385171,0.09991887206312652,6.846524379491882,BTC
161,2022-09-13 22:00:00+00:00,2022-09-14 00:00:00+00:00,-1,2,-0.0038135520135123553,False,0.006869128684328283,0.002932551319648094,0.43524746112208856,0.18581476270769243,BTC
162,2022-09-18 22:00:00+00:00,2022-09-19 00:00:00+00:00,-1,2,0.0008124452799322294,False,0.0033262387283176063,0.006457118767800887,0.4347136240968854,0.843895381554439,BTC
163,2022-09-19 03:00:00+00:00,2022-09-19 20:00:00+00:00,-1,17,-0.041825763157424485,False,0.04357261302379629,0.028787143626465693,4.26662458555328,2.8188333501471248,BTC
164,2022-09-27 02:00:00+00:00,2022-09-27 17:00:00+00:00,1,15,-0.0344807668014509,False,0.04300384134583757,0.031191323315805153,4.460998890410714,3.2356285938097176,BTC
165,2022-10-13 11:00:00+00:00,2022-10-13 18:00:00+00:00,-1,7,-0.026873386686764304,False,0.02941806191923942,0.040926219329422454,5.509757330913165,7.665139110655438,BTC
166,2022-10-25 18:00:00+00:00,2022-10-26 00:00:00+00:00,1,6,-0.0035317377134424606,False,0.0068627353470654354,0.015237261669136661,1.1697857754206735,2.5972634897746087,BTC
167,2022-11-04 13:00:00+00:00,2022-11-05 00:00:00+00:00,1,11,0.0173612662759781,False,0.004289363342811702,0.026410911369222613,0.7100185725045997,4.3717997498036025,BTC
168,2022-11-08 05:00:00+00:00,2022-11-09 00:00:00+00:00,-1,19,0.051720057795741355,False,0.05395903393457658,0.14246407826352797,5.313720007077105,14.02942506117808,BTC
169,2022-11-20 22:00:00+00:00,2022-11-21 00:00:00+00:00,-1,2,-0.0013056992470185755,False,0.004417167360880708,0.006776266479904609,0.7900766928044349,1.2120369849280812,BTC
170,2022-11-21 20:00:00+00:00,2022-11-22 00:00:00+00:00,-1,4,-0.005565269467218687,False,0.010901939819764847,0.017157985845934434,1.1238098526409235,1.7687048235375917,BTC
171,2022-11-28 02:00:00+00:00,2022-11-29 00:00:00+00:00,-1,22,-0.0059696755089645465,False,0.015822647520003043,0.009358479340072265,3.208932433680725,1.8979584703712784,BTC
172,2022-11-30 01:00:00+00:00,2022-12-01 00:00:00+00:00,1,23,0.016875069986649515,False,0.008278204686627875,0.02428233785051711,1.248879974665551,3.6633215325734274,BTC
173,2022-12-13 12:00:00+00:00,2022-12-14 00:00:00+00:00,1,12,0.018054431893488692,False,0.0026667737199486145,0.038034501743439204,0.5834643427756961,8.321581766211658,BTC
174,2022-12-27 18:00:00+00:00,2022-12-28 00:00:00+00:00,-1,6,-0.00312244808615809,False,0.0024650632759550496,0.005577880405445931,0.7464757134550665,1.689105628985977,BTC
175,2023-01-04 04:00:00+00:00,2023-01-05 00:00:00+00:00,1,20,-0.002466906474188623,False,0.005730931009320307,0.007635308704963667,1.9646768433471051,2.6175352975027018,BTC
176,2023-01-12 18:00:00+00:00,2023-01-13 00:00:00+00:00,1,6,-0.0015706324380847056,False,0.012319532908704805,0.014861995753715499,1.2026131979783052,1.4508043749846082,BTC
177,2023-01-20 21:00:00+00:00,2023-01-21 00:00:00+00:00,1,3,0.015121147164997064,False,0.0037061631788650965,0.020765282314512332,0.4233297482564853,2.371876604032638,BTC
178,2023-01-25 22:00:00+00:00,2023-01-26 00:00:00+00:00,1,2,-0.024018465833312748,False,0.03320010341919101,0.01034615759558867,3.599502288326442,1.1217139136735519,BTC
179,2023-01-29 19:00:00+00:00,2023-01-30 00:00:00+00:00,1,5,0.0009469069244334897,False,0.003458337380024468,0.011857156731512221,0.5387259776798646,1.8470604949023557,BTC
180,2023-01-30 20:00:00+00:00,2023-01-31 00:00:00+00:00,-1,4,-0.003205911385948566,False,0.0023393917581428507,0.013145362693504567,0.27053339013841676,1.5201641716033194,BTC
181,2023-02-09 20:00:00+00:00,2023-02-10 00:00:00+00:00,-1,4,0.009044654700163291,False,0.002142795531000201,0.015553426883912171,0.26687638873028335,1.93711548260579,BTC
182,2023-02-14 15:00:00+00:00,2023-02-15 00:00:00+00:00,1,9,-0.003988023548165899,False,0.017819324727179658,0.003601634899437432,2.427139100374364,0.49057239954575216,BTC
183,2023-02-15 16:00:00+00:00,2023-02-16 00:00:00+00:00,1,8,0.06424774033726854,False,0.0029827046990758004,0.07114189340339772,0.43412676323704574,10.354561724914191,BTC
184,2023-02-22 17:00:00+00:00,2023-02-23 00:00:00+00:00,-1,7,-0.02443417612049887,False,0.024619200182834575,0.002010335239272216,2.6893160963590894,0.21960205359645416,BTC
185,2023-03-01 05:00:00+00:00,2023-03-02 00:00:00+00:00,1,19,-0.008717643746240155,False,0.021296272942046987,0.009857828671358067,2.806387465604498,1.299048284019447,BTC
186,2023-03-03 02:00:00+00:00,2023-03-04 00:00:00+00:00,-1,22,-0.010965840051022533,False,0.01615810276679845,0.0022360248447204968,1.5682703430278038,0.21702371255207192,BTC
187,2023-03-08 23:00:00+00:00,2023-03-09 00:00:00+00:00,-1,1,0.0028647978451499705,False,0.0016656953934115217,0.011572682595548084,0.22947595604177545,1.5943205540974408,BTC
188,2023-03-09 19:00:00+00:00,2023-03-10 00:00:00+00:00,-1,5,0.0291782554672271,False,0.0003904520196369143,0.04751134453581442,0.04877312325706046,5.934856388523241,BTC
189,2023-03-13 16:00:00+00:00,2023-03-14 00:00:00+00:00,1,8,0.002977757342424371,False,0.009663043025532092,0.017864134282977277,0.5556166865956883,1.0271724003486704,BTC
190,2023-03-17 23:00:00+00:00,2023-03-18 00:00:00+00:00,1,1,-0.006238043588886088,False,0.009508716323296303,0.00671353174660873,0.6807537401147852,0.48063920412538985,BTC
191,2023-03-22 20:00:00+00:00,2023-03-23 00:00:00+00:00,-1,4,-0.02344779509094725,False,0.028933634975482226,0.0024048833012556624,2.0523159845682426,0.1705827990285545,BTC
192,2023-03-23 16:00:00+00:00,2023-03-24 00:00:00+00:00,1,8,-0.011631360154538438,False,0.02860592486307727,0.002474234019842892,2.449805482076027,0.21189288913968263,BTC
193,2023-03-27 15:00:00+00:00,2023-03-28 00:00:00+00:00,-1,9,-0.008334361027202792,False,0.013626406267404299,0.016819515093008577,1.6793317274535509,2.0728536036415766,BTC
194,2023-03-29 09:00:00+00:00,2023-03-30 00:00:00+00:00,1,15,-0.007252824734955969,False,0.0132850961993957,0.003207231359283653,1.4178471888569644,0.3422906314356289,BTC
195,2023-04-10 17:00:00+00:00,2023-04-11 00:00:00+00:00,1,7,0.018627434534990654,False,0.0014156256135238244,0.02779241624215125,0.2414189959105408,4.739683401465271,BTC
196,2023-04-17 12:00:00+00:00,2023-04-18 00:00:00+00:00,-1,12,0.003153541401487881,False,0.0010589313927486176,0.011441872109506264,0.1854563985986768,2.0038771247944447,BTC
197,2023-04-19 09:00:00+00:00,2023-04-20 00:00:00+00:00,-1,15,0.01049668215365774,False,0.011733223548785508,0.020265541375051488,1.360381123228907,2.349640729506773,BTC
198,2023-04-26 13:00:00+00:00,2023-04-26 20:00:00+00:00,1,7,-0.0717004579454474,False,0.07714238023702218,0.0029043565348022033,8.35436486802682,0.3145359804043334,BTC
199,2023-05-01 14:00:00+00:00,2023-05-02 00:00:00+00:00,-1,10,0.012002213106670184,False,0.004204546253524244,0.02796234189007718,0.6318066798028128,4.201831380561575,BTC
200,2023-05-08 20:00:00+00:00,2023-05-09 00:00:00+00:00,-1,4,-0.013660027748126868,False,0.013077635194719236,0.0028943507104148528,1.5647818576731884,0.34631853649117633,BTC
201,2023-05-18 18:00:00+00:00,2023-05-19 00:00:00+00:00,-1,6,-0.014164079995872195,False,0.022088596120142596,0.0028403940291291748,2.8595843754177115,0.36771673226986024,BTC
202,2023-05-23 04:00:00+00:00,2023-05-24 00:00:00+00:00,1,20,-0.00717365712914274,False,0.010038530996614775,0.006320691949434518,1.838798227007952,1.1577866476681693,BTC
203,2023-05-24 14:00:00+00:00,2023-05-25 00:00:00+00:00,-1,10,0.0029298200344876216,False,0.0016646489104116223,0.014073849878934624,0.30568774992124803,2.584450976606915,BTC
204,2023-05-28 19:00:00+00:00,2023-05-29 00:00:00+00:00,1,5,0.015590972965526176,False,0.004090305830136376,0.024491068773705924,0.8173478310183455,4.893942598136299,BTC
205,2023-06-05 16:00:00+00:00,2023-06-06 00:00:00+00:00,-1,8,0.008987873336329954,False,0.0030894240128655184,0.024307572743816452,0.4881768036820768,3.8409726596057325,BTC
206,2023-06-06 20:00:00+00:00,2023-06-07 00:00:00+00:00,1,4,0.003793737134089072,False,0.006988460913375616,0.010523321956768975,0.7833938716117069,1.179645422950173,BTC
207,2023-06-14 21:00:00+00:00,2023-06-15 00:00:00+00:00,-1,3,-0.009499431312815042,False,0.010393216720639163,0.004819402811385129,1.357132095216248,0.6293110603686077,BTC
208,2023-06-20 19:00:00+00:00,2023-06-21 00:00:00+00:00,1,5,0.006618889545082659,False,0.010342787491713678,0.012103413618835083,1.247176099307924,1.459479680651165,BTC
209,2023-06-21 16:00:00+00:00,2023-06-22 00:00:00+00:00,1,8,0.003480480895122019,False,0.003066662197942152,0.03301270234943191,0.30164026072103095,3.2471656481990765,BTC
210,2023-06-28 13:00:00+00:00,2023-06-29 00:00:00+00:00,-1,11,-0.000692378021868825,False,0.01307341583697781,0.009537545361496232,2.283089007148947,1.6655987418702223,BTC
211,2023-07-06 09:00:00+00:00,2023-07-06 14:00:00+00:00,1,5,-0.03267181821295369,False,0.03308486696142125,0.007741297026384255,6.051290647016327,1.415899249229503,BTC
212,2023-07-13 18:00:00+00:00,2023-07-14 00:00:00+00:00,1,6,0.010698817833750297,False,0.002076739551102282,0.025490770583064776,0.32950712805128946,4.044508422917924,BTC
213,2023-07-14 19:00:00+00:00,2023-07-15 00:00:00+00:00,-1,5,-0.008924225149384934,False,0.00748802149314875,0.006586931872969711,0.8784521046281312,0.7727413939912706,BTC
214,2023-07-23 19:00:00+00:00,2023-07-24 00:00:00+00:00,1,5,-0.007228704872500234,False,0.010903246501999118,0.00428259151352406,3.952654347146486,1.55252877754161,BTC
215,2023-07-24 10:00:00+00:00,2023-07-25 00:00:00+00:00,-1,14,-0.0015216099809437873,False,0.00726630546601747,0.011384678691447775,1.3011959213847573,2.038683557809044,BTC
216,2023-08-01 03:00:00+00:00,2023-08-01 19:00:00+00:00,-1,16,-0.013349506368198163,False,0.012158769460601524,0.012705153298706019,2.719914062841382,2.8421400076448573,BTC
217,2023-08-08 17:00:00+00:00,2023-08-09 00:00:00+00:00,1,7,-0.0007581930568659836,False,0.0019541103584666515,0.017415462024337226,0.41679209744960793,3.71454299585884,BTC
218,2023-08-14 17:00:00+00:00,2023-08-15 00:00:00+00:00,1,7,-0.008984106040757788,False,0.013681529092228015,0.0008198795485601253,4.857449647010365,0.2910876113991328,BTC
219,2023-08-17 16:00:00+00:00,2023-08-18 00:00:00+00:00,-1,8,0.04497676803007283,False,0.0056266094574314775,0.11962006955363191,0.9995880069507382,21.250948341278185,BTC
220,2023-08-29 15:00:00+00:00,2023-08-30 00:00:00+00:00,1,9,0.006563413257116955,False,0.008539265339387616,0.024857375713121462,1.2302161952022106,3.581098016881758,BTC
221,2023-09-07 23:00:00+00:00,2023-09-08 00:00:00+00:00,1,1,-0.004268007763774427,False,0.007217431293778636,0.0013568314754497394,1.3033274087863296,0.24501731697563692,BTC
222,2023-09-11 15:00:00+00:00,2023-09-12 00:00:00+00:00,-1,9,-0.0020436781191521835,False,0.00404552307380184,0.009980548074895935,0.6729068134957433,1.6601014700696932,BTC
223,2023-09-12 11:00:00+00:00,2023-09-13 00:00:00+00:00,1,13,-0.01391861171770754,False,0.014811103930124298,0.016470804189787136,1.9324279886236446,2.1489716878394183,BTC
224,2023-09-18 10:00:00+00:00,2023-09-19 00:00:00+00:00,1,14,-0.005352322304969231,False,0.009211202370935112,0.02004572092365207,2.364274848510069,5.145212524000954,BTC
225,2023-09-19 16:00:00+00:00,2023-09-20 00:00:00+00:00,1,8,-0.009503553609699861,False,0.01617457155989412,0.0021558799711089665,2.2070823484348105,0.2941780938035491,BTC
226,2023-09-21 14:00:00+00:00,2023-09-22 00:00:00+00:00,-1,10,-0.007003808926469771,False,0.010508099756893692,0.001821403957861656,1.7388397460915124,0.3013988893225425,BTC
227,2023-09-27 12:00:00+00:00,2023-09-27 15:00:00+00:00,1,3,-0.023065619485963924,False,0.026379327099170995,0.0035169944460641126,6.6395613152332755,0.8852121277464811,BTC
228,2023-09-28 16:00:00+00:00,2023-09-29 00:00:00+00:00,1,8,-0.001528131100129723,False,0.006478530151079323,0.010972779067313834,1.1765265504189648,1.9926998259667592,BTC
229,2023-10-01 23:00:00+00:00,2023-10-02 00:00:00+00:00,1,1,-0.0019548476549229904,False,0.004951821562932156,0.0010825410776106664,0.86778517796393,0.18971061249860052,BTC
230,2023-10-11 16:00:00+00:00,2023-10-12 00:00:00+00:00,-1,8,-0.005079864351819673,False,0.004131629378649345,0.009118722706403971,0.7398589791188999,1.6329075660300074,BTC
231,2023-10-16 06:00:00+00:00,2023-10-17 00:00:00+00:00,1,18,0.019127482412645527,False,0.009891267730814165,0.10094110395148972,1.6978593662321624,17.326777865686616,BTC
232,2023-10-23 20:00:00+00:00,2023-10-24 00:00:00+00:00,1,4,0.053673791664780285,False,0.001202939383980189,0.14811789444127135,0.11616480146574612,14.303368923182576,BTC
233,2023-11-01 21:00:00+00:00,2023-11-02 00:00:00+00:00,1,3,-0.003173092262018183,False,0.01055116823548968,0.006770215559381043,1.2289089320139424,0.7885362252682347,BTC
234,2023-11-09 05:00:00+00:00,2023-11-10 00:00:00+00:00,1,19,-0.0010791470392776672,False,0.03843901588710981,0.04860643927735844,4.161473865815827,5.2622165811201755,BTC
235,2023-11-14 19:00:00+00:00,2023-11-15 00:00:00+00:00,-1,5,-0.010563405964419348,False,0.012755572581903829,0.004375771506406081,1.2446316891319351,0.42696820125504065,BTC
236,2023-11-15 20:00:00+00:00,2023-11-16 00:00:00+00:00,1,4,0.007814064235252473,False,0.005545281580924832,0.01259346504154294,0.606737746208377,1.3779157081118698,BTC
237,2023-11-22 19:00:00+00:00,2023-11-23 00:00:00+00:00,1,5,0.004027263592222863,False,0.002139687164833826,0.018233037737522828,0.2628713930788132,2.2400209287105906,BTC
238,2023-11-28 18:00:00+00:00,2023-11-29 00:00:00+00:00,1,6,-0.011817870687455056,False,0.014326287546626605,0.005038937242327073,2.393549457765098,0.8418751518724263,BTC
239,2023-12-01 10:00:00+00:00,2023-12-02 00:00:00+00:00,1,14,-0.00290380850119203,False,0.012827435468827912,0.007308925466528569,2.5794427043607326,1.4697368400073614,BTC
240,2023-12-04 11:00:00+00:00,2023-12-05 00:00:00+00:00,1,13,-0.0015598379132154318,False,0.02074715476777343,0.010685546768020925,2.6499429566199617,1.3648179575704351,BTC
241,2023-12-11 03:00:00+00:00,2023-12-12 00:00:00+00:00,-1,21,0.015082929052282446,False,0.014122233819961914,0.04132052180295586,1.4670437591761087,4.292452200532268,BTC
242,2023-12-20 14:00:00+00:00,2023-12-21 00:00:00+00:00,1,10,-0.004429434128794492,False,0.012705172445272231,0.012958499936097469,1.694128005430963,1.7279070980486544,BTC
243,2023-12-26 10:00:00+00:00,2023-12-27 00:00:00+00:00,-1,14,-0.00322189562032512,False,0.009917783693373225,0.02007114419656529,1.5954407729894875,3.2287780013944025,BTC
244,2024-01-01 20:00:00+00:00,2024-01-02 00:00:00+00:00,1,4,0.013220202278742616,False,0.0029892414857126447,0.016296187454369365,0.5570358585598406,3.036743874084373,BTC
245,2024-01-03 15:00:00+00:00,2024-01-04 00:00:00+00:00,-1,9,-0.016932594841980772,False,0.032977838646008395,0.006731573472719441,2.2013157126657195,0.4493417114300377,BTC
246,2024-01-08 18:00:00+00:00,2024-01-09 00:00:00+00:00,1,6,0.027562342649047826,False,0.0,0.03656639572333107,0.0,3.778427341941253,BTC
247,2024-01-12 17:00:00+00:00,2024-01-13 00:00:00+00:00,-1,7,0.018361229400060523,False,0.007759750075582049,0.052476798622117515,0.5551048032377341,3.7540027307505426,BTC
248,2024-01-18 20:00:00+00:00,2024-01-19 00:00:00+00:00,-1,4,-0.009049045807272114,False,0.008587269774858571,0.008304440900956219,0.9674292640275743,0.9355661763991662,BTC
249,2024-01-22 19:00:00+00:00,2024-01-23 00:00:00+00:00,-1,5,0.01719124073855755,False,0.00633173531213503,0.022784822684129916,0.7062707275547162,2.541523374087381,BTC
250,2024-01-26 15:00:00+00:00,2024-01-27 00:00:00+00:00,1,9,0.003726244037109887,False,0.00916522169928161,0.015829307064988765,1.205783577202374,2.082515745249569,BTC
251,2024-02-07 21:00:00+00:00,2024-02-08 00:00:00+00:00,1,3,0.003121860269291433,False,0.00030376257554397203,0.006224865913758598,0.04947976569339958,1.0139659447317892,BTC
252,2024-02-09 14:00:00+00:00,2024-02-10 00:00:00+00:00,1,10,-0.008586221285355772,False,0.01701724065253133,0.016530371369557033,2.2311035683679252,2.167270904967757,BTC
253,2024-02-14 15:00:00+00:00,2024-02-15 00:00:00+00:00,1,9,-0.004031353443132271,False,0.013904531968679268,0.0018213358131224462,1.5561495397299598,0.20383792087849772,BTC
254,2024-02-20 14:00:00+00:00,2024-02-20 16:00:00+00:00,1,2,-0.024169878528255865,False,0.028784269238041244,0.0004348648137644167,4.667202738254661,0.07051081383332704,BTC
255,2024-02-21 10:00:00+00:00,2024-02-22 00:00:00+00:00,-1,14,-0.016488523374960592,False,0.01713377964370807,0.01148381896649542,2.4838418143223677,1.6647809374369003,BTC
256,2024-02-26 16:00:00+00:00,2024-02-27 00:00:00+00:00,1,8,0.028825435893109142,False,0.001798673407436518,0.040087153386555906,0.3095000360342584,6.897847806252057,BTC
257,2024-02-28 17:00:00+00:00,2024-02-29 00:00:00+00:00,1,7,-0.0025162686895746278,False,0.056457429438208404,0.0283014794427661,4.405411639244589,2.2083837005271874,BTC
258,2024-03-04 09:00:00+00:00,2024-03-05 00:00:00+00:00,1,15,0.04193949119157403,False,0.011711060837514557,0.05003107234805926,1.2575004141327015,5.3721942930782305,BTC
259,2024-03-05 20:00:00+00:00,2024-03-06 00:00:00+00:00,-1,4,-0.03723503886028086,False,0.04688165540024263,0.005005673855718144,1.799093477780537,0.1920937967918355,BTC
260,2024-03-11 10:00:00+00:00,2024-03-12 00:00:00+00:00,1,14,0.0010732885710064439,False,0.008141084309530937,0.013845267933892033,0.8642460933233763,1.4697942273946343,BTC
261,2024-03-15 09:00:00+00:00,2024-03-16 00:00:00+00:00,-1,15,-0.03792426439655171,False,0.053533385178762265,0.022981827283210212,2.849152748416618,1.223138349068407,BTC
262,2024-03-20 22:00:00+00:00,2024-03-21 00:00:00+00:00,1,2,0.0006514490341803187,False,0.0046207076815387915,0.006248071013292189,0.2583987932753163,0.3494040569983697,BTC
263,2024-03-25 19:00:00+00:00,2024-03-26 00:00:00+00:00,1,5,-0.01557802040444471,False,0.018210155148095993,0.00463046544428777,1.869374284449731,0.4753431783632943,BTC
264,2024-04-01 06:00:00+00:00,2024-04-02 00:00:00+00:00,-1,18,-0.008279735833034483,False,0.013477392714001332,0.016021741831642317,2.2385889958952703,2.66120426409546,BTC
265,2024-04-02 03:00:00+00:00,2024-04-03 00:00:00+00:00,-1,21,0.02145717915528276,False,0.004337142320035406,0.03614285266696208,0.39274668604002727,3.2728890503335935,BTC
266,2024-04-08 11:00:00+00:00,2024-04-09 00:00:00+00:00,1,13,-0.011939701537863221,False,0.015326295081604775,0.006976544993879982,1.9233786744028827,0.8755239143442048,BTC
267,2024-04-12 19:00:00+00:00,2024-04-13 00:00:00+00:00,-1,5,-0.010712549747285915,False,0.014673208804225799,0.002218794815596591,1.1863341752445653,0.17939035372001463,BTC
268,2024-04-13 21:00:00+00:00,2024-04-14 00:00:00+00:00,-1,3,-0.03548110667801546,False,0.06209777723146187,0.0020751015311759,3.3479406091453443,0.11187705895539878,BTC
269,2024-04-30 09:00:00+00:00,2024-05-01 00:00:00+00:00,-1,15,0.018643624186191657,False,0.0037089148031900308,0.04450213149524515,0.40615983331354233,4.8733873031162265,BTC
270,2024-05-01 09:00:00+00:00,2024-05-02 00:00:00+00:00,-1,15,-0.022642891185190875,False,0.0399820832115843,0.009677515305381485,3.005746050567234,0.7275297101084127,BTC
271,2024-05-15 13:00:00+00:00,2024-05-16 00:00:00+00:00,1,11,0.036069153739307566,False,0.003465908110287761,0.042439723166669566,0.4313141803507464,5.2814021115017065,BTC
272,2024-05-20 17:00:00+00:00,2024-05-21 00:00:00+00:00,1,7,0.046198970444551485,False,0.0023927445998203063,0.05149608886750286,0.37268592732316963,8.020859240281203,BTC
273,2024-06-03 13:00:00+00:00,2024-06-04 00:00:00+00:00,1,11,-0.015180433348374043,False,0.017738244830763104,0.008313190347987642,3.2919888058439657,1.5428206018987554,BTC
274,2024-06-04 17:00:00+00:00,2024-06-05 00:00:00+00:00,1,7,-0.005610451936406601,False,0.010446244601879776,0.004070112055096026,1.5345206693968665,0.597886734739326,BTC
275,2024-06-11 08:00:00+00:00,2024-06-12 00:00:00+00:00,-1,16,0.0023632702375133274,False,0.0016098961261874895,0.023408599923056436,0.2560770530326442,3.7234733262650024,BTC
276,2024-06-12 15:00:00+00:00,2024-06-13 00:00:00+00:00,1,9,-0.025896531274993112,False,0.039233847913093235,0.0009719839908519154,5.664797740983226,0.14034036956676588,BTC
277,2024-06-18 02:00:00+00:00,2024-06-19 00:00:00+00:00,-1,22,-0.0022312363296939112,False,0.01117139091727369,0.01680393463975989,1.3148802087442801,1.9778343852141298,BTC
278,2024-06-24 16:00:00+00:00,2024-06-25 00:00:00+00:00,-1,8,0.007255395203561773,False,0.0032125899327888285,0.042832340291204626,0.3798391451333128,5.064262747703674,BTC
279,2024-06-30 23:00:00+00:00,2024-07-01 00:00:00+00:00,1,1,-0.003749450750378878,False,0.002241835188544699,0.0025995748462911937,0.4540627405743005,0.5265195608787101,BTC
280,2024-07-03 13:00:00+00:00,2024-07-04 00:00:00+00:00,-1,11,-0.0045052876528488975,False,0.011122345803842216,0.01221009356629681,1.5861059367427426,1.7412245793506598,BTC
281,2024-07-04 13:00:00+00:00,2024-07-05 00:00:00+00:00,-1,11,0.001633257872228189,False,0.027354178605873365,0.011783123436255144,2.4826323307164464,1.069422102602949,BTC
282,2024-07-14 22:00:00+00:00,2024-07-15 00:00:00+00:00,1,2,-0.00971905183590629,False,0.009573931482318835,0.0017107383109071469,1.3348427223684327,0.2385192110898817,BTC
283,2024-07-15 23:00:00+00:00,2024-07-16 00:00:00+00:00,1,1,0.004228971397160541,False,0.0019188605016405395,0.00873439176476072,0.21965231668085305,0.9998274414881123,BTC
284,2024-07-19 20:00:00+00:00,2024-07-20 00:00:00+00:00,1,4,-0.008767743284607454,False,0.0077025323434833015,0.0031754877972454956,0.9635900421901081,0.3972548616573809,BTC
285,2024-08-02 23:00:00+00:00,2024-08-03 00:00:00+00:00,-1,1,-0.003223747472624382,False,0.006248177275534028,0.0015021693475991255,0.48171441951135563,0.11581243671173166,BTC
286,2024-08-05 07:00:00+00:00,2024-08-06 00:00:00+00:00,-1,17,-0.05117364875782755,False,0.07681805046730063,0.03997315857965441,3.0000097447311784,1.5610896727676602,BTC
287,2024-08-08 23:00:00+00:00,2024-08-09 00:00:00+00:00,1,1,-0.011956206743068782,False,0.01142180254534771,0.006986945823482038,0.7948165796399005,0.48620525171057605,BTC
288,2024-08-20 06:00:00+00:00,2024-08-20 16:00:00+00:00,1,10,-0.03971959924889657,False,0.039704430755832895,0.00040923964910155526,5.312313902443594,0.05475483304930523,BTC
289,2024-08-21 20:00:00+00:00,2024-08-22 00:00:00+00:00,1,4,-0.008379716327153997,False,0.010934689241299317,0.004156774421049771,1.197479533428342,0.45521662156482784,BTC
290,2024-08-23 18:00:00+00:00,2024-08-24 00:00:00+00:00,1,6,0.01511381214169605,False,0.0050360272082051166,0.032298229370313916,0.578003750760473,3.70698905052523,BTC
291,2024-08-27 23:00:00+00:00,2024-08-28 00:00:00+00:00,-1,1,-0.00027063040761694714,False,0.004878286663662205,0.006105845872374176,0.44220630468076594,0.5534819346073294,BTC
292,2024-09-01 23:00:00+00:00,2024-09-02 00:00:00+00:00,-1,1,-0.0015144448518498819,False,0.00537076807570755,0.0019538002199989777,0.6725251992206391,0.2446539980259781,BTC
293,2024-09-06 19:00:00+00:00,2024-09-07 00:00:00+00:00,-1,5,-0.012928316996099476,False,0.012030075187969898,0.015416346352164647,0.9654070689226444,1.2371535100813547,BTC
294,2024-09-13 23:00:00+00:00,2024-09-14 00:00:00+00:00,1,1,-0.00350716619789689,False,0.004481899070604355,0.0002146029020915529,0.6003976972955267,0.02874832436405837,BTC
295,2024-09-17 16:00:00+00:00,2024-09-18 00:00:00+00:00,1,8,-0.01506834067345856,False,0.02459781025481564,0.0022519352568613413,2.9518809734668756,0.27024539051832186,BTC
296,2024-09-24 23:00:00+00:00,2024-09-25 00:00:00+00:00,1,1,-0.006397519379105274,False,0.005143140413929855,0.0007420374271905046,0.7695247131231104,0.11102480047770515,BTC
297,2024-09-26 16:00:00+00:00,2024-09-27 00:00:00+00:00,1,8,-0.0025662069636112825,False,0.00917791411042947,0.009202453987730062,1.3261320128930996,1.329677820414201,BTC
298,2024-09-30 19:00:00+00:00,2024-10-01 00:00:00+00:00,-1,5,-0.001563950356356535,False,0.008503049440264664,0.00760898925390199,1.3965234256580064,1.2496848117024966,BTC
299,2024-10-01 21:00:00+00:00,2024-10-02 00:00:00+00:00,-1,3,-0.0015362468180025917,False,0.006785271813974328,0.0031129326556836047,0.6734932535733881,0.30898381080524395,BTC
300,2024-10-09 21:00:00+00:00,2024-10-10 00:00:00+00:00,-1,3,-0.005215222512246432,False,0.008978515812587216,0.0009604461769274333,1.2899352017762344,0.13798642881412948,BTC
301,2024-10-14 15:00:00+00:00,2024-10-15 00:00:00+00:00,1,9,0.0008428069720930706,False,0.0057014342362247785,0.009671344260702944,0.7574569708453366,1.2848744410959247,BTC
302,2024-10-21 15:00:00+00:00,2024-10-22 00:00:00+00:00,-1,9,-0.002467081686226711,False,0.009641887604921748,0.006451699180239132,1.6764293792288407,1.121753176854968,BTC
303,2024-10-28 23:00:00+00:00,2024-10-29 00:00:00+00:00,1,1,-0.001717157269249002,False,0.00344861111905425,0.0027322951279075258,0.5832003865720702,0.4620629928438116,BTC
304,2024-10-29 19:00:00+00:00,2024-10-30 00:00:00+00:00,1,5,-0.007522794816054634,False,0.01773033167323583,0.006718747437418419,2.553268916434804,0.9675379629379294,BTC
305,2024-11-06 03:00:00+00:00,2024-11-07 00:00:00+00:00,1,21,0.032197787351818226,False,0.004890604538382409,0.04571907896807432,0.4080606906687056,3.814693826505979,BTC
306,2024-11-11 18:00:00+00:00,2024-11-12 00:00:00+00:00,1,6,0.045852134822944854,False,0.004609002737518314,0.060980378951945184,0.45046465565559946,5.959967257716736,BTC
307,2024-11-19 19:00:00+00:00,2024-11-20 00:00:00+00:00,1,5,-0.016112323221313795,False,0.02516642242745678,0.003133661997837509,2.6548358681997897,0.330573735486421,BTC
308,2024-11-21 19:00:00+00:00,2024-11-22 00:00:00+00:00,1,5,-0.0008988371762884348,False,0.007715934768608524,0.008239893946592731,0.823115115300976,0.8790096675662554,BTC
309,2024-11-25 22:00:00+00:00,2024-11-26 00:00:00+00:00,-1,2,0.006786430251981199,False,0.006926683716965047,0.012510656436487638,0.7247254057020885,1.3089655789142338,BTC
310,2024-12-02 09:00:00+00:00,2024-12-03 00:00:00+00:00,-1,15,-0.009733894255800075,False,0.024304296222473765,0.007601728707327724,3.7550146531828945,1.1744673626526145,BTC
311,2024-12-04 21:00:00+00:00,2024-12-05 00:00:00+00:00,1,3,-0.0028799060649685277,False,0.013190828260132514,0.0028592104530709944,1.585705054034029,0.34371340271972084,BTC
312,2024-12-05 04:00:00+00:00,2024-12-05 23:00:00+00:00,1,19,-0.06681880011910188,False,0.12499223939901909,0.005935889675296398,10.386298015669334,0.49324597632776634,BTC
313,2024-12-18 21:00:00+00:00,2024-12-19 00:00:00+00:00,-1,3,0.0049712717385562155,False,0.008830170940764211,0.008776618691123516,0.8360678737840127,0.8309973812880235,BTC
314,2024-12-24 18:00:00+00:00,2024-12-25 00:00:00+00:00,1,6,-0.0026418246030313714,False,0.01535809735808318,0.0071630611680661245,1.7758081836890987,0.8282420892339628,BTC
315,2025-01-02 15:00:00+00:00,2025-01-03 00:00:00+00:00,1,9,-0.004264110772828931,False,0.012318921826895344,0.006234551201804546,1.9835870715378299,1.0038845391274678,BTC
316,2025-01-06 16:00:00+00:00,2025-01-07 00:00:00+00:00,1,8,-0.0009244476590690371,False,0.008633311950011997,0.003325024851989873,1.1835285301495657,0.4558229563083126,BTC
317,2025-01-07 17:00:00+00:00,2025-01-08 00:00:00+00:00,-1,7,0.006421585718325896,False,0.0007031276386476316,0.015897644266541694,0.09426863465946757,2.1314042244040383,BTC
318,2025-01-13 11:00:00+00:00,2025-01-14 00:00:00+00:00,-1,13,-0.03268587701816175,False,0.03355409448810305,0.02945507617842686,4.629099641724167,4.063601914003619,BTC
319,2025-01-20 07:00:00+00:00,2025-01-21 00:00:00+00:00,1,17,-0.05094936266835147,False,0.06894955092325718,0.01809323688565744,4.174615469500222,1.095472060148255,BTC
320,2025-01-27 07:00:00+00:00,2025-01-28 00:00:00+00:00,-1,17,-0.033003185144559896,False,0.0354374688504306,0.012514418522835547,4.585528345179488,1.6193374617725929,BTC
321,2025-02-12 23:00:00+00:00,2025-02-13 00:00:00+00:00,1,1,-0.0011356491553211154,False,0.0022112919079194026,0.0021315135689659063,0.25498530244431306,0.2457860177122931,BTC
322,2025-02-24 23:00:00+00:00,2025-02-25 00:00:00+00:00,-1,1,0.007871055702412366,False,0.004853853964377743,0.01169298182943961,0.6345024730322006,1.5285226836961818,BTC
323,2025-03-02 18:00:00+00:00,2025-03-03 00:00:00+00:00,1,6,0.0005046140075688946,False,0.01843472823769476,0.008082739347872615,1.3552356818697555,0.594205492494932,BTC
324,2025-03-09 23:00:00+00:00,2025-03-10 00:00:00+00:00,-1,1,-0.006162119458560403,False,0.008778722895646443,0.0048033346945687075,0.7957589849017132,0.4354046466814363,BTC
325,2025-03-18 14:00:00+00:00,2025-03-19 00:00:00+00:00,-1,10,-0.017937506971443973,False,0.017733836302292905,0.0026668994619477365,2.4011102804473277,0.36109049423074974,BTC
326,2025-03-19 19:00:00+00:00,2025-03-20 00:00:00+00:00,1,5,0.012754110287604785,False,0.00816116668224729,0.01652332429653174,1.0370494735674523,2.0996391117187714,BTC
327,2025-03-28 07:00:00+00:00,2025-03-29 00:00:00+00:00,-1,17,0.013705338682661487,False,0.0020004645185987663,0.025074667279800195,0.34531440621420934,4.328316629583639,BTC
328,2025-04-06 19:00:00+00:00,2025-04-07 00:00:00+00:00,-1,5,0.006906675511628591,False,0.010018136608884044,0.02473357903337194,1.3156266501063263,3.2481245763766795,BTC
329,2025-04-09 21:00:00+00:00,2025-04-10 00:00:00+00:00,1,3,-0.008534034887724683,False,0.00790906915414925,0.004776466881599625,0.5289478501653926,0.3194436461695201,BTC
330,2025-04-21 01:00:00+00:00,2025-04-22 00:00:00+00:00,1,23,0.008507233286289731,False,0.0031524249422632796,0.020995381062355625,0.6416678683970011,4.2735550121590675,BTC
331,2025-04-22 15:00:00+00:00,2025-04-23 00:00:00+00:00,1,9,0.027674707847685807,False,0.004474120080534161,0.03745036867410657,0.6466512217354551,5.412757418585633,BTC
332,2019-12-16 19:00:00+00:00,2019-12-17 00:00:00+00:00,-1,5,0.004313888726626903,False,0.0006747132468701058,0.02541419896543959,0.05734839394149724,2.1601228384629723,ETH
333,2019-12-17 21:00:00+00:00,2019-12-18 00:00:00+00:00,-1,3,-0.009375714215473518,False,0.01703323962295355,0.015214155779725512,1.0421670448154545,0.9308676516798241,ETH
334,2019-12-23 22:00:00+00:00,2019-12-24 00:00:00+00:00,-1,2,-0.006454610916594993,False,0.010070810385523219,0.008418568056648255,0.9111098142846435,0.7616308603785638,ETH
335,2019-12-29 18:00:00+00:00,2019-12-30 00:00:00+00:00,1,6,0.005967638894349498,False,0.003826817738425897,0.03736774968109844,0.47382221164391014,4.626734537228585,ETH
336,2020-01-03 18:00:00+00:00,2020-01-04 00:00:00+00:00,1,6,0.001071991468493052,False,0.01329052490106773,0.008511909206301698,1.2694764368622522,0.8130354707994096,ETH
337,2020-01-14 12:00:00+00:00,2020-01-15 00:00:00+00:00,1,12,0.0887673909018676,False,0.005079825834542882,0.1281171658530148,0.5846146624940599,14.744437331992838,ETH
338,2020-01-23 19:00:00+00:00,2020-01-24 00:00:00+00:00,-1,5,-0.019688648478348413,False,0.0224957820408673,0.002499531337874184,2.2892057204165863,0.2543561911574025,ETH
339,2020-01-30 22:00:00+00:00,2020-01-31 00:00:00+00:00,1,2,-0.004872994955949908,False,0.01104466354183509,0.009643876946285178,0.9490665576179462,0.8286971405541984,ETH
340,2020-02-05 12:00:00+00:00,2020-02-06 00:00:00+00:00,1,12,0.027679561797862864,False,0.009450171821305866,0.05205174853446539,0.9691349585707736,5.338016081967355,ETH
341,2020-02-11 18:00:00+00:00,2020-02-12 00:00:00+00:00,1,6,-0.002964337044789743,False,0.004856008783041997,0.013343467612532712,0.3814527626031952,1.0481658520226866,ETH
342,2020-02-12 08:00:00+00:00,2020-02-13 00:00:00+00:00,1,16,0.04183837802169539,False,0.015436109470368135,0.09458554833628682,1.0329918254754138,6.329710114265192,ETH
343,2020-02-25 17:00:00+00:00,2020-02-26 00:00:00+00:00,-1,7,0.00039000968741601395,False,0.024242424242424242,0.011838383838383867,1.3967790310101065,0.6820937601432703,ETH
344,2020-02-26 17:00:00+00:00,2020-02-27 00:00:00+00:00,-1,7,-0.010763856155936623,False,0.04614969413458087,0.011155091759625719,1.8136423674696753,0.4383852896028039,ETH
345,2020-03-02 22:00:00+00:00,2020-03-03 00:00:00+00:00,1,2,-0.004973767178642918,False,0.015150214592274683,0.0006866952789699425,1.1820696381179157,0.05357822722347377,ETH
346,2020-03-06 12:00:00+00:00,2020-03-07 00:00:00+00:00,1,12,0.018575350411179775,False,0.02194918783840059,0.02199083715118701,2.233939380626287,2.238178354783081,ETH
347,2020-03-08 16:00:00+00:00,2020-03-09 00:00:00+00:00,-1,8,0.08168588611124655,False,0.005575779917976167,0.09981106861434956,0.32748993773393337,5.862340538278471,ETH
348,2020-03-12 11:00:00+00:00,2020-03-13 00:00:00+00:00,-1,13,0.18907914569145906,False,0.1310156368604827,0.27888264763928955,2.270236396032338,4.832473070117506,ETH
349,2020-03-19 17:00:00+00:00,2020-03-20 00:00:00+00:00,1,7,0.008396245678204219,False,0.014275147928993924,0.06020710059171609,0.5389008319204028,2.272877083850848,ETH
350,2020-04-02 18:00:00+00:00,2020-04-03 00:00:00+00:00,1,6,-0.03012905714673782,False,0.05127852625790473,0.00219961506736336,3.4457872772170686,0.14780856953210983,ETH
351,2020-04-06 07:00:00+00:00,2020-04-07 00:00:00+00:00,1,17,0.13169894512395264,False,0.013790806129247124,0.14583610926049312,1.23966402153504,13.109297309856103,ETH
352,2020-04-16 08:00:00+00:00,2020-04-17 00:00:00+00:00,1,16,0.04549509379620522,False,6.078288354011261e-05,0.0632141988815948,0.0036258870406540643,3.7709225222729303,ETH
353,2020-04-18 23:00:00+00:00,2020-04-19 00:00:00+00:00,1,1,-0.003191265445249246,False,0.008681295270558135,0.010225820195994972,0.7099571723319578,0.8362685710904135,ETH
354,2020-04-29 07:00:00+00:00,2020-04-30 00:00:00+00:00,1,17,0.04525376667717374,False,0.006223562016823072,0.06724364272864304,0.6280385294309537,6.785760048461009,ETH
355,2020-05-10 01:00:00+00:00,2020-05-11 00:00:00+00:00,-1,23,0.0224514332145764,False,0.0032749389197899645,0.06269168789312264,0.1504063433802368,2.879207144707412,ETH
356,2020-05-21 16:00:00+00:00,2020-05-22 00:00:00+00:00,-1,8,-0.00015605003915237646,False,0.007380629612893503,0.0379575237234522,0.6030689227388675,3.101497316942739,ETH
357,2020-05-28 23:00:00+00:00,2020-05-29 00:00:00+00:00,1,1,0.0144424222857669,False,9.22424130614418e-05,0.018310118992712846,0.011200514038812852,2.223302036706373,ETH
358,2020-05-30 15:00:00+00:00,2020-05-31 00:00:00+00:00,1,9,0.023612682543135782,False,0.01829422154933129,0.0423500714946589,1.6688387114274008,3.8632657066836633,ETH
359,2020-06-11 17:00:00+00:00,2020-06-12 00:00:00+00:00,-1,7,-0.023878316303383613,False,0.04383670936571954,0.0012410797393732596,3.346446149147051,0.09474266145209094,ETH
360,2020-06-22 02:00:00+00:00,2020-06-23 00:00:00+00:00,1,22,0.039797032163944375,False,0.002486176004114982,0.05876805692485751,0.41948759726353047,9.915818893936489,ETH
361,2020-07-06 08:00:00+00:00,2020-07-07 00:00:00+00:00,1,16,0.03539369872075894,False,0.0016750418760469645,0.04075935231714118,0.2520438291917577,6.133066510332527,ETH
362,2020-07-16 08:00:00+00:00,2020-07-17 00:00:00+00:00,-1,16,-0.006554702668559996,False,0.008342291980219298,0.01023435820253719,1.167567133102613,1.4323761736001286,ETH
363,2020-07-21 08:00:00+00:00,2020-07-22 00:00:00+00:00,1,16,0.013189428270127156,False,0.002563042579578357,0.02054568003307151,0.4563760007552131,3.6583689092796643,ETH
364,2020-07-22 23:00:00+00:00,2020-07-23 00:00:00+00:00,1,1,0.0028469783352336646,False,0.0013302926643862512,0.010870391486126783,0.11637507768201819,0.9509506347729868,ETH
365,2020-07-30 21:00:00+00:00,2020-07-31 00:00:00+00:00,1,3,-0.013324222879760397,False,0.01557981705517844,0.0030982590734730344,1.3037750171504565,0.2592734409106063,ETH
366,2020-08-01 20:00:00+00:00,2020-08-02 00:00:00+00:00,1,4,0.0032627036584948975,False,0.015412605588044203,0.026120857699805097,0.9927218545134161,1.6824375443271216,ETH
367,2020-08-13 21:00:00+00:00,2020-08-14 00:00:00+00:00,1,3,0.031566552891537786,False,0.0005109364735650703,0.05167757475487217,0.03274196136358669,3.31161552077452,ETH
368,2020-08-19 20:00:00+00:00,2020-08-20 00:00:00+00:00,-1,4,-0.02999744985311232,False,0.03282618020336586,0.007695607196023545,2.08222518251166,0.4881465646933583,ETH
369,2020-08-25 15:00:00+00:00,2020-08-26 00:00:00+00:00,-1,9,0.0011276509346927715,False,0.00785926195804919,0.036745953260813,0.6775412010489376,3.167841641990417,ETH
370,2020-08-30 17:00:00+00:00,2020-08-31 00:00:00+00:00,1,7,0.01178190364997004,False,0.006660053847243855,0.016201407585848464,0.662250580373281,1.6110067309789682,ETH
371,2020-09-01 15:00:00+00:00,2020-09-02 00:00:00+00:00,1,9,0.00320976344587628,False,0.004143237644273411,0.03437196127341139,0.27824540834277617,2.308301193700809,ETH
372,2020-09-17 19:00:00+00:00,2020-09-18 00:00:00+00:00,1,5,0.0045446367392853355,False,0.002351968157969618,0.01850559561655157,0.18606389441003154,1.4639752571162454,ETH
373,2020-09-21 12:00:00+00:00,2020-09-22 00:00:00+00:00,-1,12,0.032889496031247856,False,0.0,0.06155810983397189,0.0,4.781251818333346,ETH
374,2020-10-01 18:00:00+00:00,2020-10-02 00:00:00+00:00,-1,6,-0.02043274542872215,False,0.023583133435449915,0.002629981792433653,2.1755709455774253,0.2426188186857086,ETH
375,2020-10-02 09:00:00+00:00,2020-10-03 00:00:00+00:00,-1,15,-0.022680680889728414,False,0.02811197493274998,0.012651866741553192,2.3442016694391614,1.05501400054676,ETH
376,2020-10-06 21:00:00+00:00,2020-10-07 00:00:00+00:00,-1,3,-0.011604489460567283,False,0.0120964155474517,0.002520086572385848,1.160865874512911,0.24184705719019722,ETH
377,2020-10-21 05:00:00+00:00,2020-10-22 00:00:00+00:00,1,19,0.02241796894357842,False,0.013401169651989231,0.05635834360494089,1.5284500987055338,6.42786548359723,ETH
378,2020-10-22 12:00:00+00:00,2020-10-23 00:00:00+00:00,1,12,-0.0055250200476770085,False,0.01818356744275544,0.014768135462766948,1.4102945396678863,1.1453979462382011,ETH
379,2020-10-26 17:00:00+00:00,2020-10-27 00:00:00+00:00,-1,7,-0.01558972264615871,False,0.019459375646061684,0.012352697953276755,1.7296987008896476,1.0980026281875748,ETH
380,2020-11-06 23:00:00+00:00,2020-11-07 00:00:00+00:00,1,1,0.00022197343870038611,False,0.002634178465591019,0.007573263088574225,0.15946054124222495,0.4584490560713996,ETH
381,2020-11-20 09:00:00+00:00,2020-11-21 00:00:00+00:00,1,15,0.013262214530570925,False,0.018900582933768378,0.023655571692895342,1.662829825928196,2.0811628031880236,ETH
382,2020-11-26 09:00:00+00:00,2020-11-27 00:00:00+00:00,-1,15,-0.04184687051400024,False,0.05150728688360964,0.04040726691954473,1.5976544079752686,1.2533536905976463,ETH
383,2020-12-04 23:00:00+00:00,2020-12-05 00:00:00+00:00,-1,1,0.0023989337206036772,False,0.013513513513513594,0.00577395577395571,0.9008665023049763,0.38491568734848336,ETH
384,2020-12-16 17:00:00+00:00,2020-12-17 00:00:00+00:00,1,7,0.011906495483456252,False,0.01914027724786971,0.01817054559328511,1.823414701857592,1.7310323955342573,ETH
385,2020-12-21 11:00:00+00:00,2020-12-22 00:00:00+00:00,-1,13,-0.004360616516350778,False,0.02182081877513351,0.018491660623640365,1.3188061445061983,1.1175985605256473,ETH
386,2020-12-23 23:00:00+00:00,2020-12-24 00:00:00+00:00,-1,1,-0.002369375438116615,False,0.015284925370582597,0.007232129118295779,0.6650126039394152,0.31465361461562874,ETH
387,2020-12-27 20:00:00+00:00,2020-12-28 00:00:00+00:00,1,4,-0.030177349882091593,False,0.0653733497474212,2.830015140578428e-05,3.2228974200764813,0.0013951936883435268,ETH
388,2021-01-02 17:00:00+00:00,2021-01-03 00:00:00+00:00,1,7,-0.012082231380127161,False,0.03702900307511705,0.006379910936443327,2.483916316706773,0.4279662847530624,ETH
389,2021-01-03 09:00:00+00:00,2021-01-04 00:00:00+00:00,1,15,0.17732758275851315,False,0.006785866845670421,0.24795264538963807,0.41129364852313444,15.028492380208467,ETH
390,2021-01-11 04:00:00+00:00,2021-01-12 00:00:00+00:00,-1,20,0.0060919564892865305,False,0.040489054199585525,0.17175721047249293,0.8730129947928225,3.7033781019608782,ETH
391,2021-01-19 12:00:00+00:00,2021-01-20 00:00:00+00:00,1,12,-0.04828791977911705,False,0.06708346707230284,0.007612654730172805,3.1299281962073615,0.35518531954048077,ETH
392,2021-01-21 15:00:00+00:00,2021-01-22 00:00:00+00:00,-1,9,0.07816750451098432,False,0.028303216764659633,0.10156152819126424,0.8621544696618864,3.0937022531347997,ETH
393,2021-02-02 17:00:00+00:00,2021-02-03 00:00:00+00:00,1,7,0.010819627786924736,False,0.02165571090126467,0.035403250025025826,1.0960533938992827,1.79185308309266,ETH
394,2021-02-22 12:00:00+00:00,2021-02-23 00:00:00+00:00,-1,12,0.012262499776307313,False,0.0033177691741025734,0.14026021501802896,0.16567848190911502,7.0041338854499395,ETH
395,2021-02-23 09:00:00+00:00,2021-02-24 00:00:00+00:00,-1,15,-0.09693642255876538,False,0.11378111932652094,0.06664866661128187,2.4704758815200085,1.447111123297422,ETH
396,2021-03-06 21:00:00+00:00,2021-03-07 00:00:00+00:00,1,3,-0.004179204883686681,False,0.01143567883493742,0.010747364480564148,0.7447895060182959,0.6999605705979721,ETH
397,2021-03-13 12:00:00+00:00,2021-03-14 00:00:00+00:00,1,12,0.023186360438262443,False,0.008707800760399464,0.03915044285539083,0.6009484546275073,2.70187602809258,ETH
398,2021-03-22 21:00:00+00:00,2021-03-23 00:00:00+00:00,-1,3,-0.004056327204890519,False,0.015129476846773874,0.014217416185798028,1.1432675566920936,1.0743471720688025,ETH
399,2021-03-29 17:00:00+00:00,2021-03-30 00:00:00+00:00,1,7,0.003930555345422238,False,0.004190901652033612,0.02008094300816061,0.4039191556530736,1.9354015479313074,ETH
400,2021-04-07 11:00:00+00:00,2021-04-08 00:00:00+00:00,-1,13,0.020251593008178255,False,0.007454516501453092,0.03952187587085477,0.5095204253911396,2.7013426024408744,ETH
401,2021-04-13 15:00:00+00:00,2021-04-14 00:00:00+00:00,1,9,0.01407265480064988,False,0.007603387525499277,0.02614823514866777,0.7248302508802322,2.49270891156368,ETH
402,2021-04-18 05:00:00+00:00,2021-04-19 00:00:00+00:00,-1,19,-0.04117370904875414,False,0.04542284625040672,0.0517969222186062,1.4334639804465563,1.6346184448469934,ETH
403,2021-05-03 08:00:00+00:00,2021-05-04 00:00:00+00:00,1,16,0.08551223752151263,False,0.017883173429624883,0.09877825309565329,1.6424828401384022,9.072303991622235,ETH
404,2021-05-08 17:00:00+00:00,2021-05-09 00:00:00+00:00,1,7,0.03292658821809151,False,0.005266065862833807,0.0481453772559884,0.3291780264523116,3.009533241842105,ETH
405,2021-05-19 12:00:00+00:00,2021-05-20 00:00:00+00:00,-1,12,0.08010798440793629,False,0.07492785866907493,0.48574795691345246,1.4835725311148293,9.617815572505869,ETH
406,2021-06-08 15:00:00+00:00,2021-06-09 00:00:00+00:00,-1,9,-0.052125048836207666,False,0.06970266460836291,0.03286294382173306,2.6686967185413546,1.2582191919266388,ETH
407,2021-06-18 19:00:00+00:00,2021-06-19 00:00:00+00:00,-1,5,-0.03822165988277555,False,0.03855429524681338,0.0032666830852730675,1.9988604802124723,0.16936228969379433,ETH
408,2021-06-21 10:00:00+00:00,2021-06-22 00:00:00+00:00,-1,14,0.05789830065941744,False,0.008611061249725754,0.07040427611240753,0.30852764081187695,2.5225305664526396,ETH
409,2021-07-08 11:00:00+00:00,2021-07-09 00:00:00+00:00,-1,13,0.020447888919203197,False,0.00805631093105408,0.03709510331686924,0.5318889336752061,2.4490706871463392,ETH
410,2021-07-21 15:00:00+00:00,2021-07-22 00:00:00+00:00,1,9,0.030776343728695813,False,0.003972667221874532,0.05420518205471726,0.29272667193806823,3.994118222967435,ETH
411,2021-07-26 17:00:00+00:00,2021-07-27 00:00:00+00:00,1,7,-0.060431087685150445,False,0.0676256802526924,0.02900720105880528,4.420927376374822,1.89630224485284,ETH
412,2021-08-04 16:00:00+00:00,2021-08-05 00:00:00+00:00,1,8,0.017916936354603247,False,0.0027653149428039595,0.038418793664098456,0.18843655657339992,2.6179676946402317,ETH
413,2021-08-13 09:00:00+00:00,2021-08-14 00:00:00+00:00,1,15,0.024515178275360976,False,0.017729587503744586,0.02927342970701863,1.2613475102631155,2.0826185420282184,ETH
414,2021-08-24 17:00:00+00:00,2021-08-25 00:00:00+00:00,-1,7,-0.003146108693602277,False,0.020620638305927527,0.00231256546484772,1.8012593921003315,0.2020078235020697,ETH
415,2021-08-31 12:00:00+00:00,2021-09-01 00:00:00+00:00,1,12,-0.001994796821365708,False,0.02674981059502307,0.013462322979194538,1.851428460063404,0.9317646498358253,ETH
416,2021-09-01 17:00:00+00:00,2021-09-02 00:00:00+00:00,1,7,0.019588193307780437,False,0.01716487715960054,0.025735323510365327,1.1198379165564012,1.6789745008826595,ETH
417,2021-09-07 09:00:00+00:00,2021-09-08 00:00:00+00:00,-1,15,0.0822920192112478,False,0.0075614266139866744,0.22230647457131078,0.6765082229841441,19.889389363631576,ETH
418,2021-09-20 12:00:00+00:00,2021-09-21 00:00:00+00:00,-1,12,0.019038806369549747,False,0.02633844657386598,0.044694848640193414,1.3573107005727671,2.3032792062994583,ETH
419,2021-10-01 17:00:00+00:00,2021-10-02 00:00:00+00:00,1,7,0.008657877843831575,False,0.006720590166136964,0.01726712284847977,0.45504021880227946,1.1691287766137448,ETH
420,2021-10-11 09:00:00+00:00,2021-10-12 00:00:00+00:00,1,15,-0.01921488160140832,False,0.03901888404161202,0.005255582149325044,3.2751154546481307,0.44113609969138856,ETH
421,2021-10-14 15:00:00+00:00,2021-10-15 00:00:00+00:00,1,9,-0.0017785597840478872,False,0.010137031794855584,0.009486005571940976,0.9235417985056585,0.8642295717165477,ETH
422,2021-10-20 15:00:00+00:00,2021-10-21 00:00:00+00:00,1,9,0.023974163291849277,False,0.008279546289742232,0.02933233363833892,0.7652475265765868,2.7110779962988647,ETH
423,2021-10-28 18:00:00+00:00,2021-10-29 00:00:00+00:00,1,6,0.013012083244798703,False,0.026930347328849264,0.017310845243362065,2.1234128924427753,1.3649312249849612,ETH
424,2021-11-02 22:00:00+00:00,2021-11-03 00:00:00+00:00,1,2,0.012690386512390007,False,0.0024884190259174314,0.01677640440010786,0.251199169442113,1.6935326436745937,ETH
425,2021-11-16 03:00:00+00:00,2021-11-17 00:00:00+00:00,-1,21,0.030166934411614513,False,0.005355340279103127,0.06252802413467227,0.3823014157148282,4.4636850139688065,ETH
426,2021-11-25 18:00:00+00:00,2021-11-26 00:00:00+00:00,1,6,-0.0005710518793576984,False,0.011085484052868915,0.007996231864187861,1.0612017689051518,0.765470894945343,ETH
427,2021-11-26 09:00:00+00:00,2021-11-27 00:00:00+00:00,-1,15,0.012112471363384059,False,0.008329897108447337,0.045746116252571016,0.48807453631170855,2.6804069951107574,ETH
428,2021-12-03 20:00:00+00:00,2021-12-04 00:00:00+00:00,-1,4,0.0020844570283753876,False,0.004802179068552324,0.05327794236912228,0.2875474551519437,3.1902052225202455,ETH
429,2021-12-28 04:00:00+00:00,2021-12-29 00:00:00+00:00,-1,20,0.041459897492581235,False,0.0,0.05138242097926106,0.0,6.511520708340039,ETH
430,2022-01-05 20:00:00+00:00,2022-01-06 00:00:00+00:00,-1,4,0.03041828197780077,False,0.0027205894427992116,0.06804758020812232,0.2578105505118248,6.448376163807795,ETH
431,2022-01-17 17:00:00+00:00,2022-01-18 00:00:00+00:00,-1,7,0.003923309333406167,False,0.001007146088864373,0.02713716400057025,0.10993057719959883,2.962037121651965,ETH
432,2022-01-21 20:00:00+00:00,2022-01-22 00:00:00+00:00,-1,4,0.06217591366115465,False,0.008221547533900562,0.10230772599220544,0.39925005396398705,4.968208838408554,ETH
433,2022-02-04 17:00:00+00:00,2022-02-05 00:00:00+00:00,1,7,0.020203276187732704,False,0.00184333684932757,0.02236923402526744,0.1060653617410032,1.2871228064608202,ETH
434,2022-02-11 23:00:00+00:00,2022-02-12 00:00:00+00:00,-1,1,-0.012776003041089234,False,0.01340498323945121,0.0052493347617236065,0.7869445085795428,0.30816414244194257,ETH
435,2022-02-15 15:00:00+00:00,2022-02-16 00:00:00+00:00,1,9,0.019757460091960076,False,0.009770743583739245,0.025831844412295933,0.9211994410962258,2.4354626064176053,ETH
436,2022-02-24 04:00:00+00:00,2022-02-24 20:00:00+00:00,-1,16,-0.08356074033943277,False,0.08497359577532414,0.04038072178505084,4.322242699678454,2.053994283173159,ETH
437,2022-03-09 08:00:00+00:00,2022-03-10 00:00:00+00:00,1,16,-0.0077371713782310204,False,0.02402633382423698,0.010910456248815377,1.7452281532400673,0.7925152272261545,ETH
438,2022-03-16 20:00:00+00:00,2022-03-17 00:00:00+00:00,1,4,0.0056584026800561744,False,0.004925553670736162,0.013392711197643417,0.3179339441870071,0.864470834968666,ETH
439,2022-03-22 05:00:00+00:00,2022-03-23 00:00:00+00:00,1,19,-0.02151664622108826,False,0.023703067727768118,0.001436449493114919,2.0208710586389307,0.12246850243910756,ETH
440,2022-04-01 15:00:00+00:00,2022-04-02 00:00:00+00:00,1,9,0.008265164425250295,False,0.0047946206694927905,0.018307265019733926,0.4630527277499848,1.7680708421770635,ETH
441,2022-04-06 14:00:00+00:00,2022-04-07 00:00:00+00:00,-1,10,0.02466756369083747,False,0.00636306041985744,0.028106335996653894,0.5367750791944161,2.370994416992629,ETH
442,2022-04-11 10:00:00+00:00,2022-04-12 00:00:00+00:00,-1,14,0.031225331613573746,False,0.003660398194160246,0.04346357465328532,0.37150035190177216,4.4111958377546845,ETH
443,2022-04-26 19:00:00+00:00,2022-04-27 00:00:00+00:00,-1,5,0.015046868636150281,False,0.002034890847894517,0.03289448337938984,0.1786595793686323,2.8880736134771285,ETH
444,2022-05-04 19:00:00+00:00,2022-05-05 00:00:00+00:00,1,5,0.000552794486022902,False,0.004278020179983545,0.010703572402508894,0.38242817924213984,0.9568322572273695,ETH
445,2022-05-05 16:00:00+00:00,2022-05-06 00:00:00+00:00,-1,8,-0.003711152992516063,False,0.011803769178844402,0.020363782314414443,0.9872622965625287,1.703218200035698,ETH
446,2022-05-18 23:00:00+00:00,2022-05-19 00:00:00+00:00,-1,1,0.014955312758138795,False,0.00625215126404426,0.020508289109338194,0.4351355071138853,1.427330274772903,ETH
447,2022-05-26 09:00:00+00:00,2022-05-27 00:00:00+00:00,-1,15,0.02065321503313588,False,0.04090517288409293,0.05893007168497888,2.733980770744615,3.9387116945296508,ETH
448,2022-05-30 22:00:00+00:00,2022-05-31 00:00:00+00:00,1,2,0.0025378066247699243,False,0.005850304577712601,0.012022275386502003,0.4441629098764156,0.9127471481309023,ETH
449,2022-06-06 04:00:00+00:00,2022-06-07 00:00:00+00:00,1,20,-0.011184097280971948,False,0.01810878054757884,0.022557392420843966,1.8336633352232021,2.284121965676676,ETH
450,2022-06-07 02:00:00+00:00,2022-06-08 00:00:00+00:00,-1,22,-0.042435510982967925,False,0.07674461340561406,0.010101300133229154,4.897900974735511,0.6446728385632833,ETH
451,2022-06-10 17:00:00+00:00,2022-06-11 00:00:00+00:00,-1,7,0.009550148797512193,False,0.007728922472779205,0.016034985422740552,0.5282786301565021,1.096005318146093,ETH
452,2022-06-18 20:00:00+00:00,2022-06-19 00:00:00+00:00,-1,4,-0.0876846133785763,False,0.11032106328283107,0.039501175955805955,4.286460358992975,1.534795077473836,ETH
453,2022-07-04 19:00:00+00:00,2022-07-05 00:00:00+00:00,1,5,0.016644278166865638,False,0.01150870234954585,0.02753235715929827,0.7825194021335163,1.872027185104036,ETH
454,2022-07-25 20:00:00+00:00,2022-07-26 00:00:00+00:00,-1,4,0.03408895862533361,False,0.030456377096804422,0.0406575899969209,1.728661705356299,2.3076683952382777,ETH
455,2022-07-27 23:00:00+00:00,2022-07-28 00:00:00+00:00,1,1,0.0044654900682215455,False,0.0020607902361603537,0.011731125314501299,0.11462366419378775,0.6524994854255554,ETH
456,2022-08-05 12:00:00+00:00,2022-08-06 00:00:00+00:00,1,12,0.012686275916805413,False,0.03348567359493827,0.017586253188347493,2.715736227163619,1.4262703943601236,ETH
457,2022-08-10 13:00:00+00:00,2022-08-11 00:00:00+00:00,1,11,0.015331413765521865,False,0.010496973820668068,0.03529353665161347,0.7200541139269552,2.4210078728584135,ETH
458,2022-08-19 12:00:00+00:00,2022-08-20 00:00:00+00:00,-1,12,0.05732897473739922,False,0.011207846078132754,0.06151133088045746,0.7481474984057248,4.1060118064619235,ETH
459,2022-08-26 18:00:00+00:00,2022-08-27 00:00:00+00:00,-1,6,0.03719752000986824,False,0.0012887091217638612,0.05260740305972723,0.07628584003825611,3.114123945324088,ETH
460,2022-09-13 14:00:00+00:00,2022-09-14 00:00:00+00:00,-1,10,0.014957482075861886,False,0.01572792377669973,0.02799058447437262,0.8395558045906008,1.4941360349264188,ETH
461,2022-09-15 23:00:00+00:00,2022-09-16 00:00:00+00:00,-1,1,0.00010135187222355636,False,0.0030248567262369263,0.009020312658957546,0.15054042987055374,0.44892101284267755,ETH
462,2022-09-27 12:00:00+00:00,2022-09-27 17:00:00+00:00,1,5,-0.04278683767238399,False,0.04982493552151914,0.008371396049162226,4.7580732403599635,0.7994333581981414,ETH
463,2022-10-13 11:00:00+00:00,2022-10-13 22:00:00+00:00,-1,11,-0.04366704338237071,False,0.047571502190157114,0.05307910332388565,5.169739765006697,5.768267523853119,ETH
464,2022-10-23 23:00:00+00:00,2022-10-24 00:00:00+00:00,1,1,-0.0026623566734315747,False,0.004681695960846734,0.0021833261288453946,0.7153773265195762,0.3336188471092573,ETH
465,2022-10-25 17:00:00+00:00,2022-10-26 00:00:00+00:00,1,7,0.021084345578653844,False,0.00037819098644813084,0.07411842980705267,0.040374516798358025,7.912657616241712,ETH
466,2022-11-02 21:00:00+00:00,2022-11-03 00:00:00+00:00,-1,3,-0.0061059128167422864,False,0.008560306131906878,0.006262992730691337,0.498998348367346,0.3650830916902621,ETH
467,2022-11-04 14:00:00+00:00,2022-11-05 00:00:00+00:00,1,10,0.01620289622481867,False,0.006181968947827653,0.03923910420237754,0.55614132900419,3.5300221894049755,ETH
468,2022-11-08 05:00:00+00:00,2022-11-09 00:00:00+00:00,-1,19,0.08427366843989927,False,0.07945635842098069,0.1837044119655785,4.871973612311687,11.264083395561274,ETH
469,2022-11-16 16:00:00+00:00,2022-11-17 00:00:00+00:00,-1,8,-0.021898096558358275,False,0.026189477217420522,0.004564907275321016,1.9156866375741903,0.33391013484151516,ETH
470,2022-11-20 12:00:00+00:00,2022-11-21 00:00:00+00:00,-1,12,0.019680080108000958,False,0.02075798351017332,0.030151356725346735,2.4918991982217045,3.6195298841221977,ETH
471,2022-11-29 10:00:00+00:00,2022-11-30 00:00:00+00:00,1,14,-0.002755857422491368,False,0.012751308405840139,0.009547049205918751,1.3408516159557091,1.0039108103998056,ETH
472,2022-11-30 01:00:00+00:00,2022-12-01 00:00:00+00:00,1,23,0.013620623476808837,False,0.016548185113695327,0.030232412158875108,1.419650387140658,2.5936049984129506,ETH
473,2022-12-08 19:00:00+00:00,2022-12-09 00:00:00+00:00,1,5,-0.0075395143735972996,False,0.009414396569804114,0.00341000007767644,1.135329915258929,0.4112292349823849,ETH
474,2022-12-13 14:00:00+00:00,2022-12-14 00:00:00+00:00,1,10,-0.014121702187851658,False,0.02440738276607044,0.004462850692601556,2.458835246743733,0.4495940711503863,ETH
475,2022-12-16 16:00:00+00:00,2022-12-17 00:00:00+00:00,-1,8,0.029237833006453134,False,0.0073808712420311605,0.04023738477778412,0.6871602999559133,3.746106995592934,ETH
476,2023-01-02 09:00:00+00:00,2023-01-03 00:00:00+00:00,1,15,-0.0033775368317274183,False,0.004377447914952389,0.007964980416680433,1.0492868955361327,1.9092287873665326,ETH
477,2023-01-04 04:00:00+00:00,2023-01-05 00:00:00+00:00,1,20,0.003094300134064444,False,0.009373525389297248,0.019730791071157276,1.583124162728607,3.332395315231635,ETH
478,2023-01-09 16:00:00+00:00,2023-01-10 00:00:00+00:00,1,8,-0.013129342135539034,False,0.015379316541375875,0.007068196112492179,2.011053939631627,0.9242623753711151,ETH
479,2023-01-14 02:00:00+00:00,2023-01-15 00:00:00+00:00,1,22,-0.004754154350340503,False,0.03143618184859669,0.008357675035064925,1.7963864596114585,0.4775902601382095,ETH
480,2023-01-20 21:00:00+00:00,2023-01-21 00:00:00+00:00,1,3,0.008910901793238436,False,0.003660727881833404,0.023298309730470534,0.38599733073584613,2.4566385857980264,ETH
481,2023-01-29 20:00:00+00:00,2023-01-30 00:00:00+00:00,1,4,-0.007134379543001956,False,0.016931229719686018,0.0010755741934704022,1.8632323516313432,0.11836379678457323,ETH
482,2023-01-30 13:00:00+00:00,2023-01-31 00:00:00+00:00,-1,11,0.0058896196052827254,False,0.012370794278507635,0.03097134817575154,1.2917547721185623,3.2340192476144645,ETH
483,2023-02-09 20:00:00+00:00,2023-02-10 00:00:00+00:00,-1,4,0.020131423097188343,False,0.0017668515844668818,0.036147630265724304,0.17285372703930907,3.5363766091053326,ETH
484,2023-02-14 20:00:00+00:00,2023-02-15 00:00:00+00:00,1,4,-0.00447366516189258,False,0.0070987931410397215,0.002667658488412265,0.6218492604313173,0.23368499759658096,ETH
485,2023-02-15 20:00:00+00:00,2023-02-16 00:00:00+00:00,1,4,0.026951050170168682,False,0.002972425228766148,0.034268869372965645,0.3167918491972626,3.6522696663651937,ETH
486,2023-02-21 22:00:00+00:00,2023-02-22 00:00:00+00:00,-1,2,-0.012184513137359864,False,0.010975892019637213,0.0026800180292121134,1.1006182689594295,0.26874141972371496,ETH
487,2023-02-22 17:00:00+00:00,2023-02-23 00:00:00+00:00,-1,7,-0.02428857567582971,False,0.02463744642679156,0.0013455596531446738,2.482333647832726,0.13557119290313266,ETH
488,2023-03-03 02:00:00+00:00,2023-03-04 00:00:00+00:00,-1,22,-0.01267125658300675,False,0.018198690519152454,0.00371191421353817,1.5797168399326833,0.3222085339239461,ETH
489,2023-03-09 20:00:00+00:00,2023-03-10 00:00:00+00:00,-1,4,0.03203076601547545,False,0.0007662217203694667,0.05714400935597047,0.09735261225566462,7.260455345592876,ETH
490,2023-03-17 23:00:00+00:00,2023-03-18 00:00:00+00:00,1,1,0.008026724600062086,False,0.00021442880117377713,0.0164038032897892,0.016945778794981464,1.2963520778157067,ETH
491,2023-03-22 20:00:00+00:00,2023-03-23 00:00:00+00:00,-1,4,-0.01182780699488135,False,0.012563224016968612,0.0035661841829242075,0.9491529995207489,0.26942561953000155,ETH
492,2023-03-23 16:00:00+00:00,2023-03-24 00:00:00+00:00,1,8,-0.014771877343047489,False,0.02492054162312781,0.0021551724137931234,2.2099870081336133,0.19112357615656683,ETH
493,2023-04-04 12:00:00+00:00,2023-04-05 00:00:00+00:00,1,12,0.0009136408148783152,False,0.008674055080518014,0.016532738254889514,0.9552475327272717,1.8207006158722525,ETH
494,2023-04-10 23:00:00+00:00,2023-04-11 00:00:00+00:00,1,1,0.0015741694081541817,False,0.0,0.00854503221466634,0.0,1.263179513636314,ETH
495,2023-04-13 11:00:00+00:00,2023-04-14 00:00:00+00:00,1,13,0.010974857925343286,False,0.0013792131438005925,0.01930898401320818,0.1435077748501499,2.0091088479020867,ETH
496,2023-04-19 09:00:00+00:00,2023-04-20 00:00:00+00:00,-1,15,0.025641422119567527,False,0.009750179952985653,0.0330358446212934,0.9201361095755176,3.117632053249441,ETH
497,2023-04-26 13:00:00+00:00,2023-04-26 20:00:00+00:00,1,7,-0.06977486696804991,False,0.07340891233584022,0.001617363442484144,8.191399222809101,0.180474948125559,ETH
498,2023-05-01 20:00:00+00:00,2023-05-02 00:00:00+00:00,-1,4,-0.011408398465881552,False,0.011477761836441868,0.0038185630725085934,1.4759844112073521,0.4910486598824523,ETH
499,2023-05-05 16:00:00+00:00,2023-05-06 00:00:00+00:00,1,8,0.01877121000243203,False,0.0,0.02670995427149321,0.0,3.35359853822144,ETH
500,2023-05-18 18:00:00+00:00,2023-05-19 00:00:00+00:00,-1,6,-0.014144562839471433,False,0.02485751098557953,0.0029988803429863487,3.8854157074141558,0.4687475264942765,ETH
501,2023-05-23 03:00:00+00:00,2023-05-24 00:00:00+00:00,1,21,0.004540067070447804,False,0.0006678358318356897,0.017624350488931864,0.13213754465543215,3.487142032126235,ETH
502,2023-05-24 14:00:00+00:00,2023-05-25 00:00:00+00:00,-1,10,0.00028191490406395323,False,0.003728651803846297,0.01512545359715024,0.6506932815049583,2.639568281819209,ETH
503,2023-05-28 23:00:00+00:00,2023-05-29 00:00:00+00:00,1,1,-0.0006613823057312826,False,8.917424647765542e-05,0.006688068485821295,0.013722197187007169,1.0291647890250972,ETH
504,2023-06-02 19:00:00+00:00,2023-06-03 00:00:00+00:00,1,5,-0.0034068878438920577,False,0.003787640661344072,0.0006024601328556039,0.6686979489631675,0.10636274430258665,ETH
505,2023-06-05 16:00:00+00:00,2023-06-06 00:00:00+00:00,-1,8,0.003241381214659144,False,0.002517936171967304,0.02416229143187006,0.4112786220544756,3.946658392859063,ETH
506,2023-06-10 06:00:00+00:00,2023-06-11 00:00:00+00:00,-1,18,-0.002047772242903892,False,0.012683250111406953,0.021858610327136437,1.5622505289847255,2.6924191549079035,ETH
507,2023-06-14 21:00:00+00:00,2023-06-15 00:00:00+00:00,-1,3,-0.009618423118425165,False,0.01110425663170886,0.00481306613079575,1.1313254290988155,0.49036547751918363,ETH
508,2023-06-21 17:00:00+00:00,2023-06-22 00:00:00+00:00,1,7,0.008157611882709172,False,0.007738381731643418,0.016942082464302816,0.7658501109518233,1.6767195241847679,ETH
509,2023-06-26 18:00:00+00:00,2023-06-27 00:00:00+00:00,-1,6,-0.008218372039312286,False,0.007676763298895387,0.0024758509721913373,0.8205245796896342,0.26462931045741406,ETH
510,2023-06-28 20:00:00+00:00,2023-06-29 00:00:00+00:00,-1,4,0.0006931623933644644,False,0.0027847092162954132,0.004078779969750429,0.37489077241349134,0.5491047195938904,ETH
511,2023-06-30 18:00:00+00:00,2023-07-01 00:00:00+00:00,1,6,-0.0008488010617591843,False,0.00936437190377832,0.006315386247987641,0.7745400725118933,0.5223542777581633,ETH
512,2023-07-13 16:00:00+00:00,2023-07-14 00:00:00+00:00,1,8,0.03537898916615437,False,0.0010764039826946983,0.042662857852574086,0.18042333338575273,7.151009425154802,ETH
513,2023-07-24 10:00:00+00:00,2023-07-25 00:00:00+00:00,-1,14,-0.005582694793757179,False,0.007119350949789786,0.004577889283503341,1.284470059718599,0.8259407020158622,ETH
514,2023-07-30 23:00:00+00:00,2023-07-31 00:00:00+00:00,-1,1,-0.004720854280500482,False,0.003994673768308966,0.00021024598780578665,1.0834526993914737,0.057023826283775766,ETH
515,2023-08-01 03:00:00+00:00,2023-08-02 00:00:00+00:00,-1,21,-0.02586391670259899,False,0.026198317268241376,0.00937647020208104,5.102364415539514,1.8261542301596996,ETH
516,2023-08-08 17:00:00+00:00,2023-08-09 00:00:00+00:00,1,7,-0.0006440449171643756,False,0.0016132339135220344,0.013261969764003801,0.3968998002043864,3.2628083909778463,ETH
517,2023-08-15 20:00:00+00:00,2023-08-16 00:00:00+00:00,-1,4,-0.0023049422231353933,False,0.002507033927066198,0.001565527736115466,0.8099304070587025,0.5057644026610764,ETH
518,2023-08-17 16:00:00+00:00,2023-08-18 00:00:00+00:00,-1,8,0.028823561820841656,False,0.005815960237470735,0.141320355285563,0.8674620598035089,21.078212622287555,ETH
519,2023-08-22 18:00:00+00:00,2023-08-23 00:00:00+00:00,-1,6,-0.007583437733305798,False,0.010429164743885585,0.03091832025842178,1.667586328846073,4.943729381977283,ETH
520,2023-08-29 15:00:00+00:00,2023-08-30 00:00:00+00:00,1,9,0.002815239370777871,False,0.007628709045801368,0.015117974818868988,1.075585624709457,2.13151088765726,ETH
521,2023-09-11 15:00:00+00:00,2023-09-12 00:00:00+00:00,-1,9,0.0029012086652891083,False,0.005942525637570104,0.01902763338595619,0.792525382687666,2.5376217707007984,ETH
522,2023-09-18 11:00:00+00:00,2023-09-19 00:00:00+00:00,1,13,-0.008830545930838223,False,0.009498376475586497,0.01273935605255971,1.9430736619045625,2.606077710119907,ETH
523,2023-09-21 14:00:00+00:00,2023-09-22 00:00:00+00:00,-1,10,-0.006340328814274831,False,0.010904336346095299,0.0015486950340205484,1.6152686420408107,0.22940951609893195,ETH
524,2023-09-27 11:00:00+00:00,2023-09-28 00:00:00+00:00,1,13,-0.012767513377793584,False,0.020655684954394057,0.011113723840051506,4.818095939984648,2.5923607873614367,ETH
525,2023-09-28 15:00:00+00:00,2023-09-29 00:00:00+00:00,1,9,0.0065905587259997706,False,0.0020198321891685403,0.017848970251716247,0.3456116791360631,3.0541213337552913,ETH
526,2023-10-09 10:00:00+00:00,2023-10-10 00:00:00+00:00,-1,14,0.006058964711779317,False,0.004052576684803809,0.02970632955930583,0.7497019481271688,5.495489629062368,ETH
527,2023-10-16 19:00:00+00:00,2023-10-17 00:00:00+00:00,1,5,0.00455683524620433,False,0.007577950932138294,0.009743079769892133,1.030887966831923,1.3254273859267638,ETH
528,2023-10-23 23:00:00+00:00,2023-10-24 00:00:00+00:00,1,1,-0.012796368206833685,False,0.021817632140277817,0.00942239540469268,1.9509488227948404,0.8425575747404925,ETH
529,2023-11-01 21:00:00+00:00,2023-11-02 00:00:00+00:00,1,3,-0.006524973903966402,False,0.010326429305954031,0.0022935656331265278,1.1314291093088684,0.25129760196329864,ETH
530,2023-11-09 07:00:00+00:00,2023-11-10 00:00:00+00:00,1,17,0.09544671267267536,False,0.011855718243797103,0.10738115745016462,1.6810196864469455,15.225550735538805,ETH
531,2023-11-14 19:00:00+00:00,2023-11-15 00:00:00+00:00,-1,5,-0.008451918709432127,False,0.014930306589980982,0.00478522428514042,1.1829976919173324,0.3791555953999398,ETH
532,2023-11-16 21:00:00+00:00,2023-11-17 00:00:00+00:00,-1,3,-0.0038868639155225635,False,0.006973180076628399,0.0047151979565772766,0.5502798227577711,0.3720939753885864,ETH
533,2023-11-22 14:00:00+00:00,2023-11-23 00:00:00+00:00,1,10,0.014457296204340022,False,0.007602241282533582,0.03092103319579719,0.7984549572008615,3.2476017689257817,ETH
534,2023-11-27 16:00:00+00:00,2023-11-28 00:00:00+00:00,-1,8,-0.013753759694921819,False,0.01338392032548733,0.009060729351271791,1.7539408980374198,1.1873937821476832,ETH
535,2023-12-01 10:00:00+00:00,2023-12-02 00:00:00+00:00,1,14,-0.009885345889749184,False,0.016105960013116625,0.0027611575000356173,2.7047090488580223,0.4636872107956631,ETH
536,2023-12-02 20:00:00+00:00,2023-12-03 00:00:00+00:00,1,4,0.0011889229136245257,False,0.002890093094344765,0.008711963318049163,0.3659863949290571,1.1032378347140683,ETH
537,2023-12-07 17:00:00+00:00,2023-12-08 00:00:00+00:00,1,7,0.0022505964511513364,False,0.009656177056889075,0.016816315403881222,1.02168359762119,1.7792707734488433,ETH
538,2023-12-11 03:00:00+00:00,2023-12-12 00:00:00+00:00,-1,21,0.0005431878914039185,False,0.01204862496805114,0.033240214696004314,0.9267253799935574,2.5566859850734196,ETH
539,2023-12-22 15:00:00+00:00,2023-12-23 00:00:00+00:00,1,9,-0.008979398090886399,False,0.016380984908318522,0.0015369180523832516,1.4457686492492166,0.13564678491782806,ETH
540,2023-12-26 18:00:00+00:00,2023-12-27 00:00:00+00:00,-1,6,-0.01548152145492618,False,0.015165695904626087,0.0022307839092783593,1.7884735661480415,0.2630738528995385,ETH
541,2023-12-27 15:00:00+00:00,2023-12-28 00:00:00+00:00,1,9,0.01941335226143469,False,0.00040354432118695885,0.02817941408798978,0.049368369871747,3.447382764235403,ETH
542,2024-01-02 09:00:00+00:00,2024-01-03 00:00:00+00:00,1,15,-0.03256718925083511,False,0.0388098531252059,0.0008150563129816316,5.059812370100961,0.10626249992363146,ETH
543,2024-01-03 13:00:00+00:00,2024-01-04 00:00:00+00:00,-1,11,0.015628071096048204,False,0.0002578293436464747,0.0269698384121269,0.015725260901298672,1.6449165153136405,ETH
544,2024-01-08 18:00:00+00:00,2024-01-09 00:00:00+00:00,1,6,0.009072763346677993,False,0.0009190618632678246,0.02294620019941921,0.09473591400813242,2.365269777571101,ETH
545,2024-01-10 20:00:00+00:00,2024-01-11 00:00:00+00:00,1,4,0.0411602210508262,False,0.02788875168478573,0.06762951663801528,1.6763558987429443,4.065120605850525,ETH
546,2024-01-22 10:00:00+00:00,2024-01-23 00:00:00+00:00,-1,14,0.030134570583059198,False,0.006679892519022451,0.03643387492361659,0.9839221443909796,5.366567836418371,ETH
547,2024-02-06 09:00:00+00:00,2024-02-07 00:00:00+00:00,1,15,0.013341461396482146,False,0.012044686042032413,0.023841116294996283,2.182429158476812,4.319875768555673,ETH
548,2024-02-12 18:00:00+00:00,2024-02-13 00:00:00+00:00,1,6,0.01814229595730991,False,0.0021119121812489096,0.022510454156940585,0.26157483905577994,2.788074464200587,ETH
549,2024-02-14 22:00:00+00:00,2024-02-15 00:00:00+00:00,1,2,-0.0031253404177289043,False,0.005352306203711403,0.0018776235472696403,0.5998370102689472,0.21042669311853238,ETH
550,2024-02-25 20:00:00+00:00,2024-02-26 00:00:00+00:00,1,4,0.007730150535187519,False,6.808080218637813e-05,0.015052341169109416,0.009369444228847794,2.0715395025967913,ETH
551,2024-03-05 20:00:00+00:00,2024-03-06 00:00:00+00:00,-1,4,-0.053525570714877506,False,0.06084855805526203,0.015303176985727116,2.3360070203995176,0.5874967298421208,ETH
552,2024-03-06 12:00:00+00:00,2024-03-07 00:00:00+00:00,1,12,-0.01778644257175318,False,0.04070748145153195,0.006013283304189702,1.958091108124927,0.2892479747878587,ETH
553,2024-03-11 08:00:00+00:00,2024-03-12 00:00:00+00:00,1,16,0.011374794516715773,False,0.005264902064848272,0.020379381915945943,0.42196729882919415,1.6333509404278086,ETH
554,2024-03-15 21:00:00+00:00,2024-03-16 00:00:00+00:00,-1,3,-0.032196360339463895,False,0.03286722335560643,0.0007818974227670209,1.6375616553724293,0.03895690317689674,ETH
555,2024-03-19 23:00:00+00:00,2024-03-20 00:00:00+00:00,-1,1,0.015036014061201869,False,0.0021562252057438017,0.018964202927861298,0.10406908522617912,0.9152973657338141,ETH
556,2024-03-25 18:00:00+00:00,2024-03-26 00:00:00+00:00,1,6,-0.015282093760908267,False,0.0201351681638055,0.0027599350797360847,1.896138804307966,0.25990445967397,ETH
557,2024-03-31 08:00:00+00:00,2024-04-01 00:00:00+00:00,1,16,0.0023625787751931472,False,0.0074404229003050045,0.00851475275262587,1.1217257206762148,1.2836927814180437,ETH
558,2024-04-01 06:00:00+00:00,2024-04-02 00:00:00+00:00,-1,18,4.52095969531482e-05,False,0.017797141067258954,0.028133720599123006,2.3050392114473217,3.6438059854559324,ETH
559,2024-04-02 09:00:00+00:00,2024-04-03 00:00:00+00:00,-1,15,0.015405308355071241,False,0.005762091252588152,0.03755397278662881,0.49800588770049087,3.2457138796413116,ETH
560,2024-04-08 12:00:00+00:00,2024-04-09 00:00:00+00:00,1,12,0.014758071505373248,False,0.010497308981703295,0.02726495185868644,1.169183042994318,3.0367515557363456,ETH
561,2024-04-12 19:00:00+00:00,2024-04-13 00:00:00+00:00,-1,5,-0.009614231803834639,False,0.014039959405527543,0.005432312452914855,0.7739786353129676,0.2994662347275282,ETH
562,2024-04-27 18:00:00+00:00,2024-04-28 00:00:00+00:00,1,6,-0.0025356211966017276,False,0.011155155843637424,0.008213609105898753,1.2605973323817985,0.9281854842062532,ETH
563,2024-04-30 10:00:00+00:00,2024-05-01 00:00:00+00:00,-1,14,0.009089084192856823,False,0.0028659315262316507,0.04195487388916434,0.23246922606907527,3.403157742454502,ETH
564,2024-05-15 15:00:00+00:00,2024-05-16 00:00:00+00:00,1,9,0.016860108572250516,False,0.0025343004456873076,0.021625582317708558,0.2942448260983717,2.510837150022463,ETH
565,2024-05-17 13:00:00+00:00,2024-05-18 00:00:00+00:00,1,11,0.002342566938795509,False,0.008543648950235593,0.0132182918549464,1.0363952719151548,1.6034571716436556,ETH
566,2024-05-20 20:00:00+00:00,2024-05-21 00:00:00+00:00,1,4,0.06319607118857766,False,0.005261336303802223,0.07578476510125678,0.3995469551439344,5.75511056394993,ETH
567,2024-06-07 19:00:00+00:00,2024-06-08 00:00:00+00:00,-1,5,-0.0011902425496521081,False,0.006962762937345906,0.00637868411115428,0.7092964858965336,0.6497963905131037,ETH
568,2024-06-11 07:00:00+00:00,2024-06-12 00:00:00+00:00,-1,17,0.010866506051365264,False,0.0023942019656172323,0.03241207377981804,0.2737328684888669,3.7057232668068134,ETH
569,2024-06-24 17:00:00+00:00,2024-06-25 00:00:00+00:00,-1,7,-0.029892133743545764,False,0.032015048576461105,0.0043605275593934035,2.844897002752654,0.38748189791158194,ETH
570,2024-07-01 02:00:00+00:00,2024-07-02 00:00:00+00:00,1,22,-0.023970775940503772,False,0.02773789860614008,0.001873452411750069,4.4844484785441345,0.30288526671727384,ETH
571,2024-07-03 11:00:00+00:00,2024-07-04 00:00:00+00:00,-1,13,0.0038046686865544463,False,0.003879022788126842,0.01889401060769349,0.6040975494191106,2.94244868623677,ETH
572,2024-07-04 13:00:00+00:00,2024-07-05 00:00:00+00:00,-1,11,0.02167353984141314,False,0.011868536086161062,0.02631704988489087,1.0725327234044968,2.378212188942656,ETH
573,2024-07-15 17:00:00+00:00,2024-07-16 00:00:00+00:00,1,7,0.025919206148530452,False,0.0044426470501413165,0.03138486607116506,0.538640553554512,3.805200242785173,ETH
574,2024-07-24 20:00:00+00:00,2024-07-25 00:00:00+00:00,-1,4,0.006770541630169869,False,0.003917054803076561,0.02276174670307111,0.4435350206509051,2.5773527054224346,ETH
575,2024-07-25 13:00:00+00:00,2024-07-26 00:00:00+00:00,-1,11,-0.009253560246086888,False,0.015189752868910975,0.020500611082011944,1.3907879288780496,1.8770550563624768,ETH
576,2024-08-01 16:00:00+00:00,2024-08-02 00:00:00+00:00,-1,8,-0.029021381654798152,False,0.0332288079289526,0.01196211408782059,3.4490559239096683,1.241633480963137,ETH
577,2024-08-02 17:00:00+00:00,2024-08-03 00:00:00+00:00,-1,7,0.011021876862490072,False,0.0051982643811486285,0.02007263690470297,0.40610509521129534,1.5681388101166474,ETH
578,2024-08-05 07:00:00+00:00,2024-08-06 00:00:00+00:00,-1,17,-0.07050805441549363,False,0.11064704351699536,0.03783204477394703,2.7754889637201607,0.9489853448178993,ETH
579,2024-08-23 18:00:00+00:00,2024-08-24 00:00:00+00:00,1,6,0.011453866619257704,False,0.005476909306343691,0.026738909533784178,0.6169679303015186,3.012109339563187,ETH
580,2024-08-27 17:00:00+00:00,2024-08-28 00:00:00+00:00,-1,7,0.04092221746519578,False,0.010223258497937513,0.06891146860890375,1.1260878558085778,7.5905708480398895,ETH
581,2024-09-01 23:00:00+00:00,2024-09-02 00:00:00+00:00,-1,1,-0.009691173303286015,False,0.011350926576552114,0.003268068970392013,1.0658303653327215,0.3068654458430553,ETH
582,2024-09-02 21:00:00+00:00,2024-09-03 00:00:00+00:00,1,3,-0.008136576113575811,False,0.007895788129685307,0.0034230748141590678,0.8638823268991905,0.37452041354655863,ETH
583,2024-09-06 21:00:00+00:00,2024-09-07 00:00:00+00:00,-1,3,-0.026501828866695235,False,0.02547970335135522,0.009020220596708178,1.520196451840978,0.5381737438952302,ETH
584,2024-09-13 22:00:00+00:00,2024-09-14 00:00:00+00:00,1,2,-0.004859467195841644,False,0.003863292588201553,0.004509218756387801,0.4532340138934441,0.5290128225655952,ETH
585,2024-09-19 17:00:00+00:00,2024-09-20 00:00:00+00:00,1,7,-0.004370389563283582,False,0.007708711856039374,0.009489201733549616,0.7993856105012453,0.9840206071524347,ETH
586,2024-10-01 17:00:00+00:00,2024-10-02 00:00:00+00:00,-1,7,0.023191234528189556,False,0.0041419339921627465,0.038305913119047595,0.3789234250661932,3.504403456651515,ETH
587,2024-10-09 21:00:00+00:00,2024-10-10 00:00:00+00:00,-1,3,-0.007755768656954621,False,0.01081099443314448,0.002127379501573334,1.1208315686356214,0.22055640843930868,ETH
588,2024-10-14 15:00:00+00:00,2024-10-15 00:00:00+00:00,1,9,0.0009823868692667957,False,0.002658306540501913,0.012002425657044229,0.2876900081245794,1.298938960642876,ETH
589,2024-10-20 15:00:00+00:00,2024-10-21 00:00:00+00:00,1,9,0.011852909266705482,False,0.009560885608856035,0.018309963099630955,1.9109538415252896,3.6596499273054874,ETH
590,2024-10-23 17:00:00+00:00,2024-10-24 00:00:00+00:00,-1,7,-0.01446858931326983,False,0.014649868151186641,0.019458235834781422,1.6681066410017837,2.215611231664815,ETH
591,2024-11-06 03:00:00+00:00,2024-11-07 00:00:00+00:00,1,21,0.0570054878091304,False,0.0028040003738668226,0.06942237592298336,0.21211146627650618,5.251526385895627,ETH
592,2024-11-21 13:00:00+00:00,2024-11-22 00:00:00+00:00,1,11,0.019706922009930832,False,0.014862912668603076,0.031003178175514238,1.1728661484610103,2.4465311064889312,ETH
593,2024-11-27 14:00:00+00:00,2024-11-28 00:00:00+00:00,1,10,0.03946538527790662,False,0.011090873331452034,0.0512243856693717,0.9444536379022904,4.362060222755623,ETH
594,2024-12-02 11:00:00+00:00,2024-12-03 00:00:00+00:00,-1,13,-0.019379889274451084,False,0.02873503848741797,0.006723083237242734,2.6346838785918707,0.6164320617614847,ETH
595,2024-12-04 15:00:00+00:00,2024-12-05 00:00:00+00:00,1,9,0.014138912917187465,False,0.012081867942988498,0.02890234550598942,1.083694580716822,2.5924232364270057,ETH
596,2024-12-06 19:00:00+00:00,2024-12-07 00:00:00+00:00,1,5,-0.014923293652105747,False,0.015661919584058877,0.009473611515333847,1.2152941104142834,0.7351093981261803,ETH
597,2024-12-09 22:00:00+00:00,2024-12-10 00:00:00+00:00,-1,2,-0.005228074634628776,False,0.009921224933362964,0.05150115972901803,0.5789039899972559,3.0050953442609334,ETH
598,2024-12-16 19:00:00+00:00,2024-12-17 00:00:00+00:00,1,5,-0.02698843988936624,False,0.02669765734907331,0.00042816074377637775,2.580616027999521,0.04138634575695717,ETH
599,2024-12-18 21:00:00+00:00,2024-12-19 00:00:00+00:00,-1,3,0.017092025779138022,False,0.005089347832560506,0.021380675096575673,0.35558573905354285,1.4938383867259781,ETH
600,2025-01-02 10:00:00+00:00,2025-01-03 00:00:00+00:00,1,14,-0.005430263108809207,False,0.013803862313177798,0.012477399671844672,2.029172885637725,1.8341823848244103,ETH
601,2025-01-03 17:00:00+00:00,2025-01-04 00:00:00+00:00,1,7,0.005105209062243023,False,0.002999693054664174,0.01291960822613505,0.38511568480226294,1.6586842982646366,ETH
602,2025-01-07 16:00:00+00:00,2025-01-08 00:00:00+00:00,-1,8,0.02222770553570669,False,0.008575035897850703,0.031093172618824022,0.7147126331493464,2.591555713596126,ETH
603,2025-01-13 09:00:00+00:00,2025-01-14 00:00:00+00:00,-1,15,0.008100557128762323,False,0.002398429659738686,0.08480973509975567,0.25134301733372266,8.887621378718597,ETH
604,2025-01-27 07:00:00+00:00,2025-01-28 00:00:00+00:00,-1,17,-0.03356409346062989,False,0.05036087908523234,0.02030005676749653,4.894360290050666,1.9728764376899859,ETH
605,2025-01-31 16:00:00+00:00,2025-02-01 00:00:00+00:00,1,8,-0.03906785396980854,False,0.043546659428347886,0.0029712130896821375,4.188007483196918,0.2857501084379624,ETH
606,2025-02-02 23:00:00+00:00,2025-02-03 00:00:00+00:00,-1,1,0.0006623540665724878,False,0.0,0.033905498771943265,0.0,1.6770995290731172,ETH
607,2025-02-03 05:00:00+00:00,2025-02-04 00:00:00+00:00,-1,19,-0.16606394492345675,False,0.19078483119256326,0.0025697398852183593,4.012947521181852,0.05405163103381523,ETH
608,2025-02-12 23:00:00+00:00,2025-02-13 00:00:00+00:00,1,1,-0.004100000000000058,False,0.006793002915451848,0.004110787172011735,0.4526425196587679,0.2739167179050981,ETH
609,2025-02-17 12:00:00+00:00,2025-02-18 00:00:00+00:00,1,12,-0.004830863732457613,False,0.024855388481188637,0.03443442643785441,2.80990331257405,3.8928141874565227,ETH
610,2025-02-24 14:00:00+00:00,2025-02-25 00:00:00+00:00,-1,10,0.059126032965902894,False,0.005170220725776342,0.0773138795361017,0.47594822540548815,7.117182363407884,ETH
611,2025-03-02 17:00:00+00:00,2025-03-03 00:00:00+00:00,1,7,0.029073886223917537,False,0.019634022476327798,0.04436289767700934,0.9964156286859895,2.2513921756209103,ETH
612,2025-03-03 19:00:00+00:00,2025-03-04 00:00:00+00:00,-1,5,0.017521171182730715,False,0.006636895666175635,0.04448772744481786,0.30074473243147554,2.0159198456385816,ETH
613,2025-03-09 17:00:00+00:00,2025-03-10 00:00:00+00:00,-1,7,0.012293873940307617,False,0.003999023437500027,0.029882812500000022,0.30152250422149746,2.253135196380407,ETH
614,2025-03-19 12:00:00+00:00,2025-03-20 00:00:00+00:00,1,12,0.012467831398727721,False,0.016245763422611883,0.0210657181337846,1.7447077138331222,2.2623449553803296,ETH
615,2025-03-24 09:00:00+00:00,2025-03-25 00:00:00+00:00,1,15,-0.005926526621944549,False,0.011069580906528376,0.007049499643456868,1.324854106657598,0.8437138344602572,ETH
616,2025-03-28 06:00:00+00:00,2025-03-29 00:00:00+00:00,-1,18,0.007784322588410764,False,0.006869351721255859,0.031395288094864915,0.5847959660362169,2.6727176850780485,ETH
617,2025-04-02 23:00:00+00:00,2025-04-03 00:00:00+00:00,-1,1,-2.5925432457316912e-05,False,0.002648947655458719,0.00913775640811606,0.1586485996542377,0.5472710097316387,ETH
618,2025-04-06 18:00:00+00:00,2025-04-07 00:00:00+00:00,-1,6,0.060746216877991976,False,0.000130641330166287,0.08831947743467934,0.010533347686438816,7.121021824562958,ETH
619,2025-04-21 02:00:00+00:00,2025-04-21 18:00:00+00:00,1,16,-0.03269559230964917,False,0.03536876762142269,0.018433774163231956,4.58208790820925,2.3881288316318114,ETH
620,2025-04-22 14:00:00+00:00,2025-04-23 00:00:00+00:00,1,10,0.06593869650637103,False,0.003154093928673537,0.08324250598242722,0.296220229496593,7.817812273065737,ETH
621,2020-09-24 18:00:00+00:00,2020-09-25 00:00:00+00:00,1,6,-0.009825829834045962,False,0.03885764832248682,0.027926960257787337,1.42656501198284,1.0252711143031166,SOL
622,2020-10-02 09:00:00+00:00,2020-10-03 00:00:00+00:00,-1,15,-0.0059912170812497665,False,0.0213123519975556,0.07478420288747986,1.0016974960455611,3.5149170201742,SOL
623,2020-10-06 12:00:00+00:00,2020-10-07 00:00:00+00:00,-1,12,0.09462877358211494,False,0.03125782488940822,0.10917285702362076,1.804046395850468,6.300915048791492,SOL
624,2020-10-13 18:00:00+00:00,2020-10-14 00:00:00+00:00,-1,6,-0.025602033837166367,False,0.03662535667135124,0.005366040628593307,1.5954168916897662,0.2337471259917558,SOL
625,2020-10-19 09:00:00+00:00,2020-10-20 00:00:00+00:00,-1,15,-4.148321017415817e-06,False,0.027206595538312447,0.005334626576139514,1.9140937277911703,0.3753124956453147,SOL
626,2020-10-20 11:00:00+00:00,2020-10-21 00:00:00+00:00,-1,13,0.0026329323748744424,False,0.03587373286412103,0.030568832396659504,2.170734939949101,1.8497331406301274,SOL
627,2020-11-06 07:00:00+00:00,2020-11-07 00:00:00+00:00,1,17,0.17372328295454206,False,0.0034340659340658334,0.215909090909091,0.13401542512827883,8.425915274429126,SOL
628,2020-11-07 12:00:00+00:00,2020-11-07 20:00:00+00:00,1,8,-0.22698951870671058,False,0.23640455056882115,0.041796891278076356,5.198749871560345,0.919151440362245,SOL
629,2020-11-15 16:00:00+00:00,2020-11-16 00:00:00+00:00,1,8,-0.07468511879467502,False,0.12239240103622227,0.011316638640185495,5.332921459279788,0.49309225523976075,SOL
630,2020-11-16 09:00:00+00:00,2020-11-17 00:00:00+00:00,1,15,-0.02006240300492531,False,0.05720210835565544,0.02479910135660585,1.946021143384898,0.8436677766638435,SOL
631,2020-11-21 15:00:00+00:00,2020-11-22 00:00:00+00:00,1,9,0.017915236670120814,False,0.037703040841426595,0.06891725688112307,1.6041375559238282,2.932197444742665,SOL
632,2020-11-26 04:00:00+00:00,2020-11-27 00:00:00+00:00,-1,20,-0.0006458902518233737,False,0.012731902510003737,0.11032583277035803,0.21461438197442984,1.8596993180886159,SOL
633,2020-12-01 08:00:00+00:00,2020-12-01 13:00:00+00:00,1,5,-0.0783479543608078,False,0.08736901727555925,0.0016520343623148688,4.925978265146685,0.09314383537555267,SOL
634,2020-12-02 18:00:00+00:00,2020-12-03 00:00:00+00:00,1,6,-0.018295885240363137,False,0.02834572490706317,0.024488847583643003,1.245740493622869,1.0762380985889335,SOL
635,2020-12-04 22:00:00+00:00,2020-12-05 00:00:00+00:00,-1,2,0.02601819798743269,False,0.0073161745355018815,0.03910732143797044,0.39716093779262823,2.1229537897836144,SOL
636,2020-12-15 11:00:00+00:00,2020-12-16 00:00:00+00:00,1,13,-0.013504631503801417,False,0.04603782080144072,0.013732552904097242,1.8855710676342705,0.5624441815437192,SOL
637,2020-12-23 17:00:00+00:00,2020-12-24 00:00:00+00:00,-1,7,0.06350410552415836,False,0.02022489458066534,0.1652350460721537,0.7138842796952182,5.83235187581112,SOL
638,2021-01-01 23:00:00+00:00,2021-01-02 00:00:00+00:00,1,1,0.020884629942218957,False,0.012389577198733254,0.02772376243124621,0.38598996029195887,0.8637174447788691,SOL
639,2021-01-03 09:00:00+00:00,2021-01-04 00:00:00+00:00,1,15,-0.005688170213412631,False,0.14848443781903592,0.06559154356958959,3.990889460503018,1.7629362630515375,SOL
640,2021-01-07 13:00:00+00:00,2021-01-08 00:00:00+00:00,1,11,-0.0750263350100226,False,0.16202423156336443,0.012894931629592165,2.2160037261633483,0.17636384548210407,SOL
641,2021-01-08 12:00:00+00:00,2021-01-09 00:00:00+00:00,1,12,0.03759693562237522,False,0.04637506348400193,0.22143219908583037,0.7133877367168248,3.406292163816961,SOL
642,2021-01-17 18:00:00+00:00,2021-01-18 00:00:00+00:00,1,6,-0.028302886554685002,False,0.05119670714975349,0.021393363483916766,1.334179711309017,0.557508345867091,SOL
643,2021-01-21 15:00:00+00:00,2021-01-22 00:00:00+00:00,-1,9,0.09926451164415659,False,0.023658063734399628,0.10786986550345332,0.8481575084348021,3.8672072823768615,SOL
644,2021-01-30 22:00:00+00:00,2021-01-31 00:00:00+00:00,1,2,-0.004434734795473359,False,0.01312699605485635,0.01723652075897059,0.5777668557420564,0.7586419894716804,SOL
645,2021-02-02 11:00:00+00:00,2021-02-03 00:00:00+00:00,1,13,-0.020603884527305223,False,0.05995365179038636,0.01969798908574426,2.09047046717578,0.6868316310484056,SOL
646,2021-02-08 08:00:00+00:00,2021-02-09 00:00:00+00:00,1,16,0.03825231977416209,False,0.06625400889545853,0.07178397497657339,2.255258540086324,2.4434962548863544,SOL
647,2021-02-18 16:00:00+00:00,2021-02-19 00:00:00+00:00,1,8,-0.02990915499532706,False,0.03544435193495019,0.009255755111750209,1.8955493705383666,0.49499397839561693,SOL
648,2021-02-19 13:00:00+00:00,2021-02-20 00:00:00+00:00,1,11,0.05989148751637907,False,0.02462544567807729,0.09263638211006635,1.0384237676393155,3.9063585767646973,SOL
649,2021-02-22 23:00:00+00:00,2021-02-23 00:00:00+00:00,1,1,0.06528135053066508,False,0.021832990257641113,0.08161733560233936,0.4869882445123726,1.820487368781281,SOL
650,2021-03-09 21:00:00+00:00,2021-03-10 00:00:00+00:00,1,3,-0.008484641043108376,False,0.013999520473133083,0.0007725710632177177,0.8586523217505718,0.04738518997292051,SOL
651,2021-03-11 18:00:00+00:00,2021-03-12 00:00:00+00:00,1,6,0.013139312453160957,False,0.020037096387518487,0.030459414785560232,0.9651704501618878,1.4672049538355152,SOL
652,2021-03-22 04:00:00+00:00,2021-03-23 00:00:00+00:00,1,20,-0.02228388487823255,False,0.026414022291373428,0.09752310731439814,1.8632055266075467,6.879133761444232,SOL
653,2021-04-03 05:00:00+00:00,2021-04-04 00:00:00+00:00,1,19,0.0601885661560232,False,0.03413052901377656,0.12446052656376626,2.07688583048253,7.573580355884398,SOL
654,2021-04-12 02:00:00+00:00,2021-04-12 11:00:00+00:00,1,9,-0.07208502029871508,False,0.07980830178048608,0.0018210660111276642,4.249215002670976,0.09695859757324023,SOL
655,2021-04-14 15:00:00+00:00,2021-04-15 00:00:00+00:00,-1,9,-0.04481996430076006,False,0.06255233761514263,0.011040274288603526,2.7532955902151355,0.4859472830671496,SOL
656,2021-04-18 04:00:00+00:00,2021-04-18 07:00:00+00:00,-1,3,-0.15030642955493517,False,0.1622117292821461,0.009443646068569116,4.205838982960702,0.2448556275938992,SOL
657,2021-04-18 09:00:00+00:00,2021-04-19 00:00:00+00:00,1,15,0.1675545168569704,False,0.09719453405342708,0.1959730327304361,2.3504436304816827,4.739192085372112,SOL
658,2021-05-01 15:00:00+00:00,2021-05-02 00:00:00+00:00,1,9,0.056235105896621944,False,0.016826411075612484,0.06496272630457928,0.881289415317289,3.4024464768578584,SOL
659,2021-05-13 19:00:00+00:00,2021-05-14 00:00:00+00:00,-1,5,-0.07197297308346157,False,0.08576271186440682,0.002868318122555396,1.7341458390382933,0.05799818859659812,SOL
660,2021-05-16 14:00:00+00:00,2021-05-16 21:00:00+00:00,1,7,-0.17229058024116106,False,0.18609760839976663,0.01376628426988136,5.969978957701313,0.4416200085730353,SOL
661,2021-05-18 11:00:00+00:00,2021-05-19 00:00:00+00:00,1,13,0.0364283462236623,False,0.05767565276677285,0.07949289649707937,1.5520376432945673,2.139134310917819,SOL
662,2021-05-19 12:00:00+00:00,2021-05-20 00:00:00+00:00,-1,12,0.12088500446418046,False,0.08830217856005829,0.42629735752944914,1.2117403979042054,5.849931882336393,SOL
663,2021-06-03 21:00:00+00:00,2021-06-04 00:00:00+00:00,1,3,-0.023294817035703304,False,0.030617283950617333,0.010790123456790065,1.1047805303559397,0.389346041746405,SOL
664,2021-06-18 14:00:00+00:00,2021-06-19 00:00:00+00:00,-1,10,0.0030508249046263267,False,0.00448430493273534,0.05791776973364305,0.22736395101899343,2.9365560902694634,SOL
665,2021-06-21 17:00:00+00:00,2021-06-22 00:00:00+00:00,-1,7,0.06531134581624759,False,0.022686629965987658,0.09183351449910586,0.457095566677385,1.8502832907698108,SOL
666,2021-07-07 11:00:00+00:00,2021-07-08 00:00:00+00:00,1,13,0.00675975826498313,False,0.007696536558548684,0.04774601429356775,0.4608162708366943,2.8587066515833297,SOL
667,2021-07-08 23:00:00+00:00,2021-07-09 00:00:00+00:00,-1,1,-0.008185304485231524,False,0.016804424456059234,0.00030387747660137385,0.7465084039334233,0.013499247810728364,SOL
668,2021-07-21 16:00:00+00:00,2021-07-22 00:00:00+00:00,1,8,-0.009723597757721403,False,0.06273912558968835,0.019910107351138566,2.9917168681117277,0.9494139972219597,SOL
669,2021-07-26 02:00:00+00:00,2021-07-27 00:00:00+00:00,1,22,-0.08885859610767563,False,0.09704641350210966,0.00292112950340798,4.508701061547643,0.13571340987936034,SOL
670,2021-07-29 19:00:00+00:00,2021-07-30 00:00:00+00:00,1,5,0.024206878051822693,False,0.008532983262225074,0.045881194617656704,0.4872511779678693,2.619912103073409,SOL
671,2021-08-10 13:00:00+00:00,2021-08-11 00:00:00+00:00,1,11,-0.021374446116968718,False,0.05690058056900585,0.002722170027221689,2.8574488647986773,0.13670267642770914,SOL
672,2021-08-15 16:00:00+00:00,2021-08-16 00:00:00+00:00,1,8,0.09464052396162403,False,0.01751288315847828,0.12486911532223295,0.8056647703511993,5.744493708412644,SOL
673,2021-08-16 13:00:00+00:00,2021-08-17 00:00:00+00:00,1,11,-0.0318292364506942,False,0.04257404181184661,0.08026381284221,1.2647814562815598,2.384461934385406,SOL
674,2021-08-27 03:00:00+00:00,2021-08-28 00:00:00+00:00,1,21,0.0676840990936133,False,0.03706859821048149,0.08208655426380193,1.0603291578281198,2.348045816497543,SOL
675,2021-08-30 19:00:00+00:00,2021-08-31 00:00:00+00:00,1,5,-0.047096758674406915,False,0.07373399389584905,0.0004236592050769277,2.7081962507488915,0.01556069609365326,SOL
676,2021-09-14 22:00:00+00:00,2021-09-15 00:00:00+00:00,-1,2,-0.06792093025682905,False,0.07361204462965451,0.023726307299368202,1.9422060446967269,0.626003226605136,SOL
677,2021-10-01 12:00:00+00:00,2021-10-02 00:00:00+00:00,1,12,0.05266694645634875,False,0.025337848860351335,0.07617015445451522,1.2266809380118167,3.6876246689188794,SOL
678,2021-10-06 09:00:00+00:00,2021-10-07 00:00:00+00:00,-1,15,-0.015016380429078272,False,0.07169156322322741,0.013090416579002825,3.7242369792034307,0.6800216274389292,SOL
679,2021-10-08 17:00:00+00:00,2021-10-09 00:00:00+00:00,1,7,-0.05536034620377424,False,0.06399356549197167,0.00010128392266672172,3.0869949403620685,0.004885849919573839,SOL
680,2021-10-15 07:00:00+00:00,2021-10-16 00:00:00+00:00,1,17,0.0067825068141228705,False,0.030037353749266874,0.02120828574074647,1.686420230786885,1.1907201423952605,SOL
681,2021-10-20 16:00:00+00:00,2021-10-21 00:00:00+00:00,1,8,0.044020955028234825,False,0.011710752115509872,0.047399254393751054,0.9622890118032488,3.8948635596482877,SOL
682,2021-11-02 20:00:00+00:00,2021-11-03 00:00:00+00:00,1,4,0.015074493623664689,False,0.023522704283375873,0.023531900023909032,1.4704689740161037,1.4710438250614688,SOL
683,2021-11-16 10:00:00+00:00,2021-11-17 00:00:00+00:00,-1,14,0.012674610438853706,False,0.023707739403665398,0.044003614149124175,1.2760667889959556,2.3684902915209376,SOL
684,2021-11-18 16:00:00+00:00,2021-11-19 00:00:00+00:00,-1,8,0.007237110539157942,False,0.029558050305527987,0.0540408859294748,1.3515247622624782,2.4709882672683436,SOL
685,2021-11-24 18:00:00+00:00,2021-11-25 00:00:00+00:00,-1,6,-0.008886273156162137,False,0.017737230564419795,0.01945515769690085,0.9502910777996101,1.0423308593414597,SOL
686,2021-11-26 09:00:00+00:00,2021-11-27 00:00:00+00:00,-1,15,-0.013123363757207518,False,0.053417805235228315,0.04213272306408345,2.612917623663288,2.0609108543917847,SOL
687,2021-12-01 15:00:00+00:00,2021-12-02 00:00:00+00:00,1,9,0.003827895549538465,False,0.03737001827833807,0.01727696492133315,2.1596439166748653,0.9984499315214552,SOL
688,2021-12-09 19:00:00+00:00,2021-12-10 00:00:00+00:00,-1,5,-0.005559324911080743,False,0.020057338368462733,0.010646969772587311,1.1847027091136455,0.6288717726011034,SOL
689,2021-12-13 21:00:00+00:00,2021-12-14 00:00:00+00:00,-1,3,-0.02387361585310816,False,0.048277678983073065,0.008232892050319435,2.171816916915256,0.3703644128436665,SOL
690,2021-12-15 21:00:00+00:00,2021-12-16 00:00:00+00:00,1,3,-0.012898332750501295,False,0.028919667590027693,0.005373961218836559,1.106278508764551,0.2055728263413053,SOL
691,2021-12-23 19:00:00+00:00,2021-12-24 00:00:00+00:00,1,5,-0.0009841572212830427,False,0.007420662070417329,0.018420083153518237,0.4841599413928792,1.2018154573582138,SOL
692,2021-12-28 17:00:00+00:00,2021-12-29 00:00:00+00:00,-1,7,0.03317212974348231,False,0.0007627765064836809,0.04026370273509854,0.04377687479862978,2.310793605441709,SOL
693,2022-01-05 20:00:00+00:00,2022-01-06 00:00:00+00:00,-1,4,0.025401495343730977,False,0.006868737790661059,0.08941962316466065,0.48485475798146127,6.312008271336618,SOL
694,2022-01-12 17:00:00+00:00,2022-01-13 00:00:00+00:00,1,7,-0.005415576375933328,False,0.018937401367701365,0.008022093634928977,1.2046464448658805,0.5103016190056807,SOL
695,2022-01-17 19:00:00+00:00,2022-01-18 00:00:00+00:00,-1,5,-0.00368067199351869,False,0.0057364118743724575,0.017639466513695738,0.5143376482789401,1.5815882684577793,SOL
696,2022-01-21 23:00:00+00:00,2022-01-22 00:00:00+00:00,-1,1,-0.01937939042089982,False,0.03183962264150948,0.022859216255442634,0.7671954021330412,0.5508069553775663,SOL
697,2022-02-01 16:00:00+00:00,2022-02-02 00:00:00+00:00,1,8,0.013104267656283527,False,0.007552035365628967,0.04632529010867564,0.35390851206504415,2.17092660449657,SOL
698,2022-02-10 14:00:00+00:00,2022-02-11 00:00:00+00:00,-1,10,0.012659074620766418,False,0.0559732664995823,0.020235774621739595,3.274356655070579,1.1837640975213737,SOL
699,2022-02-28 21:00:00+00:00,2022-03-01 00:00:00+00:00,1,3,0.0008963736744373355,False,0.025855130784708323,0.03511066398390337,1.1777678513203484,1.5993812455673146,SOL
700,2022-03-09 08:00:00+00:00,2022-03-10 00:00:00+00:00,1,16,-0.014315943755872616,False,0.03554210113241397,0.00818477407781146,2.0409250447225418,0.4699922027279063,SOL
701,2022-03-10 12:00:00+00:00,2022-03-11 00:00:00+00:00,-1,12,-0.011218515176213785,False,0.023525109702584014,0.01803998049731843,1.5773281246734079,1.209557318402414,SOL
702,2022-03-23 15:00:00+00:00,2022-03-24 00:00:00+00:00,1,9,-0.000570635066119727,False,0.02353562005277049,0.016886543535619993,1.8573303323555237,1.3326136913761535,SOL
703,2022-03-24 11:00:00+00:00,2022-03-25 00:00:00+00:00,1,13,0.012860221957163999,False,0.02626623054812177,0.028149469719496514,1.730926155657811,1.8550302951200675,SOL
704,2022-03-30 16:00:00+00:00,2022-03-31 00:00:00+00:00,1,8,-0.016543581877410524,False,0.029179232211264148,0.02094710245333774,1.3051724059971006,0.936953375254905,SOL
705,2022-04-11 15:00:00+00:00,2022-04-12 00:00:00+00:00,-1,9,0.020273041256199113,False,0.018845700824499427,0.03828032979976435,0.9506141919060801,1.9309350773092193,SOL
706,2022-04-19 21:00:00+00:00,2022-04-20 00:00:00+00:00,1,3,0.0005266441203212639,False,0.013859373556315254,0.004989374480273418,1.0246066823543118,0.36885840564754685,SOL
707,2022-04-29 20:00:00+00:00,2022-04-30 00:00:00+00:00,-1,4,-0.013161860279250929,False,0.017122550075382333,0.0033383588197286483,1.2364460257875907,0.241068093078085,SOL
708,2022-04-30 23:00:00+00:00,2022-05-01 00:00:00+00:00,-1,1,0.0076768066994842375,False,0.009845288326301025,0.04278012189404585,0.6437415701831185,2.7972103942480566,SOL
709,2022-05-05 16:00:00+00:00,2022-05-06 00:00:00+00:00,-1,8,0.002893314568234635,False,0.01554587209987054,0.045459898716287826,0.8782413702002674,2.5681906734644033,SOL
710,2022-05-11 13:00:00+00:00,2022-05-12 00:00:00+00:00,-1,11,-0.05271027247329903,False,0.2171185754755159,0.12869283690813435,2.777772828540157,1.6464711267022745,SOL
711,2022-06-01 21:00:00+00:00,2022-06-02 00:00:00+00:00,-1,3,0.010717569884858039,False,0.010101010101010017,0.013057403301305767,0.41530322785269086,0.5368553921022645,SOL
712,2022-06-06 07:00:00+00:00,2022-06-07 00:00:00+00:00,1,17,-0.016663139034663155,False,0.046014408552172995,0.045549616546595416,2.2572649813214185,2.234464324944431,SOL
713,2022-06-28 23:00:00+00:00,2022-06-29 00:00:00+00:00,-1,1,-0.003340004923425949,False,0.008224617129892205,0.005955757231990949,0.3434521805744515,0.24870675145046664,SOL
714,2022-07-04 22:00:00+00:00,2022-07-05 00:00:00+00:00,1,2,0.0200502870050441,False,0.0036181463957696233,0.027831895352073477,0.2046701470195397,1.5743857463041204,SOL
715,2022-07-11 23:00:00+00:00,2022-07-12 00:00:00+00:00,-1,1,0.001978410590868289,False,0.007460459564309162,0.008654133094598603,0.4578320164082975,0.5310851390336235,SOL
716,2022-08-08 07:00:00+00:00,2022-08-09 00:00:00+00:00,1,17,-0.011919875270409917,False,0.01948356807511733,0.026291079812206512,1.8637653583730838,2.5149604835877755,SOL
717,2022-08-26 16:00:00+00:00,2022-08-27 00:00:00+00:00,-1,8,0.04642742458078068,False,0.003007518796992524,0.05834586466165417,0.1674643472698907,3.248808337035836,SOL
718,2022-09-06 01:00:00+00:00,2022-09-06 18:00:00+00:00,1,17,-0.051175344177558625,False,0.056393244873341304,0.021712907117008625,4.998468708796274,1.9245441017825409,SOL
719,2022-09-06 19:00:00+00:00,2022-09-07 00:00:00+00:00,-1,5,-0.0023092008096785117,False,0.014910858995137674,0.01491085899513779,0.7495905249226981,0.749590524922704,SOL
720,2022-09-12 10:00:00+00:00,2022-09-13 00:00:00+00:00,1,14,-0.0007504286687627017,False,0.016840417000801803,0.02753274525527937,0.9736208183547638,1.591792766516532,SOL
721,2022-09-13 19:00:00+00:00,2022-09-14 00:00:00+00:00,-1,5,0.03528763566831335,False,0.004092370651856199,0.0382928968137972,0.18136416197235927,1.697050372741358,SOL
722,2022-09-18 22:00:00+00:00,2022-09-19 00:00:00+00:00,-1,2,0.006714387383407284,False,0.004468560485158014,0.015639961698052936,0.3201391798610815,1.120487129513777,SOL
723,2022-10-13 11:00:00+00:00,2022-10-14 00:00:00+00:00,-1,13,-0.05596098246414506,False,0.06994459833795012,0.06094182825484758,4.980755756818684,4.339668382178652,SOL
724,2022-10-25 17:00:00+00:00,2022-10-26 00:00:00+00:00,1,7,-0.017362375130577208,False,0.021045918367346945,0.02965561224489795,1.6550394169135276,2.3321009965599693,SOL
725,2022-11-02 21:00:00+00:00,2022-11-03 00:00:00+00:00,-1,3,-0.01935993929306274,False,0.020826446280991704,0.0016528925619834947,1.1497094474366967,0.09124678154259641,SOL
726,2022-11-04 15:00:00+00:00,2022-11-05 00:00:00+00:00,1,9,-0.0007482466848673594,False,0.030267062314540148,0.014836795252225518,1.980068277888655,0.970621704847377,SOL
727,2022-11-05 16:00:00+00:00,2022-11-06 00:00:00+00:00,1,8,-0.008890096972384375,False,0.03951612903225822,0.04274193548387086,2.0207608666916763,2.1857209374420035,SOL
728,2022-11-08 20:00:00+00:00,2022-11-09 00:00:00+00:00,-1,4,-0.056902408471672945,False,0.08578970523537172,0.04971403431588205,0.9487465489550322,0.5497864617021466,SOL
729,2022-11-09 21:00:00+00:00,2022-11-10 00:00:00+00:00,-1,3,-0.14364328300912493,False,0.1708459361888964,0.08059322860766908,0.7582050365729717,0.3576683953222588,SOL
730,2022-11-23 20:00:00+00:00,2022-11-24 00:00:00+00:00,1,4,0.021273425531003913,False,0.01477516059957166,0.03369022127052102,0.5265257004533489,1.2005803411303462,SOL
731,2022-11-28 02:00:00+00:00,2022-11-29 00:00:00+00:00,-1,22,-0.032886258063335165,False,0.0600383877159309,0.021650671785028792,3.3492016144204855,1.2077683571183848,SOL
732,2022-12-12 03:00:00+00:00,2022-12-13 00:00:00+00:00,-1,21,-0.030396202292448368,False,0.03432812741611264,0.004175042523581142,3.6093654806370927,0.4389768827801738,SOL
733,2022-12-13 14:00:00+00:00,2022-12-14 00:00:00+00:00,1,10,-0.014172783058382508,False,0.035600085269665405,0.0034818446670929785,2.5434862177524695,0.2487641210975437,SOL
734,2022-12-14 18:00:00+00:00,2022-12-15 00:00:00+00:00,1,6,-0.04162411787227924,False,0.043469387755102,0.01768707482993208,3.759427238900723,1.5296574054995222,SOL
735,2022-12-16 17:00:00+00:00,2022-12-17 00:00:00+00:00,-1,7,0.043715472981774625,False,0.022236092689396907,0.06647421393461811,1.393207546865029,4.164957297996507,SOL
736,2022-12-24 07:00:00+00:00,2022-12-25 00:00:00+00:00,-1,17,-0.02108419451756878,False,0.03130836965222808,0.008449702036822968,2.6851832305849754,0.7246943377999265,SOL
737,2022-12-27 16:00:00+00:00,2022-12-28 00:00:00+00:00,-1,8,-0.032728602598511916,False,0.03897311877964845,0.004185657148172256,3.2315909991202885,0.3470682457289083,SOL
738,2022-12-28 06:00:00+00:00,2022-12-29 00:00:00+00:00,-1,18,0.013254723339798217,False,0.04838709677419359,0.05544354838709684,2.384669423505229,2.732433714433076,SOL
739,2022-12-29 21:00:00+00:00,2022-12-30 00:00:00+00:00,-1,3,-0.164049396002903,False,0.3208004851425108,0.008247422680412326,10.151065155426581,0.26097256354215626,SOL
740,2023-01-03 17:00:00+00:00,2023-01-04 00:00:00+00:00,1,7,0.028587903811673854,False,0.023347202958853373,0.03883495145631065,0.900455824636319,1.4977879063257618,SOL
741,2023-01-09 05:00:00+00:00,2023-01-10 00:00:00+00:00,1,19,0.0012417827967613699,False,0.019035298466087664,0.07805088400172484,0.6811767144167342,2.7930449746472457,SOL
742,2023-01-13 22:00:00+00:00,2023-01-14 00:00:00+00:00,1,2,-0.0018302602535142575,False,0.022849021537115953,0.01989723406581397,1.0423946365672878,0.9077312146184072,SOL
743,2023-01-14 02:00:00+00:00,2023-01-15 00:00:00+00:00,1,22,0.1549137769428992,False,0.0016256275400429797,0.188046856323213,0.04952910039298139,5.729351524870646,SOL
744,2023-01-20 23:00:00+00:00,2023-01-21 00:00:00+00:00,1,1,0.008815841584158424,False,0.004118811881188087,0.024752475247524754,0.18853743341740806,1.133037460441163,SOL
745,2023-01-29 18:00:00+00:00,2023-01-30 00:00:00+00:00,1,6,-0.010006550772571909,False,0.0182764647769588,0.020936241355726058,1.1843463752853112,1.3567044756386741,SOL
746,2023-01-30 10:00:00+00:00,2023-01-31 00:00:00+00:00,-1,14,0.0005808857213193693,False,0.029970029970029923,0.0463702963702964,1.4862900342965024,2.2996209697309826,SOL
747,2023-02-09 20:00:00+00:00,2023-02-10 00:00:00+00:00,-1,4,0.059350963070323656,False,0.0,0.08302752293577992,0.0,5.3803685290257635,SOL
748,2023-02-15 21:00:00+00:00,2023-02-16 00:00:00+00:00,1,3,0.010511444581068386,False,0.0061927383780115705,0.017814726840855027,0.42077006529811184,1.210434434419214,SOL
749,2023-02-19 16:00:00+00:00,2023-02-20 00:00:00+00:00,1,8,-0.018667446909228322,False,0.051383399209486195,0.015019762845849762,3.7995441351078316,1.1106359779545933,SOL
750,2023-03-03 02:00:00+00:00,2023-03-04 00:00:00+00:00,-1,22,-0.04393262946314081,False,0.04931533550996542,0.004142098338287649,3.488429646510811,0.2930005137879662,SOL
751,2023-03-08 08:00:00+00:00,2023-03-09 00:00:00+00:00,-1,16,0.03797755966371054,False,0.017934414264115406,0.0563578541264793,1.229409368094532,3.8633474619482486,SOL
752,2023-04-11 05:00:00+00:00,2023-04-12 00:00:00+00:00,1,19,0.025413983392379574,False,0.022495982860203594,0.057846813069094775,1.996912545024227,5.134917972919426,SOL
753,2023-04-19 09:00:00+00:00,2023-04-20 00:00:00+00:00,-1,15,0.00542206341551023,False,0.031899044781351395,0.0314608710892998,1.6109575755049874,1.5888290373799157,SOL
754,2023-04-26 13:00:00+00:00,2023-04-26 20:00:00+00:00,1,7,-0.08158980856236349,False,0.09596643796704969,0.00410785299130364,8.313469819079273,0.35585890846696827,SOL
755,2023-04-26 20:00:00+00:00,2023-04-27 00:00:00+00:00,-1,4,-0.010692764590885372,False,0.021216004556457318,0.03692628980967292,1.1960618208419165,2.0817362340380563,SOL
756,2023-05-05 18:00:00+00:00,2023-05-06 00:00:00+00:00,1,6,0.006320264098011497,False,0.0032694176902006546,0.01939559954051427,0.30311514357352476,1.7982101084969524,SOL
757,2023-05-06 15:00:00+00:00,2023-05-07 00:00:00+00:00,-1,9,-0.012200399345382354,False,0.02246620842367495,0.006320062739308966,1.97684957368897,0.556115793830367,SOL
758,2023-05-08 18:00:00+00:00,2023-05-09 00:00:00+00:00,-1,6,-0.011195362804088903,False,0.015573730349184477,0.028453890983887533,1.0777200257648076,1.9690419338659022,SOL
759,2023-05-18 18:00:00+00:00,2023-05-19 00:00:00+00:00,-1,6,-0.008046600762549379,False,0.015345774961635498,0.0032671649918320353,1.6889163999583825,0.3595757496685546,SOL
760,2023-05-24 14:00:00+00:00,2023-05-25 00:00:00+00:00,-1,10,-0.006600274137921547,False,0.013504318241298044,0.015964407223239975,1.2989321446293622,1.535559318263397,SOL
761,2023-06-02 09:00:00+00:00,2023-06-03 00:00:00+00:00,1,15,0.0014382291005832454,False,0.011047637033190207,0.009300788442471987,1.4057476859258937,1.183471342424777,SOL
762,2023-06-04 14:00:00+00:00,2023-06-05 00:00:00+00:00,1,10,-0.011941085298288044,False,0.01229526790980449,0.011614718025497945,1.645094647309074,1.5540377480115206,SOL
763,2023-06-05 16:00:00+00:00,2023-06-06 00:00:00+00:00,-1,8,-0.004563902086383376,False,0.03380140421263789,0.04142427281845539,2.475538873731224,3.0338206375400505,SOL
764,2023-06-10 05:00:00+00:00,2023-06-11 00:00:00+00:00,-1,19,-0.07626118289779664,False,0.09027205276174774,0.08326463314097278,2.0650585835136614,1.9047572322820068,SOL
765,2023-06-26 22:00:00+00:00,2023-06-27 00:00:00+00:00,-1,2,-0.01432967922834887,False,0.01425902864259046,0.010709838107098309,1.0118654073506836,0.7600037120712414,SOL
766,2023-06-29 10:00:00+00:00,2023-06-30 00:00:00+00:00,1,14,0.04391950403792488,False,0.008717889108450458,0.06259444379867499,0.5886256891035453,4.226332447763502,SOL
767,2023-07-06 09:00:00+00:00,2023-07-07 00:00:00+00:00,1,15,-0.03194751411167771,False,0.07090621602925185,0.03666370194683274,4.881556150514382,2.5241217168513446,SOL
768,2023-07-07 15:00:00+00:00,2023-07-08 00:00:00+00:00,1,9,0.01279046991090301,False,0.018500165180046223,0.03742507905045067,0.772782208283409,1.563306865226387,SOL
769,2023-07-13 16:00:00+00:00,2023-07-14 00:00:00+00:00,1,8,0.07764196376910164,False,4.1504108906832494e-05,0.11592097617664145,0.0019439866192615433,5.429554627590853,SOL
770,2023-07-26 20:00:00+00:00,2023-07-27 00:00:00+00:00,1,4,-0.009457800028981743,False,0.01222397476340689,0.008990536277602584,0.8103145378760271,0.5959732730185038,SOL
771,2023-08-08 17:00:00+00:00,2023-08-09 00:00:00+00:00,1,7,0.005913428431828877,False,0.006326479647049073,0.031674019811870444,0.6578788715922638,3.293722508432295,SOL
772,2023-08-14 17:00:00+00:00,2023-08-15 00:00:00+00:00,1,7,-0.0009286199152461303,False,0.02567363484619668,0.00238454812812981,3.4801115570445638,0.3232301755769063,SOL
773,2023-08-15 20:00:00+00:00,2023-08-16 00:00:00+00:00,-1,4,0.004638090382676652,False,0.00495070100262095,0.013104796771643622,0.43383694508150006,1.1483919134510234,SOL
774,2023-08-22 22:00:00+00:00,2023-08-23 00:00:00+00:00,-1,2,-0.03324288399385654,False,0.037664877877526516,0.0015045889964391964,2.4406763880707296,0.09749705944357462,SOL
775,2023-08-29 15:00:00+00:00,2023-08-30 00:00:00+00:00,1,9,0.00047964395158382777,False,0.025802594057584394,0.010394627909115954,2.0924702256545236,0.8429559197823895,SOL
776,2023-09-05 15:00:00+00:00,2023-09-06 00:00:00+00:00,1,9,0.005241855728657043,False,0.0051679586563307105,0.023653349234744717,0.4625095896738845,2.1168708142766532,SOL
777,2023-09-06 16:00:00+00:00,2023-09-07 00:00:00+00:00,-1,8,-0.014268691217039345,False,0.027506838003819027,0.014037260669866257,2.4756879754819248,1.263390486549865,SOL
778,2023-09-10 05:00:00+00:00,2023-09-11 00:00:00+00:00,-1,19,0.004666295892437251,False,0.0154114251483963,0.03430811958830251,1.4422069811075913,3.210566777730661,SOL
779,2023-09-18 11:00:00+00:00,2023-09-19 00:00:00+00:00,1,13,-0.0003139177738706062,False,0.008055470582237241,0.02732741919037411,0.7883153950661858,2.674285137692851,SOL
780,2023-09-26 22:00:00+00:00,2023-09-27 00:00:00+00:00,-1,2,-0.003010720417770234,False,0.0031598904571307524,0.0048978302085527685,0.43670762468839436,0.6768968182670254,SOL
781,2023-09-28 18:00:00+00:00,2023-09-29 00:00:00+00:00,1,6,0.014130024417008596,False,0.011456211812627364,0.01741344195519342,1.4519362848472939,2.2069431529678645,SOL
782,2023-09-30 16:00:00+00:00,2023-10-01 00:00:00+00:00,1,8,-0.004501404167048255,False,0.00910576698575766,0.017837964043894535,0.8188034902849342,1.6040150425069002,SOL
783,2023-10-01 23:00:00+00:00,2023-10-02 00:00:00+00:00,1,1,-0.022294871794871735,False,0.0247384615384616,0.003774358974358923,1.3957259296136213,0.21294657632578953,SOL
784,2023-10-09 17:00:00+00:00,2023-10-10 00:00:00+00:00,-1,7,-0.00429056776299543,False,0.01788876276958011,0.007809307604994191,1.452344837932929,0.6340185586915185,SOL
785,2023-10-16 08:00:00+00:00,2023-10-17 00:00:00+00:00,1,16,0.047503337069248114,False,0.00824272185198171,0.09821115398105922,0.9728631123869458,11.591560488014736,SOL
786,2023-10-20 15:00:00+00:00,2023-10-21 00:00:00+00:00,1,9,-0.0023861382474883357,False,0.028175263449805893,0.011462377518949851,1.729924094032578,0.7037748938977647,SOL
787,2023-10-21 22:00:00+00:00,2023-10-22 00:00:00+00:00,1,2,-0.02693535655245381,False,0.02913008778930559,0.0034916201117318577,1.5419415188935763,0.18482175740162854,SOL
788,2023-10-30 10:00:00+00:00,2023-10-31 00:00:00+00:00,1,14,0.00343502493606055,False,0.0160427807486631,0.017624058421022562,1.0273473634086678,1.1286092003038002,SOL
789,2023-10-31 23:00:00+00:00,2023-11-01 00:00:00+00:00,1,1,0.010743641034246222,False,0.007941533428315179,0.018917207535222382,0.49129054610569756,1.1702834603248582,SOL
790,2023-11-01 18:00:00+00:00,2023-11-02 00:00:00+00:00,1,6,-0.07532925995305145,False,0.08643530284968841,0.05260790355592539,3.4192639024942246,2.081097649735622,SOL
791,2023-11-09 10:00:00+00:00,2023-11-10 00:00:00+00:00,1,14,-0.025767040035401183,False,0.12058810885172605,0.05326512187782128,6.927616447227018,3.0600059815024174,SOL
792,2023-11-10 12:00:00+00:00,2023-11-11 00:00:00+00:00,1,12,0.11160284221834585,False,0.041174731447718514,0.1347787523405933,1.4250312808309307,4.6646069403168555,SOL
793,2023-11-15 21:00:00+00:00,2023-11-16 00:00:00+00:00,1,3,-0.015732062332487442,False,0.03296653670726013,0.000993512065150344,1.2172867826486518,0.03668535509352244,SOL
794,2023-11-27 11:00:00+00:00,2023-11-28 00:00:00+00:00,-1,13,-0.0010808602575326667,False,0.003886104452676666,0.0300719110917411,0.278300446937415,2.153577290319448,SOL
795,2023-12-06 04:00:00+00:00,2023-12-07 00:00:00+00:00,1,20,-0.04058379742137681,False,0.04605498036415564,0.03685019325396202,2.602774977853728,2.0825708788084736,SOL
796,2023-12-07 16:00:00+00:00,2023-12-08 00:00:00+00:00,1,8,0.027270992891309156,False,0.021102295310769684,0.05505408316519266,1.1209538981994733,2.9244728228367207,SOL
797,2023-12-20 14:00:00+00:00,2023-12-21 00:00:00+00:00,1,10,0.03592839016753484,False,0.009445145018915451,0.06166456494325348,0.558598689275997,3.6469260221090027,SOL
798,2023-12-21 21:00:00+00:00,2023-12-22 00:00:00+00:00,1,3,0.006524998272714744,False,0.02001480988613553,0.02620705937905804,0.8134428676010107,1.0651085698025091,SOL
799,2024-01-01 20:00:00+00:00,2024-01-02 00:00:00+00:00,1,4,0.008582935184471754,False,0.014409301300418802,0.01092866064212767,0.9444038496718459,0.7162782543718882,SOL
800,2024-01-18 17:00:00+00:00,2024-01-19 00:00:00+00:00,-1,7,0.011992466397711843,False,0.0036669452569995727,0.045559966569160094,0.22299717957258977,2.770628775259451,SOL
801,2024-02-07 23:00:00+00:00,2024-02-08 00:00:00+00:00,1,1,-0.00010553013647070925,False,0.002465981341731628,0.006417493612216968,0.23217995459420082,0.6042273517150022,SOL
802,2024-02-20 16:00:00+00:00,2024-02-21 00:00:00+00:00,-1,8,-0.01810357527334221,False,0.02948953566874213,0.017975020628610023,1.7149391752228655,1.045322225406113,SOL
803,2024-02-21 19:00:00+00:00,2024-02-22 00:00:00+00:00,-1,5,-0.03965548340137122,False,0.04510253269587896,0.004780907977399431,2.59987176421054,0.2755886845987568,SOL
804,2024-02-26 18:00:00+00:00,2024-02-27 00:00:00+00:00,1,6,0.0010391785797088209,False,0.01170635644214281,0.011715473542175675,0.876137643222521,0.8768199934119498,SOL
805,2024-02-29 14:00:00+00:00,2024-03-01 00:00:00+00:00,1,10,-0.056964973538637886,False,0.07750526632560933,0.014407162202828925,2.8619835304803325,0.5320033450659969,SOL
806,2024-03-05 20:00:00+00:00,2024-03-06 00:00:00+00:00,-1,4,-0.050774351087052805,False,0.0672517313280353,0.028538650275923873,1.4182032353535285,0.6018225160110612,SOL
807,2024-03-13 22:00:00+00:00,2024-03-14 00:00:00+00:00,1,2,-0.012968970743747098,False,0.017101742714585255,0.0030190180056403498,0.9364528071791455,0.16531460760985106,SOL
808,2024-03-19 23:00:00+00:00,2024-03-20 00:00:00+00:00,-1,1,-0.004813140801814049,False,0.013700167118417825,0.013469862584961738,0.392159218675878,0.3855668869826218,SOL
809,2024-04-02 14:00:00+00:00,2024-04-03 00:00:00+00:00,-1,10,-0.01874344783871206,False,0.046363361581604756,0.009459625868998163,2.546426083943511,0.5195533118271786,SOL
810,2024-04-09 15:00:00+00:00,2024-04-10 00:00:00+00:00,-1,9,-0.006992902951884504,False,0.03654272059680604,0.01457046275789719,3.1235801301357387,1.2454466228611436,SOL
811,2024-04-12 19:00:00+00:00,2024-04-13 00:00:00+00:00,-1,5,-0.015785313398701983,False,0.022376992744028358,0.023085376833854105,0.8602182049196612,0.8874499646612006,SOL
812,2024-04-13 21:00:00+00:00,2024-04-14 00:00:00+00:00,-1,3,-0.11318492674785045,False,0.15519404281325885,0.012102545957508367,3.0994904075124374,0.2417085374012232,SOL
813,2024-04-30 09:00:00+00:00,2024-05-01 00:00:00+00:00,-1,15,0.030117405716502323,False,0.005800490634385786,0.07490963003721784,0.3614232619576264,4.667550479194444,SOL
814,2024-05-15 13:00:00+00:00,2024-05-16 00:00:00+00:00,1,11,0.060950084775325486,False,0.005131959884732486,0.06629901055276047,0.3902813373660774,5.04198534005646,SOL
815,2024-05-20 20:00:00+00:00,2024-05-21 00:00:00+00:00,1,4,-0.004381944871827158,False,0.0267728394270515,0.002184338983775116,1.7585069476486197,0.14347283893643015,SOL
816,2024-06-04 23:00:00+00:00,2024-06-05 00:00:00+00:00,1,1,0.0038412507757925782,False,0.0015094604556464923,0.00652929406395908,0.1900911072931096,0.8222545571283136,SOL
817,2024-06-07 19:00:00+00:00,2024-06-08 00:00:00+00:00,-1,5,-0.01028947633656535,False,0.013338878267994146,0.005319413064528138,0.91546553668095,0.3650786249118535,SOL
818,2024-06-11 16:00:00+00:00,2024-06-12 00:00:00+00:00,-1,8,-0.012700803596533083,False,0.017914128718841717,0.016748761797646096,1.189527515335228,1.1121452412665107,SOL
819,2024-06-17 14:00:00+00:00,2024-06-18 00:00:00+00:00,-1,10,-0.007609158270994027,False,0.030731847773415862,0.018455963425168472,2.6681646697943684,1.602362146302475,SOL
820,2024-06-18 02:00:00+00:00,2024-06-19 00:00:00+00:00,-1,22,-0.03828357102368691,False,0.046825845875297,0.01663460450379097,2.0657041309931468,0.7338291620492859,SOL
821,2024-06-27 14:00:00+00:00,2024-06-28 00:00:00+00:00,1,10,0.009609913271445693,False,0.009874223612979181,0.02222883057021774,0.6935011263132608,1.5612082165943093,SOL
822,2024-07-02 23:00:00+00:00,2024-07-03 00:00:00+00:00,1,1,-0.006000449445468258,False,0.0065121091602806935,0.0018107155559866858,0.6173458742670985,0.17165525798886536,SOL
823,2024-07-03 13:00:00+00:00,2024-07-04 00:00:00+00:00,-1,11,0.003540860788090638,False,0.01961130742049474,0.016911660777385165,1.4696244323146281,1.2673193753257292,SOL
824,2024-07-15 23:00:00+00:00,2024-07-16 00:00:00+00:00,1,1,0.0021994758579557826,False,0.0031128502744223255,0.007265417745767037,0.26269627247270794,0.6131352270466197,SOL
825,2024-07-19 16:00:00+00:00,2024-07-20 00:00:00+00:00,1,8,0.00039846634187150766,False,0.005262409330109546,0.022762290807376902,0.3592347656093252,1.5538521787223118,SOL
826,2024-07-25 11:00:00+00:00,2024-07-26 00:00:00+00:00,-1,13,-0.024088095753091347,False,0.02883367659138813,0.016035905189347423,1.6475766860634333,0.9163029711508772,SOL
827,2024-07-26 14:00:00+00:00,2024-07-27 00:00:00+00:00,1,10,0.0004412675312951427,False,0.019560169974153427,0.005837385552196817,1.4881496865796724,0.4441118605526011,SOL
828,2024-08-05 13:00:00+00:00,2024-08-06 00:00:00+00:00,-1,11,-0.1582876226725331,False,0.21206970586130397,0.016827095112001717,4.128861625075065,0.32761278649988174,SOL
829,2024-08-23 18:00:00+00:00,2024-08-24 00:00:00+00:00,1,6,0.03225670693087093,False,0.004083974618603954,0.0395504252733901,0.42069420931643026,4.074127888239687,SOL
830,2024-09-19 13:00:00+00:00,2024-09-20 00:00:00+00:00,1,11,0.014938759337046298,False,0.003473383773319202,0.024932916717082823,0.3386273474073806,2.4307614712458636,SOL
831,2024-09-24 23:00:00+00:00,2024-09-25 00:00:00+00:00,1,1,-0.005665562222801978,False,0.006287503261153135,0.002908948604226441,0.5231170405590188,0.24202302913830043,SOL
832,2024-09-26 16:00:00+00:00,2024-09-27 00:00:00+00:00,1,8,-0.011890200874329758,False,0.021662051624812956,0.005760845348356097,1.8156338473797071,0.4828529626443259,SOL
833,2024-10-01 20:00:00+00:00,2024-10-02 00:00:00+00:00,-1,4,0.0005251306584597727,False,0.006720365389774341,0.021866982163861372,0.4166735744430058,1.3557884269747298,SOL
834,2024-10-14 16:00:00+00:00,2024-10-15 00:00:00+00:00,1,8,0.004012267429634599,False,0.012894988828598852,0.008809447813597162,1.2447224817694158,0.8503549627929601,SOL
835,2024-10-25 23:00:00+00:00,2024-10-26 00:00:00+00:00,-1,1,-0.00807666933121624,False,0.00989433823978504,0.028156110670005407,0.5925335341643795,1.686160242282576,SOL
836,2024-11-06 03:00:00+00:00,2024-11-07 00:00:00+00:00,1,21,0.03746745257519658,False,0.002506265664160496,0.059203564466722335,0.1535103127287189,3.626254720680487,SOL
837,2024-11-17 05:00:00+00:00,2024-11-18 00:00:00+00:00,1,19,0.007803745393751218,False,0.025235788937037974,0.030206474636757644,1.4342618495065491,1.7167679713790551,SOL
838,2024-11-21 17:00:00+00:00,2024-11-22 00:00:00+00:00,1,7,0.0045811838107962495,False,0.007059930969563898,0.020866018198933026,0.36895909980385794,1.0904791171980548,SOL
839,2024-12-02 04:00:00+00:00,2024-12-03 00:00:00+00:00,-1,20,0.009855632828629095,False,0.008400052500328197,0.03701273132957072,0.6939045565100829,3.057516952122519,SOL
840,2024-12-09 12:00:00+00:00,2024-12-10 00:00:00+00:00,-1,12,0.04082825365796516,False,0.025247612309869154,0.11567032189600282,2.246756498150359,10.293371276990072,SOL
841,2024-12-17 13:00:00+00:00,2024-12-18 00:00:00+00:00,1,11,-0.018646389301978233,False,0.044693967415235604,0.007926023778071384,3.4695961004314695,0.6152978306183922,SOL
842,2024-12-18 20:00:00+00:00,2024-12-19 00:00:00+00:00,-1,4,0.022233174074460765,False,0.005247730711043803,0.032668305597579404,0.3549929495079505,2.2099110640540265,SOL
843,2025-01-02 05:00:00+00:00,2025-01-03 00:00:00+00:00,1,19,0.016571748463589227,False,0.005332941924751578,0.029747052204119637,0.4721003608460411,2.633367150407341,SOL
844,2025-01-07 16:00:00+00:00,2025-01-08 00:00:00+00:00,-1,8,0.025498184476711552,False,0.006453166385745261,0.030291355646520548,0.6253524451810761,2.9354230449171297,SOL
845,2025-01-13 11:00:00+00:00,2025-01-14 00:00:00+00:00,-1,13,-0.026968709715757485,False,0.030111023886957522,0.05960524840192887,2.4880455251660023,4.925125499537164,SOL
846,2025-01-15 21:00:00+00:00,2025-01-16 00:00:00+00:00,1,3,0.01353521102127967,False,0.0013816243955393325,0.016184742919174978,0.11011680414330714,1.289939705678736,SOL
847,2025-01-18 16:00:00+00:00,2025-01-19 00:00:00+00:00,1,8,0.018121647314802408,False,0.059533511856250255,0.05056855668102601,2.440798728939912,2.0732468994841575,SOL
848,2025-02-01 21:00:00+00:00,2025-02-02 00:00:00+00:00,-1,3,0.02348640434816223,False,0.004900838180735553,0.026336279943205237,0.39592462730125255,2.127632342974034,SOL
849,2025-02-14 18:00:00+00:00,2025-02-15 00:00:00+00:00,1,6,-0.027618298240896615,False,0.0324583272229554,0.003568460673608145,2.6689986907267267,0.2934290729262896,SOL
850,2025-02-17 19:00:00+00:00,2025-02-18 00:00:00+00:00,-1,5,-0.012270133913691767,False,0.03188521323236346,0.006149291123384297,2.1870164806460846,0.42178174983888195,SOL
851,2025-02-24 05:00:00+00:00,2025-02-25 00:00:00+00:00,-1,19,0.10809081461141448,False,0.018907165815844205,0.1355643788996029,1.57509591537593,11.293437713245416,SOL
852,2025-03-02 17:00:00+00:00,2025-03-03 00:00:00+00:00,1,7,0.03692211825037599,False,0.03918832490261067,0.04238618524332805,1.4295411058317502,1.5461950536370077,SOL
853,2025-03-03 22:00:00+00:00,2025-03-04 00:00:00+00:00,-1,2,-0.018070467279698695,False,0.031196336576989225,0.0005008586147681253,0.849619007402059,0.013640672137187648,SOL
854,2025-03-14 19:00:00+00:00,2025-03-15 00:00:00+00:00,1,5,-0.0045745818608832955,False,0.011950108297856409,0.016282022555829466,0.8331322765347264,1.1351427267785723,SOL
855,2025-03-24 05:00:00+00:00,2025-03-25 00:00:00+00:00,1,19,0.011905204827697802,False,0.010279634821364436,0.041621738192797006,0.9560540015792462,3.871015852548113,SOL
856,2025-03-28 14:00:00+00:00,2025-03-29 00:00:00+00:00,-1,10,0.0017020303749930381,False,0.004312668463611878,0.01825182903350012,0.3345470779043235,1.4158510261307862,SOL
857,2025-04-02 17:00:00+00:00,2025-04-02 22:00:00+00:00,1,5,-0.046241246317703724,False,0.05026697177726918,0.038901601830663574,3.994453285036617,3.091306791151253,SOL
858,2025-04-02 23:00:00+00:00,2025-04-03 00:00:00+00:00,-1,1,0.008864067750231902,False,0.007420524496163213,0.013238890294291317,0.33106614294170944,0.590652095930101,SOL
859,2025-04-06 21:00:00+00:00,2025-04-07 00:00:00+00:00,-1,3,0.0044719618519854275,False,0.016433467931261152,0.0256362099727673,0.9532538064480882,1.487075938059012,SOL
860,2025-04-22 14:00:00+00:00,2025-04-23 00:00:00+00:00,1,10,0.036797240801512594,False,0.0040519770853708545,0.04995109682828005,0.3626899082931571,4.471091110855425,SOL
861,2025-04-30 14:00:00+00:00,2025-04-30 21:00:00+00:00,-1,7,-0.04576148587758422,False,0.04771385906278894,0.001919931735760377,3.952158676412132,0.15902873958736252,SOL
862,2020-02-15 17:00:00+00:00,2020-02-16 00:00:00+00:00,-1,7,-0.010301959049254527,False,0.04002329838575469,0.032700948577134355,1.8139394128811372,1.4820752375515351,BNB
863,2020-02-25 07:00:00+00:00,2020-02-26 00:00:00+00:00,-1,17,0.036993951967171215,False,0.02104615966704504,0.047531214528944335,1.560757536573719,3.524856908441764,BNB
864,2020-02-26 22:00:00+00:00,2020-02-27 00:00:00+00:00,-1,2,-0.029233557601030698,False,0.029963780046098086,0.003731752826254055,1.2809263731561502,0.1595292918949086,BNB
865,2020-03-02 22:00:00+00:00,2020-03-03 00:00:00+00:00,1,2,-0.007540951024744798,False,0.015134865134865177,0.0014985014985015553,1.329698149347566,0.131653282113625,BNB
866,2020-03-05 10:00:00+00:00,2020-03-06 00:00:00+00:00,1,14,-0.024331077909876056,False,0.029994820360691104,0.011065593068700993,2.7315650343574114,1.00772022460597,BNB
867,2020-03-08 13:00:00+00:00,2020-03-09 00:00:00+00:00,-1,11,0.11305779597880247,False,0.004908946951702294,0.11770915808920561,0.3724189034346018,8.930044673754436,BNB
868,2020-03-12 11:00:00+00:00,2020-03-13 00:00:00+00:00,-1,13,0.1862758970945801,False,0.09869971201675541,0.22567414259533994,1.7496728294168307,4.0005781935207105,BNB
869,2020-03-19 17:00:00+00:00,2020-03-20 00:00:00+00:00,1,7,0.02458049656017485,False,0.023952595560006597,0.059839759639459235,0.8993492925920741,2.2468064208659224,BNB
870,2020-04-06 17:00:00+00:00,2020-04-07 00:00:00+00:00,1,7,0.03732144744484349,False,0.004720853858784829,0.04214559386973178,0.4014192041881292,3.5836844895636353,BNB
871,2020-04-10 14:00:00+00:00,2020-04-11 00:00:00+00:00,-1,10,0.013021179090759375,False,0.005532006609670232,0.0333357281413895,0.3651055044282057,2.200116286424516,BNB
872,2020-04-29 13:00:00+00:00,2020-04-30 00:00:00+00:00,1,11,0.016760814258383383,False,0.01590935775507792,0.02706352001878608,2.3266454082723507,3.9578728162862333,BNB
873,2020-05-10 01:00:00+00:00,2020-05-11 00:00:00+00:00,-1,23,-0.003417899498926363,False,0.011671883150756408,0.05281690140845074,0.4667053737072717,2.1119069983401664,BNB
874,2020-05-21 19:00:00+00:00,2020-05-22 00:00:00+00:00,-1,5,-0.022502867654178922,False,0.03056630097025817,0.002346375800621524,2.355568259791025,0.18082162990097436,BNB
875,2020-06-07 14:00:00+00:00,2020-06-08 00:00:00+00:00,-1,10,-0.023978477537279656,False,0.02419118078797502,0.009453349773941508,3.4506944207434143,1.3484509750963076,BNB
876,2020-06-11 16:00:00+00:00,2020-06-12 00:00:00+00:00,-1,8,0.03760543273081733,False,0.0038988657844989923,0.06303166351606806,0.6830694864330927,11.042956697335178,BNB
877,2020-06-22 17:00:00+00:00,2020-06-23 00:00:00+00:00,1,7,0.004080537113692285,False,0.0038381869136104776,0.009686852686730772,0.7835262120250718,1.977470916063188,BNB
878,2020-06-27 20:00:00+00:00,2020-06-28 00:00:00+00:00,-1,4,-0.013647054706668892,False,0.024864648085021045,0.00514671479179199,2.5427267119901686,0.526317088234524,BNB
879,2020-07-06 22:00:00+00:00,2020-07-07 00:00:00+00:00,1,2,0.014849287556291604,False,0.0056067779715923164,0.019623722900573216,0.7801457724928272,2.7305102037249105,BNB
880,2020-07-12 10:00:00+00:00,2020-07-13 00:00:00+00:00,1,14,-0.01169386406768478,False,0.029074174336762265,0.008067135896047694,2.5817794539650056,0.7163596622733499,BNB
881,2020-08-01 21:00:00+00:00,2020-08-02 00:00:00+00:00,1,3,-0.007390179533317653,False,0.0199117079003035,0.0024372298353720605,1.7940248729705421,0.2195919590472061,BNB
882,2020-08-02 05:00:00+00:00,2020-08-03 00:00:00+00:00,-1,19,-0.0524453501562618,False,0.05263157894736846,0.011829573934837126,1.9895853690792091,0.44718299724066124,BNB
883,2020-08-11 20:00:00+00:00,2020-08-12 00:00:00+00:00,-1,4,-0.0043860521068024945,False,0.0035335689045936057,0.029446407538280327,0.24942496379535747,2.0785413649613322,BNB
884,2020-08-19 20:00:00+00:00,2020-08-20 00:00:00+00:00,-1,4,-0.017289312137340702,False,0.021290117572291125,0.00994144082799951,1.5828638326150086,0.7391197853788655,BNB
885,2020-08-21 22:00:00+00:00,2020-08-22 00:00:00+00:00,-1,2,-0.011678981569493471,False,0.019909584912553083,0.0027398511347551152,1.4592094924225756,0.2008086457462336,BNB
886,2020-08-25 17:00:00+00:00,2020-08-26 00:00:00+00:00,-1,7,-0.011726736716327004,False,0.015767360619364568,0.008639002974082982,1.2854022722427632,0.704277292875526,BNB
887,2020-09-01 19:00:00+00:00,2020-09-02 00:00:00+00:00,1,5,0.021893376804084153,False,0.004597034705541317,0.06319887351942349,0.36620571752142916,5.034503828267546,BNB
888,2020-09-03 13:00:00+00:00,2020-09-04 00:00:00+00:00,-1,11,0.10084656567528807,False,0.04420497031009452,0.12865625687266333,1.415239380469289,4.118980286440474,BNB
889,2020-09-12 22:00:00+00:00,2020-09-13 00:00:00+00:00,1,2,-0.0037658653264202495,False,0.01940487051722931,0.00024563127236991705,0.9796025125924893,0.012400031804964472,BNB
890,2020-09-20 22:00:00+00:00,2020-09-21 00:00:00+00:00,-1,2,-0.048998002875995615,False,0.058603391989808164,0.0002786846086471016,3.567221104156408,0.01696368731595607,BNB
891,2020-09-21 11:00:00+00:00,2020-09-22 00:00:00+00:00,-1,13,0.033929245862118027,False,0.019525395503746927,0.07577019150707745,0.8807841465749188,3.417968329992214,BNB
892,2020-10-01 18:00:00+00:00,2020-10-02 00:00:00+00:00,-1,6,-0.040774316009211956,False,0.0417581585522828,0.004883773756341385,2.6486565229027956,0.30977034583360363,BNB
893,2020-10-12 09:00:00+00:00,2020-10-13 00:00:00+00:00,1,15,0.021346092544102434,False,0.0218537301481383,0.03763512611770987,1.94567018889092,3.350711409265579,BNB
894,2020-10-26 13:00:00+00:00,2020-10-27 00:00:00+00:00,1,11,-0.002108894747132344,False,0.030869761153672813,0.00978561771711846,4.46673303992117,1.415940400558963,BNB
895,2020-10-27 14:00:00+00:00,2020-10-28 00:00:00+00:00,1,10,-0.021816448797149342,False,0.03452039416240487,0.01184981913433961,3.2353721264380493,1.110606511333756,BNB
896,2020-10-30 09:00:00+00:00,2020-10-31 00:00:00+00:00,-1,15,-0.022363230406514285,False,0.03333333333333337,0.01324740422484787,2.120958881432115,0.8429159893983715,BNB
897,2020-11-03 03:00:00+00:00,2020-11-04 00:00:00+00:00,-1,21,-0.03456989410716467,False,0.03932649060085341,0.008803290662361232,2.75795083442637,0.6173712034053239,BNB
898,2020-11-14 10:00:00+00:00,2020-11-15 00:00:00+00:00,-1,14,-0.018564340632235714,False,0.020339846450533095,0.002728959720554499,3.058019646910857,0.41028886139232856,BNB
899,2020-11-20 14:00:00+00:00,2020-11-21 00:00:00+00:00,1,10,-0.006345381009278988,False,0.013618074899411975,0.008941160287492624,1.5483412000922612,1.0165876566262222,BNB
900,2020-11-21 16:00:00+00:00,2020-11-22 00:00:00+00:00,1,8,-0.0023372247129381926,False,0.02381965121225004,0.008997807806825317,1.857299914766435,0.701589940330735,BNB
901,2020-11-24 05:00:00+00:00,2020-11-25 00:00:00+00:00,1,19,0.0020325510036749298,False,0.0720438064229687,0.04567115583839001,3.7113071106377484,2.3527308429392257,BNB
902,2020-11-26 19:00:00+00:00,2020-11-27 00:00:00+00:00,-1,5,-0.04205183347139037,False,0.04102073130316312,0.027543543101226243,1.3105350469366426,0.8799642864529708,BNB
903,2020-12-04 23:00:00+00:00,2020-12-05 00:00:00+00:00,-1,1,-0.004878424181321933,False,0.016135162215388823,0.001934837439104479,1.431307239468823,0.1716342728270999,BNB
904,2020-12-08 21:00:00+00:00,2020-12-09 00:00:00+00:00,-1,3,0.0033356704137387683,False,0.005965643642636396,0.013404729389779383,0.6233942032144366,1.4007592638493076,BNB
905,2020-12-13 17:00:00+00:00,2020-12-14 00:00:00+00:00,1,7,-0.006668997475482243,False,0.01876492664619574,0.0,2.7350107924372136,0.0,BNB
906,2020-12-19 13:00:00+00:00,2020-12-20 00:00:00+00:00,1,11,-0.002572526015170996,False,0.013838441449284231,0.031309098550115544,1.1608837315167584,2.6264679652320244,BNB
907,2020-12-29 04:00:00+00:00,2020-12-30 00:00:00+00:00,1,20,-0.005699851019471108,False,0.05157447241809442,0.00552401802306338,2.433964585367004,0.26069610810692795,BNB
908,2021-01-03 12:00:00+00:00,2021-01-04 00:00:00+00:00,1,12,0.02649008001067886,False,0.009380863039399624,0.04830519074421507,0.7274822809899122,3.7460487589107165,BNB
909,2021-01-11 06:00:00+00:00,2021-01-12 00:00:00+00:00,-1,18,0.026631816562420578,False,0.023594020136275737,0.10683412997050742,0.8011992798931107,3.627844153136702,BNB
910,2021-01-27 15:00:00+00:00,2021-01-28 00:00:00+00:00,-1,9,-0.027393839546341784,False,0.03875774527757574,0.0028347088779068193,2.5032577328580254,0.18308616428023,BNB
911,2021-01-28 22:00:00+00:00,2021-01-29 00:00:00+00:00,1,2,-0.009764793793356773,False,0.012616232886313705,0.004602588664081182,1.2359508190909072,0.45089316918687494,BNB
912,2021-02-01 12:00:00+00:00,2021-02-02 00:00:00+00:00,1,12,0.05908146176533808,False,0.029904429143972833,0.08062891789127534,1.9359084132198512,5.219634848839511,BNB
913,2021-02-05 22:00:00+00:00,2021-02-06 00:00:00+00:00,1,2,0.023896099701693534,False,0.016625783592259455,0.04176130341297955,0.7416007035326515,1.8627820950301017,BNB
914,2021-02-09 14:00:00+00:00,2021-02-10 00:00:00+00:00,1,10,0.09187433419175473,False,0.02009003424553121,0.18479376467121245,0.5419643239108154,4.985139721961675,BNB
915,2021-02-10 08:00:00+00:00,2021-02-11 00:00:00+00:00,1,16,-0.09537479595878719,False,0.1877401082414963,0.04385743529345784,3.896111738174815,0.9101596353256776,BNB
916,2021-02-17 15:00:00+00:00,2021-02-18 00:00:00+00:00,1,9,0.11198102856444485,False,0.02109704641350211,0.19439662447257375,0.9263576876671109,8.535830277239823,BNB
917,2021-02-18 17:00:00+00:00,2021-02-19 00:00:00+00:00,1,7,-0.022102468561889306,False,0.04807283246830592,0.004249227981842023,1.3600516625190144,0.12021695590616023,BNB
918,2021-02-19 06:00:00+00:00,2021-02-20 00:00:00+00:00,1,18,0.21562638177019747,False,0.10082040858409555,0.2887926590370141,2.1920286308691446,6.278905093564839,BNB
919,2021-03-01 12:00:00+00:00,2021-03-02 00:00:00+00:00,1,12,0.01314643581660603,False,0.04506164993008768,0.03279522054150248,1.4099810792624368,1.026163944851083,BNB
920,2021-03-09 10:00:00+00:00,2021-03-10 00:00:00+00:00,1,14,0.11698083354625478,False,0.0006517905068630317,0.14366996395981896,0.03502495972660949,7.720325240443454,BNB
921,2021-03-30 20:00:00+00:00,2021-03-31 00:00:00+00:00,1,4,0.0001508403458286131,False,0.03372058710323054,0.00334543635010651,1.9209124428285858,0.19057468637593752,BNB
922,2021-04-18 05:00:00+00:00,2021-04-19 00:00:00+00:00,-1,19,-0.06354498624764218,False,0.0641805588475416,0.06605260154679445,1.5560491482131618,1.6014365754948523,BNB
923,2021-04-20 20:00:00+00:00,2021-04-21 00:00:00+00:00,1,4,-0.002076362776125727,False,0.0562010988880178,0.004433304027385424,1.7639066996738073,0.13914202445004592,BNB
924,2021-05-03 18:00:00+00:00,2021-05-04 00:00:00+00:00,1,6,0.0011033140540453361,False,0.02116997583282005,0.009299625645642759,1.404431462210555,0.6169438712004908,BNB
925,2021-05-17 04:00:00+00:00,2021-05-18 00:00:00+00:00,-1,20,-0.012115946342585265,False,0.06784660766961652,0.04831858407079645,2.316876821000391,1.6500192316515823,BNB
926,2021-05-19 05:00:00+00:00,2021-05-20 00:00:00+00:00,-1,19,0.19310410310259019,False,0.054057267884322587,0.405441400304414,1.3539244474493526,10.154731183509282,BNB
927,2021-06-02 16:00:00+00:00,2021-06-03 00:00:00+00:00,1,8,-0.031180893681619533,False,0.040649030323547906,0.004594476955070797,1.8072331109907398,0.20426787096266294,BNB
928,2021-06-18 19:00:00+00:00,2021-06-19 00:00:00+00:00,-1,5,-0.023698933612398006,False,0.025921204395070785,0.005493838402233966,1.620260286890637,0.3434041123269379,BNB
929,2021-06-21 11:00:00+00:00,2021-06-22 00:00:00+00:00,-1,13,0.10317808407062584,False,0.03291567223548133,0.11164147440997085,1.3060439463839468,4.429764361954814,BNB
930,2021-07-19 13:00:00+00:00,2021-07-20 00:00:00+00:00,-1,11,0.0031076247755842923,False,0.022527316588619353,0.013764722576983097,1.6398004161639825,1.00195678971909,BNB
931,2021-07-26 02:00:00+00:00,2021-07-27 00:00:00+00:00,1,22,-0.063254706536322,False,0.07035284658440795,0.007607384729566687,4.903952923349659,0.5302735908325302,BNB
932,2021-08-10 22:00:00+00:00,2021-08-11 00:00:00+00:00,1,2,-0.005088434659716378,False,0.010231960143568848,0.005517758611453373,0.7400956316928986,0.3991091626406742,BNB
933,2021-08-11 20:00:00+00:00,2021-08-12 00:00:00+00:00,1,4,-0.02798429435390077,False,0.03554006968641122,0.01916376306620206,2.776943874743353,1.4973716971655284,BNB
934,2021-08-19 19:00:00+00:00,2021-08-20 00:00:00+00:00,1,5,0.006436418033564024,False,0.006564653661955384,0.00992874664174746,0.4243182596926258,0.641762492417672,BNB
935,2021-08-23 10:00:00+00:00,2021-08-24 00:00:00+00:00,1,14,-0.010077377167931348,False,0.026908946479992077,0.01429848078641642,1.8935613907370026,1.0061728423104344,BNB
936,2021-09-07 10:00:00+00:00,2021-09-08 00:00:00+00:00,-1,14,0.09306822224579739,False,0.011008939429498038,0.28964604979624925,0.7054097578501449,18.559385411964183,BNB
937,2021-09-13 15:00:00+00:00,2021-09-14 00:00:00+00:00,-1,9,-0.027641736998428264,False,0.03805507701010505,0.001928466740376951,1.9158233799320972,0.09708564425331603,BNB
938,2021-09-20 08:00:00+00:00,2021-09-21 00:00:00+00:00,-1,16,0.04620380999730371,False,0.012579109786076684,0.0757361786704325,0.7602156738252058,4.577098942614955,BNB
939,2021-09-29 11:00:00+00:00,2021-09-30 00:00:00+00:00,1,13,-0.004686767216508441,False,0.023072120735050623,0.01783339214462146,1.544813469976248,1.1940499409110514,BNB
940,2021-10-06 10:00:00+00:00,2021-10-07 00:00:00+00:00,-1,14,-0.040128824396291896,False,0.05685267056996062,0.004516668658143115,4.469998052678033,0.35511964352927344,BNB
941,2021-10-12 21:00:00+00:00,2021-10-13 00:00:00+00:00,1,3,0.004735235649410075,False,0.0110193460798733,0.006901233171173236,0.5767322314148114,0.36119780406882546,BNB
942,2021-10-22 09:00:00+00:00,2021-10-23 00:00:00+00:00,1,15,-0.0384680566409983,False,0.04670042601077086,0.0011052166224580246,4.021788798678137,0.0951800275074449,BNB
943,2021-10-27 09:00:00+00:00,2021-10-28 00:00:00+00:00,-1,15,0.02525166288991148,False,0.0001518207647428659,0.031687162469906986,0.010191149272189138,2.127038440952828,BNB
944,2021-10-28 18:00:00+00:00,2021-10-29 00:00:00+00:00,1,6,0.005158513557358458,False,0.021826736217653707,0.01268282704306022,1.828289934545379,1.0623615364743497,BNB
945,2021-11-05 11:00:00+00:00,2021-11-06 00:00:00+00:00,1,13,0.006929691476906297,False,0.009193223945605329,0.023722840091100997,0.6939844726949191,1.7908062252000962,BNB
946,2021-11-16 10:00:00+00:00,2021-11-17 00:00:00+00:00,-1,14,0.015310660708157833,False,0.001785207801525018,0.05233828853629645,0.11630043660275405,3.4096679404002095,BNB
947,2021-11-25 11:00:00+00:00,2021-11-26 00:00:00+00:00,1,13,0.012443635519104055,False,0.0078562699382609,0.02764772168171784,0.5977828405712161,2.1037125419697906,BNB
948,2021-11-26 11:00:00+00:00,2021-11-27 00:00:00+00:00,-1,13,-0.022863531445291692,False,0.03519132896770942,0.019488978826145153,1.60039247682013,0.8862983015756125,BNB
949,2021-12-03 17:00:00+00:00,2021-12-04 00:00:00+00:00,-1,7,0.004394833021722101,False,0.009651188031190992,0.046953530698458826,0.9092192416826602,4.423398802096285,BNB
950,2021-12-04 05:00:00+00:00,2021-12-05 00:00:00+00:00,-1,19,-0.04118629904857089,False,0.04301783264746224,0.11443987197073616,2.060540600203092,5.4816337310674985,BNB
951,2021-12-13 20:00:00+00:00,2021-12-14 00:00:00+00:00,-1,4,0.0022541650703353138,False,0.013962206411139075,0.008836355290337397,0.9477706890344859,0.59982199771772,BNB
952,2021-12-20 10:00:00+00:00,2021-12-21 00:00:00+00:00,-1,14,-0.02672127152765453,False,0.032047268743152287,0.010017217091876671,3.2557737929286104,1.0176777667762211,BNB
953,2021-12-27 18:00:00+00:00,2021-12-28 00:00:00+00:00,1,6,-0.005150555394078115,False,0.004842187113420297,0.010833068250097189,0.7666417568337653,1.7151510837193293,BNB
954,2021-12-28 18:00:00+00:00,2021-12-29 00:00:00+00:00,-1,6,0.003238191346525522,False,0.004620486641576961,0.015705928382457175,0.3924051862892883,1.333861177588186,BNB
955,2022-01-03 21:00:00+00:00,2022-01-04 00:00:00+00:00,-1,3,-0.0014346638224918928,False,0.008139920748013963,0.0032793925315738157,1.0670754499347512,0.4299009006931168,BNB
956,2022-01-05 21:00:00+00:00,2022-01-06 00:00:00+00:00,-1,3,0.0210627150489247,False,0.008476673679000152,0.0591098461411542,0.7876351997726143,5.492366137587122,BNB
957,2022-01-11 17:00:00+00:00,2022-01-12 00:00:00+00:00,1,7,-0.0003672160034511971,False,0.014448866585914533,0.010988060218030766,1.0450619346721126,0.7947476988225015,BNB
958,2022-01-17 13:00:00+00:00,2022-01-18 00:00:00+00:00,-1,11,-0.0018404181762762479,False,0.006253684831129391,0.01779247031078916,0.7026784885657698,1.9992031071989242,BNB
959,2022-01-21 22:00:00+00:00,2022-01-22 00:00:00+00:00,-1,2,0.009487623202461149,False,0.015467904098994588,0.038128383604021564,0.6480401656010985,1.5974190082067037,BNB
960,2022-02-04 18:00:00+00:00,2022-02-05 00:00:00+00:00,1,6,0.015986950672924376,False,0.005198776758409693,0.017889908256880832,0.4565600044331594,1.5711035446670853,BNB
961,2022-02-05 06:00:00+00:00,2022-02-06 00:00:00+00:00,1,18,-0.036996320401317166,False,0.050036156663323124,0.003918915766637913,3.8957615260614853,0.3051225810621597,BNB
962,2022-02-15 05:00:00+00:00,2022-02-16 00:00:00+00:00,1,19,0.01814596928277417,False,0.0052620401614007365,0.04603695226409304,0.5104354414804445,4.465737875911833,BNB
963,2022-02-24 06:00:00+00:00,2022-02-25 00:00:00+00:00,-1,18,-0.08263689122684367,False,0.11235449417976716,0.03090123604944201,5.4114568560360015,1.4883312581354045,BNB
964,2022-03-09 04:00:00+00:00,2022-03-10 00:00:00+00:00,1,20,-0.015676758174031063,False,0.021124463734664593,0.009684136581449645,1.7172252083432655,0.7872315088129526,BNB
965,2022-03-10 14:00:00+00:00,2022-03-11 00:00:00+00:00,-1,10,-0.008840269741525696,False,0.009915474642392631,0.01723016905071525,0.9112652078839256,1.5835100333720846,BNB
966,2022-03-16 21:00:00+00:00,2022-03-17 00:00:00+00:00,1,3,-0.0029670162198898826,False,0.009227818243085622,0.0020995878586795983,0.8674743955151818,0.19737479223800528,BNB
967,2022-03-22 05:00:00+00:00,2022-03-23 00:00:00+00:00,1,19,-0.011170447359660062,False,0.01468173239540187,0.004926591338022968,1.877245825306112,0.6299272301945346,BNB
968,2022-03-27 23:00:00+00:00,2022-03-28 00:00:00+00:00,1,1,0.002036957079243608,False,0.0014221434732940425,0.004476254866761513,0.20044323914751244,0.6309033101036369,BNB
969,2022-04-01 20:00:00+00:00,2022-04-02 00:00:00+00:00,1,4,0.0018966896205457233,False,0.008249086548160783,0.00477460715966913,0.8340977303097288,0.48277939281514,BNB
970,2022-04-06 14:00:00+00:00,2022-04-07 00:00:00+00:00,-1,10,0.01639924833229805,False,0.0031336965926895416,0.02238020626271601,0.2827232137629583,2.019150116202656,BNB
971,2022-04-11 15:00:00+00:00,2022-04-12 00:00:00+00:00,-1,9,0.014961112654161673,False,0.006410256410256393,0.02474309089095085,0.6198601439779341,2.3926119176113354,BNB
972,2022-04-26 20:00:00+00:00,2022-04-27 00:00:00+00:00,-1,4,-0.00047713804807443115,False,0.005024474890575219,0.014659034990028812,0.551864259440533,1.6100782002234195,BNB
973,2022-04-28 23:00:00+00:00,2022-04-29 00:00:00+00:00,1,1,-0.00489171749724357,False,0.00948180815876517,0.0006615214994488268,1.0524682904756357,0.07342802026575246,BNB
974,2022-05-04 20:00:00+00:00,2022-05-05 00:00:00+00:00,1,4,0.0006661202974412209,False,0.0004484528377099178,0.0038616772136130634,0.05201606736755627,0.4479161356650542,BNB
975,2022-05-05 16:00:00+00:00,2022-05-06 00:00:00+00:00,-1,8,0.0056055486748267,False,0.004962844313735901,0.028437885670771695,0.36720665543310976,2.1041524224023718,BNB
976,2022-05-09 17:00:00+00:00,2022-05-10 00:00:00+00:00,-1,7,0.05599682115425066,False,0.00934668878397348,0.059971928033686395,0.44651322840005503,2.8649995542392563,BNB
977,2022-05-19 16:00:00+00:00,2022-05-20 00:00:00+00:00,1,8,-0.0006582150886362385,False,0.01285229645093945,0.004240605427974985,0.8869228540784835,0.29263952038122826,BNB
978,2022-05-26 09:00:00+00:00,2022-05-27 00:00:00+00:00,-1,15,0.02332802083117889,False,0.022340973474117943,0.05034766932783926,1.386419979033506,3.1244392611072076,BNB
979,2022-06-01 18:00:00+00:00,2022-06-02 00:00:00+00:00,-1,6,0.006212935340838277,False,0.005946481665014904,0.018334985133795875,0.4464393620567199,1.376521366341547,BNB
980,2022-06-06 07:00:00+00:00,2022-06-06 21:00:00+00:00,1,14,-0.05342966268677214,False,0.07698249227600416,0.006114830072090555,9.460323331264968,0.7514470873496326,BNB
981,2022-06-07 05:00:00+00:00,2022-06-08 00:00:00+00:00,-1,19,-0.03620036686580736,False,0.0547735290973237,0.02640675670859921,3.7088947272082198,1.788087828797202,BNB
982,2022-06-11 15:00:00+00:00,2022-06-12 00:00:00+00:00,-1,9,0.0008016016839413408,False,0.012606750711671293,0.020666198380716594,0.8637995273348064,1.4160232720825925,BNB
983,2022-06-13 09:00:00+00:00,2022-06-14 00:00:00+00:00,-1,15,-0.007501224550077731,False,0.049466144073523406,0.040410866333288276,1.7285345706533768,1.4121088432386886,BNB
984,2022-06-18 20:00:00+00:00,2022-06-19 00:00:00+00:00,-1,4,-0.04850154321426754,False,0.06826283586060129,0.026496408619313596,3.2407594998282776,1.257909766885797,BNB
985,2022-07-04 23:00:00+00:00,2022-07-05 00:00:00+00:00,1,1,0.00383124049532917,False,0.0042580925483381195,0.008603084944601302,0.44307826991342175,0.8951989534985247,BNB
986,2022-07-10 15:00:00+00:00,2022-07-11 00:00:00+00:00,-1,9,-0.011846591117922595,False,0.014770476272500244,0.0030574455257945396,1.788042362613783,0.37011955610956204,BNB
987,2022-07-18 16:00:00+00:00,2022-07-19 00:00:00+00:00,1,8,-0.0011872109101986425,False,0.035083731151019135,0.006402970372054246,3.034475377216319,0.5538081411982265,BNB
988,2022-07-25 23:00:00+00:00,2022-07-26 00:00:00+00:00,-1,1,0.021728273547974734,False,0.0010385875209714425,0.025285611568267207,0.10225670619531062,2.4895575008320776,BNB
989,2022-07-27 22:00:00+00:00,2022-07-28 00:00:00+00:00,1,2,0.007276646811526,False,0.0029723202675086555,0.010960430986438958,0.25275326434342577,0.9320276622664497,BNB
990,2022-08-03 16:00:00+00:00,2022-08-04 00:00:00+00:00,1,8,-0.0031871314093371945,False,0.008252818035426664,0.026234567901234546,0.7009085910721699,2.228091537473337,BNB
991,2022-08-26 16:00:00+00:00,2022-08-27 00:00:00+00:00,-1,8,0.02815505168982329,False,0.0014247489314383884,0.03756472182645864,0.12459497807272876,3.2850529584539414,BNB
992,2022-09-06 01:00:00+00:00,2022-09-06 18:00:00+00:00,1,17,-0.060033792637746955,False,0.06340566904644093,0.012228741075846396,8.527978649635616,1.644749505448108,BNB
993,2022-09-06 18:00:00+00:00,2022-09-07 00:00:00+00:00,-1,6,0.014632157742864572,False,0.002025886325267168,0.023747889701744452,0.16533333913304588,1.9380741420597187,BNB
994,2022-09-13 19:00:00+00:00,2022-09-14 00:00:00+00:00,-1,5,0.008592222537270084,False,0.002427357749696605,0.01777682587277776,0.2042564160840733,1.4958778707333336,BNB
995,2022-09-18 22:00:00+00:00,2022-09-19 00:00:00+00:00,-1,2,-0.0014122700837759336,False,0.003981370192307701,0.010441706730769341,0.3905639047474975,1.0243091086774079,BNB
996,2022-09-27 05:00:00+00:00,2022-09-27 17:00:00+00:00,1,12,-0.03643925670992772,False,0.03846018508744153,0.00865618072416334,4.952896232635563,1.1147415125602358,BNB
997,2022-09-28 21:00:00+00:00,2022-09-29 00:00:00+00:00,1,3,-0.0058831327579518915,False,0.005978491580585814,0.0035375689825951607,0.6634763789657564,0.3925895733525191,BNB
998,2022-10-04 14:00:00+00:00,2022-10-05 00:00:00+00:00,1,10,-0.0015703774735527994,False,0.011823924867403128,0.007905138339921056,1.8568293774183833,1.2414230694740216,BNB
999,2022-10-06 22:00:00+00:00,2022-10-07 00:00:00+00:00,-1,2,-0.027489091255922388,False,0.027800636874306707,0.0027192386131882746,3.1977017452049954,0.31277391587590386,BNB
1000,2022-10-13 11:00:00+00:00,2022-10-13 19:00:00+00:00,-1,8,-0.0398484287093447,False,0.04143751909563101,0.02612282309807507,4.935749392681846,3.111569202391118,BNB
1001,2022-10-25 17:00:00+00:00,2022-10-26 00:00:00+00:00,1,7,-0.0008206211682900242,False,0.002536461636017851,0.02074966532797853,0.4477268483764584,3.662654356857269,BNB
1002,2022-11-04 07:00:00+00:00,2022-11-05 00:00:00+00:00,1,17,0.02274109828606391,False,0.00935767097966731,0.03682416820702403,0.667800360842041,2.627918086646913,BNB
1003,2022-11-08 17:00:00+00:00,2022-11-08 19:00:00+00:00,1,2,-0.1382147598741406,False,0.1446202952520282,0.020082457773640143,4.711918019608224,0.6543126917057595,BNB
1004,2022-11-08 20:00:00+00:00,2022-11-09 00:00:00+00:00,-1,4,-0.03963204922031231,False,0.0632814979371628,0.01935893367185028,1.2208475690976344,0.37347894541101295,BNB
1005,2022-11-09 21:00:00+00:00,2022-11-10 00:00:00+00:00,-1,3,0.021924257924248063,False,0.0009152815406018892,0.04810719777403524,0.021105742285973974,1.109317814550791,BNB
1006,2022-11-20 22:00:00+00:00,2022-11-21 00:00:00+00:00,-1,2,-0.006322520878755355,False,0.0098908205576902,0.004717160573667627,1.2742512530278993,0.6077198283671511,BNB
1007,2022-11-21 18:00:00+00:00,2022-11-22 00:00:00+00:00,-1,6,0.0012681728658369864,False,0.0054181389870435635,0.021908127208480503,0.483510127339692,1.9550626888083205,BNB
1008,2022-11-23 09:00:00+00:00,2022-11-24 00:00:00+00:00,1,15,0.011909175284999598,False,0.012685706532799705,0.024896547045655085,0.9385297644219986,1.8419273986249958,BNB
1009,2022-11-28 02:00:00+00:00,2022-11-29 00:00:00+00:00,-1,22,-0.016349719055411903,False,0.034660130493319855,0.005212828390927576,2.608577165351876,0.39232584857383707,BNB
1010,2022-12-07 08:00:00+00:00,2022-12-08 00:00:00+00:00,-1,16,-0.006830410602731551,False,0.009024951336046758,0.005414970801628135,1.4479158648971764,0.8687495189383188,BNB
1011,2022-12-12 13:00:00+00:00,2022-12-13 00:00:00+00:00,-1,11,-0.0029009887314252565,False,0.010515247108306962,0.010297690271583566,1.2270632216846418,1.2016757067532584,BNB
1012,2022-12-13 07:00:00+00:00,2022-12-13 15:00:00+00:00,-1,8,-0.06933124404983176,False,0.0836659502609764,0.02003377341111452,6.657208132351056,1.5940654335262612,BNB
1013,2022-12-16 23:00:00+00:00,2022-12-17 00:00:00+00:00,-1,1,-0.006040188055023554,False,0.011796970224621313,0.024986940623367617,0.5947827696171373,1.2597981909971818,BNB
1014,2023-01-02 13:00:00+00:00,2023-01-03 00:00:00+00:00,1,11,-0.009256253569811166,False,0.008219289011255976,0.003036683132237428,1.7818972872348233,0.6583364361705009,BNB
1015,2023-01-04 03:00:00+00:00,2023-01-05 00:00:00+00:00,1,21,0.02797602449000474,False,3.982318505841793e-05,0.03898689817211566,0.007591779003396796,7.432351644311071,BNB
1016,2023-01-14 07:00:00+00:00,2023-01-15 00:00:00+00:00,1,17,-0.03073621818881379,False,0.04861751885201575,0.0011772566737726447,3.6744189785711083,0.08897480510937984,BNB
1017,2023-01-24 04:00:00+00:00,2023-01-24 23:00:00+00:00,1,19,-0.06556758046506952,False,0.07088568326353349,0.001364975957809827,6.473008031099453,0.12464435595990117,BNB
1018,2023-01-29 12:00:00+00:00,2023-01-30 00:00:00+00:00,1,12,-0.0010704818617401455,False,0.010378876305246287,0.011735385974320863,1.2870574084979192,1.4552746381799972,BNB
1019,2023-02-02 05:00:00+00:00,2023-02-03 00:00:00+00:00,1,19,-0.020507426208190228,False,0.025738972260118263,0.015582840685159879,2.571046689828945,1.5565583022050327,BNB
1020,2023-02-09 17:00:00+00:00,2023-02-10 00:00:00+00:00,-1,7,0.032957442048117055,False,0.004830307813733142,0.04842936069455399,0.586282518779482,5.878152835344706,BNB
1021,2023-02-13 09:00:00+00:00,2023-02-14 00:00:00+00:00,-1,15,0.0009864891124266263,False,0.006643167028199497,0.042909436008676874,0.477326558937572,3.0831399164029265,BNB
1022,2023-02-22 16:00:00+00:00,2023-02-23 00:00:00+00:00,-1,8,-0.028054685070142367,False,0.028199566160520557,0.00302372970485774,3.5396840514483374,0.37954654164714835,BNB
1023,2023-03-03 02:00:00+00:00,2023-03-04 00:00:00+00:00,-1,22,-0.012124245666297846,False,0.015485801781737153,0.002540367483296277,1.845453832624635,0.302737370295735,BNB
1024,2023-03-09 20:00:00+00:00,2023-03-10 00:00:00+00:00,-1,4,0.008179904807908624,False,0.00021440823327616596,0.03223270440251566,0.026405532572293822,3.969631730034679,BNB
1025,2023-03-13 08:00:00+00:00,2023-03-14 00:00:00+00:00,1,16,0.00979910032175606,False,0.03734943713282351,0.028914634546588342,2.5299451796072767,1.9585955212952657,BNB
1026,2023-03-22 20:00:00+00:00,2023-03-23 00:00:00+00:00,-1,4,-0.014679233709952898,False,0.018142807560029027,0.0029344019184047165,1.384697149133296,0.22395971281634344,BNB
1027,2023-03-27 15:00:00+00:00,2023-03-28 00:00:00+00:00,-1,9,0.015085550430153463,False,0.013527212823924417,0.032313248431857206,1.8620930318814575,4.448091083182912,BNB
1028,2023-04-03 21:00:00+00:00,2023-04-04 00:00:00+00:00,-1,3,-0.024267186034321493,False,0.02669186644119504,0.008388872310089767,3.15019278719657,0.990060590261767,BNB
1029,2023-04-11 04:00:00+00:00,2023-04-12 00:00:00+00:00,1,20,-0.01739568129080265,False,0.016902095981938446,0.018244500716966223,2.939583730163581,3.1730524740755204,BNB
1030,2023-04-16 15:00:00+00:00,2023-04-17 00:00:00+00:00,1,9,0.0007386632888449518,False,0.006687613502061197,0.013519356605459621,0.8929940500776409,1.805233661579329,BNB
1031,2023-04-19 09:00:00+00:00,2023-04-20 00:00:00+00:00,-1,15,0.015114495917966144,False,0.006344751853094716,0.02501296403623826,0.728097616417888,2.8703848339550753,BNB
1032,2023-04-28 10:00:00+00:00,2023-04-29 00:00:00+00:00,-1,14,-0.019332495651272548,False,0.021562833972464997,0.0020431256679448585,2.590646649305576,0.24546943470095656,BNB
1033,2023-05-06 15:00:00+00:00,2023-05-07 00:00:00+00:00,-1,9,-0.006467921439471919,False,0.010489837969467121,0.004214667041303808,2.430115952166177,0.9763858736382084,BNB
1034,2023-05-08 09:00:00+00:00,2023-05-09 00:00:00+00:00,-1,15,0.0015908663572599758,False,0.010391839069501325,0.014840944481520372,1.9511927066714776,2.7865657309345204,BNB
1035,2023-05-18 18:00:00+00:00,2023-05-19 00:00:00+00:00,-1,6,-0.008416118250272619,False,0.011529066927210433,0.003615046409379624,2.3406567053958227,0.7339347296580288,BNB
1036,2023-05-23 04:00:00+00:00,2023-05-24 00:00:00+00:00,1,20,-0.0057446820826911466,False,0.007909532734030078,0.0025094501445316873,1.9713770415715748,0.6254569730287465,BNB
1037,2023-05-24 14:00:00+00:00,2023-05-25 00:00:00+00:00,-1,10,0.0016370923787909957,False,0.0,0.010557184750732983,0.0,2.5904229132112824,BNB
1038,2023-05-28 23:00:00+00:00,2023-05-29 00:00:00+00:00,1,1,-0.00035784310602933055,False,0.00028665159091643093,0.003121317323311021,0.08114400201679864,0.883568021960349,BNB
1039,2023-06-05 03:00:00+00:00,2023-06-06 00:00:00+00:00,-1,21,0.07878604864385114,False,0.0034846674631621244,0.0989313686446303,1.0067776689879,28.58289744050379,BNB
1040,2023-06-07 15:00:00+00:00,2023-06-08 00:00:00+00:00,-1,9,-0.012686066003964446,False,0.029637717895721897,0.005537573606832336,1.9697440061959597,0.3680311169471456,BNB
1041,2023-06-10 05:00:00+00:00,2023-06-11 00:00:00+00:00,-1,19,-0.0065668676145359105,False,0.021232761520349742,0.026950891355533118,1.126944361110595,1.4304382880631554,BNB
1042,2023-06-22 23:00:00+00:00,2023-06-23 00:00:00+00:00,-1,1,-0.004890021655838694,False,0.006163584874229509,0.0029985007496251825,0.5791845879254153,0.28176547520696027,BNB
1043,2023-06-24 16:00:00+00:00,2023-06-25 00:00:00+00:00,-1,8,-0.01645181304053673,False,0.01975435884222277,0.011938503822038997,1.6355117435081261,0.9884179667288256,BNB
1044,2023-06-28 20:00:00+00:00,2023-06-29 00:00:00+00:00,-1,4,-0.011746973608618382,False,0.018930762489044795,0.004425942156003466,1.672226217554895,0.39096029623389356,BNB
1045,2023-07-10 11:00:00+00:00,2023-07-11 00:00:00+00:00,1,13,0.011224209145461149,False,0.008355284820546597,0.013747118867303273,0.9810733532619035,1.6141798029038221,BNB
1046,2023-07-24 10:00:00+00:00,2023-07-25 00:00:00+00:00,-1,14,-0.009177857375591802,False,0.009863845213505895,0.008725709227332096,1.839677492182691,1.6274070123154496,BNB
1047,2023-08-01 08:00:00+00:00,2023-08-02 00:00:00+00:00,1,16,0.00823286821061869,False,0.013444693420248455,0.010389081279282996,1.926458712138025,1.4886271866521243,BNB
1048,2023-08-02 17:00:00+00:00,2023-08-03 00:00:00+00:00,-1,7,-0.015084444809363173,False,0.02025689618867131,0.003832385765424286,2.7302390381370514,0.5165317099178184,BNB
1049,2023-08-08 16:00:00+00:00,2023-08-09 00:00:00+00:00,1,8,-1.847901864282693e-05,False,0.0008169267216730195,0.015358222367453718,0.2126728446194611,3.9982494788461165,BNB
1050,2023-08-15 12:00:00+00:00,2023-08-16 00:00:00+00:00,-1,12,0.005795966927000206,False,0.004274578828262433,0.026862794401139874,1.7622645505151464,11.074623302747339,BNB
1051,2023-08-17 22:00:00+00:00,2023-08-18 00:00:00+00:00,-1,2,-0.017446650687465613,False,0.0358107478811586,0.00633324019744814,2.52415736601139,0.44640494379395645,BNB
1052,2023-08-29 15:00:00+00:00,2023-08-30 00:00:00+00:00,1,9,-0.01946627746563174,False,0.022511797047491306,0.002684098878739359,2.345615713369913,0.27966956582487534,BNB
1053,2023-09-06 18:00:00+00:00,2023-09-07 00:00:00+00:00,1,6,-0.00725771726591069,False,0.010672210672210683,0.004527604527604612,1.9194616286478965,0.8143170545779098,BNB
1054,2023-09-11 11:00:00+00:00,2023-09-12 00:00:00+00:00,-1,13,0.005179748548293773,False,0.004385330827429987,0.018119608693556895,0.7883013420988002,3.2571571937269153,BNB
1055,2023-10-01 23:00:00+00:00,2023-10-02 00:00:00+00:00,1,1,-0.005629402500456363,False,0.008395692644643198,0.0014144916955648945,1.6484199167503666,0.2777229207568568,BNB
1056,2023-10-09 12:00:00+00:00,2023-10-10 00:00:00+00:00,-1,12,0.004477063951932637,False,0.005746016417189753,0.02737807822308058,1.1552237833651473,5.504301556033935,BNB
1057,2023-10-15 17:00:00+00:00,2023-10-16 00:00:00+00:00,1,7,-0.0006376146822478321,False,0.002623169742929284,0.003958601612057102,0.6584892619934953,0.9937201590084115,BNB
1058,2023-10-16 23:00:00+00:00,2023-10-17 00:00:00+00:00,1,1,-0.004232125011611715,False,0.0026939154667905826,0.0010682768230375742,0.43516894159304426,0.1725669940799889,BNB
1059,2023-10-23 23:00:00+00:00,2023-10-24 00:00:00+00:00,1,1,-0.008474848863419206,False,0.016801250325605647,0.006034557610488783,1.8504458731485105,0.6646304298905429,BNB
1060,2023-11-01 15:00:00+00:00,2023-11-01 20:00:00+00:00,-1,5,-0.018933961801572464,False,0.02306380687427078,0.0007179395135960918,3.648661267446091,0.11357700443413764,BNB
1061,2023-11-02 13:00:00+00:00,2023-11-03 00:00:00+00:00,1,11,-0.0030283416126817573,False,0.019374004391440994,0.007319068325655438,2.6338917255432146,0.9950257629829856,BNB
1062,2023-11-04 18:00:00+00:00,2023-11-05 00:00:00+00:00,1,6,-0.000600555817617183,False,0.005566801619433169,0.006958502024291522,0.8311585034230194,1.0389481292787832,BNB
1063,2023-11-20 18:00:00+00:00,2023-11-21 00:00:00+00:00,1,6,-0.03274063184057213,False,0.03988211428790136,0.009530370880698164,2.6301358587125487,0.6285065535695085,BNB
1064,2023-11-21 23:00:00+00:00,2023-11-22 00:00:00+00:00,-1,1,-0.003914649966682881,False,0.025054417840166966,0.004930922660032933,0.6826180357393213,0.1343450389486982,BNB
1065,2023-11-27 12:00:00+00:00,2023-11-28 00:00:00+00:00,-1,12,-0.007769912591103704,False,0.008140872489160266,0.015573843022741394,1.0888406284813554,2.0829994631817255,BNB
1066,2023-12-04 07:00:00+00:00,2023-12-05 00:00:00+00:00,1,17,4.74881247377614e-06,False,0.04377465271823018,0.018650317269765022,6.42312814764722,2.7365923058046375,BNB
1067,2023-12-19 14:00:00+00:00,2023-12-20 00:00:00+00:00,1,10,0.0008480352462470734,False,0.011939232874538968,0.009123001864265531,1.3120529113073072,1.0025653475105532,BNB
1068,2023-12-26 09:00:00+00:00,2023-12-27 00:00:00+00:00,1,15,0.0695750059716575,False,0.019220386567325255,0.09023503581326708,1.6384493943094938,7.692121032835053,BNB
1069,2024-01-03 10:00:00+00:00,2024-01-03 15:00:00+00:00,1,5,-0.0651768607607584,False,0.1345827268316351,0.007338670548277583,12.06437520280751,0.6578591255248843,BNB
1070,2024-01-15 05:00:00+00:00,2024-01-16 00:00:00+00:00,1,19,0.007322891337341569,False,0.009920508744038171,0.024578696343402283,1.1210593201452594,2.777496328436815,BNB
1071,2024-01-22 20:00:00+00:00,2024-01-23 00:00:00+00:00,-1,4,-0.0007745771007994175,False,0.010027109122382968,0.003821406408204644,1.0948025156722367,0.4172374408262336,BNB
1072,2024-01-23 14:00:00+00:00,2024-01-24 00:00:00+00:00,-1,10,-0.019213247006965244,False,0.018161992707942835,0.011483286196204055,1.557714774531046,0.9848965835215099,BNB
1073,2024-01-31 21:00:00+00:00,2024-02-01 00:00:00+00:00,-1,3,-0.0011718201022173455,False,0.0033260160979179136,0.007317235415419562,0.4964881226299808,1.0922738697859804,BNB
1074,2024-02-04 16:00:00+00:00,2024-02-05 00:00:00+00:00,1,8,-0.005665935333888327,False,0.006569271497205764,0.005980978527306546,1.3886988713645863,1.2643377784065226,BNB
1075,2024-02-08 08:00:00+00:00,2024-02-09 00:00:00+00:00,1,16,0.013411326596623719,False,0.0006995675400662276,0.018602136860849546,0.12820736153296425,3.4091502953079247,BNB
1076,2024-02-14 14:00:00+00:00,2024-02-15 00:00:00+00:00,1,10,-0.001059441936098665,False,0.010077984403119248,0.002789442111577705,1.968104778104381,0.5447432867967592,BNB
1077,2024-02-15 11:00:00+00:00,2024-02-16 00:00:00+00:00,1,13,0.018699392547249,False,0.00679997694923072,0.05572523482971237,0.8235827577015133,6.749190904214895,BNB
1078,2024-02-21 11:00:00+00:00,2024-02-22 00:00:00+00:00,1,13,0.03789735006883772,False,0.00891974969810078,0.03982325172905914,0.867308596905946,3.872199304955467,BNB
1079,2024-02-26 21:00:00+00:00,2024-02-27 00:00:00+00:00,1,3,-0.004927104099149159,False,0.009285004965243319,0.0006454816285997788,0.9865880783633325,0.06858633699851789,BNB
1080,2024-02-28 17:00:00+00:00,2024-02-29 00:00:00+00:00,1,7,-0.015267746152499439,False,0.049335141178429576,0.01553319536620764,4.566041323878363,1.437620532542229,BNB
1081,2024-03-05 19:00:00+00:00,2024-03-06 00:00:00+00:00,-1,5,0.019982897604138565,False,0.0040104966084072,0.1285586968361638,0.31565963691132565,10.118645027657468,BNB
1082,2024-03-13 11:00:00+00:00,2024-03-14 00:00:00+00:00,1,13,0.071043438726687,False,0.015399291360043548,0.08115290269828289,1.0387880545119406,5.47432111913153,BNB
1083,2024-03-25 16:00:00+00:00,2024-03-26 00:00:00+00:00,1,8,-0.011840774131619611,False,0.014054600606673462,0.008746208291203327,1.3266260069425617,0.8255622273419593,BNB
1084,2024-03-29 05:00:00+00:00,2024-03-30 00:00:00+00:00,1,19,0.001194259015885396,False,0.012762123197902955,0.017463958060288283,1.3105340221378983,1.7933623460834427,BNB
1085,2024-04-01 06:00:00+00:00,2024-04-02 00:00:00+00:00,-1,18,0.0025079973634269956,False,0.02400276290796059,0.019064064928337208,3.012213231407421,2.392434106096274,BNB
1086,2024-04-08 10:00:00+00:00,2024-04-09 00:00:00+00:00,1,14,-0.024608428553169782,False,0.023369701007745436,0.0011160156575330375,3.40967831266713,0.1628285437980643,BNB
1087,2024-04-10 17:00:00+00:00,2024-04-11 00:00:00+00:00,1,7,0.002127548210185578,False,0.01305242366883376,0.006452143856472838,1.2275823662644858,0.6068250789100761,BNB
1088,2024-04-13 20:00:00+00:00,2024-04-14 00:00:00+00:00,-1,4,-0.02014155567778622,False,0.03666152376754082,0.10182940268900163,1.6809774732440252,4.669007570974409,BNB
1089,2024-04-30 12:00:00+00:00,2024-05-01 00:00:00+00:00,-1,12,-0.019973459926082213,False,0.024035075362727306,0.02274968305395119,2.1255338361922345,2.0118605980661832,BNB
1090,2024-05-01 08:00:00+00:00,2024-05-02 00:00:00+00:00,-1,16,-0.030741406916861717,False,0.03657978129064171,0.018354001428754572,2.5703127360076845,1.2896611724985938,BNB
1091,2024-05-14 13:00:00+00:00,2024-05-15 00:00:00+00:00,-1,11,0.02012167956607468,False,0.0005512394274001309,0.035796110316790364,0.09844181877361165,6.3925656066103995,BNB
1092,2024-05-20 20:00:00+00:00,2024-05-21 00:00:00+00:00,1,4,0.01577820283099301,False,0.007820584592939443,0.021680492645936134,1.1226645510913364,3.112289145975533,BNB
1093,2024-05-21 08:00:00+00:00,2024-05-22 00:00:00+00:00,1,16,-0.02070633705528072,False,0.03628150261531144,0.0007291171342527126,3.188653282898663,0.06407953298966805,BNB
1094,2024-06-01 22:00:00+00:00,2024-06-02 00:00:00+00:00,1,2,-0.006850737761047206,False,0.0078797389939704,0.0010242008755265623,2.325524644793901,0.3022694506860031,BNB
1095,2024-06-03 07:00:00+00:00,2024-06-04 00:00:00+00:00,1,17,-0.004934625734511787,False,0.013710395724646909,0.015300928871357686,1.8315276478866123,2.0440018529778663,BNB
1096,2024-06-04 15:00:00+00:00,2024-06-05 00:00:00+00:00,1,9,0.03202523122497632,False,0.005005125731170551,0.039845022010492594,0.4721333366555887,3.7585795445201797,BNB
1097,2024-06-10 21:00:00+00:00,2024-06-11 00:00:00+00:00,-1,3,-0.009040918644837092,False,0.008075305040215327,0.011170032720297788,0.6800238702193265,0.9406318204830155,BNB
1098,2024-06-17 11:00:00+00:00,2024-06-18 00:00:00+00:00,-1,13,-0.015253921712157736,False,0.024098811841310352,0.008189568369470355,4.234074047534645,1.4388775314741664,BNB
1099,2024-06-18 02:00:00+00:00,2024-06-19 00:00:00+00:00,-1,22,-0.003211737775317312,False,0.016879647433170476,0.02266501046470086,1.5595943931911587,2.0941327940833063,BNB
1100,2024-06-30 23:00:00+00:00,2024-07-01 00:00:00+00:00,1,1,-0.005225480974775553,False,0.004155622060709619,0.0009405728943992381,0.9593551023796927,0.21713798613530794,BNB
1101,2024-07-03 08:00:00+00:00,2024-07-04 00:00:00+00:00,-1,16,0.015479086127219642,False,0.0027002223712540552,0.02924358476580433,0.499836205251953,5.413258771911786,BNB
1102,2024-07-04 08:00:00+00:00,2024-07-05 00:00:00+00:00,-1,16,0.030290360796732356,False,0.006772307111865746,0.035597057159026606,0.6309538603266384,3.316462212914641,BNB
1103,2024-07-05 09:00:00+00:00,2024-07-06 00:00:00+00:00,-1,15,-0.08462482680400202,False,0.09054808867167045,0.005934718100890143,3.731715436063775,0.24458472255646643,BNB
1104,2024-07-15 13:00:00+00:00,2024-07-16 00:00:00+00:00,1,11,0.02363323185888671,False,0.0031371586806408867,0.028181850047320142,0.3741504726052222,3.3610835751350208,BNB
1105,2024-08-01 16:00:00+00:00,2024-08-02 00:00:00+00:00,-1,8,-0.03038972560903703,False,0.03349607453904898,0.00971082139599755,4.141235460783233,1.2005824106808716,BNB
1106,2024-08-02 22:00:00+00:00,2024-08-03 00:00:00+00:00,-1,2,0.01145660651828544,False,0.0029981466002834195,0.017498273794381645,0.27496604969282096,1.604801853661758,BNB
1107,2024-08-05 06:00:00+00:00,2024-08-06 00:00:00+00:00,-1,18,-0.07643373648419444,False,0.09336994899960778,0.08316987053746559,3.4115564411155725,3.038865401329832,BNB
1108,2024-08-17 13:00:00+00:00,2024-08-18 00:00:00+00:00,1,11,0.019637773075009517,False,0.004128258779618946,0.03281871477313421,0.6997915856980481,5.563183336530909,BNB
1109,2024-08-19 18:00:00+00:00,2024-08-20 00:00:00+00:00,1,6,0.005949044293904127,False,0.007464839523981223,0.011864406779660885,0.9853778984303246,1.566132022142871,BNB
1110,2024-08-26 22:00:00+00:00,2024-08-27 00:00:00+00:00,-1,2,-0.0010350203710764547,False,0.00552576868366337,0.0010212641791590238,0.6161320395767769,0.11387258817261868,BNB
1111,2024-09-01 06:00:00+00:00,2024-09-02 00:00:00+00:00,-1,18,0.007691095684531919,False,0.013344679534290202,0.019456155958689412,1.9790650130526097,2.885419424827375,BNB
1112,2024-09-06 21:00:00+00:00,2024-09-07 00:00:00+00:00,-1,3,-0.028811613403671506,False,0.027801801421730984,0.00647583690172336,2.0184643081462164,0.47015822655605966,BNB
1113,2024-09-16 16:00:00+00:00,2024-09-17 00:00:00+00:00,-1,8,0.0009610603392864917,False,0.0034967650248700485,0.015483002356109004,0.4217169516693565,1.8672814758407765,BNB
1114,2024-09-30 03:00:00+00:00,2024-10-01 00:00:00+00:00,-1,21,0.012449630659951794,False,0.01342456713151911,0.021552248137406384,1.8174754244819544,2.9178357073507044,BNB
1115,2024-10-08 20:00:00+00:00,2024-10-09 00:00:00+00:00,1,4,-0.010490996701658031,False,0.011822390788102561,0.0015375941776433416,1.3016879132556176,0.16929467079913496,BNB
1116,2024-10-14 23:00:00+00:00,2024-10-15 00:00:00+00:00,1,1,-0.005790675746464146,False,0.005136957366633373,0.0003548556075635553,0.9409270855274481,0.06499825261868444,BNB
1117,2024-10-23 16:00:00+00:00,2024-10-24 00:00:00+00:00,-1,8,-0.010869045705378343,False,0.010351966873706004,0.011697722567287737,1.8061950505278852,2.0410004070965018,BNB
1118,2024-10-31 17:00:00+00:00,2024-11-01 00:00:00+00:00,-1,7,-0.000443797144261969,False,0.002407384956441896,0.010824572645871942,0.3523296906984326,1.5842162351548386,BNB
1119,2024-11-06 03:00:00+00:00,2024-11-07 00:00:00+00:00,1,21,0.016018307355379527,False,0.01154103766293992,0.02246380545107947,1.2898142166629905,2.5105312431476046,BNB
1120,2024-11-09 04:00:00+00:00,2024-11-10 00:00:00+00:00,1,20,-0.018893902042571378,False,0.04136195643626652,0.0012738853503183854,3.9228120524876813,0.1208166449625399,BNB
1121,2024-11-23 08:00:00+00:00,2024-11-24 00:00:00+00:00,1,16,-0.021935218454363616,False,0.03304193436752387,0.025338168249048363,2.907626324977399,2.2297098047640898,BNB
1122,2024-12-02 09:00:00+00:00,2024-12-03 00:00:00+00:00,-1,15,-0.024301746323559456,False,0.028307692307692395,0.007495069033530572,2.599831187290301,0.6883611003137621,BNB
1123,2024-12-03 19:00:00+00:00,2024-12-04 00:00:00+00:00,1,5,0.0805550853388154,False,0.00039796008607726586,0.10538572649824603,0.027911535015830168,7.391387976414784,BNB
1124,2024-12-09 21:00:00+00:00,2024-12-10 00:00:00+00:00,-1,3,0.010559440929648823,False,0.0005156041878518119,0.09339596969393167,0.03670049677879116,6.647887208180229,BNB
1125,2024-12-18 21:00:00+00:00,2024-12-19 00:00:00+00:00,-1,3,0.011031653831903233,False,0.009608331055909483,0.01360700775283005,0.7681680827619721,1.0878547998395716,BNB
1126,2024-12-23 23:00:00+00:00,2024-12-24 00:00:00+00:00,1,1,-0.006661729082568898,False,0.00870126146788998,0.0011181192660550067,0.8121508000456682,0.10436204679334328,BNB
1127,2024-12-28 15:00:00+00:00,2024-12-29 00:00:00+00:00,1,9,-0.0019370548033770902,False,0.004637191661360302,0.01222280667755605,0.5724872939613096,1.5089739718443356,BNB
1128,2025-01-06 16:00:00+00:00,2025-01-07 00:00:00+00:00,1,8,0.0038515224752654954,False,0.005413745126940546,0.027647293816208247,1.0078502398534925,5.146960385206083,BNB
1129,2025-01-07 19:00:00+00:00,2025-01-08 00:00:00+00:00,-1,5,0.004873133454392043,False,0.0010687566797292483,0.017456359102244388,0.12966775806815822,2.117906715113251,BNB
1130,2025-01-13 09:00:00+00:00,2025-01-14 00:00:00+00:00,-1,15,-0.01943656047129234,False,0.017330279973406245,0.029563418778163538,2.6951145014172027,4.597548267123455,BNB
1131,2025-01-18 17:00:00+00:00,2025-01-19 00:00:00+00:00,-1,7,-0.021219797588359963,False,0.022279041038826712,0.0005458436876050325,2.686005825278809,0.06580800861418026,BNB
1132,2025-01-19 12:00:00+00:00,2025-01-20 00:00:00+00:00,-1,12,-0.0018489641960403687,False,0.03657590964287282,0.010972772892861846,4.102305475077501,1.2306916425232504,BNB
1133,2025-02-01 23:00:00+00:00,2025-02-02 00:00:00+00:00,-1,1,0.002123655897568845,False,0.001129305477131578,0.007386268255833522,0.2074333435232989,1.3567261927740013,BNB
1134,2025-02-02 18:00:00+00:00,2025-02-03 00:00:00+00:00,-1,6,0.004536370545679281,False,0.013706122711624436,0.036855313535600474,1.2477862020727057,3.3552560903152235,BNB
1135,2025-02-03 02:00:00+00:00,2025-02-04 00:00:00+00:00,-1,22,-0.11796786986742852,False,0.12397805312306968,0.09334689873187738,4.175420533116077,3.1438028574370427,BNB
1136,2025-02-08 18:00:00+00:00,2025-02-09 00:00:00+00:00,1,6,-0.006821172220363626,False,0.005944839684241251,0.02816489620894655,0.5477316743365204,2.5949910472664923,BNB
1137,2025-02-12 20:00:00+00:00,2025-02-13 00:00:00+00:00,1,4,0.005651093572345323,False,0.0006215489578214906,0.02049666098118,0.04085542390994324,1.3472788628904822,BNB
1138,2025-02-18 07:00:00+00:00,2025-02-19 00:00:00+00:00,-1,17,-0.006402355945944495,False,0.02595088697807731,0.024339608025408684,2.750733511275781,2.5799416992323954,BNB
1139,2025-02-22 18:00:00+00:00,2025-02-23 00:00:00+00:00,1,6,-0.0035256206990538393,False,0.00909606882542722,0.015234795077070208,1.1715908199878455,1.9622703388958973,BNB
1140,2025-02-24 19:00:00+00:00,2025-02-25 00:00:00+00:00,-1,5,0.027791467156683992,False,0.0029716272820674867,0.035801786137674825,0.35176794899229985,4.2380553429125545,BNB
1141,2025-02-28 08:00:00+00:00,2025-03-01 00:00:00+00:00,-1,16,-0.03847799931369861,False,0.04692930611668818,0.012790882306240188,3.098245058901971,0.8444464916180177,BNB
1142,2025-03-03 20:00:00+00:00,2025-03-04 00:00:00+00:00,-1,4,-0.0071830299135138935,False,0.012031992176585614,0.009849119865884302,0.8461328644801972,0.6926254507501176,BNB
1143,2025-03-09 11:00:00+00:00,2025-03-10 00:00:00+00:00,-1,13,0.036702625108541755,False,0.004042542117042943,0.04632440966740123,0.6912705346406194,7.9214262982421655,BNB
1144,2025-03-17 11:00:00+00:00,2025-03-18 00:00:00+00:00,1,13,-0.01267320874705664,False,0.02643406361088055,0.0012371392329736184,2.566391121330815,0.12010953707649591,BNB
1145,2025-03-24 18:00:00+00:00,2025-03-25 00:00:00+00:00,1,6,-0.003442655777377078,False,0.009533366783743166,0.0009407927747115259,1.5451230660985529,0.15247924994394088,BNB
1146,2025-03-27 09:00:00+00:00,2025-03-28 00:00:00+00:00,1,15,-0.007080465145225823,False,0.02174150722374066,0.002733307301835221,3.763237039346858,0.47310810480294696,BNB
1147,2025-03-28 21:00:00+00:00,2025-03-29 00:00:00+00:00,-1,3,-0.006423200213980354,False,0.0053534059017245565,0.0018169135181610315,0.7625266127754052,0.2587969110025575,BNB
1148,2025-03-29 18:00:00+00:00,2025-03-30 00:00:00+00:00,-1,6,-0.005829906856798746,False,0.008729986838378636,0.002782266797727659,1.0334506721503824,0.32936309589526924,BNB
1149,2025-04-02 23:00:00+00:00,2025-04-03 00:00:00+00:00,-1,1,-0.00802042899430493,False,0.00799713535449978,0.0034784981072879264,0.7756674394204961,0.3373905280208725,BNB
1150,2025-04-06 17:00:00+00:00,2025-04-07 00:00:00+00:00,-1,7,0.03206552953695656,False,0.0005917262743868117,0.05323796098087337,0.11063843925325546,9.954205461052656,BNB
1151,2025-04-21 04:00:00+00:00,2025-04-22 00:00:00+00:00,1,20,-0.00994165823395272,False,0.013091005748081384,0.010881483204306,3.0979469051934068,2.575070079824415,BNB
1152,2025-04-22 15:00:00+00:00,2025-04-23 00:00:00+00:00,1,9,0.011731125225700346,False,0.006506810024093271,0.016603019028731573,1.331574668102469,3.397695563697207,BNB
1153,2020-01-14 14:00:00+00:00,2020-01-15 00:00:00+00:00,1,10,0.04527698908788409,False,0.011160714285714295,0.0973214285714285,1.0605786201454466,9.248245567668281,XRP
1154,2020-01-23 18:00:00+00:00,2020-01-24 00:00:00+00:00,-1,6,-0.014029657730609213,False,0.016562220232766378,0.014324082363473505,1.4449153933853678,1.2496565564413886,XRP
1155,2020-02-02 12:00:00+00:00,2020-02-03 00:00:00+00:00,1,12,-0.017803324029782287,False,0.018018018018018205,0.027418723070896787,1.6202899616711177,2.4656586373255704,XRP
1156,2020-02-12 11:00:00+00:00,2020-02-13 00:00:00+00:00,1,13,0.023500704424069034,False,0.009787377657779324,0.04623692203847449,0.7520816197924761,3.5529373072954713,XRP
1157,2020-02-13 06:00:00+00:00,2020-02-14 00:00:00+00:00,1,18,-0.014195805154000886,False,0.10250982763834286,0.03205322044148775,4.684655440056564,1.4648185151799291,XRP
1158,2020-02-24 21:00:00+00:00,2020-02-25 00:00:00+00:00,-1,3,-0.015049995096731949,False,0.016473230999625665,0.004492699363534178,1.4483349054669852,0.3950004287637149,XRP
1159,2020-02-25 17:00:00+00:00,2020-02-26 00:00:00+00:00,-1,7,0.0025627373972282883,False,0.02090729783037464,0.011834319526627229,1.4343334063724986,0.8118868337957591,XRP
1160,2020-02-26 17:00:00+00:00,2020-02-27 00:00:00+00:00,-1,7,-0.0018062894490624244,False,0.03139991277801999,0.011774967291757558,1.2994549213188697,0.4872955954945787,XRP
1161,2020-03-08 15:00:00+00:00,2020-03-09 00:00:00+00:00,-1,9,0.09683606876655683,False,0.0026595744680851826,0.11968085106382978,0.25228320396734205,11.352744178530065,XRP
1162,2020-03-12 11:00:00+00:00,2020-03-13 00:00:00+00:00,-1,13,0.14382002062372834,False,0.07409753008233051,0.1950601646611781,1.6366100583487404,4.3083410083026745,XRP
1163,2020-03-19 23:00:00+00:00,2020-03-20 00:00:00+00:00,1,1,-0.024238552787663143,False,0.028469750889679707,0.004151838671411662,1.3262997597345232,0.1934187149612864,XRP
1164,2020-04-06 07:00:00+00:00,2020-04-07 00:00:00+00:00,1,17,0.062245654833572715,False,0.009154550350026963,0.06838987614431874,1.1622032661940602,8.682342047449701,XRP
1165,2020-04-10 16:00:00+00:00,2020-04-11 00:00:00+00:00,-1,8,-0.03357186456469058,False,0.04400440044004405,0.004950495049504864,3.090146558801924,0.34764148786521004,XRP
1166,2020-04-16 23:00:00+00:00,2020-04-17 00:00:00+00:00,1,1,-0.011580395215808524,False,0.015600624024961013,0.004680187207488361,1.2086444874711844,0.36259334624135975,XRP
1167,2020-04-28 10:00:00+00:00,2020-04-29 00:00:00+00:00,1,14,0.04027142606416225,False,0.007782101167315263,0.06031128404669258,0.7940637228219222,6.153993851869824,XRP
1168,2020-05-10 01:00:00+00:00,2020-05-11 00:00:00+00:00,-1,23,-0.00026820859164892194,False,0.020232675771370782,0.055639858371269516,0.7904863603255368,2.1738374908952207,XRP
1169,2020-05-18 05:00:00+00:00,2020-05-19 00:00:00+00:00,1,19,-0.011821706962451082,False,0.03375120540019289,0.002892960462873623,4.000873816642212,0.342932041426469,XRP
1170,2020-05-21 15:00:00+00:00,2020-05-22 00:00:00+00:00,-1,9,-0.007049528774874681,False,0.011387163561076498,0.018115942028985522,0.9686424109195554,1.5410220173720355,XRP
1171,2020-05-30 11:00:00+00:00,2020-05-31 00:00:00+00:00,1,13,0.012064144012537217,False,0.013698630136986287,0.019080234833659563,1.892374946491681,2.635807961184854,XRP
1172,2020-06-07 14:00:00+00:00,2020-06-08 00:00:00+00:00,-1,10,-0.019432301581836228,False,0.020020020020020037,0.0070070070070070685,3.00437611903281,1.0515316416614917,XRP
1173,2020-06-11 14:00:00+00:00,2020-06-12 00:00:00+00:00,-1,10,0.04309170117889455,False,0.002028397565922979,0.0684584178498985,0.3166186864975225,10.685880669291068,XRP
1174,2020-06-24 11:00:00+00:00,2020-06-25 00:00:00+00:00,-1,13,6.10458234879417e-05,False,0.00816993464052273,0.012527233115468541,1.0725006262996508,1.644500960326178,XRP
1175,2020-06-27 20:00:00+00:00,2020-06-28 00:00:00+00:00,-1,4,-0.022097082207572734,False,0.034402332361515964,0.005830903790087469,3.063134041510436,0.5191752612729568,XRP
1176,2020-07-06 08:00:00+00:00,2020-07-07 00:00:00+00:00,1,16,0.03560360706419386,False,0.0033003300330032423,0.04290429042904292,0.4732847455150935,6.152701691696325,XRP
1177,2020-07-08 04:00:00+00:00,2020-07-09 00:00:00+00:00,1,20,0.02649738935563664,False,0.022000000000000075,0.03499999999999989,1.904514929216952,3.029910114663313,XRP
1178,2020-07-16 10:00:00+00:00,2020-07-17 00:00:00+00:00,-1,14,-0.024995529826029535,False,0.025249868490268276,0.006312467122566959,2.6160145726215047,0.6540036431553647,XRP
1179,2020-07-25 20:00:00+00:00,2020-07-26 00:00:00+00:00,1,4,-0.010339022237613217,False,0.016612828795569877,0.0064605445316104505,1.7481313765603508,0.6798288686623526,XRP
1180,2020-07-29 22:00:00+00:00,2020-07-30 00:00:00+00:00,1,2,-0.027367807296764156,False,0.030824659727782165,0.0008006405124099509,2.0529881777130368,0.0533243682522883,XRP
1181,2020-08-01 20:00:00+00:00,2020-08-02 00:00:00+00:00,1,4,0.0005275452187141542,False,0.022375215146299504,0.026850258175559482,0.8164640490011444,0.9797568588013762,XRP
1182,2020-08-11 21:00:00+00:00,2020-08-12 00:00:00+00:00,-1,3,-0.029199825455476777,False,0.035195936139332314,0.016328011611030493,1.630813636462655,0.7565630272249448,XRP
1183,2020-08-25 17:00:00+00:00,2020-08-26 00:00:00+00:00,-1,7,-0.01139793209180423,False,0.016788321167883185,0.014233576642335818,1.6104185606915289,1.36535486667326,XRP
1184,2020-08-27 15:00:00+00:00,2020-08-28 00:00:00+00:00,-1,9,-0.005937780530454618,False,0.01024667931688797,0.037950664136622424,0.8094497317405821,2.997961969409588,XRP
1185,2020-09-02 14:00:00+00:00,2020-09-03 00:00:00+00:00,-1,10,-0.00933599279014502,False,0.015699160277473628,0.02409638554216866,0.7521097895678833,1.154401072359999,XRP
1186,2020-09-17 01:00:00+00:00,2020-09-18 00:00:00+00:00,1,23,-0.01791401543834445,False,0.040951638065522655,0.006240249609984361,3.4118619067446305,0.5199027667420354,XRP
1187,2020-09-21 12:00:00+00:00,2020-09-22 00:00:00+00:00,-1,12,0.028446455782227546,False,0.0037831021437579313,0.03741067675493901,0.38000997987272656,3.7578764676302425,XRP
1188,2020-10-01 17:00:00+00:00,2020-10-02 00:00:00+00:00,-1,7,-0.01264239714161337,False,0.01315789473684207,0.005093378607809875,1.6789164633907068,0.6499031471189887,XRP
1189,2020-10-02 11:00:00+00:00,2020-10-03 00:00:00+00:00,-1,13,-0.01489985028367995,False,0.014737754659731315,0.008669267446900745,1.5504608814923992,0.9120358126425847,XRP
1190,2020-10-04 17:00:00+00:00,2020-10-05 00:00:00+00:00,1,7,0.02164880054513289,False,0.00453795379537961,0.032590759075907666,0.571093419813428,4.101489105932745,XRP
1191,2020-10-14 16:00:00+00:00,2020-10-15 00:00:00+00:00,-1,8,-0.006209025306415174,False,0.008870967741935402,0.008064516129032265,0.8198539240324054,0.7453217491203761,XRP
1192,2020-10-21 14:00:00+00:00,2020-10-22 00:00:00+00:00,1,10,-0.004392071033952516,False,0.0059594755661501846,0.016289233214144015,0.6727914034208867,1.8389631693504438,XRP
1193,2020-10-22 11:00:00+00:00,2020-10-23 00:00:00+00:00,1,13,-0.01828162758780988,False,0.23488905891354248,0.0103289977046671,24.18162178686622,1.0633612186406889,XRP
1194,2020-11-05 23:00:00+00:00,2020-11-06 00:00:00+00:00,1,1,-0.004542062525375444,False,0.006496142915144094,0.0020300446609825434,0.7098607256093774,0.22183147675293197,XRP
1195,2020-11-06 11:00:00+00:00,2020-11-07 00:00:00+00:00,1,13,-0.004029946036924346,False,0.07093292212798777,0.009252120277563445,6.223150169546059,0.8117152395059922,XRP
1196,2020-11-13 19:00:00+00:00,2020-11-14 00:00:00+00:00,1,5,-0.00042811161465823176,False,0.009778112072207771,0.0011282437006392137,0.9787781917128353,0.11293594519762037,XRP
1197,2020-11-16 18:00:00+00:00,2020-11-17 00:00:00+00:00,1,6,-0.0014893341042378592,False,0.020450606585788428,0.00762564991334501,1.6443667057667015,0.6131536868960721,XRP
1198,2020-11-21 09:00:00+00:00,2020-11-22 00:00:00+00:00,1,15,0.20016214502000484,False,0.046121593291404625,0.23663522012578614,2.0354199140184255,10.443091945219532,XRP
1199,2020-11-23 23:00:00+00:00,2020-11-24 00:00:00+00:00,1,1,0.01834638833664685,False,0.025513585155732404,0.029821073558648138,0.6027759844638316,0.7045433584642158,XRP
1200,2020-12-04 22:00:00+00:00,2020-12-05 00:00:00+00:00,-1,2,0.005867534435510524,False,0.009684361549497778,0.027977044476327022,0.39466418238316037,1.1401409713291344,XRP
1201,2020-12-16 17:00:00+00:00,2020-12-17 00:00:00+00:00,1,7,0.07295330927839909,False,0.04347826086956525,0.08676748582230612,1.6328092250975248,3.25851927965114,XRP
1202,2020-12-22 22:00:00+00:00,2020-12-23 00:00:00+00:00,-1,2,-0.04885602511312208,False,0.06870588235294119,0.020235294117647053,1.5169401735995842,0.4467700511286445,XRP
1203,2020-12-23 11:00:00+00:00,2020-12-24 00:00:00+00:00,-1,13,0.166915398587737,False,0.18395926161680465,0.32813494589433473,2.3327963114994317,4.161095150788776,XRP
1204,2021-01-04 07:00:00+00:00,2021-01-05 00:00:00+00:00,1,17,-0.09080270396590492,False,0.16621464548624562,0.000774893452150244,5.24158900071308,0.02443631235763405,XRP
1205,2021-01-07 05:00:00+00:00,2021-01-08 00:00:00+00:00,1,19,0.11678219801527738,False,0.05479452054794507,0.27465753424657535,1.2743245357092414,6.387551735242589,XRP
1206,2021-01-19 06:00:00+00:00,2021-01-20 00:00:00+00:00,1,18,-0.09254769738052625,False,0.09079601990049753,0.0254975124378109,4.507982761417583,1.265940364507675,XRP
1207,2021-01-27 12:00:00+00:00,2021-01-28 00:00:00+00:00,-1,12,0.003957821692495474,False,0.019421323820848036,0.032897344431232774,1.302027304009245,2.20547482107691,XRP
1208,2021-01-29 06:00:00+00:00,2021-01-30 00:00:00+00:00,1,18,-0.059092876863555244,False,0.09420772303595204,0.0009986684420773052,3.594673798393347,0.038106082668483574,XRP
1209,2021-01-30 11:00:00+00:00,2021-01-31 00:00:00+00:00,1,13,0.3059164780848377,False,0.08087138167711135,0.5517755893763056,2.3015103906965315,15.702925137999575,XRP
1210,2021-02-01 11:00:00+00:00,2021-02-01 14:00:00+00:00,1,3,-0.4054624470161955,False,0.4208281744394002,0.04237171550419597,7.149662359620509,0.7198744709915398,XRP
1211,2021-02-20 23:00:00+00:00,2021-02-21 00:00:00+00:00,-1,1,-0.02459080367852868,False,0.03718512594962028,0.003998400639744106,1.0893037254316094,0.11712943284210825,XRP
1212,2021-02-22 06:00:00+00:00,2021-02-23 00:00:00+00:00,1,18,-0.13002077987844177,False,0.22027649769585247,0.00015360983102916895,6.492565629154838,0.004527591094249739,XRP
1213,2021-02-23 09:00:00+00:00,2021-02-24 00:00:00+00:00,-1,15,-0.16349778677363497,False,0.18988269794721405,0.13905180840664713,2.213923492404164,1.6212644365224833,XRP
1214,2021-03-16 06:00:00+00:00,2021-03-17 00:00:00+00:00,1,18,-0.008102234711249958,False,0.030335628227194496,0.12155765920826161,1.6724816900973978,6.701788332659785,XRP
1215,2021-03-20 17:00:00+00:00,2021-03-21 00:00:00+00:00,1,7,0.007204867503603954,False,0.018007662835249186,0.05363984674329506,1.0307350263661137,3.0702745466224446,XRP
1216,2021-03-22 13:00:00+00:00,2021-03-23 00:00:00+00:00,1,11,-0.0571434552746435,False,0.07377900935226873,0.041565639071700765,2.9091306333740286,1.6389468357036807,XRP
1217,2021-03-24 23:00:00+00:00,2021-03-25 00:00:00+00:00,-1,1,-0.0033785222291797244,False,0.022333542058025437,0.008140262993112116,0.6612288321657238,0.24100863976133977,XRP
1218,2021-04-02 21:00:00+00:00,2021-04-03 00:00:00+00:00,1,3,0.0035169396107038076,False,0.018683862433862396,0.010416666666666621,1.0670575063112622,0.5949081672354811,XRP
1219,2021-04-05 05:00:00+00:00,2021-04-06 00:00:00+00:00,1,19,0.2624010030511228,False,0.0689509306260576,0.32839819514946417,2.5044358871320673,11.928080125011407,XRP
1220,2021-04-10 14:00:00+00:00,2021-04-11 00:00:00+00:00,1,10,0.09638290534793306,False,0.023887512982344043,0.12351202364783899,0.7388833585344501,3.8204470645292936,XRP
1221,2021-04-13 17:00:00+00:00,2021-04-14 00:00:00+00:00,1,7,-0.007364127298754974,False,0.08036745695582821,0.04241157379393803,2.314924881742617,1.2216338698313178,XRP
1222,2021-04-18 12:00:00+00:00,2021-04-19 00:00:00+00:00,-1,12,-0.17923869964722158,False,0.228956228956229,0.01186868686868687,3.106316743182456,0.1610259782311494,XRP
1223,2021-04-26 19:00:00+00:00,2021-04-27 00:00:00+00:00,1,5,0.018208810847277858,False,0.08738732027117631,0.02555315503240706,2.496123608382927,0.7298980372338826,XRP
1224,2021-05-18 12:00:00+00:00,2021-05-19 00:00:00+00:00,1,12,-0.05123215861906543,False,0.09085471619115972,0.008971828458639945,2.9661080047889943,0.2929007246335438,XRP
1225,2021-05-19 12:00:00+00:00,2021-05-20 00:00:00+00:00,-1,12,0.14831798804666588,False,0.03273296789350044,0.34917776037588094,0.5041760831963429,5.378280275053802,XRP
1226,2021-06-21 11:00:00+00:00,2021-06-22 00:00:00+00:00,-1,13,0.09065053201328836,False,0.03140421713772995,0.09780170480035894,1.0948843284671368,3.4097826229405097,XRP
1227,2021-06-29 12:00:00+00:00,2021-06-30 00:00:00+00:00,1,12,-0.01256631667662108,False,0.03259197090502167,0.027136662470275526,1.7700880157654466,1.4738071890922588,XRP
1228,2021-07-05 12:00:00+00:00,2021-07-06 00:00:00+00:00,-1,12,-0.007163213677388732,False,0.03097549699491448,0.0036985668053630275,2.1780988727955335,0.2600715071994741,XRP
1229,2021-07-14 04:00:00+00:00,2021-07-14 15:00:00+00:00,-1,11,-0.04951073426419511,False,0.05167173252279648,0.002870651806821891,3.4050652185404613,0.1891702899189056,XRP
1230,2021-07-26 02:00:00+00:00,2021-07-27 00:00:00+00:00,1,22,-0.04352438775840826,False,0.055000768167153255,0.0434782608695652,4.20332940505547,3.3227436358399327,XRP
1231,2021-07-28 08:00:00+00:00,2021-07-29 00:00:00+00:00,1,16,0.006914264328257837,False,0.054172968513680725,0.037948576928365285,2.458799059317305,1.7224074628720254,XRP
1232,2021-08-02 07:00:00+00:00,2021-08-03 00:00:00+00:00,1,17,-0.03928533858710191,False,0.04604748238977303,0.0036524915210018587,2.5556368082174563,0.2027134012183836,XRP
1233,2021-08-07 10:00:00+00:00,2021-08-08 00:00:00+00:00,1,14,0.028904903878109563,False,0.030895334174022796,0.034047919293820825,2.4637424118937483,2.7151446988216645,XRP
1234,2021-08-11 15:00:00+00:00,2021-08-12 00:00:00+00:00,1,9,0.08787886581001328,False,0.011940619621342512,0.1755593803786575,0.6609601393594005,9.717900427338215,XRP
1235,2021-08-24 16:00:00+00:00,2021-08-25 00:00:00+00:00,-1,8,0.03756919159273668,False,0.0013529511246404733,0.05293421275156433,0.072458647857692,2.8349445974325107,XRP
1236,2021-08-31 17:00:00+00:00,2021-09-01 00:00:00+00:00,1,7,-0.015003794708360205,False,0.04395878344690041,0.01288017284360983,2.3706984766690287,0.6946280980788307,XRP
1237,2021-09-06 10:00:00+00:00,2021-09-07 00:00:00+00:00,1,14,0.001055068730948387,False,0.0552912341407151,0.02220299884659742,4.158576353256323,1.6699367885305672,XRP
1238,2021-09-07 15:00:00+00:00,2021-09-08 00:00:00+00:00,-1,9,-0.05182388817116554,False,0.07849322694377435,0.1678419001670069,1.9329119951673366,4.133141606687603,XRP
1239,2021-09-20 04:00:00+00:00,2021-09-21 00:00:00+00:00,-1,20,0.05924328734897684,False,0.013250433187238826,0.11324024054632553,0.7361855600409262,6.291555055426677,XRP
1240,2021-09-29 14:00:00+00:00,2021-09-30 00:00:00+00:00,1,10,-0.032399511928073874,False,0.052240368509212785,0.010887772194304821,3.327319673036104,0.693469430853213,XRP
1241,2021-10-01 16:00:00+00:00,2021-10-02 00:00:00+00:00,1,8,0.014855227856833944,False,0.005266237565828039,0.03393797542422464,0.2919280089143252,1.8813138352256231,XRP
1242,2021-10-06 09:00:00+00:00,2021-10-06 15:00:00+00:00,-1,6,-0.07020254754716176,False,0.07448154999513194,0.007788920260928836,5.263355028527899,0.5504162121336369,XRP
1243,2021-10-09 14:00:00+00:00,2021-10-10 00:00:00+00:00,1,10,0.03444773210640977,False,0.0048166978860048806,0.07840513781107848,0.42455765619738645,6.91085518143515,XRP
1244,2021-10-17 21:00:00+00:00,2021-10-18 00:00:00+00:00,-1,3,-0.03564686200023344,False,0.03514739229024934,0.0014172335600907567,2.265783996144263,0.09136225790904658,XRP
1245,2021-10-26 21:00:00+00:00,2021-10-27 00:00:00+00:00,1,3,-0.047018220342883346,False,0.06066873491899346,0.0017235436056532243,5.39165024902842,0.1531718820746711,XRP
1246,2021-10-27 09:00:00+00:00,2021-10-28 00:00:00+00:00,-1,15,0.03540852273758649,False,0.0011615526086536541,0.04142870970864384,0.04646401532666948,1.6572165466510853,XRP
1247,2021-11-03 05:00:00+00:00,2021-11-04 00:00:00+00:00,1,19,0.002879825295306529,False,0.052160212289576215,0.026121568952649544,3.656040875096803,1.8309266703585005,XRP
1248,2021-11-16 04:00:00+00:00,2021-11-17 00:00:00+00:00,-1,20,0.029039240709330796,False,0.010598503740648399,0.07980049875311732,0.7202949079497366,5.423396953974485,XRP
1249,2021-11-26 09:00:00+00:00,2021-11-27 00:00:00+00:00,-1,15,0.004020080965398799,False,0.017675698560541964,0.019051651143099087,0.8677548514337426,0.9353046302878647,XRP
1250,2021-12-03 20:00:00+00:00,2021-12-04 00:00:00+00:00,-1,4,0.005937484266212923,False,0.00527846601314232,0.04621350856404185,0.45058629638669906,3.944929003059051,XRP
1251,2021-12-04 05:00:00+00:00,2021-12-05 00:00:00+00:00,-1,19,-0.03490467517914132,False,0.03839166767591142,0.3019256388518832,1.4754209020893823,11.603231258387453,XRP
1252,2021-12-20 03:00:00+00:00,2021-12-20 13:00:00+00:00,1,10,-0.07145848591225397,False,0.07230666070630318,0.022463120250335276,4.8596131056302045,1.5097097901571408,XRP
1253,2021-12-28 18:00:00+00:00,2021-12-29 00:00:00+00:00,-1,6,0.013181766622741665,False,0.0056699838000463035,0.022217079379773196,0.3872094306498776,1.5172287894852297,XRP
1254,2022-01-05 21:00:00+00:00,2022-01-06 00:00:00+00:00,-1,3,0.019904076946555542,False,0.014571718195641098,0.10364926507856055,1.1481159916762238,8.166598966879606,XRP
1255,2022-01-17 22:00:00+00:00,2022-01-18 00:00:00+00:00,-1,2,-0.013265908644498791,False,0.015413234121711325,0.002790326866861682,1.8063348078076757,0.32700888762037256,XRP
1256,2022-01-21 13:00:00+00:00,2022-01-22 00:00:00+00:00,-1,11,0.05609877088768858,False,0.016733303716866543,0.0977343402932031,0.9805439582207481,5.727070906422085,XRP
1257,2022-02-07 08:00:00+00:00,2022-02-08 00:00:00+00:00,1,16,0.09497210790500143,False,0.009801324503311209,0.11086092715231788,0.5963288208297713,6.744962473439475,XRP
1258,2022-02-17 19:00:00+00:00,2022-02-18 00:00:00+00:00,-1,5,0.019369960498657853,False,0.0,0.04015296367112808,0.0,2.430783518528351,XRP
1259,2022-03-09 16:00:00+00:00,2022-03-10 00:00:00+00:00,1,8,-0.0025454133384476873,False,0.01395773545525689,0.011087920688755627,1.216364358536579,0.9662707521085108,XRP
1260,2022-03-11 22:00:00+00:00,2022-03-12 00:00:00+00:00,1,2,-0.008290773662971773,False,0.02723109295704903,0.005817551677187818,1.7081848978970933,0.3649304100052925,XRP
1261,2022-03-21 20:00:00+00:00,2022-03-22 00:00:00+00:00,1,4,-0.012925172762584824,False,0.016770993267981565,0.009448446911538923,1.5034251278103723,0.8470000720058447,XRP
1262,2022-03-27 22:00:00+00:00,2022-03-28 00:00:00+00:00,1,2,0.004850980057026711,False,0.0036372169423911672,0.006805115569635137,0.5146753701941207,0.9629410152019102,XRP
1263,2022-03-28 14:00:00+00:00,2022-03-29 00:00:00+00:00,1,10,-0.03470468312880912,False,0.048897840438626015,0.02092424751035016,4.89032061333018,2.0926543585646207,XRP
1264,2022-03-31 16:00:00+00:00,2022-04-01 00:00:00+00:00,-1,8,0.008472613900842817,False,0.0013364111286599317,0.028064633701858837,0.08266658124241863,1.7359982060908081,XRP
1265,2022-04-06 14:00:00+00:00,2022-04-07 00:00:00+00:00,-1,10,0.021936121017999376,False,0.009262832883056715,0.027788498649170143,0.7123417015787453,2.1370251047362356,XRP
1266,2022-04-11 10:00:00+00:00,2022-04-12 00:00:00+00:00,-1,14,0.019985797319196745,False,0.014360129522736853,0.04392510206954808,1.3455297192216014,4.115737964677845,XRP
1267,2022-04-15 04:00:00+00:00,2022-04-16 00:00:00+00:00,1,20,-0.002668800267650903,False,0.029632455805672118,0.013989571410403167,2.090568989562307,0.9869639006517343,XRP
1268,2022-05-04 19:00:00+00:00,2022-05-05 00:00:00+00:00,1,5,0.0038839727368402033,False,0.007162877608221813,0.011834319526627298,0.5374531932447637,0.8879661453609107,XRP
1269,2022-05-05 19:00:00+00:00,2022-05-06 00:00:00+00:00,-1,5,-0.013846125550623322,False,0.019308943089430836,0.02083333333333348,1.2480175187761338,1.3465452176268948,XRP
1270,2022-05-09 19:00:00+00:00,2022-05-10 00:00:00+00:00,-1,5,-0.00307019621854335,False,0.0544483254571604,0.02075200328744606,1.8342731583972618,0.699100335841976,XRP
1271,2022-05-11 13:00:00+00:00,2022-05-12 00:00:00+00:00,-1,11,-0.014450441943930133,False,0.1688931297709923,0.13144083969465659,3.4703179753983586,2.7007700627747147,XRP
1272,2022-05-30 22:00:00+00:00,2022-05-31 00:00:00+00:00,1,2,0.0034446698016224364,False,0.012004801920768318,0.007202881152460991,1.1699619446919443,0.7019771668151666,XRP
1273,2022-06-07 02:00:00+00:00,2022-06-07 19:00:00+00:00,-1,17,-0.0476133475779013,False,0.04851612903225802,0.00851612903225813,4.386195146762139,0.7699172332082544,XRP
1274,2022-06-10 17:00:00+00:00,2022-06-11 00:00:00+00:00,-1,7,-0.001946707827701742,False,0.012335958005249297,0.004461942257217793,0.9714020975823032,0.3513582055084897,XRP
1275,2022-06-24 02:00:00+00:00,2022-06-25 00:00:00+00:00,1,22,0.01619447842443858,False,0.02383592017738358,0.07261640798226164,1.4224772577353495,4.333593506123973,XRP
1276,2022-07-10 16:00:00+00:00,2022-07-11 00:00:00+00:00,-1,8,-0.004825409717293182,False,0.019426456984273907,0.012334258402713549,1.5525655546589627,0.985755907719973,XRP
1277,2022-07-25 05:00:00+00:00,2022-07-26 00:00:00+00:00,-1,19,0.022284214184282326,False,0.014816966879721073,0.028181289947704784,1.2692467711028186,2.4140575842543806,XRP
1278,2022-07-30 17:00:00+00:00,2022-07-31 00:00:00+00:00,1,7,-0.04424997927150516,False,0.05038281057051117,0.0009878982464806409,3.0438848368863836,0.05968401640953872,XRP
1279,2022-08-08 09:00:00+00:00,2022-08-09 00:00:00+00:00,1,15,-0.012077552223781117,False,0.02875816993464055,0.005751633986928051,4.504288723371292,0.9008577446742492,XRP
1280,2022-08-09 12:00:00+00:00,2022-08-10 00:00:00+00:00,-1,12,0.001399698700831585,False,0.005700325732898998,0.023072747014115113,0.7156863017994289,2.8968255072834186,XRP
1281,2022-08-19 07:00:00+00:00,2022-08-20 00:00:00+00:00,-1,17,0.02129601256001523,False,0.015191352614665447,0.034180543382997336,0.7853690610679005,1.7670803874027803,XRP
1282,2022-08-26 09:00:00+00:00,2022-08-26 16:00:00+00:00,1,7,-0.08469416950083149,False,0.08355868036776647,0.0010816657652784098,7.318864773466791,0.09474258606428446,XRP
1283,2022-08-26 17:00:00+00:00,2022-08-27 00:00:00+00:00,-1,7,-0.013875722971469395,False,0.023582089552238693,0.008656716417910488,1.3485992068171027,0.495055405034131,XRP
1284,2022-09-05 11:00:00+00:00,2022-09-05 23:00:00+00:00,-1,12,-0.029439306972022926,False,0.030678648899907096,0.0006197706848465385,4.7673643715296254,0.09631039134402204,XRP
1285,2022-09-06 01:00:00+00:00,2022-09-06 14:00:00+00:00,1,13,-0.02723394934315531,False,0.03166226912928769,0.0052770448548811735,4.210057500353182,0.7016762500588493,XRP
1286,2022-09-06 18:00:00+00:00,2022-09-07 00:00:00+00:00,-1,6,0.010426455388315482,False,0.00030778701138808553,0.02431517389966149,0.027565705089941484,2.177690702105622,XRP
1287,2022-09-07 23:00:00+00:00,2022-09-08 00:00:00+00:00,1,1,-0.003970370370370467,False,0.004740740740740876,0.0026666666666665373,0.489161810607377,0.2751535184666284,XRP
1288,2022-09-13 13:00:00+00:00,2022-09-14 00:00:00+00:00,-1,11,0.029115515028934398,False,0.002916302128900557,0.03674540682414698,0.23988240551109438,3.022518309439786,XRP
1289,2022-09-16 23:00:00+00:00,2022-09-17 00:00:00+00:00,1,1,0.0004251093002258986,False,0.006489841986455894,0.010158013544018036,0.4747174546206457,0.7430360159279755,XRP
1290,2022-09-22 18:00:00+00:00,2022-09-23 00:00:00+00:00,1,6,0.07870076022843947,False,0.008240534521158211,0.1155902004454343,0.32444557875141694,4.551006901945506,XRP
1291,2022-11-04 09:00:00+00:00,2022-11-05 00:00:00+00:00,1,15,0.05153545965024389,False,0.0010407993338884273,0.056411323896752616,0.10343801793380664,5.606340572012305,XRP
1292,2022-11-08 19:00:00+00:00,2022-11-09 00:00:00+00:00,-1,5,-0.004697887449533144,False,0.015312422820449591,0.1869597431464559,0.5520424671780714,6.740260446028988,XRP
1293,2022-11-20 22:00:00+00:00,2022-11-21 00:00:00+00:00,-1,2,0.0016672361170369425,False,0.011052777010223828,0.010776457584968263,0.8541452063420916,0.8327915761835416,XRP
1294,2022-12-07 08:00:00+00:00,2022-12-08 00:00:00+00:00,-1,16,-0.01724586275360076,False,0.01750198886237071,0.0029169981437284272,1.8040740795553354,0.30067901325922003,XRP
1295,2022-12-16 17:00:00+00:00,2022-12-17 00:00:00+00:00,-1,7,0.017622793795416584,False,0.021240916713247612,0.04136389044158742,2.036563112613239,3.965938692983672,XRP
1296,2022-12-26 14:00:00+00:00,2022-12-27 00:00:00+00:00,1,10,0.025729819209758878,False,0.005621135469364816,0.03962900505902193,1.1522725741255464,8.123521647585097,XRP
1297,2023-01-02 02:00:00+00:00,2023-01-02 09:00:00+00:00,-1,7,-0.05749926627144348,False,0.06496305418719214,0.002463054187192018,4.960478607193697,0.18807501828221776,XRP
1298,2023-01-02 18:00:00+00:00,2023-01-03 00:00:00+00:00,1,6,-0.014328728331755313,False,0.015891032917139596,0.005959137343927329,1.1802231338032632,0.44258367517622227,XRP
1299,2023-01-09 16:00:00+00:00,2023-01-10 00:00:00+00:00,1,8,-0.020277576529724912,False,0.02561936936936936,0.0067567567567566374,2.2778040378764657,0.6007395264729036,XRP
1300,2023-01-11 05:00:00+00:00,2023-01-12 00:00:00+00:00,1,19,0.017804341242601236,False,0.024617067833698054,0.03610503282275724,2.411558870025431,3.5369530093706416,XRP
1301,2023-01-23 13:00:00+00:00,2023-01-24 00:00:00+00:00,1,11,-0.009994173371659053,False,0.03441816904706156,0.014282369468508534,2.5799689139779365,1.0705993452561502,XRP
1302,2023-01-30 10:00:00+00:00,2023-01-31 00:00:00+00:00,-1,14,0.013160474587037008,False,0.009771986970684075,0.03983963918817345,0.9819839147860705,4.003472883358587,XRP
1303,2023-02-05 17:00:00+00:00,2023-02-06 00:00:00+00:00,-1,7,-0.0006252271515118743,False,0.002257336343115154,0.013544018058690785,0.27371629794977476,1.6422977876986316,XRP
1304,2023-02-09 23:00:00+00:00,2023-02-10 00:00:00+00:00,-1,1,-0.016763607342378202,False,0.018888002128225577,0.0007980845969673383,1.0675140870020796,0.045106229028260295,XRP
1305,2023-02-15 21:00:00+00:00,2023-02-16 00:00:00+00:00,1,3,-0.0010880833224087936,False,0.00798004987531181,0.00349127182044877,0.9194705048270483,0.4022683458618167,XRP
1306,2023-02-20 15:00:00+00:00,2023-02-21 00:00:00+00:00,1,9,-0.025345074263662355,False,0.0274308106784227,0.0014695077149154774,2.922860046556412,0.15658178820837662,XRP
1307,2023-03-03 02:00:00+00:00,2023-03-04 00:00:00+00:00,-1,22,-0.046970045876501935,False,0.05606439078545655,0.002497918401332256,4.865652904120402,0.21678651553011985,XRP
1308,2023-03-08 14:00:00+00:00,2023-03-09 00:00:00+00:00,1,10,-0.01789444266513725,False,0.02985074626865666,0.008854034910194796,2.3899813809588255,0.7088927824877892,XRP
1309,2023-03-21 13:00:00+00:00,2023-03-22 00:00:00+00:00,1,11,0.1748568880182201,False,0.0,0.24544994944388276,0.0,20.61070110404603,XRP
1310,2023-03-27 12:00:00+00:00,2023-03-28 00:00:00+00:00,1,12,0.002445850556721787,False,0.049874266554903575,0.023889354568315098,3.3805406441219845,1.619250560629854,XRP
1311,2023-03-28 22:00:00+00:00,2023-03-29 00:00:00+00:00,1,2,-0.03031738072548102,False,0.03361027190332313,0.0015105740181269316,1.5942982736190394,0.07165385499411647,XRP
1312,2023-04-14 06:00:00+00:00,2023-04-15 00:00:00+00:00,1,18,-0.020939625533473366,False,0.04014256237103728,0.02644907146876759,5.03140186402594,3.3150825365778434,XRP
1313,2023-04-19 09:00:00+00:00,2023-04-20 00:00:00+00:00,-1,15,-0.008592208117360048,False,0.028917145200984533,0.007998359310910499,1.539329902706531,0.4257721007486087,XRP
1314,2023-04-26 20:00:00+00:00,2023-04-27 00:00:00+00:00,-1,4,-0.030375427580012944,False,0.030573532693595157,0.03860745369337198,2.0849268195070207,2.6327908012752883,XRP
1315,2023-05-06 15:00:00+00:00,2023-05-07 00:00:00+00:00,-1,9,-0.011947663001386739,False,0.01345984112974403,0.004633715798764322,2.0914224220659556,0.7199978830063101,XRP
1316,2023-05-08 09:00:00+00:00,2023-05-09 00:00:00+00:00,-1,15,0.006992294548051177,False,0.012505789717461696,0.05812876331635019,1.1758928013703214,5.465723947110241,XRP
1317,2023-05-24 14:00:00+00:00,2023-05-25 00:00:00+00:00,-1,10,-0.0076114508183027785,False,0.009775605421017585,0.010442123972450526,1.1726353256613187,1.2525877342291267,XRP
1318,2023-05-30 18:00:00+00:00,2023-05-31 00:00:00+00:00,1,6,-0.008809907789554771,False,0.03759541984732834,0.00992366412213737,2.915010961547645,0.769444517768917,XRP
1319,2023-06-04 21:00:00+00:00,2023-06-05 00:00:00+00:00,1,3,-0.01890347772177676,False,0.02147577092511001,0.0014684287812041538,2.6790489474955765,0.18318283401679786,XRP
1320,2023-06-05 16:00:00+00:00,2023-06-06 00:00:00+00:00,-1,8,-0.010884493972826374,False,0.016471522127406178,0.04425481246279032,1.090693302410537,2.9304169450307347,XRP
1321,2023-06-10 05:00:00+00:00,2023-06-11 00:00:00+00:00,-1,19,-0.017876187156300974,False,0.024429315178213944,0.058870644773728546,1.4341422524231715,3.456047723052553,XRP
1322,2023-06-14 21:00:00+00:00,2023-06-15 00:00:00+00:00,-1,3,-0.029527930803630704,False,0.031276778063410456,0.005141388174807226,1.5768721910183334,0.2592118670167138,XRP
1323,2023-06-28 18:00:00+00:00,2023-06-29 00:00:00+00:00,-1,6,0.003814677766032951,False,0.009629788144660827,0.05713674299165419,1.2234295353863467,7.259015243292317,XRP
1324,2023-07-13 16:00:00+00:00,2023-07-14 00:00:00+00:00,1,8,0.34269686353775053,False,0.016725798276735968,0.6303429633384018,0.6939439600346259,26.15257489787055,XRP
1325,2023-08-15 19:00:00+00:00,2023-08-16 00:00:00+00:00,-1,5,0.01647492921309247,False,0.00016092693916977795,0.08110717734148697,0.028084181365708377,14.154427408302865,XRP
1326,2023-08-17 22:00:00+00:00,2023-08-18 00:00:00+00:00,-1,2,-0.047223236793684065,False,0.07069036792062837,0.000620090946672225,1.9082089954548052,0.01673867539872761,XRP
1327,2023-08-29 15:00:00+00:00,2023-08-30 00:00:00+00:00,1,9,-0.004077545034736993,False,0.015896487985212666,0.005914972273567432,1.760393199903242,0.6550300278709659,XRP
1328,2023-09-11 08:00:00+00:00,2023-09-12 00:00:00+00:00,-1,16,0.021388851159754696,False,0.0,0.058932618998557625,0.0,7.808970989613373,XRP
1329,2023-09-19 20:00:00+00:00,2023-09-20 00:00:00+00:00,1,4,-0.005022376792288591,False,0.008928571428571307,0.0001940993788819662,1.161769016823185,0.02525584819180593,XRP
1330,2023-09-29 13:00:00+00:00,2023-09-30 00:00:00+00:00,1,11,-0.03131045185584229,False,0.038547486033519644,0.0042830540037243365,3.965500273159906,0.4406111414622047,XRP
1331,2023-10-09 10:00:00+00:00,2023-10-10 00:00:00+00:00,-1,14,-0.005522550226732075,False,0.0121878121878124,0.02077922077922071,1.3790014691168793,2.3510844719369257,XRP
1332,2023-10-16 23:00:00+00:00,2023-10-17 00:00:00+00:00,1,1,-0.0036191731988761285,False,0.004415011037527664,0.0010034115994380904,0.61121203375779,0.1389118258540411,XRP
1333,2023-10-19 22:00:00+00:00,2023-10-20 00:00:00+00:00,1,2,0.025250877044843266,False,0.0049436424757762654,0.03658295432074345,0.5199003878745259,3.8472628702713947,XRP
1334,2023-10-24 14:00:00+00:00,2023-10-25 00:00:00+00:00,1,10,-0.033662275486749035,False,0.08419958419958434,0.005890505890505818,5.3493371680411235,0.37423346443085526,XRP
1335,2023-10-30 15:00:00+00:00,2023-10-31 00:00:00+00:00,1,9,-0.007675139124105743,False,0.022332932485827007,0.003779419343755525,2.356587592620903,0.39880713105894156,XRP
1336,2023-11-05 12:00:00+00:00,2023-11-06 00:00:00+00:00,1,12,0.02128116008619147,False,0.028938409161250463,0.02677189724543482,2.9256828499992817,2.7066477703201812,XRP
1337,2023-11-06 14:00:00+00:00,2023-11-07 00:00:00+00:00,1,10,-0.009173218615366132,False,0.02330743618202003,0.017341842397336233,1.4324532105604104,1.0658134007145852,XRP
1338,2023-11-13 21:00:00+00:00,2023-11-13 22:00:00+00:00,1,1,-0.08226778900112236,False,0.10213243546576876,0.05709876543209871,6.210615020971696,3.4721432878234593,XRP
1339,2023-11-21 23:00:00+00:00,2023-11-22 00:00:00+00:00,-1,1,0.0012576697690452345,False,0.006894174422612897,0.005170630816959673,0.4552434936928709,0.3414326202696532,XRP
1340,2023-11-27 15:00:00+00:00,2023-11-28 00:00:00+00:00,-1,9,-0.009794274498909726,False,0.010688042752170944,0.009352037408149714,1.2318381913245033,1.0778584174089565,XRP
1341,2023-12-11 03:00:00+00:00,2023-12-12 00:00:00+00:00,-1,21,0.0028898276293634834,False,0.013833038442978833,0.032330706128357735,0.7615517103895568,1.779905741724442,XRP
1342,2023-12-25 10:00:00+00:00,2023-12-26 00:00:00+00:00,1,14,0.004560258988835168,False,0.01635004671441911,0.011834319526627298,1.7597048510833448,1.273691130307959,XRP
1343,2024-01-03 13:00:00+00:00,2024-01-04 00:00:00+00:00,-1,11,-0.03760540326438693,False,0.04982206405693934,0.033274021352313256,1.7892651389277576,1.194973503498188,XRP
1344,2024-01-10 22:00:00+00:00,2024-01-11 00:00:00+00:00,1,2,0.0014640247503754722,False,0.00951109627899222,0.026197230101785308,0.5365310136202373,1.4778134936557252,XRP
1345,2024-01-18 20:00:00+00:00,2024-01-19 00:00:00+00:00,-1,4,-0.011353174410056843,False,0.011157856228278754,0.0014633254069872177,1.2786378436149337,0.16769020899866152,XRP
1346,2024-01-23 14:00:00+00:00,2024-01-24 00:00:00+00:00,-1,10,-0.03376229647594713,False,0.03508771929824551,0.011562998405103721,2.9729281523868027,0.9797149593092946,XRP
1347,2024-01-30 20:00:00+00:00,2024-01-31 00:00:00+00:00,-1,4,0.005894463450200006,False,0.003693623639191316,0.015357698289269087,0.4371250912658924,1.8175201163160708,XRP
1348,2024-02-09 22:00:00+00:00,2024-02-10 00:00:00+00:00,1,2,-0.004629715561002177,False,0.007771038665655787,0.000758150113722644,1.134484939286507,0.11068145749138528,XRP
1349,2024-02-13 15:00:00+00:00,2024-02-14 00:00:00+00:00,-1,9,-0.015081350034202124,False,0.022591233828924372,0.003282486966595935,2.745020214401976,0.3988490909814942,XRP
1350,2024-02-14 20:00:00+00:00,2024-02-15 00:00:00+00:00,1,4,-0.003180207890866558,False,0.002041573867854473,0.0064959168522644006,0.271453393986926,0.8637153445038778,XRP
1351,2024-02-15 21:00:00+00:00,2024-02-16 00:00:00+00:00,1,3,0.002243165343178887,False,0.005175798679278982,0.02998393717651245,0.46890090811325774,2.716391467690572,XRP
1352,2024-02-21 10:00:00+00:00,2024-02-22 00:00:00+00:00,-1,14,-0.02224373148455033,False,0.021549321939439075,0.009845810886122927,1.8741249226842656,0.856281214674699,XRP
1353,2024-02-27 18:00:00+00:00,2024-02-28 00:00:00+00:00,1,6,0.0199566738120223,False,0.004177545691905931,0.04038294168842471,0.36462324926608364,3.5246914095722035,XRP
1354,2024-03-05 20:00:00+00:00,2024-03-06 00:00:00+00:00,-1,4,-0.043036411322300905,False,0.048793376783512525,0.016205742469614207,1.4219466186956204,0.4722710791335617,XRP
1355,2024-03-11 16:00:00+00:00,2024-03-12 00:00:00+00:00,1,8,0.04166192015984397,False,0.02162318004901256,0.07467204843592341,1.2067843062197918,4.16742847081235,XRP
1356,2024-03-19 09:00:00+00:00,2024-03-20 00:00:00+00:00,-1,15,-0.009290402210827779,False,0.05268595041322326,0.01652892561983461,2.1436247876009515,0.6725097372865674,XRP
1357,2024-04-01 06:00:00+00:00,2024-04-02 00:00:00+00:00,-1,18,-0.008503926145116834,False,0.015648163399769502,0.019930818646022072,1.7966448021601527,2.288358116435547,XRP
1358,2024-04-02 14:00:00+00:00,2024-04-03 00:00:00+00:00,-1,10,-0.003865977251331058,False,0.01762491444216286,0.007529089664613399,1.3167914007309602,0.5625128313802263,XRP
1359,2024-04-08 17:00:00+00:00,2024-04-09 00:00:00+00:00,1,7,-0.005963595025551129,False,0.0042084817092911085,0.015053415344771729,0.4220783308691576,1.5097417219550322,XRP
1360,2024-04-12 18:00:00+00:00,2024-04-13 00:00:00+00:00,-1,6,0.044594147233305736,False,0.0038274182324286358,0.14631176061238685,0.31351588439185474,11.984857216979643,XRP
1361,2024-04-13 21:00:00+00:00,2024-04-14 00:00:00+00:00,-1,3,-0.10907943460887419,False,0.11786542923433878,0.0,2.7628820542255568,0.0,XRP
1362,2024-04-19 02:00:00+00:00,2024-04-19 16:00:00+00:00,-1,14,-0.04977211268189603,False,0.05089695452649152,0.02795160617438458,3.7360449648445018,2.051762398726071,XRP
1363,2024-04-20 21:00:00+00:00,2024-04-21 00:00:00+00:00,1,3,-0.0013024302199373327,False,0.004353586977096288,0.0026500094643194336,0.407730879643194,0.24818401369585288,XRP
1364,2024-04-30 13:00:00+00:00,2024-05-01 00:00:00+00:00,-1,11,-0.012378535822388546,False,0.014138557867097569,0.019390022217733786,1.2647965579118858,1.7345781365648698,XRP
1365,2024-05-06 16:00:00+00:00,2024-05-07 00:00:00+00:00,1,8,-0.036871843356125276,False,0.03719599427753941,0.0193133047210299,3.1108466690291965,1.6152473089189907,XRP
1366,2024-05-15 18:00:00+00:00,2024-05-16 00:00:00+00:00,1,6,0.006945699512403026,False,0.0013613380007779735,0.009918319719953312,0.17612307539738595,1.2831824064666049,XRP
1367,2024-05-20 20:00:00+00:00,2024-05-21 00:00:00+00:00,1,4,0.006002039469109189,False,0.009741476208317897,0.00824278756088415,1.2337486203962529,1.0439411403352625,XRP
1368,2024-06-04 16:00:00+00:00,2024-06-05 00:00:00+00:00,1,8,-0.009073445236187548,False,0.010190602000377564,0.0018871485185884143,1.6879108895710169,0.31257609066129555,XRP
1369,2024-06-07 19:00:00+00:00,2024-06-08 00:00:00+00:00,-1,5,-0.01907590995181335,False,0.025494595145829108,0.008158270446665315,1.6262960781100921,0.5204147449952296,XRP
1370,2024-06-17 15:00:00+00:00,2024-06-18 00:00:00+00:00,1,9,-0.020380395924004552,False,0.039883268482490304,0.012256809338521347,3.088833237542909,0.9492511900741574,XRP
1371,2024-07-02 12:00:00+00:00,2024-07-03 00:00:00+00:00,1,12,-0.003414143334163432,False,0.010903106356716666,0.0057601316601522835,1.9705363529444264,1.0410380732536741,XRP
1372,2024-07-03 15:00:00+00:00,2024-07-04 00:00:00+00:00,-1,9,0.011199614140188403,False,0.0031725888324873126,0.025803722504230093,0.42248349413127806,3.436199085601055,XRP
1373,2024-07-04 13:00:00+00:00,2024-07-05 00:00:00+00:00,-1,11,0.029849009523836012,False,0.0011195700850873274,0.034930586654724594,0.09669913271942436,3.017012940846038,XRP
1374,2024-07-13 07:00:00+00:00,2024-07-14 00:00:00+00:00,1,17,0.029545442941520842,False,0.008423114593535692,0.1083251714005877,0.625358181886887,8.04239708333607,XRP
1375,2024-07-24 11:00:00+00:00,2024-07-25 00:00:00+00:00,1,13,-0.015148395015736572,False,0.03258265452803062,0.010701165947931704,2.3585786171157785,0.7746312124841094,XRP
1376,2024-07-30 11:00:00+00:00,2024-07-31 00:00:00+00:00,1,13,0.005064524628610979,False,0.01957009945460377,0.0224574911774142,1.5005779447668586,1.7219746907160705,XRP
1377,2024-08-01 18:00:00+00:00,2024-08-02 00:00:00+00:00,-1,6,-0.027533183899579303,False,0.03218034761658932,0.023748064016520264,1.8601056757601668,1.3726983061759406,XRP
1378,2024-08-05 13:00:00+00:00,2024-08-06 00:00:00+00:00,-1,11,-0.10903497024848412,False,0.13442325158946405,0.020208900999091776,3.8889461522346704,0.5846557559947408,XRP
1379,2024-08-07 21:00:00+00:00,2024-08-08 00:00:00+00:00,1,3,-0.0028419914133735553,False,0.01828457446808512,0.0706449468085106,0.5938194487781058,2.2943024157335876,XRP
1380,2024-08-19 10:00:00+00:00,2024-08-20 00:00:00+00:00,1,14,0.029050268227193924,False,0.010685970355050145,0.04946570148224741,1.2961074562135448,5.999723224730339,XRP
1381,2024-09-01 23:00:00+00:00,2024-09-02 00:00:00+00:00,-1,1,-0.004719266055045645,False,0.007706422018348589,0.0047706422018349475,0.9540416840752058,0.5905972329989502,XRP
1382,2024-09-06 19:00:00+00:00,2024-09-07 00:00:00+00:00,-1,5,-0.017675408302230824,False,0.017362465860319976,0.020483808037456017,1.4551228971832435,1.7167180247667368,XRP
1383,2024-09-12 13:00:00+00:00,2024-09-13 00:00:00+00:00,1,11,-0.02645269455302459,False,0.0402288885035547,0.007629616785156858,3.686018617444235,0.6990724964118314,XRP
1384,2024-09-21 17:00:00+00:00,2024-09-22 00:00:00+00:00,1,7,-0.01346694682363899,False,0.017041694242223834,0.01389808074123091,2.59686724615352,2.1178334822999307,XRP
1385,2024-09-28 08:00:00+00:00,2024-09-29 00:00:00+00:00,1,16,0.008663320401566945,False,0.01958847736625518,0.030452674897119274,2.5248557462577437,3.925195908047737,XRP
1386,2024-09-29 16:00:00+00:00,2024-09-30 00:00:00+00:00,1,8,-0.02976150776425353,False,0.03456640388113998,0.0030321406913280803,2.5754440814993513,0.22591614749994396,XRP
1387,2024-10-02 22:00:00+00:00,2024-10-03 00:00:00+00:00,-1,2,0.00413095942030868,False,0.012384473197781751,0.026432532347504787,0.5360721923674153,1.1441540822170404,XRP
1388,2024-10-14 16:00:00+00:00,2024-10-15 00:00:00+00:00,1,8,-0.0027359011652965046,False,0.009107468123861574,0.0032786885245900048,1.382068421473494,0.49754463173043323,XRP
1389,2024-10-22 13:00:00+00:00,2024-10-23 00:00:00+00:00,-1,11,-0.0031575108284318137,False,0.00657030223390287,0.007696639759714648,0.8295951513692941,0.9718114630325836,XRP
1390,2024-10-31 15:00:00+00:00,2024-11-01 00:00:00+00:00,-1,9,0.000133761276293677,False,0.005486968449931462,0.014893200078385146,0.8738815164392969,2.3719641160494804,XRP
1391,2024-11-03 14:00:00+00:00,2024-11-04 00:00:00+00:00,-1,10,-0.01724411951714742,False,0.018986063421530933,0.007473237729751527,2.7914087178120126,1.0987459846706844,XRP
1392,2024-11-06 04:00:00+00:00,2024-11-07 00:00:00+00:00,1,20,0.013393200181448971,False,0.013670411985018883,0.02453183520599251,1.402840726136015,2.5174265085454226,XRP
1393,2024-11-10 13:00:00+00:00,2024-11-11 00:00:00+00:00,1,11,-0.03179861052852473,False,0.07312252964426877,0.01992753623188406,5.721422211320459,1.5592164134454407,XRP
1394,2024-11-12 09:00:00+00:00,2024-11-13 00:00:00+00:00,1,15,0.028215320062364137,False,0.11642139006265477,0.07882850065568982,5.0461814267265135,3.41675112873472,XRP
1395,2024-11-14 22:00:00+00:00,2024-11-15 00:00:00+00:00,1,2,-0.06530307682768859,False,0.08694599176556064,0.026640833131508865,2.72762729510595,0.835763238054749,XRP
1396,2024-11-16 14:00:00+00:00,2024-11-17 00:00:00+00:00,1,10,0.010256372571278925,False,0.04146887595163458,0.13748320644872367,1.1605727001418682,3.8476870296280063,XRP
1397,2024-11-21 19:00:00+00:00,2024-11-22 00:00:00+00:00,1,5,0.03076541182166372,False,0.03969566655640096,0.04722130334105187,1.5271377812384679,1.8166576522649236,XRP
1398,2024-11-22 04:00:00+00:00,2024-11-23 00:00:00+00:00,1,20,0.0628710962775755,False,0.02245001082797943,0.08539666498231435,0.7331468993574439,2.7887870801924737,XRP
1399,2024-11-29 15:00:00+00:00,2024-11-30 00:00:00+00:00,1,9,0.031753424909762684,False,0.03825857519788917,0.04175748537340827,1.7761782397824684,1.9386173291778663,XRP
1400,2024-12-09 21:00:00+00:00,2024-12-10 00:00:00+00:00,-1,3,0.02562865748676762,False,0.0213748515635308,0.11597836126138016,0.8451066531320085,4.585486099401457,XRP
1401,2024-12-17 11:00:00+00:00,2024-12-18 00:00:00+00:00,1,13,-0.03072365348323089,False,0.04615442817690005,0.032383762720841335,2.793678680021566,1.9601548771298851,XRP
1402,2024-12-18 21:00:00+00:00,2024-12-19 00:00:00+00:00,-1,3,0.00622733606601545,False,0.028352951284474733,0.022424606924993568,1.0409960274027055,0.8233332216730457,XRP
1403,2024-12-26 18:00:00+00:00,2024-12-27 00:00:00+00:00,-1,6,-0.003829896493604972,False,0.012974933730177097,0.009952099707017768,0.9742148469395848,0.747247230269088,XRP
1404,2025-01-01 16:00:00+00:00,2025-01-02 00:00:00+00:00,1,8,0.04472285763693775,False,0.007407407407407488,0.057104377104377,0.5542309956785233,4.2726171303216525,XRP
1405,2025-01-07 16:00:00+00:00,2025-01-08 00:00:00+00:00,-1,8,0.016886095709326258,False,0.01392552869437357,0.024261557756346416,0.9291124994865967,1.618733267739065,XRP
1406,2025-01-11 18:00:00+00:00,2025-01-12 00:00:00+00:00,1,6,0.03632051990840038,False,0.0036269847666639387,0.04932699282663025,0.24966050007252027,3.3953828009863227,XRP
1407,2025-01-15 16:00:00+00:00,2025-01-16 00:00:00+00:00,1,8,0.05523871955089395,False,0.033832688099646464,0.0769904056556135,1.4790104594777318,3.3656685779358977,XRP
1408,2025-01-20 11:00:00+00:00,2025-01-21 00:00:00+00:00,1,13,-0.06563083527550681,False,0.09929505332288972,0.01575585949267947,3.783636379946864,0.600376767813173,XRP
1409,2025-01-27 07:00:00+00:00,2025-01-27 23:00:00+00:00,-1,16,-0.06378432356525608,False,0.07045064603102351,0.07384712349872197,5.136949539858463,5.384605655845676,XRP
1410,2025-02-01 23:00:00+00:00,2025-02-02 00:00:00+00:00,-1,1,0.0013459674903823398,False,0.0046095726614217205,0.020309846463106008,0.3892084868244697,1.714858445707795,XRP
1411,2025-02-02 18:00:00+00:00,2025-02-03 00:00:00+00:00,-1,6,-0.004615366864608598,False,0.05620727159726549,0.048283095090118036,2.176541765728977,1.8696899894962755,XRP
1412,2025-02-03 02:00:00+00:00,2025-02-03 17:00:00+00:00,-1,15,-0.2307401612028506,False,0.26972774519620446,0.15910933104467653,4.174328626271168,2.4623890093453955,XRP
1413,2025-02-14 10:00:00+00:00,2025-02-15 00:00:00+00:00,1,14,-0.00736421461761546,False,0.027521603369399496,0.02940962893036089,1.6011904793558867,1.7110346811058919,XRP
1414,2025-02-18 17:00:00+00:00,2025-02-19 00:00:00+00:00,-1,7,-0.030141605414067962,False,0.030884774488935375,0.008675047190650164,1.8364145676471115,0.5158199565822785,XRP
1415,2025-02-24 15:00:00+00:00,2025-02-25 00:00:00+00:00,-1,9,0.06183305343738212,False,0.01877083933643431,0.08162845264067844,1.407689111010635,6.121595410381797,XRP
1416,2025-03-02 16:00:00+00:00,2025-03-03 00:00:00+00:00,1,8,0.12713431983025297,False,0.0014631141229015962,0.15759279223779454,0.06302900950272339,6.788887786701186,XRP
1417,2025-03-19 14:00:00+00:00,2025-03-20 00:00:00+00:00,1,10,0.008609107727639027,False,0.026856553475087225,0.023960647413519522,1.6708591531537067,1.4906926565802672,XRP
1418,2025-03-26 23:00:00+00:00,2025-03-27 00:00:00+00:00,-1,1,-0.004077044629511038,False,0.0035020286141362314,0.006875934230194227,0.34116471205265153,0.6698477882984908,XRP
1419,2025-03-28 08:00:00+00:00,2025-03-29 00:00:00+00:00,-1,16,0.004415596717823165,False,0.01121621621621608,0.030540540540540576,0.9188744318807558,2.5019954410247416,XRP
1420,2025-04-02 23:00:00+00:00,2025-04-03 00:00:00+00:00,-1,1,-0.004219272331002141,False,0.011159053712245183,0.009224817735456118,0.5145224624684356,0.42533856897391137,XRP
1421,2025-04-06 19:00:00+00:00,2025-04-07 00:00:00+00:00,-1,5,0.035715035383489996,False,0.007069440962647281,0.06673351717222362,0.562350327046746,5.308427555313608,XRP
1422,2025-04-07 07:00:00+00:00,2025-04-07 21:00:00+00:00,-1,14,-0.15951166478187054,False,0.21147105040493175,0.0026592529916597252,6.334075165071222,0.07965113096974713,XRP
1423,2025-04-21 02:00:00+00:00,2025-04-21 18:00:00+00:00,1,16,-0.023165348624469034,False,0.02805062334718555,0.010625236116358124,3.697282865391109,1.4004859338602633,XRP
1424,2025-04-22 15:00:00+00:00,2025-04-23 00:00:00+00:00,1,9,0.028314253848722905,False,0.006232558139534817,0.04679069767441862,0.7219753156251953,5.420202742678765,XRP
1425,2025-04-27 20:00:00+00:00,2025-04-28 00:00:00+00:00,1,4,-0.015809304668471035,False,0.016991460477337492,0.004729581782351521,1.7062594183033284,0.4749381885998803,XRP
1426,2020-07-18 02:00:00+00:00,2020-07-19 00:00:00+00:00,1,22,-0.0177934731497935,False,0.044869962846527583,0.051157473563875365,2.0060345976643004,2.2871349871459206,DOGE
1427,2020-07-27 14:00:00+00:00,2020-07-28 00:00:00+00:00,-1,10,-0.019182354638102403,False,0.031219826198905655,0.03476021886063728,2.8639646268316477,3.1887441205960663,DOGE
1428,2020-08-01 08:00:00+00:00,2020-08-02 00:00:00+00:00,1,16,0.088059635673448,False,0.0008805400645729277,0.13648371000880544,0.08769880884492842,13.593315370964069,DOGE
1429,2020-08-11 21:00:00+00:00,2020-08-12 00:00:00+00:00,-1,3,-0.01887927682673915,False,0.02246854403834631,0.00449370880766921,1.5145594866760916,0.30291189733521484,DOGE
1430,2020-08-17 08:00:00+00:00,2020-08-18 00:00:00+00:00,1,16,-0.03465556082333106,False,0.04340792666486927,0.008358047991372278,3.918523184496448,0.7544982529154591,DOGE
1431,2020-08-25 17:00:00+00:00,2020-08-26 00:00:00+00:00,-1,7,-0.01326265293049772,False,0.023377422331590316,0.013841894801599478,2.1061308159689323,1.2470511410342315,DOGE
1432,2020-09-02 12:00:00+00:00,2020-09-03 00:00:00+00:00,-1,12,-0.004521567637153,False,0.009330759330759313,0.018661518661518627,0.7449560031911701,1.4899120063823401,DOGE
1433,2020-09-03 17:00:00+00:00,2020-09-04 00:00:00+00:00,-1,7,0.04092959256265698,False,0.020804438280166492,0.06622746185852973,1.1812956900453508,3.7604579466443515,DOGE
1434,2020-09-15 07:00:00+00:00,2020-09-16 00:00:00+00:00,1,17,-0.010415776997784175,False,0.034676007005253834,0.005954465849387071,3.8465357552324164,0.660516240797491,DOGE
1435,2020-09-20 16:00:00+00:00,2020-09-21 00:00:00+00:00,-1,8,-0.014877160724102766,False,0.01607012417823236,0.006574141709276767,2.130675111243924,0.8716398182361365,DOGE
1436,2020-09-21 10:00:00+00:00,2020-09-22 00:00:00+00:00,-1,14,0.04053578063602213,False,0.007016248153618877,0.05686853766617432,0.821232442056588,6.6563050566692175,DOGE
1437,2020-10-04 13:00:00+00:00,2020-10-05 00:00:00+00:00,1,11,-0.01404081985839213,False,0.022113943028485607,0.0037481259370314942,3.1961872507230122,0.5417266526649225,DOGE
1438,2020-10-09 14:00:00+00:00,2020-10-10 00:00:00+00:00,1,10,-0.003179081390701852,False,0.011299435028248454,0.006403013182674233,1.5659942377663516,0.887396734734281,DOGE
1439,2020-10-15 10:00:00+00:00,2020-10-16 00:00:00+00:00,-1,14,-0.005410331580996962,False,0.011614401858304329,0.00580720092915208,2.0661655782165433,1.0330827891082566,DOGE
1440,2020-10-21 04:00:00+00:00,2020-10-22 00:00:00+00:00,1,20,0.0011470850224949555,False,0.007251908396946534,0.017175572519083932,1.337043921436636,3.1666829718236182,DOGE
1441,2020-10-22 02:00:00+00:00,2020-10-23 00:00:00+00:00,1,22,-0.014050648057383075,False,0.01565995525727067,0.005965697240865009,2.028499539864932,0.772761729472354,DOGE
1442,2020-10-26 04:00:00+00:00,2020-10-27 00:00:00+00:00,1,20,-0.0718889641307203,False,0.07789032483409015,0.013272790778903192,7.32922463988597,1.248926171819128,DOGE
1443,2020-11-02 18:00:00+00:00,2020-11-03 00:00:00+00:00,-1,6,8.117451970019026e-05,False,0.004368546465448832,0.002779984114376342,0.7366163443331954,0.46875585548472903,DOGE
1444,2020-11-05 15:00:00+00:00,2020-11-06 00:00:00+00:00,1,9,0.00012142977584175406,False,0.00912547528517116,0.016349809885931585,1.3837068875922083,2.479141506936028,DOGE
1445,2020-11-06 12:00:00+00:00,2020-11-07 00:00:00+00:00,1,12,-0.016867528642513785,False,0.028540849090260355,0.006421691045308677,2.544905838458048,0.5726038136530694,DOGE
1446,2020-11-10 14:00:00+00:00,2020-11-11 00:00:00+00:00,1,10,-0.045166670478397807,False,0.04540727902946275,0.0006932409012131133,3.5554562410729345,0.054281774672864644,DOGE
1447,2020-11-16 13:00:00+00:00,2020-11-17 00:00:00+00:00,1,11,-0.0070905273690183256,False,0.017513736263736354,0.04739010989010992,1.7481436577158862,4.730271073819436,DOGE
1448,2020-11-21 04:00:00+00:00,2020-11-22 00:00:00+00:00,1,20,0.0734481304340658,False,0.032198712051517954,0.11008892977614226,1.8659994175987642,6.3799408658852945,DOGE
1449,2020-12-08 21:00:00+00:00,2020-12-09 00:00:00+00:00,-1,3,0.0005333421078904118,False,0.01193467336683412,0.024183417085427213,1.1254456979524006,2.280508387956197,DOGE
1450,2020-12-13 20:00:00+00:00,2020-12-14 00:00:00+00:00,1,4,-0.0022911254084380314,False,0.009196811771919092,0.0033721643163702407,1.048137691763545,0.38431715364662256,DOGE
1451,2020-12-16 22:00:00+00:00,2020-12-17 00:00:00+00:00,1,2,0.010451303033290595,False,0.003845016267376513,0.015675835551611977,0.4576480392896085,1.8657958524884086,DOGE
1452,2020-12-17 15:00:00+00:00,2020-12-18 00:00:00+00:00,1,9,-0.00939191539214965,False,0.019394261424017043,0.0996280552603614,1.3024787999910479,6.690815753378663,DOGE
1453,2020-12-20 10:00:00+00:00,2020-12-21 00:00:00+00:00,1,14,0.00010390948206444035,False,0.09550440955044094,0.02301570230157011,4.054900447615044,0.9771944772405574,DOGE
1454,2020-12-29 16:00:00+00:00,2020-12-30 00:00:00+00:00,-1,8,-0.03877633877522231,False,0.05190311418685109,0.021914648212226173,2.4434696143839743,1.0316871705176855,DOGE
1455,2021-01-01 04:00:00+00:00,2021-01-02 00:00:00+00:00,1,20,0.12917914578749923,False,0.04287717892205967,0.1400520937687838,2.4876855310801216,8.12566442161218,DOGE
1456,2021-01-02 05:00:00+00:00,2021-01-03 00:00:00+00:00,1,19,0.38556627843226815,False,0.15793558401241753,0.8207217694994179,3.777675908548618,19.630920261868127,DOGE
1457,2021-01-11 07:00:00+00:00,2021-01-12 00:00:00+00:00,-1,17,-0.09595357275412832,False,0.14283964228837442,0.18412348401323042,2.650998059616432,3.4171956120098597,DOGE
1458,2021-01-21 10:00:00+00:00,2021-01-22 00:00:00+00:00,-1,14,0.0467641414814251,False,0.012727697337692634,0.06585707613264832,0.6047104914223599,3.1289607079102018,DOGE
1459,2021-01-27 14:00:00+00:00,2021-01-28 00:00:00+00:00,-1,10,0.019010216176798746,False,0.017534607778510257,0.04614370468029,0.968573322134567,2.54887716351201,DOGE
1460,2021-01-28 05:00:00+00:00,2021-01-29 00:00:00+00:00,1,19,1.2824523868197715,False,0.12339551600205378,2.2517542358377542,3.1945933775166324,58.29579066294911,DOGE
1461,2021-01-29 04:00:00+00:00,2021-01-30 00:00:00+00:00,1,20,-0.3811455231490682,False,0.5656751969706224,0.06740365235448616,5.413461895777958,0.6450470262994844,DOGE
1462,2021-02-04 08:00:00+00:00,2021-02-05 00:00:00+00:00,1,16,0.047431595926880156,False,0.18633928920514523,0.1986550416389726,3.332146615195885,3.5523787141859637,DOGE
1463,2021-02-07 22:00:00+00:00,2021-02-08 00:00:00+00:00,1,2,0.00672846175750998,False,0.00774193548387101,0.13303225806451613,0.13986311185846823,2.4033144721013326,DOGE
1464,2021-02-15 05:00:00+00:00,2021-02-16 00:00:00+00:00,-1,19,-0.11662993610377109,False,0.2710442694455958,0.010223616949888442,3.7370543741439386,0.14095930720210817,DOGE
1465,2021-02-23 12:00:00+00:00,2021-02-24 00:00:00+00:00,-1,12,-0.08012553480423638,False,0.08803611738148986,0.04029345372460501,1.4761969267677044,0.6756439780206037,DOGE
1466,2021-03-06 05:00:00+00:00,2021-03-07 00:00:00+00:00,1,19,-0.01664433590345657,False,0.05189381489143686,0.017768411283617797,3.1291786548392215,1.071428906034734,DOGE
1467,2021-03-08 06:00:00+00:00,2021-03-09 00:00:00+00:00,1,18,0.11833151006687644,False,0.033984131229384054,0.1275742177052688,1.8433281085967586,6.919733796962107,DOGE
1468,2021-03-13 20:00:00+00:00,2021-03-14 00:00:00+00:00,1,4,0.0325088068002312,False,0.049872731751375285,0.035865013547910315,3.264388039313662,2.347521724682594,DOGE
1469,2021-04-01 11:00:00+00:00,2021-04-02 00:00:00+00:00,1,13,-0.006574582480804527,False,0.0919312907701878,0.1236223863219508,4.134320318395247,5.559527548209838,DOGE
1470,2021-04-06 14:00:00+00:00,2021-04-07 00:00:00+00:00,1,10,-0.013007407767534292,False,0.09649163106231147,0.0044409733388462444,4.415981577389769,0.20324308164466381,DOGE
1471,2021-04-11 10:00:00+00:00,2021-04-12 00:00:00+00:00,1,14,0.06575481641634941,False,0.0004143389864411317,0.1461616493549171,0.01701654055704035,6.002731375810875,DOGE
1472,2021-04-13 17:00:00+00:00,2021-04-14 00:00:00+00:00,1,7,0.03337058657358198,False,0.05732053240235663,0.050512764564695556,1.5220516413167113,1.341282660695918,DOGE
1473,2021-04-14 06:00:00+00:00,2021-04-15 00:00:00+00:00,1,18,0.012542126232063747,False,0.13198563399409322,0.19180581348735617,2.4975377762239344,3.6295030783840683,DOGE
1474,2021-04-15 21:00:00+00:00,2021-04-16 00:00:00+00:00,1,3,-0.01353809114526201,False,0.08319881734631203,0.03896887381585174,1.4571127348587167,0.6824861712135497,DOGE
1475,2021-04-16 03:00:00+00:00,2021-04-17 00:00:00+00:00,1,21,0.35344969154407685,False,0.16083967447189815,0.6876303728295681,2.2211139591628664,9.49582511187543,DOGE
1476,2021-04-28 10:00:00+00:00,2021-04-29 00:00:00+00:00,1,14,0.013098601618272233,False,0.07912335048753225,0.04958012409909128,1.9809132697938057,1.2412761231766782,DOGE
1477,2021-05-04 14:00:00+00:00,2021-05-05 00:00:00+00:00,1,10,-0.063911545746332,False,0.13793402086140785,0.0627990036963005,3.2596296268627283,1.484053692537545,DOGE
1478,2021-05-09 10:00:00+00:00,2021-05-10 00:00:00+00:00,-1,14,-0.17329661612796682,False,0.20990387344869066,0.13614762685661894,2.1239140444993208,1.377610865655179,DOGE
1479,2021-05-19 05:00:00+00:00,2021-05-20 00:00:00+00:00,-1,19,0.10882102942902945,False,0.07063715359908375,0.51248661703558,1.5653989327780853,11.357281012820346,DOGE
1480,2021-06-01 23:00:00+00:00,2021-06-02 00:00:00+00:00,1,1,-0.004157751332722957,False,0.016988853588928928,0.03623929782995,0.5604716836671095,1.1955544947954568,DOGE
1481,2021-06-18 19:00:00+00:00,2021-06-19 00:00:00+00:00,-1,5,-0.04175523394686982,False,0.05937466728182548,0.008304645632963086,3.4896792728400032,0.4880962043302842,DOGE
1482,2021-06-21 11:00:00+00:00,2021-06-22 00:00:00+00:00,-1,13,0.24159830917428593,False,0.021420567192483416,0.2888544091026635,0.6090324809455211,8.212747861764345,DOGE
1483,2021-07-17 20:00:00+00:00,2021-07-18 00:00:00+00:00,1,4,-0.059928521313806854,False,0.07425842131724487,0.011312217194570146,2.819454733270838,0.4295039370250094,DOGE
1484,2021-07-21 16:00:00+00:00,2021-07-22 00:00:00+00:00,1,8,-0.05583709743443789,False,0.08616667493919697,0.06402938402739859,3.352917757336309,2.4915114671450653,DOGE
1485,2021-07-26 02:00:00+00:00,2021-07-27 00:00:00+00:00,1,22,-0.033457707941881056,False,0.05264900662251656,0.10354777672658463,3.028469365487412,5.956261851798691,DOGE
1486,2021-08-07 10:00:00+00:00,2021-08-08 00:00:00+00:00,1,14,0.13747676027076636,False,0.04967320261437917,0.1474074074074074,2.8335801295634204,8.408773314309679,DOGE
1487,2021-08-15 21:00:00+00:00,2021-08-16 00:00:00+00:00,1,3,0.045360394568761106,False,0.0012307313621119703,0.07621303959878144,0.04593893569870267,2.844768593142076,DOGE
1488,2021-08-24 14:00:00+00:00,2021-08-25 00:00:00+00:00,-1,10,0.043350970810069715,False,0.0,0.09975186104218366,0.0,6.250389771948636,DOGE
1489,2021-09-07 09:00:00+00:00,2021-09-08 00:00:00+00:00,-1,15,0.08464356040099288,False,0.012585212375458807,0.2929557769620696,0.6337754243119829,14.752883488151191,DOGE
1490,2021-09-13 09:00:00+00:00,2021-09-14 00:00:00+00:00,-1,15,-0.015531929954322454,False,0.05285076421088793,0.020994332818134887,3.0134854453441355,1.197070985193561,DOGE
1491,2021-09-17 06:00:00+00:00,2021-09-17 12:00:00+00:00,1,6,-0.06677213110241077,False,0.06822604499104845,0.010391531096754128,3.9899442653336807,0.607709708410779,DOGE
1492,2021-09-20 12:00:00+00:00,2021-09-21 00:00:00+00:00,-1,12,-0.008525986082801692,False,0.04098360655737709,0.041465766634522644,1.87080403432462,1.8928134935519658,DOGE
1493,2021-10-01 12:00:00+00:00,2021-10-02 00:00:00+00:00,1,12,0.02531391518510187,False,0.025896230762141675,0.03838355911897523,2.1768370736732203,3.22652185475053,DOGE
1494,2021-10-04 23:00:00+00:00,2021-10-05 00:00:00+00:00,1,1,-0.00477499587662884,False,0.009030183077684419,0.02696684809500243,0.3326217248802972,0.9933087126562169,DOGE
1495,2021-10-18 09:00:00+00:00,2021-10-19 00:00:00+00:00,1,15,-0.011832967881917655,False,0.025208741160960342,0.09300467420398716,1.6139158239527078,5.954351882982437,DOGE
1496,2021-10-24 22:00:00+00:00,2021-10-25 00:00:00+00:00,1,2,0.035971418936145125,False,0.014776102567958752,0.06527051923149244,0.6012956792543611,2.6561050869861993,DOGE
1497,2021-10-28 07:00:00+00:00,2021-10-29 00:00:00+00:00,1,17,0.034786046143972765,False,0.03018238736899411,0.1603375527426162,0.632670365516672,3.3609275787086417,DOGE
1498,2021-11-08 09:00:00+00:00,2021-11-09 00:00:00+00:00,1,15,-0.04165085749108905,False,0.06179315983103962,0.002350456465458591,3.777527198082064,0.1436876387363129,DOGE
1499,2021-11-10 22:00:00+00:00,2021-11-11 00:00:00+00:00,-1,2,-0.037767036928015044,False,0.040741792801201014,0.010023130300693909,1.49833969373116,0.36861544258127266,DOGE
1500,2021-11-16 09:00:00+00:00,2021-11-17 00:00:00+00:00,-1,15,0.036369274873585045,False,0.004754937820043909,0.10095098756400878,0.3173269909008142,6.737096114509567,DOGE
1501,2021-11-23 15:00:00+00:00,2021-11-24 00:00:00+00:00,1,9,-0.02927501631474701,False,0.03733710562414264,0.002186213991769592,1.8828993341607723,0.11025013322870424,DOGE
1502,2021-11-26 09:00:00+00:00,2021-11-27 00:00:00+00:00,-1,15,-0.014219769523805381,False,0.03693680148348613,0.01924522628176219,1.4736676961719282,0.7678268593351734,DOGE
1503,2021-12-04 06:00:00+00:00,2021-12-05 00:00:00+00:00,-1,18,-0.11032916190841899,False,0.1341053418005228,0.04395467563192635,2.4629059663638695,0.8072477308509269,DOGE
1504,2021-12-13 20:00:00+00:00,2021-12-14 00:00:00+00:00,-1,4,-0.018304807000800345,False,0.030591126633035728,0.0029750355710775832,1.669839282549576,0.1623945179646584,DOGE
1505,2021-12-14 11:00:00+00:00,2021-12-15 00:00:00+00:00,1,13,0.02616608702576552,False,0.049005492454540625,0.17181250999840025,1.5655730521569922,5.488875271000899,DOGE
1506,2021-12-23 19:00:00+00:00,2021-12-24 00:00:00+00:00,1,5,0.012634157959546633,False,0.008385859139490292,0.01452452726774451,0.5802477618698377,1.0050042934346786,DOGE
1507,2021-12-28 05:00:00+00:00,2021-12-29 00:00:00+00:00,-1,19,0.031801484366397355,False,0.015027550509267034,0.04519396671675844,1.0875512265940472,3.270709614793936,DOGE
1508,2022-01-05 20:00:00+00:00,2022-01-06 00:00:00+00:00,-1,4,0.0033471205054544273,False,0.012713722051731722,0.08029059936118242,0.8297576245539862,5.240144210237478,DOGE
1509,2022-01-11 12:00:00+00:00,2022-01-12 00:00:00+00:00,1,12,-0.04089205970028864,False,0.09593750000000001,0.0027499999999999747,4.460734964969486,0.12786471560824467,DOGE
1510,2022-01-14 07:00:00+00:00,2022-01-15 00:00:00+00:00,1,17,-0.08560168090533966,False,0.10219928861279495,0.027002655177596202,2.769325278780723,0.7316991790503939,DOGE
1511,2022-02-02 22:00:00+00:00,2022-02-03 00:00:00+00:00,-1,2,0.0020256690066502896,False,0.007060707526568632,0.006842335128839689,0.6104319368019026,0.5915525985502958,DOGE
1512,2022-02-04 22:00:00+00:00,2022-02-05 00:00:00+00:00,1,2,0.013866085957807962,False,0.0068723799051611635,0.01731839736100608,0.6622785555121035,1.6689419598904953,DOGE
1513,2022-02-07 22:00:00+00:00,2022-02-08 00:00:00+00:00,1,2,-0.01885452660054438,False,0.01908328874621004,0.003983116342666928,0.9742533044343206,0.20334882055171358,DOGE
1514,2022-02-17 21:00:00+00:00,2022-02-18 00:00:00+00:00,-1,3,0.008953688355927917,False,0.002646448751877614,0.022888205421643524,0.1985955226679279,1.7175828987495938,DOGE
1515,2022-02-24 04:00:00+00:00,2022-02-25 00:00:00+00:00,-1,20,-0.07602108571012822,False,0.09813084112149548,0.08065074420214603,4.456284712325799,3.662484437290685,DOGE
1516,2022-03-23 17:00:00+00:00,2022-03-24 00:00:00+00:00,1,7,-0.005915488022452408,False,0.02837205735756467,0.006057817652020649,2.3104787894596166,0.4933184442359791,DOGE
1517,2022-03-24 09:00:00+00:00,2022-03-25 00:00:00+00:00,1,15,-0.014768528608127905,False,0.04364764447009595,0.04133900872952878,2.436382734627006,2.307516209820282,DOGE
1518,2022-04-03 15:00:00+00:00,2022-04-04 00:00:00+00:00,1,9,-0.01003192947013972,False,0.027659430580915738,0.007574220599175017,1.9382533045503123,0.5307686310749055,DOGE
1519,2022-04-05 15:00:00+00:00,2022-04-06 00:00:00+00:00,1,9,0.06058691767578242,False,0.019799544979401097,0.10373239869642745,0.8186208481803446,4.288861400249195,DOGE
1520,2022-04-06 23:00:00+00:00,2022-04-07 00:00:00+00:00,-1,1,-0.003979286214135856,False,0.016724982505248447,0.004548635409377269,0.4957592152897005,0.13482991210807982,DOGE
1521,2022-04-11 21:00:00+00:00,2022-04-12 00:00:00+00:00,-1,3,0.01998693784371864,False,0.0038663554128975973,0.03158739422235191,0.20440571933792678,1.6699561598739974,DOGE
1522,2022-04-25 09:00:00+00:00,2022-04-25 12:00:00+00:00,-1,3,-0.12642819961298862,False,0.12896713235887922,0.00557215537430345,10.568754049465733,0.4566337065830501,DOGE
1523,2022-04-25 13:00:00+00:00,2022-04-26 00:00:00+00:00,1,11,0.12716573052215802,False,0.01783156688627895,0.2252219994270983,0.9559667849019815,12.074359592436714,DOGE
1524,2022-05-05 16:00:00+00:00,2022-05-06 00:00:00+00:00,-1,8,-0.008100643970828787,False,0.022950561974376938,0.009667531242631524,1.3126625711661117,0.5529366310049114,DOGE
1525,2022-05-09 16:00:00+00:00,2022-05-10 00:00:00+00:00,-1,8,0.10734969813339537,False,0.005800667955703937,0.12383547196343825,0.31034915283651204,6.625484187070448,DOGE
1526,2022-05-11 19:00:00+00:00,2022-05-12 00:00:00+00:00,-1,5,0.008891332695144794,False,0.007996291574921731,0.09560783404797783,0.11988015895608618,1.4333497266488657,DOGE
1527,2022-05-26 09:00:00+00:00,2022-05-27 00:00:00+00:00,-1,15,-0.0035998183537947646,False,0.06127703398558188,0.035916580844490224,4.205929062903765,2.465239933928888,DOGE
1528,2022-06-06 08:00:00+00:00,2022-06-07 00:00:00+00:00,1,16,-0.014443409259384732,False,0.02622440426296249,0.014489282720632293,3.085887103963761,1.7049878519617188,DOGE
1529,2022-06-07 01:00:00+00:00,2022-06-08 00:00:00+00:00,-1,23,-0.014822051267403902,False,0.03506116786480016,0.022575356287047547,2.9116127478764495,1.87474345996361,DOGE
1530,2022-06-10 17:00:00+00:00,2022-06-11 00:00:00+00:00,-1,7,-0.010597741860921616,False,0.01741226895258499,0.002143048486472105,1.4083421359853434,0.17333441673666625,DOGE
1531,2022-06-11 15:00:00+00:00,2022-06-12 00:00:00+00:00,-1,9,-0.008860884604513135,False,0.027521613832852954,0.022766570605187293,1.5532687433850791,1.2849029395541511,DOGE
1532,2022-06-21 15:00:00+00:00,2022-06-22 00:00:00+00:00,1,9,-0.045211111879225864,False,0.06286379511059377,0.0013096623981372652,2.2334750493085505,0.046530730193924404,DOGE
1533,2022-06-26 14:00:00+00:00,2022-06-27 00:00:00+00:00,1,10,-0.015330470434005896,False,0.02390599675850883,0.04781199351701785,1.2095143874046665,2.419028774809343,DOGE
1534,2022-07-11 23:00:00+00:00,2022-07-12 00:00:00+00:00,-1,1,-0.004994582520325133,False,0.007804878048780509,0.00617886178861786,0.6025535465534653,0.47702155768815674,DOGE
1535,2022-07-18 10:00:00+00:00,2022-07-19 00:00:00+00:00,1,14,0.012654289679141974,False,0.021765235664965372,0.034824377063944804,1.9056241799444713,3.048998687911172,DOGE
1536,2022-07-20 08:00:00+00:00,2022-07-20 21:00:00+00:00,1,13,-0.09236641022982335,False,0.10147429937574703,0.022446540045158867,5.42572031506298,1.2001920592220554,DOGE
1537,2022-07-25 03:00:00+00:00,2022-07-26 00:00:00+00:00,-1,21,0.04008576041026876,False,0.01610904584882279,0.044919454770755984,1.102009299290965,3.072910546099815,DOGE
1538,2022-08-08 14:00:00+00:00,2022-08-09 00:00:00+00:00,1,10,-0.030364432944222825,False,0.043803714998613755,0.0009703354588300613,4.3992298724104915,0.09745129464200554,DOGE
1539,2022-08-09 07:00:00+00:00,2022-08-09 12:00:00+00:00,1,5,-0.055752197971027234,False,0.05701873472712475,0.005023079011675201,4.253567681544487,0.3747190576598659,DOGE
1540,2022-08-14 07:00:00+00:00,2022-08-15 00:00:00+00:00,1,17,0.04403470886735296,False,0.022392834293026253,0.0835572616762637,1.5559758404546151,5.806012707524937,DOGE
1541,2022-08-16 09:00:00+00:00,2022-08-17 00:00:00+00:00,1,15,0.006387374559475169,False,0.032741205154998294,0.03970741901776392,1.4187898168328708,1.7206599906271,DOGE
1542,2022-08-25 12:00:00+00:00,2022-08-26 00:00:00+00:00,1,12,-0.029937227315140418,False,0.04807556746087706,0.0014098406880021003,4.265523020707593,0.12508865163363958,DOGE
1543,2022-08-26 16:00:00+00:00,2022-08-27 00:00:00+00:00,-1,8,0.03510988487642823,False,0.002885345482156351,0.04859529233105555,0.16302586046184717,2.74569870251539,DOGE
1544,2022-09-06 18:00:00+00:00,2022-09-07 00:00:00+00:00,-1,6,0.013168846688877568,False,0.0006696802276912502,0.03147497070149004,0.04655377362536288,2.1880273603921445,DOGE
1545,2022-09-13 13:00:00+00:00,2022-09-14 00:00:00+00:00,-1,11,0.021376949159393817,False,0.002295081967213135,0.030327868852458976,0.15865637501525834,2.096530669844464,DOGE
1546,2022-09-18 22:00:00+00:00,2022-09-19 00:00:00+00:00,-1,2,0.004297131061023852,False,0.002424662279182564,0.014894354000692755,0.18954311118596884,1.1643362544280835,DOGE
1547,2022-09-23 19:00:00+00:00,2022-09-24 00:00:00+00:00,1,5,0.015362138603802348,False,0.00048161823727717627,0.032268421897575825,0.027194077242499264,1.822003175247734,DOGE
1548,2022-10-04 17:00:00+00:00,2022-10-05 00:00:00+00:00,1,7,-0.000886337411392511,False,0.03511171910624725,0.00987992096063228,3.151462681798372,0.8867752134930429,DOGE
1549,2022-10-13 11:00:00+00:00,2022-10-13 22:00:00+00:00,-1,11,-0.06331536840512512,False,0.06472778861500267,0.02624578826032988,4.946613962699711,2.005750319122077,DOGE
1550,2022-10-25 18:00:00+00:00,2022-10-26 00:00:00+00:00,1,6,-0.013837572051620683,False,0.026026967701473842,0.007839448102853565,2.3323557628596925,0.7025167960420758,DOGE
1551,2022-10-26 11:00:00+00:00,2022-10-27 00:00:00+00:00,1,13,0.0589912652282423,False,0.033757124068391146,0.07540552389302933,2.142133992675972,4.785026581042415,DOGE
1552,2022-10-27 20:00:00+00:00,2022-10-28 00:00:00+00:00,1,4,-0.07545573507797394,False,0.08098974049487018,0.002172601086300706,2.826043212882461,0.07581039915333554,DOGE
1553,2022-10-29 09:00:00+00:00,2022-10-30 00:00:00+00:00,1,15,0.19192673770520077,False,0.014153245485602664,0.48238164958516355,0.3819878394320535,13.019199327401502,DOGE
1554,2022-11-08 19:00:00+00:00,2022-11-09 00:00:00+00:00,-1,5,0.020379177056236614,False,0.019043401240035424,0.1545615589016829,0.3271383717739898,2.6551463197470344,DOGE
1555,2022-11-20 21:00:00+00:00,2022-11-21 00:00:00+00:00,-1,3,0.03047092028193026,False,0.0008797285409073849,0.04348372502199327,0.06803811103692137,3.363026631253516,DOGE
1556,2022-11-25 18:00:00+00:00,2022-11-26 00:00:00+00:00,1,6,-0.002183196430694932,False,0.015308973069616675,0.015308973069616675,0.8091638805973018,0.8091638805973018,DOGE
1557,2022-11-27 10:00:00+00:00,2022-11-28 00:00:00+00:00,1,14,-0.0025377167827039483,False,0.01584738063995157,0.09013828606036128,0.7630304719673484,4.340039563483062,DOGE
1558,2022-12-12 03:00:00+00:00,2022-12-13 00:00:00+00:00,-1,21,-0.03261131705471348,False,0.033024797166038046,0.009598902982516368,1.7673627606309388,0.5136971345778572,DOGE
1559,2022-12-16 23:00:00+00:00,2022-12-17 00:00:00+00:00,-1,1,0.011188725042411685,False,0.005350384966723133,0.03810518073861419,0.2740790381029837,1.951977539660308,DOGE
1560,2022-12-28 07:00:00+00:00,2022-12-29 00:00:00+00:00,-1,17,-0.004093592752571631,False,0.03547008547008556,0.008262108262108223,2.9160596912677295,0.6792428196527192,DOGE
1561,2023-01-09 11:00:00+00:00,2023-01-10 00:00:00+00:00,1,13,-0.018463733183108195,False,0.025720966484801367,0.034554429722005654,2.126941713964005,2.857406545022332,DOGE
1562,2023-01-22 17:00:00+00:00,2023-01-23 00:00:00+00:00,1,7,-0.040604782876224446,False,0.06390854654327709,0.01763745236799125,3.7692666667496555,1.0402405451677048,DOGE
1563,2023-01-28 06:00:00+00:00,2023-01-28 21:00:00+00:00,1,15,-0.06057444471468493,False,0.06192486738118425,0.0023817256685072195,4.385524077229646,0.1686740029703804,DOGE
1564,2023-01-31 08:00:00+00:00,2023-02-01 00:00:00+00:00,1,16,0.010262684820693292,False,0.04224908039936937,0.02900683131897003,1.9668381338224175,1.3503664799377797,DOGE
1565,2023-02-04 18:00:00+00:00,2023-02-05 00:00:00+00:00,1,6,-0.0335576177377392,False,0.038531553398058194,0.0098098705501618,2.9445559839326787,0.7496638594264302,DOGE
1566,2023-02-09 20:00:00+00:00,2023-02-10 00:00:00+00:00,-1,4,0.020902784478955487,False,0.0016798656107511547,0.05675545956323492,0.10236974652928278,3.4586350077393075,DOGE
1567,2023-02-15 13:00:00+00:00,2023-02-16 00:00:00+00:00,1,11,0.02780691931374572,False,0.013613290263036303,0.03380249192431936,1.1459552081859783,2.8454650508347092,DOGE
1568,2023-02-21 22:00:00+00:00,2023-02-22 00:00:00+00:00,-1,2,-0.010453736276708713,False,0.010152284263959388,0.000708298902136591,0.9930289660521557,0.06928109065479075,DOGE
1569,2023-03-02 14:00:00+00:00,2023-03-03 00:00:00+00:00,-1,10,-0.006404764435096341,False,0.008604564160119668,0.007731637361266936,1.41281505035496,1.2694859872754694,DOGE
1570,2023-03-03 02:00:00+00:00,2023-03-04 00:00:00+00:00,-1,22,-0.04422044531023965,False,0.04400380279777255,0.0012223278554937761,3.181491079412946,0.08837475220592197,DOGE
1571,2023-03-08 23:00:00+00:00,2023-03-09 00:00:00+00:00,-1,1,-0.004138787023977473,False,0.009449929478138082,0.0035260930888575486,0.7190233054659236,0.2682922781589309,DOGE
1572,2023-03-09 21:00:00+00:00,2023-03-10 00:00:00+00:00,-1,3,-0.027156624639145935,False,0.028629220476116515,0.006846117939940812,1.7006398683780604,0.40667475113387846,DOGE
1573,2023-03-21 21:00:00+00:00,2023-03-22 00:00:00+00:00,1,3,-0.006487825185642469,False,0.015590489801221161,0.00766532415226721,0.8304942638530091,0.4083263463944035,DOGE
1574,2023-03-29 08:00:00+00:00,2023-03-30 00:00:00+00:00,1,16,-0.011100153609629335,False,0.01796956977964318,0.007607555089191988,1.8907670563840646,0.8004707246005512,DOGE
1575,2023-03-31 23:00:00+00:00,2023-04-01 00:00:00+00:00,1,1,-0.011868618869867419,False,0.012228085982751867,0.00257433389110575,1.2519296100722104,0.2635641284362644,DOGE
1576,2023-04-01 19:00:00+00:00,2023-04-02 00:00:00+00:00,1,5,0.0052046471536755685,False,0.014394685039370131,0.025713582677165288,1.0997189755763892,1.9644552640637942,DOGE
1577,2023-04-03 18:00:00+00:00,2023-04-04 00:00:00+00:00,1,6,0.024677328040240636,False,0.05454351763076595,0.12101842974326206,2.3049044398939333,5.114006726014669,DOGE
1578,2023-04-13 11:00:00+00:00,2023-04-14 00:00:00+00:00,1,13,0.0012256825073934463,False,0.010795911335706862,0.01424141495348576,0.908008050734765,1.1977978541607632,DOGE
1579,2023-04-19 09:00:00+00:00,2023-04-20 00:00:00+00:00,-1,15,-0.01373457851394383,False,0.06069330876425195,0.020960497523897295,3.2339681489232777,1.11685427533973,DOGE
1580,2023-04-26 13:00:00+00:00,2023-04-26 20:00:00+00:00,1,7,-0.07415987716256074,False,0.08828482078421937,0.004089487611258036,10.105563843044086,0.4681051371437221,DOGE
1581,2023-05-05 23:00:00+00:00,2023-05-06 00:00:00+00:00,1,1,-0.0043369992535456465,False,0.004354316994277049,0.00012440905697947254,0.5405795625707399,0.015445130359179923,DOGE
1582,2023-05-06 14:00:00+00:00,2023-05-07 00:00:00+00:00,-1,10,0.0034248526691879172,False,0.005448884276076852,0.021146860404774166,0.6818455145808948,2.64620997325439,DOGE
1583,2023-05-08 18:00:00+00:00,2023-05-09 00:00:00+00:00,-1,6,-0.01738271420664534,False,0.016711136076393913,0.027102934981042007,1.4485051799018112,2.349256300176868,DOGE
1584,2023-05-17 17:00:00+00:00,2023-05-18 00:00:00+00:00,1,7,0.007057686163946454,False,0.0013487995683841769,0.017669274345832285,0.13640698652880207,1.7869315235272634,DOGE
1585,2023-05-18 19:00:00+00:00,2023-05-19 00:00:00+00:00,-1,5,-0.02142996624941745,False,0.04071706503613121,0.00583657587548624,4.070748683573712,0.5835202891129408,DOGE
1586,2023-05-24 14:00:00+00:00,2023-05-25 00:00:00+00:00,-1,10,-0.006371028770842861,False,0.012669039145907302,0.010676156583629902,1.8738485368709163,1.5790858456777612,DOGE
1587,2023-06-05 16:00:00+00:00,2023-06-06 00:00:00+00:00,-1,8,0.02417103286016051,False,0.0022013501614323062,0.07954211916642219,0.27227814452695726,9.838316955574244,DOGE
1588,2023-06-10 05:00:00+00:00,2023-06-11 00:00:00+00:00,-1,19,-0.031160415660688112,False,0.04236157438292196,0.022848565710473587,1.2928141249271616,0.697305256358349,DOGE
1589,2023-06-21 16:00:00+00:00,2023-06-22 00:00:00+00:00,1,8,0.008669805955174005,False,0.004778051787916012,0.028976572133169034,0.5219825712369458,3.1655717223402924,DOGE
1590,2023-06-28 20:00:00+00:00,2023-06-29 00:00:00+00:00,-1,4,-0.013379004921771251,False,0.016343042071197474,0.008414239482200641,1.2615363822512518,0.6495038799709385,DOGE
1591,2023-07-13 16:00:00+00:00,2023-07-14 00:00:00+00:00,1,8,0.04163564510241727,False,0.010819623536386666,0.06313917296576256,1.5227696495805176,8.886299598921822,DOGE
1592,2023-07-21 14:00:00+00:00,2023-07-22 00:00:00+00:00,1,10,-0.023756989341528808,False,0.03541360416945075,0.0006681812107444658,2.4101921942455053,0.04547532441973414,DOGE
1593,2023-07-24 08:00:00+00:00,2023-07-25 00:00:00+00:00,1,16,-0.03351759808802289,False,0.07393402008084489,0.014473855783022557,5.360702153007012,1.0494496278373526,DOGE
1594,2023-07-25 17:00:00+00:00,2023-07-26 00:00:00+00:00,1,7,0.023249208547576908,False,0.005511022044088126,0.05047595190380769,0.2686216081418002,2.460329729116969,DOGE
1595,2023-08-13 23:00:00+00:00,2023-08-14 00:00:00+00:00,-1,1,-0.0022695232994109455,False,0.002410283877878945,0.0020085698982324233,0.43889396460166863,0.3657449705013849,DOGE
1596,2023-08-15 20:00:00+00:00,2023-08-16 00:00:00+00:00,-1,4,0.001648082157152037,False,0.003516174402250355,0.008016877637130817,0.29735031322623556,0.6779587141558177,DOGE
1597,2023-08-17 22:00:00+00:00,2023-08-18 00:00:00+00:00,-1,2,-0.02623865557496583,False,0.0458361316319677,0.013767629281396932,1.8228350494908474,0.5475182199935895,DOGE
1598,2023-08-29 15:00:00+00:00,2023-08-30 00:00:00+00:00,1,9,0.020854422421112694,False,0.004775107825015476,0.056685150955021385,0.6396569497429772,7.593347016303589,DOGE
1599,2023-09-10 05:00:00+00:00,2023-09-11 00:00:00+00:00,-1,19,0.004599006549756656,False,0.010379500486539113,0.020921180668180335,1.318646212990503,2.6578962730589746,DOGE
1600,2023-09-18 13:00:00+00:00,2023-09-19 00:00:00+00:00,1,11,-0.01395434112596092,False,0.020248724489795925,0.0009566326530612961,3.3376045954019125,0.15768210686939343,DOGE
1601,2023-09-19 16:00:00+00:00,2023-09-20 00:00:00+00:00,1,8,-0.009509426652109864,False,0.012828634779854263,0.0011086474501108745,2.265066690420572,0.19574650411042196,DOGE
1602,2023-09-21 22:00:00+00:00,2023-09-22 00:00:00+00:00,-1,2,-0.0006332649740850608,False,0.0026096884684389736,0.002283477409884215,0.4463712913695231,0.39057487994835205,DOGE
1603,2023-10-09 08:00:00+00:00,2023-10-10 00:00:00+00:00,-1,16,0.024611867179982462,False,0.0006634599436058777,0.06485320948747725,0.1803647097104816,17.63065037420031,DOGE
1604,2023-10-23 12:00:00+00:00,2023-10-24 00:00:00+00:00,1,12,0.03794052343634382,False,0.027135368485969744,0.04779525131051504,2.238476280769768,3.942770721810399,DOGE
1605,2023-11-06 18:00:00+00:00,2023-11-07 00:00:00+00:00,1,6,0.0218605034609805,False,0.0017407605784680133,0.025441885377611127,0.12419700870200555,1.8151870502602023,DOGE
1606,2023-11-17 10:00:00+00:00,2023-11-18 00:00:00+00:00,1,14,-0.010767318869880457,False,0.09349965667200728,0.0028610666056305815,4.106469520285441,0.12565696206503812,DOGE
1607,2023-12-04 06:00:00+00:00,2023-12-05 00:00:00+00:00,1,18,0.019871388097762926,False,0.06061278863232674,0.029196269982238093,5.127486306559719,2.469833147665223,DOGE
1608,2023-12-06 07:00:00+00:00,2023-12-07 00:00:00+00:00,1,17,-0.09277141049756736,False,0.0952106728092907,0.023034840195796134,4.217213417313037,1.020293568704767,DOGE
1609,2023-12-11 15:00:00+00:00,2023-12-12 00:00:00+00:00,-1,9,0.0051756125917789665,False,0.008335971298934399,0.0392529281418169,0.32163049840157426,1.514513232979535,DOGE
1610,2023-12-18 11:00:00+00:00,2023-12-19 00:00:00+00:00,-1,13,-0.04613517258452154,False,0.04786751361161526,0.009981851179673387,2.962358568206279,0.6177430189624508,DOGE
1611,2023-12-26 18:00:00+00:00,2023-12-27 00:00:00+00:00,-1,6,-0.01887325328432393,False,0.020476296461161902,0.006009347874471387,1.4074098194863638,0.413044186153604,DOGE
1612,2024-01-03 13:00:00+00:00,2024-01-04 00:00:00+00:00,-1,11,0.024319689520221968,False,0.00023761435190692795,0.04419626945467508,0.010513985523565887,1.9556013073826568,DOGE
1613,2024-01-18 20:00:00+00:00,2024-01-19 00:00:00+00:00,-1,4,-0.008329597917630827,False,0.009927797833934927,0.0023207839092315575,1.0000546017063008,0.23377899780147457,DOGE
1614,2024-01-20 21:00:00+00:00,2024-01-21 00:00:00+00:00,1,3,0.0341588269286123,False,0.010033050047214394,0.068932955618508,0.8678582696132434,5.9626968171074335,DOGE
1615,2024-01-29 11:00:00+00:00,2024-01-30 00:00:00+00:00,1,13,-0.0010916848200835693,False,0.017703466928940214,0.02102286697811659,1.776408237999196,2.1094847826240537,DOGE
1616,2024-02-05 11:00:00+00:00,2024-02-05 21:00:00+00:00,1,10,-0.021720889487849743,False,0.02255639097744356,0.006390977443609154,3.460585622908019,0.9804992598239609,DOGE
1617,2024-02-07 21:00:00+00:00,2024-02-08 00:00:00+00:00,1,3,-0.0011981747708689969,False,0.0027469097265575976,0.0028717692595830687,0.5810428500977752,0.6074538887386097,DOGE
1618,2024-02-09 08:00:00+00:00,2024-02-10 00:00:00+00:00,1,16,-0.005639197328221012,False,0.014774114774114807,0.0040293040293039924,2.390209743076148,0.6518753844753058,DOGE
1619,2024-02-14 14:00:00+00:00,2024-02-15 00:00:00+00:00,1,10,0.02421591293509017,False,0.011756238003838874,0.04474568138195774,1.6338819829813576,6.218754894408577,DOGE
1620,2024-02-19 18:00:00+00:00,2024-02-20 00:00:00+00:00,1,6,0.008049232620635574,False,0.010268562401263913,0.02584066802076281,1.0016125791097674,2.52054154523225,DOGE
1621,2024-02-20 17:00:00+00:00,2024-02-21 00:00:00+00:00,-1,7,-0.027541920259982196,False,0.0306061688698345,0.00988448255329281,1.7550338242794656,0.5668008070630156,DOGE
1622,2024-02-26 20:00:00+00:00,2024-02-27 00:00:00+00:00,1,4,0.002757651366125698,False,0.011134855471825494,0.01394668766168025,1.2455899222556577,1.5601328319161587,DOGE
1623,2024-02-27 10:00:00+00:00,2024-02-28 00:00:00+00:00,1,14,0.020152622825504164,False,0.018921179176249137,0.052791135270750564,1.3931716886372572,3.88702598210949,DOGE
1624,2024-02-28 17:00:00+00:00,2024-02-29 00:00:00+00:00,1,7,-0.022065614971269028,False,0.17737183264584563,0.041249263406010504,6.08966555961838,1.4162012929345034,DOGE
1625,2024-03-16 23:00:00+00:00,2024-03-17 00:00:00+00:00,-1,1,-0.002423623016775298,False,0.004141222713553586,0.03123464589036295,0.1429807161770256,1.0784138762504873,DOGE
1626,2024-03-28 11:00:00+00:00,2024-03-29 00:00:00+00:00,1,13,0.021364409760336805,False,0.019186991869918676,0.06527293844367019,0.6644099813713396,2.260280929362551,DOGE
1627,2024-04-02 08:00:00+00:00,2024-04-03 00:00:00+00:00,-1,16,0.0204663864242186,False,0.019745291095890405,0.036654537671232855,0.7528634260438845,1.3975919968565331,DOGE
1628,2024-04-07 14:00:00+00:00,2024-04-08 00:00:00+00:00,1,10,-0.002346696984120453,False,0.017164366373902163,0.03066499372647416,1.1696983228263433,2.089724196628339,DOGE
1629,2024-04-12 19:00:00+00:00,2024-04-13 00:00:00+00:00,-1,5,-0.028999625360323463,False,0.04031877213695397,0.01570247933884295,1.056894411930305,0.4116162717034561,DOGE
1630,2024-04-13 21:00:00+00:00,2024-04-14 00:00:00+00:00,-1,3,-0.1089564650491605,False,0.134381597146393,0.04899177404091131,2.4336932474586273,0.8872565306281973,DOGE
1631,2024-04-24 23:00:00+00:00,2024-04-25 00:00:00+00:00,-1,1,-0.005216684543946982,False,0.004842454394693257,0.010082918739635115,0.29216343360370817,0.6083403001063417,DOGE
1632,2024-04-30 12:00:00+00:00,2024-05-01 00:00:00+00:00,-1,12,0.013975825856980739,False,0.004134977479140552,0.04740456324300363,0.2617731905945644,3.001042649316221,DOGE
1633,2024-05-04 13:00:00+00:00,2024-05-05 00:00:00+00:00,1,11,-0.030811716875123924,False,0.04276355695741842,0.032694407375955394,2.156235790821422,1.6485263705712734,DOGE
1634,2024-05-13 16:00:00+00:00,2024-05-14 00:00:00+00:00,1,8,-0.026411568187596674,False,0.03274493076973551,0.03208871973226593,1.9426714285265263,1.9037401373736942,DOGE
1635,2024-05-20 20:00:00+00:00,2024-05-21 00:00:00+00:00,1,4,0.04901693793030673,False,0.011802779364172856,0.055714195063138405,0.9827757695017457,4.639124331303929,DOGE
1636,2024-06-07 19:00:00+00:00,2024-06-08 00:00:00+00:00,-1,5,-0.009199844522933265,False,0.019037258634756766,0.01040250203970612,0.9790509001812093,0.534981384741862,DOGE
1637,2024-06-12 15:00:00+00:00,2024-06-13 00:00:00+00:00,1,9,-0.013837352132556744,False,0.032952934026605415,0.018299682625430417,2.518258141347724,1.3984589268549823,DOGE
1638,2024-06-24 10:00:00+00:00,2024-06-25 00:00:00+00:00,-1,14,-0.017066631738541973,False,0.020998719590268798,0.028254374733248034,1.3095930082707803,1.762094657470045,DOGE
1639,2024-06-25 16:00:00+00:00,2024-06-26 00:00:00+00:00,1,8,-0.008619564119560507,False,0.012281530467642937,0.012124074948827064,0.910692920788153,0.8990173705216428,DOGE
1640,2024-07-03 11:00:00+00:00,2024-07-04 00:00:00+00:00,-1,13,0.014797535031034412,False,0.0,0.03097749356365748,0.0,3.407807108823721,DOGE
1641,2024-07-04 09:00:00+00:00,2024-07-05 00:00:00+00:00,-1,15,0.05938520830422167,False,0.002953813104189017,0.07142857142857144,0.19189725706826002,4.640424580014331,DOGE
1642,2024-07-13 18:00:00+00:00,2024-07-14 00:00:00+00:00,1,6,0.003253261691376442,False,0.008055132909692992,0.011187684596795857,0.8632999395870371,1.1990276938708886,DOGE
1643,2024-07-15 23:00:00+00:00,2024-07-16 00:00:00+00:00,1,1,0.005644040029053199,False,0.004761520458397282,0.012751190380114472,0.36321756083038426,0.9726843154440583,DOGE
1644,2024-07-20 16:00:00+00:00,2024-07-21 00:00:00+00:00,1,8,-0.00571205473655042,False,0.01647250871855754,0.00749424946204653,1.2187194618510555,0.5544624578691799,DOGE
1645,2024-08-05 06:00:00+00:00,2024-08-06 00:00:00+00:00,-1,18,-0.06057278216630514,False,0.0993975903614458,0.10296742525658191,2.9872005983420244,3.094485019382367,DOGE
1646,2024-08-20 06:00:00+00:00,2024-08-21 00:00:00+00:00,1,18,-0.023207232086502928,False,0.038991916310033216,0.00485021398002863,2.937711321860804,0.3654226278412301,DOGE
1647,2024-08-23 18:00:00+00:00,2024-08-24 00:00:00+00:00,1,6,0.0028110753494678927,False,0.0066725978647686895,0.026690391459074758,0.4509709546771008,1.8038838187084032,DOGE
1648,2024-09-01 17:00:00+00:00,2024-09-02 00:00:00+00:00,-1,7,0.02479666193230439,False,0.018945212493599636,0.03922171018945213,2.003585582809959,4.147963666033582,DOGE
1649,2024-09-06 17:00:00+00:00,2024-09-07 00:00:00+00:00,-1,7,-0.006783144625519244,False,0.0077165525486360435,0.03423540919465276,0.5509766064003594,2.4444736762832773,DOGE
1650,2024-09-09 17:00:00+00:00,2024-09-10 00:00:00+00:00,1,7,-0.001101139102536405,False,0.011378977820636457,0.01176470588235293,0.8978149945695308,0.9282494011651069,DOGE
1651,2024-09-26 07:00:00+00:00,2024-09-27 00:00:00+00:00,1,17,0.04160439156072771,False,0.002473498233215447,0.0663427561837456,0.206164251699313,5.529619750935371,DOGE
1652,2024-10-14 23:00:00+00:00,2024-10-15 00:00:00+00:00,1,1,-0.009525791085403267,False,0.010802994215719576,0.001020755358965711,1.0690677751452482,0.10101427796648824,DOGE
1653,2024-10-16 09:00:00+00:00,2024-10-17 00:00:00+00:00,1,15,0.013115198799220098,False,0.00871459694989105,0.049463406761881795,0.4703963161582635,2.6699346463427465,DOGE
1654,2024-10-25 18:00:00+00:00,2024-10-26 00:00:00+00:00,-1,6,0.01812118222959823,False,0.019000074510096093,0.04843156247671564,1.3145880709238826,3.350910769021669,DOGE
1655,2024-10-28 20:00:00+00:00,2024-10-29 00:00:00+00:00,1,4,0.01674225381193099,False,0.01242823796605892,0.025992050974701815,0.6380669907415741,1.3344345187082622,DOGE
1656,2024-11-03 14:00:00+00:00,2024-11-04 00:00:00+00:00,-1,10,-0.03578084372788742,False,0.05311730926989335,0.028096800656275654,3.0822012462291473,1.630353554955187,DOGE
1657,2024-11-05 12:00:00+00:00,2024-11-06 00:00:00+00:00,1,12,-0.008581040081482614,False,0.03627668260818852,0.04648314475679462,1.727404968160751,2.2134111891063,DOGE
1658,2024-11-06 03:00:00+00:00,2024-11-07 00:00:00+00:00,1,21,-0.01456497305707537,False,0.06645316253002395,0.10088070456365099,1.9384265002951258,2.9426715546648947,DOGE
1659,2024-11-10 17:00:00+00:00,2024-11-11 00:00:00+00:00,1,7,0.05361496461702457,False,0.060664620514569244,0.1291728240688114,2.093479446018557,4.457633623658512,DOGE
1660,2024-11-19 18:00:00+00:00,2024-11-20 00:00:00+00:00,1,6,-0.02804724325260228,False,0.055475360876057686,0.04778496764559481,2.5286515906014357,2.17811173349249,DOGE
1661,2024-11-23 05:00:00+00:00,2024-11-24 00:00:00+00:00,1,19,-0.05970116333385468,False,0.0985471731139507,0.05242429546647992,3.3272816313058238,1.7700192692292946,DOGE
1662,2024-12-02 11:00:00+00:00,2024-12-03 00:00:00+00:00,-1,13,-0.049737428166714975,False,0.08307851647267706,0.003057802327875367,3.0420870141973055,0.11196758378167754,DOGE
1663,2024-12-09 21:00:00+00:00,2024-12-10 00:00:00+00:00,-1,3,0.0031248838136201285,False,0.025389497980380874,0.11360357761107909,1.1318907450530753,5.064567964370999,DOGE
1664,2024-12-18 20:00:00+00:00,2024-12-19 00:00:00+00:00,-1,4,0.04149452522704353,False,0.005691839025172414,0.06846240179573507,0.36210565501236475,4.355468019444453,DOGE
1665,2024-12-19 20:00:00+00:00,2024-12-20 00:00:00+00:00,-1,4,-0.0066802647103201655,False,0.03424131977747937,0.04085938998657208,0.9666560787215855,1.153488766205591,DOGE
1666,2024-12-31 15:00:00+00:00,2025-01-01 00:00:00+00:00,1,9,-0.03412061968931643,False,0.034660292360025706,0.006006558180871004,2.7279822336784614,0.4727537734756709,DOGE
1667,2025-01-02 10:00:00+00:00,2025-01-03 00:00:00+00:00,1,14,-0.004430533292121911,False,0.01665685697469099,0.014802825191289096,1.4503552973054539,1.28891999036157,DOGE
1668,2025-01-03 14:00:00+00:00,2025-01-04 00:00:00+00:00,1,10,0.045652086973197024,False,0.009187220658831319,0.07432544280748225,0.701773561737203,5.677411337297376,DOGE
1669,2025-01-13 12:00:00+00:00,2025-01-13 23:00:00+00:00,-1,11,-0.07022668589576347,False,0.07173450934357042,0.021732922998826176,4.843035977128673,1.4672621160252797,DOGE
1670,2025-01-27 07:00:00+00:00,2025-01-28 00:00:00+00:00,-1,17,-0.06137416162793309,False,0.06503651953000952,0.03331216259129882,4.363962324700304,2.235252186821591,DOGE
1671,2025-02-01 22:00:00+00:00,2025-02-02 00:00:00+00:00,-1,2,0.010913584472886085,False,0.004589069670421318,0.02769487500401133,0.379823721674142,2.292222879753752,DOGE
1672,2025-02-02 17:00:00+00:00,2025-02-03 00:00:00+00:00,-1,7,0.0430299664843645,False,0.012586016329732155,0.11056440974079228,0.5592590680299215,4.912924560795462,DOGE
1673,2025-02-11 07:00:00+00:00,2025-02-11 18:00:00+00:00,1,11,-0.053917390312210316,False,0.05627254807155866,0.0005206977349649607,3.999505242494901,0.03700797977193675,DOGE
1674,2025-02-14 18:00:00+00:00,2025-02-15 00:00:00+00:00,1,6,-0.03787572982273244,False,0.0509617432039179,0.004258641493363739,2.964653507126733,0.24774263290753376,DOGE
1675,2025-02-21 20:00:00+00:00,2025-02-22 00:00:00+00:00,-1,4,0.00018712856936947805,False,0.006879586390927337,0.023473982655103386,0.4174382911081875,1.424350047841864,DOGE
1676,2025-02-24 15:00:00+00:00,2025-02-25 00:00:00+00:00,-1,9,0.06470769803326584,False,0.013590335761236486,0.08638301652158463,0.9969541955481553,6.33684938019986,DOGE
1677,2025-03-02 17:00:00+00:00,2025-03-03 00:00:00+00:00,1,7,0.04595477089811799,False,0.016170734913887545,0.060651211709540256,0.7480511633870497,2.8056986724327277,DOGE
1678,2025-03-03 20:00:00+00:00,2025-03-04 00:00:00+00:00,-1,4,-0.004321753238476343,False,0.012132501006846532,0.027788964961739816,0.41995218112472704,0.9618821741943969,DOGE
1679,2025-03-09 17:00:00+00:00,2025-03-10 00:00:00+00:00,-1,7,0.01306743482621532,False,0.012782175315156772,0.031134564643799524,0.7079322277782519,1.7243670318819018,DOGE
1680,2025-03-18 14:00:00+00:00,2025-03-19 00:00:00+00:00,-1,10,-0.0294677168498305,False,0.03213367609254501,0.003917248133186447,2.5327453310064136,0.3087537165417348,DOGE
1681,2025-03-20 17:00:00+00:00,2025-03-21 00:00:00+00:00,-1,7,-0.01578480574810167,False,0.01820250284414116,5.9876654092463e-05,1.297072307682935,0.004266685222633637,DOGE
1682,2025-03-24 15:00:00+00:00,2025-03-25 00:00:00+00:00,1,9,0.004101790597624059,False,0.008410290237467038,0.03886323658751096,0.8050389928290219,3.7200167838569715,DOGE
1683,2025-04-06 19:00:00+00:00,2025-04-07 00:00:00+00:00,-1,5,0.017440431487849708,False,0.007562306832379722,0.04162556717301244,0.5467286232921393,3.0093845090776434,DOGE
1684,2025-04-21 02:00:00+00:00,2025-04-22 00:00:00+00:00,1,22,-0.006854181995942652,False,0.028093394930702814,0.020851542015232923,2.68138822249734,1.9901859251424863,DOGE
1685,2025-04-22 14:00:00+00:00,2025-04-23 00:00:00+00:00,1,10,0.05255741512398927,False,0.007504579566270717,0.06364119836908351,0.6145301371448488,5.211409115787447,DOGE
1686,2020-02-05 14:00:00+00:00,2020-02-06 00:00:00+00:00,1,10,0.0048245971689294675,False,0.0016946280291476505,0.021521775970174552,0.13661682556023277,1.735033684614907,ADA
1687,2020-02-12 17:00:00+00:00,2020-02-13 00:00:00+00:00,1,7,-0.013638615902212225,False,0.01374222479386652,0.02560393461594109,0.8031971083237972,1.4964830334033037,ADA
1688,2020-02-16 17:00:00+00:00,2020-02-17 00:00:00+00:00,-1,7,-0.0672734940442045,False,0.09090909090909087,0.00935064935064945,2.946224152277279,0.30304019851995206,ADA
1689,2020-02-26 10:00:00+00:00,2020-02-27 00:00:00+00:00,-1,14,0.034589664800075914,False,0.028789659224441815,0.09420289855072467,1.4827151533737333,4.851605365801132,ADA
1690,2020-03-08 15:00:00+00:00,2020-03-09 00:00:00+00:00,-1,9,0.06311982569197314,False,0.0030534351145038436,0.07960741548527808,0.22773321089298418,5.937330141138464,ADA
1691,2020-03-12 11:00:00+00:00,2020-03-13 00:00:00+00:00,-1,13,0.20443316859945376,False,0.04657534246575343,0.248972602739726,0.9715894046145137,5.19371689084376,ADA
1692,2020-03-19 17:00:00+00:00,2020-03-20 00:00:00+00:00,1,7,-0.018152895080771635,False,0.024943310657596477,0.036281179138321865,0.9819527323308564,1.4282948833903255,ADA
1693,2020-04-06 07:00:00+00:00,2020-04-07 00:00:00+00:00,1,17,0.08005857093435312,False,0.004829459704195606,0.09266525807425305,0.5702117985354985,10.940938884399861,ADA
1694,2020-04-10 16:00:00+00:00,2020-04-11 00:00:00+00:00,-1,8,-0.029177237222241133,False,0.03678516228748079,0.0058732612055640105,2.324543196343148,0.3711455523572999,ADA
1695,2020-04-16 20:00:00+00:00,2020-04-17 00:00:00+00:00,1,4,0.008990154272734897,False,0.011447020839448237,0.02700322864690335,0.7869856690424907,1.856479014151504,ADA
1696,2020-04-23 14:00:00+00:00,2020-04-24 00:00:00+00:00,1,10,0.04119539555582362,False,0.00025490695896005763,0.08590364516951307,0.01761171661550352,5.935148499422866,ADA
1697,2020-04-29 18:00:00+00:00,2020-04-30 00:00:00+00:00,1,6,0.007102134419574337,False,0.020164447924823865,0.01644479248238059,1.3977224308275655,1.1398901377622839,ADA
1698,2020-05-07 19:00:00+00:00,2020-05-08 00:00:00+00:00,1,5,-0.0026060671690920282,False,0.01617303195635225,0.004871395167575998,1.1387382392136998,0.34299344554629646,ADA
1699,2020-05-10 01:00:00+00:00,2020-05-11 00:00:00+00:00,-1,23,0.00605407964007793,False,0.012895174708818688,0.07737104825291184,0.47955158810829823,2.877309528649779,ADA
1700,2020-05-18 03:00:00+00:00,2020-05-19 00:00:00+00:00,1,21,0.012907284303725987,False,0.002802690582959592,0.032511210762331814,0.29405742132590623,3.4110660873805694,ADA
1701,2020-05-21 18:00:00+00:00,2020-05-22 00:00:00+00:00,-1,6,-0.004006517320972634,False,0.019012867294027364,0.036297292106779254,1.0751322892353052,2.0525252794492044,ADA
1702,2020-05-28 14:00:00+00:00,2020-05-29 00:00:00+00:00,1,10,0.0973426167353096,False,0.008159102498725162,0.15145334013258532,0.610093405306555,11.32485883600289,ADA
1703,2020-05-30 19:00:00+00:00,2020-05-31 00:00:00+00:00,1,5,0.01699024703769229,False,0.025195597400875198,0.027582548733589687,1.1549422102726252,1.2643577880879264,ADA
1704,2020-06-11 16:00:00+00:00,2020-06-12 00:00:00+00:00,-1,8,0.03785833239193774,False,0.005728105906313544,0.0589358452138494,0.4067294324661546,4.184793938485184,ADA
1705,2020-06-22 22:00:00+00:00,2020-06-23 00:00:00+00:00,1,2,0.006754106280193274,False,0.005676328502415437,0.013043478260869537,0.6445900984656918,1.481185758176486,ADA
1706,2020-06-27 20:00:00+00:00,2020-06-28 00:00:00+00:00,-1,4,-0.02034935672386457,False,0.03241960991038487,0.006589351607801798,2.710045407575469,0.5508222373120868,ADA
1707,2020-07-01 16:00:00+00:00,2020-07-02 00:00:00+00:00,1,8,0.07134111888744993,False,0.008892841262783406,0.07825700311249449,0.7160969283615551,6.301652969581727,ADA
1708,2020-07-07 17:00:00+00:00,2020-07-08 00:00:00+00:00,1,7,0.023390655074669114,False,0.0209332751853467,0.03994766681203664,1.101881265764715,2.1027567488343317,ADA
1709,2020-07-08 08:00:00+00:00,2020-07-09 00:00:00+00:00,1,16,-0.03025788573435412,False,0.08497802934385941,0.010426752066731305,2.8111319223467213,0.34492416225113437,ADA
1710,2020-07-16 10:00:00+00:00,2020-07-17 00:00:00+00:00,-1,14,-0.05494048108778992,False,0.06774976970103007,0.010384389917092413,2.8656832403538632,0.43923945834843076,ADA
1711,2020-07-21 11:00:00+00:00,2020-07-22 00:00:00+00:00,1,13,-0.008166513140024957,False,0.022087867795243795,0.0027408303103587826,1.9253108270993242,0.2389071829247392,ADA
1712,2020-07-25 03:00:00+00:00,2020-07-26 00:00:00+00:00,1,21,0.09552564838986834,False,0.009120870698244781,0.11903119491070735,0.7561618366597309,9.868229683466929,ADA
1713,2020-08-02 05:00:00+00:00,2020-08-03 00:00:00+00:00,-1,19,-0.00776936409597264,False,0.04129993229519292,0.04965019183028658,1.454951468679574,1.7491219842049526,ADA
1714,2020-08-19 06:00:00+00:00,2020-08-20 00:00:00+00:00,-1,18,0.007014288292085577,False,0.03604429171439482,0.03734249713631161,2.1482005192509592,2.225572148122288,ADA
1715,2020-08-21 23:00:00+00:00,2020-08-22 00:00:00+00:00,-1,1,-0.0022805055505891927,False,0.0076391710686712425,0.012433969930922417,0.41058888713982467,0.6682989333233357,ADA
1716,2020-08-25 17:00:00+00:00,2020-08-26 00:00:00+00:00,-1,7,-0.01638802263412592,False,0.025155531512036797,0.05058155261022442,1.289005192299057,2.591870655483045,ADA
1717,2020-09-02 15:00:00+00:00,2020-09-03 00:00:00+00:00,-1,9,-0.02399330044679679,False,0.04019206829094786,0.013249155255201895,1.8422409917298912,0.6072874065658296,ADA
1718,2020-09-03 16:00:00+00:00,2020-09-04 00:00:00+00:00,-1,8,0.09094518812290481,False,0.021256131576416173,0.118207175146677,0.8105778923142828,4.50769334685185,ADA
1719,2020-09-21 10:00:00+00:00,2020-09-22 00:00:00+00:00,-1,14,0.028888017154887927,False,0.0025491624180626594,0.06712794367564935,0.16607361276946472,4.373271802929194,ADA
1720,2020-09-25 12:00:00+00:00,2020-09-26 00:00:00+00:00,1,12,0.03449242127408546,False,0.018609625668449255,0.05475935828877005,0.9059905823563997,2.665903322795834,ADA
1721,2020-10-01 17:00:00+00:00,2020-10-02 00:00:00+00:00,-1,7,-0.020654781161817577,False,0.02525987525987528,0.009043659043659,1.59665883775751,0.5716432875921917,ADA
1722,2020-10-02 10:00:00+00:00,2020-10-03 00:00:00+00:00,-1,14,-0.014578122545381312,False,0.031723536465714554,0.023329336095061624,1.5777329902910102,1.1602572505920175,ADA
1723,2020-10-06 21:00:00+00:00,2020-10-07 00:00:00+00:00,-1,3,-0.013483736985060835,False,0.015577342047930138,0.0031590413943356475,0.9205785909822293,0.1866907632061961,ADA
1724,2020-10-09 22:00:00+00:00,2020-10-10 00:00:00+00:00,1,2,-0.009143093850707173,False,0.008033702361124596,0.004800627020672131,0.6342771844318065,0.3790192931360887,ADA
1725,2020-10-10 18:00:00+00:00,2020-10-11 00:00:00+00:00,1,6,-0.04767367698966292,False,0.056399526971709246,0.002910943327572099,3.0686047697682164,0.15837960102029552,ADA
1726,2020-10-20 12:00:00+00:00,2020-10-21 00:00:00+00:00,-1,12,-0.0013893533866358705,False,0.022458744263255507,0.019724636265989727,1.8156189545813592,1.5945870818497243,ADA
1727,2020-10-26 16:00:00+00:00,2020-10-27 00:00:00+00:00,-1,8,-0.016061100763844316,False,0.02018511224891686,0.028357621110673432,2.016838376797567,2.8334119635009705,ADA
1728,2020-11-06 10:00:00+00:00,2020-11-07 00:00:00+00:00,1,14,0.03875142802708635,False,0.000571973307912208,0.051000953288846594,0.04134348532555982,3.686460774862999,ADA
1729,2020-11-14 10:00:00+00:00,2020-11-15 00:00:00+00:00,-1,14,-0.019544996057252958,False,0.023849086110839583,0.007917114651549128,2.186057468292387,0.7256994054577115,ADA
1730,2020-11-15 22:00:00+00:00,2020-11-16 00:00:00+00:00,-1,2,0.00018818272095339047,False,0.0018867924528301462,0.021151936444885732,0.1866333065869297,2.092257594895621,ADA
1731,2020-11-17 11:00:00+00:00,2020-11-18 00:00:00+00:00,1,13,-0.0030709831601320207,False,0.014667031064953998,0.02924296255807589,1.2519849661272233,2.4961936281170023,ADA
1732,2020-11-20 21:00:00+00:00,2020-11-21 00:00:00+00:00,1,3,0.02646836448409818,False,0.015019968744573791,0.03698558777565549,1.1657930289102316,2.870681100091075,ADA
1733,2020-12-08 23:00:00+00:00,2020-12-09 00:00:00+00:00,-1,1,-0.01347304273014055,False,0.015414396329222922,0.017780326928591786,0.8259346133676116,0.9527059726286743,ADA
1734,2020-12-21 12:00:00+00:00,2020-12-22 00:00:00+00:00,-1,12,-0.012845690574467328,False,0.025529100529100544,0.02777777777777784,1.2359457966283711,1.3448114885593696,ADA
1735,2020-12-23 17:00:00+00:00,2020-12-24 00:00:00+00:00,-1,7,0.04936977754899945,False,0.034602798858177276,0.12399916451994722,1.4470629849904444,5.185551662511032,ADA
1736,2020-12-29 13:00:00+00:00,2020-12-30 00:00:00+00:00,1,11,-0.028396606146941727,False,0.08354971742782959,0.006618807596354542,2.4448584568117795,0.1936816571514504,ADA
1737,2021-01-03 13:00:00+00:00,2021-01-04 00:00:00+00:00,1,11,0.06153902086523118,False,0.024616813748258227,0.08680394281880581,1.0759789339531265,3.7941227817802097,ADA
1738,2021-01-06 23:00:00+00:00,2021-01-07 00:00:00+00:00,1,1,0.006938210003633306,False,0.019407775221024666,0.052349521618020985,0.3798046065294413,1.024465155521685,ADA
1739,2021-01-11 16:00:00+00:00,2021-01-12 00:00:00+00:00,-1,8,-0.10038093372079797,False,0.10787951326550972,0.08485936564931172,2.0010642487731376,1.5740620033803472,ADA
1740,2021-01-16 11:00:00+00:00,2021-01-17 00:00:00+00:00,1,13,0.03833451880039875,False,0.023495295022785117,0.09297508433449725,0.8266613976528658,3.2712469917195257,ADA
1741,2021-01-21 15:00:00+00:00,2021-01-22 00:00:00+00:00,-1,9,0.0777494508455596,False,0.030467183431598547,0.10214587136743182,1.0630533781471279,3.5640483100355,ADA
1742,2021-01-27 12:00:00+00:00,2021-01-28 00:00:00+00:00,-1,12,0.02328568765010837,False,0.012753586946328568,0.04873245600325106,0.6376280219266721,2.4364266818227733,ADA
1743,2021-02-01 23:00:00+00:00,2021-02-02 00:00:00+00:00,1,1,0.03663379819951337,False,0.005981346309813535,0.04371958637469583,0.20865036111417745,1.5250926818726755,ADA
1744,2021-02-05 15:00:00+00:00,2021-02-06 00:00:00+00:00,1,9,0.03741620768772379,False,0.033221567040505495,0.08137742320884879,1.1902253192802028,2.9154997235036646,ADA
1745,2021-02-06 22:00:00+00:00,2021-02-07 00:00:00+00:00,1,2,-0.030424720917711128,False,0.06474325686532065,0.01304334545010232,1.8271264642768428,0.3680976646596888,ADA
1746,2021-02-10 12:00:00+00:00,2021-02-11 00:00:00+00:00,1,12,0.08536476224786019,False,0.13712767058985953,0.10447658164497975,4.299461386804949,3.275728572327856,ADA
1747,2021-02-20 02:00:00+00:00,2021-02-21 00:00:00+00:00,1,22,0.050845627158832764,False,0.04891324927108172,0.13834298913249266,1.6789806271765617,4.748717415436098,ADA
1748,2021-02-23 09:00:00+00:00,2021-02-24 00:00:00+00:00,-1,15,-0.12480553558366396,False,0.17289779549773246,0.06312733885916137,2.173407632468313,0.7935407140324946,ADA
1749,2021-03-04 18:00:00+00:00,2021-03-05 00:00:00+00:00,-1,6,-0.01267407781029345,False,0.027447492148782875,0.031531940385208845,1.1550369540971357,1.3269174532187311,ADA
1750,2021-03-09 23:00:00+00:00,2021-03-10 00:00:00+00:00,1,1,-0.010331963451440784,False,0.021507421342043136,0.00011576466696988382,1.283931415357639,0.006910818844679262,ADA
1751,2021-03-12 14:00:00+00:00,2021-03-13 00:00:00+00:00,-1,10,0.017557298180933684,False,0.024285578657552608,0.021855121997531396,1.2780548134475258,1.1501494060031912,ADA
1752,2021-03-16 18:00:00+00:00,2021-03-17 00:00:00+00:00,1,6,0.03340353021988467,False,0.04084886333597673,0.03504989426381176,1.469215148226147,1.2606430483161857,ADA
1753,2021-03-26 11:00:00+00:00,2021-03-27 00:00:00+00:00,1,13,0.0071578638139741385,False,0.009629488443785137,0.06859145942272793,0.4607430396721357,3.2819020132239936,ADA
1754,2021-04-06 13:00:00+00:00,2021-04-07 00:00:00+00:00,1,11,-0.03177532092110353,False,0.077271142447604,0.04296284817727501,5.204011370033031,2.893436583458651,ADA
1755,2021-04-12 23:00:00+00:00,2021-04-13 00:00:00+00:00,1,1,-0.015654345465845165,False,0.01865925887101005,0.0003069942270108492,0.9914977417376099,0.016312763808676578,ADA
1756,2021-04-18 04:00:00+00:00,2021-04-19 00:00:00+00:00,-1,20,-0.07768156950860786,False,0.09028273747006683,0.05587530983489476,2.308715006993441,1.4288464212662983,ADA
1757,2021-04-23 08:00:00+00:00,2021-04-24 00:00:00+00:00,-1,16,-0.1499284654318113,False,0.16312437810945296,0.016398009950248697,3.131639192476169,0.31480672131271814,ADA
1758,2021-05-04 01:00:00+00:00,2021-05-05 00:00:00+00:00,-1,23,0.0189142717181605,False,0.039523864555645535,0.03289032705420077,2.1480405947045753,1.7875215007395298,ADA
1759,2021-05-05 12:00:00+00:00,2021-05-06 00:00:00+00:00,1,12,0.08805800310747175,False,0.0022842826615576454,0.10382433129467249,0.12292160001169815,5.5869849811770775,ADA
1760,2021-05-06 12:00:00+00:00,2021-05-07 00:00:00+00:00,1,12,-0.009902324451769522,False,0.09929384637555841,0.023448383532689646,3.2691888113037315,0.7720236035402204,ADA
1761,2021-05-13 11:00:00+00:00,2021-05-14 00:00:00+00:00,1,13,0.0708155620994313,False,0.02483885307846198,0.09641031340297843,0.6456879871054916,2.5061938649396494,ADA
1762,2021-05-19 05:00:00+00:00,2021-05-20 00:00:00+00:00,-1,19,0.05511071147134561,False,0.10494049765596833,0.39896622190167086,2.2879646432527383,8.698458935802787,ADA
1763,2021-06-18 19:00:00+00:00,2021-06-19 00:00:00+00:00,-1,5,-0.025222435104053705,False,0.0271247739602169,0.0030379746835442903,1.7314013885010793,0.1939169555121207,ADA
1764,2021-06-21 11:00:00+00:00,2021-06-22 00:00:00+00:00,-1,13,0.07882892738880037,False,0.045714285714285714,0.08720156555773007,1.7800812063385345,3.395565862775908,ADA
1765,2021-07-08 23:00:00+00:00,2021-07-09 00:00:00+00:00,-1,1,-0.0055871934604904685,False,0.01748410535876485,0.0,1.3109804730739967,0.0,ADA
1766,2021-07-13 20:00:00+00:00,2021-07-14 00:00:00+00:00,-1,4,-0.011322916770532598,False,0.014295982748981733,0.0027953038894657444,1.1998630902820033,0.23461010145179192,ADA
1767,2021-07-20 10:00:00+00:00,2021-07-21 00:00:00+00:00,-1,14,-0.027856423458221632,False,0.058714703018500514,0.0068159688412851955,3.588403147431655,0.416564212803005,ADA
1768,2021-07-21 15:00:00+00:00,2021-07-22 00:00:00+00:00,1,9,-0.004225740518504966,False,0.029459344401873293,0.04018731375053206,1.8211769176004393,2.4843800725647434,ADA
1769,2021-07-26 02:00:00+00:00,2021-07-27 00:00:00+00:00,1,22,-0.05354702014835231,False,0.0621695120108778,0.05718386463211956,4.076249050744966,3.7493566602842443,ADA
1770,2021-08-01 04:00:00+00:00,2021-08-02 00:00:00+00:00,1,20,-0.04930213556114714,False,0.05912223431265878,0.00674646354733396,4.7410019804608226,0.5409977720034961,ADA
1771,2021-08-03 19:00:00+00:00,2021-08-04 00:00:00+00:00,1,5,-0.006950534806803376,False,0.01365187713310575,0.004211749328298618,0.8405336803509401,0.25931358223593054,ADA
1772,2021-08-10 12:00:00+00:00,2021-08-11 00:00:00+00:00,1,12,0.06351954777366585,False,0.029881994670727153,0.08095419363024993,2.1577427125590374,5.845604461200259,ADA
1773,2021-08-19 20:00:00+00:00,2021-08-20 00:00:00+00:00,1,4,0.01757562852664024,False,0.031315153031440224,0.025268951713785334,1.296852815241473,1.0464617923253436,ADA
1774,2021-08-27 15:00:00+00:00,2021-08-28 00:00:00+00:00,1,9,0.027561581291549734,False,0.01849912739965109,0.02966841186736473,0.8214765486229175,1.3174623893008954,ADA
1775,2021-09-02 04:00:00+00:00,2021-09-03 00:00:00+00:00,1,20,-0.025712414918940774,False,0.04286185295087369,0.023804813715792957,2.6303187508868704,1.4608385678002482,ADA
1776,2021-09-07 07:00:00+00:00,2021-09-08 00:00:00+00:00,-1,17,0.04773513530867966,False,0.019110648423557447,0.3183744794765021,1.0823133620869587,18.030835252043985,ADA
1777,2021-09-20 11:00:00+00:00,2021-09-21 00:00:00+00:00,-1,13,0.01123614076759043,False,0.03205340656218944,0.06827328251503238,1.4488670116996145,3.086065333634908,ADA
1778,2021-10-06 09:00:00+00:00,2021-10-06 15:00:00+00:00,-1,6,-0.04777515746916523,False,0.0491603910379343,0.012301791477618219,4.1438528891823285,1.0369489151807372,ADA
1779,2021-10-07 09:00:00+00:00,2021-10-08 00:00:00+00:00,1,15,-0.029487967779365565,False,0.03586965793738798,0.013776337115073027,2.3066676012137033,0.8859139538549732,ADA
1780,2021-10-21 06:00:00+00:00,2021-10-21 16:00:00+00:00,1,10,-0.04799055557785591,False,0.06624175824175826,0.01178021978021985,5.770461525610451,1.0262001916812273,ADA
1781,2021-10-27 09:00:00+00:00,2021-10-28 00:00:00+00:00,-1,15,0.04289035218520071,False,0.004396482813749183,0.04986011191047157,0.21015080635845004,2.383301190292321,ADA
1782,2021-11-03 07:00:00+00:00,2021-11-04 00:00:00+00:00,1,17,0.005989486938946572,False,0.012973711164219958,0.046871189582012314,1.0727852450766426,3.8757391748821237,ADA
1783,2021-11-08 19:00:00+00:00,2021-11-09 00:00:00+00:00,1,5,0.005516526257653074,False,0.012120638227356586,0.013114909331944643,1.2271515557435537,1.3278163318006635,ADA
1784,2021-11-09 09:00:00+00:00,2021-11-10 00:00:00+00:00,1,15,-0.007149161098138774,False,0.02901404752527243,0.04091724650999962,2.0054314758665526,2.828172594170782,ADA
1785,2021-11-16 03:00:00+00:00,2021-11-17 00:00:00+00:00,-1,21,0.03595147353310519,False,0.011396303901437371,0.11704312114989732,0.9253102301400226,9.503186147384016,ADA
1786,2021-11-26 11:00:00+00:00,2021-11-27 00:00:00+00:00,-1,13,-0.0034404180148902,False,0.03782088967274157,0.022143836958651655,1.7711947434093218,1.0370207565038967,ADA
1787,2021-12-02 13:00:00+00:00,2021-12-03 00:00:00+00:00,1,11,-0.002448147080561367,False,0.03312641410918369,0.020827290131693474,1.8933327004073395,1.1903790533209047,ADA
1788,2021-12-03 20:00:00+00:00,2021-12-04 00:00:00+00:00,-1,4,0.0029515748851081563,False,0.018228333866325677,0.03997441637352095,0.9709156987812391,2.129201093818492,ADA
1789,2021-12-04 06:00:00+00:00,2021-12-05 00:00:00+00:00,-1,18,-0.06881821366771926,False,0.08771533890017305,0.03753855412623173,2.0986086027663755,0.8981180898631369,ADA
1790,2021-12-22 11:00:00+00:00,2021-12-23 00:00:00+00:00,1,13,-0.016663125083742753,False,0.022698612862547422,0.015503300942066551,1.8722084885321082,1.278730634324205,ADA
1791,2021-12-23 18:00:00+00:00,2021-12-24 00:00:00+00:00,1,6,0.028101452023998545,False,0.0,0.041672493357572435,0.0,2.4955514375241066,ADA
1792,2021-12-27 11:00:00+00:00,2021-12-28 00:00:00+00:00,1,13,-0.042758899804821594,False,0.04405899854402741,0.0038614926884851515,3.4461262663991508,0.30203118139417773,ADA
1793,2022-01-05 21:00:00+00:00,2022-01-06 00:00:00+00:00,-1,3,0.013532586307021966,False,0.01409691629955952,0.04597517020424501,0.8172725896962567,2.665423105032096,ADA
1794,2022-01-12 17:00:00+00:00,2022-01-13 00:00:00+00:00,1,7,0.022738054259724354,False,0.009837601499063042,0.02693628981886319,0.6964125700976436,1.9068439419340313,ADA
1795,2022-01-16 12:00:00+00:00,2022-01-17 00:00:00+00:00,1,12,0.013521846280784799,False,0.005325273459988379,0.023891767415083563,0.3762642117109853,1.6881043011898658,ADA
1796,2022-01-17 10:00:00+00:00,2022-01-18 00:00:00+00:00,1,14,0.03104231361053292,False,0.06341023327748424,0.03505606392576363,3.2707764508478467,1.808234135428077,ADA
1797,2022-02-02 22:00:00+00:00,2022-02-03 00:00:00+00:00,-1,2,0.003530834109804638,False,0.007951900698215874,0.007467028704421857,0.5623218629572261,0.5280339444841986,ADA
1798,2022-02-24 10:00:00+00:00,2022-02-24 22:00:00+00:00,-1,12,-0.12774747732284447,False,0.17636292325794223,0.022355863511570144,4.864916757287114,0.6166795889518878,ADA
1799,2022-03-16 20:00:00+00:00,2022-03-17 00:00:00+00:00,1,4,0.015049785428612508,False,0.003031405359524611,0.018430944585910016,0.23043484461670052,1.4010438552695683,ADA
1800,2022-03-19 19:00:00+00:00,2022-03-20 00:00:00+00:00,1,5,-0.00900031075486215,False,0.024199758002419997,0.007369926300736913,2.208511723771896,0.6725922067850696,ADA
1801,2022-03-23 15:00:00+00:00,2022-03-24 00:00:00+00:00,1,9,0.025780342006489276,False,0.025612472160356208,0.028860430586488614,1.4077506567078364,1.5862697617251498,ADA
1802,2022-04-06 14:00:00+00:00,2022-04-07 00:00:00+00:00,-1,10,0.044219220799686265,False,0.014069165834619288,0.05010438413361162,0.9460321759070062,3.3690952329075117,ADA
1803,2022-04-11 10:00:00+00:00,2022-04-12 00:00:00+00:00,-1,14,0.04853341661990855,False,0.016010742691870746,0.05350686912509034,1.129503000648036,3.774726157004384,ADA
1804,2022-04-26 18:00:00+00:00,2022-04-27 00:00:00+00:00,-1,6,0.01564770341432114,False,0.003095975232198198,0.029173612764943995,0.2411086930808336,2.271985761723196,ADA
1805,2022-05-04 11:00:00+00:00,2022-05-05 00:00:00+00:00,1,13,0.09665416836004574,False,0.0006135722174499263,0.10332556141857904,0.05125860809718276,8.631949603566534,ADA
1806,2022-05-05 16:00:00+00:00,2022-05-06 00:00:00+00:00,-1,8,0.0007819283337248691,False,0.019116343840992533,0.02456007089505011,0.9004144186315979,1.156823822612786,ADA
1807,2022-05-30 13:00:00+00:00,2022-05-31 00:00:00+00:00,1,11,0.06211365649786863,False,0.014769115722564998,0.07926715273882967,0.9157994578146793,4.915176836878773,ADA
1808,2022-05-31 09:00:00+00:00,2022-06-01 00:00:00+00:00,1,15,-0.06521504507545167,False,0.1136669156086631,0.0016430171769977445,3.7767691511427417,0.05459193253951355,ADA
1809,2022-06-06 04:00:00+00:00,2022-06-07 00:00:00+00:00,1,20,-0.014554119471237305,False,0.043555699481865336,0.04549870466321246,2.766235299305513,2.889636130501296,ADA
1810,2022-06-10 17:00:00+00:00,2022-06-11 00:00:00+00:00,-1,7,0.002980743865163939,False,0.0189039195282692,0.011099549080818524,0.9022026937221476,0.5297336917267613,ADA
1811,2022-07-05 13:00:00+00:00,2022-07-06 00:00:00+00:00,-1,11,-0.02086515742756724,False,0.032797858099062896,0.009593931280678203,2.526092318677664,0.7389249639669312,ADA
1812,2022-07-11 23:00:00+00:00,2022-07-12 00:00:00+00:00,-1,1,0.003497465494505475,False,0.0013736263736263494,0.013736263736263748,0.11668179665884656,1.1668179665884872,ADA
1813,2022-07-18 10:00:00+00:00,2022-07-19 00:00:00+00:00,1,14,0.024215729709061634,False,0.022180372462858335,0.04582548650345267,1.6217073825322335,3.3505086488166005,ADA
1814,2022-08-07 21:00:00+00:00,2022-08-08 00:00:00+00:00,1,3,-0.011491444077671175,False,0.01408450704225343,0.010328638497652696,1.9989741556550098,1.4659143808136996,ADA
1815,2022-08-09 16:00:00+00:00,2022-08-10 00:00:00+00:00,-1,8,-0.0065933102874054066,False,0.014512649539125243,0.0017650519709747241,1.2843417800448826,0.15620373000546156,ADA
1816,2022-08-19 21:00:00+00:00,2022-08-20 00:00:00+00:00,-1,3,0.01990691574426111,False,0.0028291621327529225,0.030685527747551688,0.16950582956333674,1.8384863052639286,ADA
1817,2022-08-26 18:00:00+00:00,2022-08-27 00:00:00+00:00,-1,6,0.02494312593414543,False,0.009710930442637692,0.04019873532068662,0.5174148217957587,2.141856704177811,ADA
1818,2022-09-03 05:00:00+00:00,2022-09-04 00:00:00+00:00,1,19,0.005901015878491109,False,0.0312762384550797,0.01952141057934515,2.724414054719437,1.7004732019389863,ADA
1819,2022-09-13 13:00:00+00:00,2022-09-14 00:00:00+00:00,-1,11,0.021423604469577702,False,0.008222643896268216,0.028673835125448032,0.49276987691496604,1.7183770066778241,ADA
1820,2022-09-18 21:00:00+00:00,2022-09-19 00:00:00+00:00,-1,3,0.03017085133382607,False,0.001081782778018175,0.053872782345305015,0.1035458676572523,5.156584209331156,ADA
1821,2022-10-10 21:00:00+00:00,2022-10-11 00:00:00+00:00,-1,3,0.025572462076349937,False,0.003399708596406052,0.041282175813501736,0.549639346457664,6.674192064128724,ADA
1822,2022-10-19 23:00:00+00:00,2022-10-20 00:00:00+00:00,-1,1,0.0023166606668566453,False,0.0017098888572242503,0.013394129381590146,0.17933709230549086,1.4048072230596977,ADA
1823,2022-10-25 17:00:00+00:00,2022-10-26 00:00:00+00:00,1,7,0.03280739611315146,False,0.0002582644628098889,0.07644628099173557,0.02325825963249646,6.8844448512197145,ADA
1824,2022-11-04 07:00:00+00:00,2022-11-05 00:00:00+00:00,1,17,0.022174990203997852,False,0.027946537059538167,0.03572296476306208,2.3003918064548676,2.940500830859721,ADA
1825,2022-11-08 19:00:00+00:00,2022-11-09 00:00:00+00:00,-1,5,0.0018684546474494338,False,0.010441767068273131,0.09290495314591703,0.38731690097233895,3.4461272983949014,ADA
1826,2022-11-20 22:00:00+00:00,2022-11-21 00:00:00+00:00,-1,2,-0.0032093536857809675,False,0.006101477199743136,0.006422607578676949,0.5921726250405439,0.6233396053058321,ADA
1827,2022-11-28 02:00:00+00:00,2022-11-29 00:00:00+00:00,-1,22,-0.02016463379049842,False,0.03424202127659566,0.0036569148936169875,3.263741939945048,0.3485549644601484,ADA
1828,2022-12-07 08:00:00+00:00,2022-12-08 00:00:00+00:00,-1,16,-0.007075417528707161,False,0.014920531949399912,0.0064871878040869335,2.001817646116576,0.870355498311557,ADA
1829,2022-12-16 11:00:00+00:00,2022-12-17 00:00:00+00:00,-1,13,0.07800800421218287,False,0.004551820728291203,0.10959383753501398,0.41913901741928633,10.091577880941527,ADA
1830,2022-12-27 18:00:00+00:00,2022-12-28 00:00:00+00:00,-1,6,-0.01399722229660334,False,0.014396887159533,0.0011673151750973636,1.9531042473277538,0.15835980383739812,ADA
1831,2022-12-28 06:00:00+00:00,2022-12-29 00:00:00+00:00,-1,18,0.012565298710602309,False,0.013116057233704393,0.021065182829888708,1.497461917810179,2.4050145952708744,ADA
1832,2023-01-04 04:00:00+00:00,2023-01-05 00:00:00+00:00,1,20,0.009400218082593375,False,0.011337868480725634,0.023431594860166226,1.3189249479698857,2.7257782258044205,ADA
1833,2023-01-09 02:00:00+00:00,2023-01-10 00:00:00+00:00,1,22,-0.06637600624245052,False,0.08247117942654443,0.0038427431274017836,3.529155508494171,0.16444093767177448,ADA
1834,2023-01-30 10:00:00+00:00,2023-01-31 00:00:00+00:00,-1,14,0.008796881510464372,False,0.024448578262024942,0.0308264682434228,2.185611616011081,2.755771168013976,ADA
1835,2023-01-31 16:00:00+00:00,2023-02-01 00:00:00+00:00,1,8,-0.0161564434143567,False,0.03258398585501381,0.010103561505430673,2.725373979148617,0.8450772028367834,ADA
1836,2023-02-09 20:00:00+00:00,2023-02-10 00:00:00+00:00,-1,4,0.024825112600879766,False,0.0,0.04895104895104893,0.0,3.8651552653117722,ADA
1837,2023-02-14 16:00:00+00:00,2023-02-15 00:00:00+00:00,1,8,0.018921050754068285,False,0.008181578252837138,0.037212984956452894,0.6579885756020631,2.992786747093263,ADA
1838,2023-02-21 22:00:00+00:00,2023-02-22 00:00:00+00:00,-1,2,-0.011611110712688565,False,0.010293360782295428,0.0015440041173442856,0.9190059469035241,0.13785089203552606,ADA
1839,2023-02-24 22:00:00+00:00,2023-02-25 00:00:00+00:00,-1,2,-0.010412486525714203,False,0.012417218543046369,0.013245033112582854,1.0225025619091506,1.0906693993697656,ADA
1840,2023-03-03 02:00:00+00:00,2023-03-04 00:00:00+00:00,-1,22,-0.05037061194150766,False,0.05205143906919784,0.004286589099816327,3.3939489899630684,0.27950168152637256,ADA
1841,2023-03-08 15:00:00+00:00,2023-03-09 00:00:00+00:00,-1,9,0.001847521447704976,False,0.02541575149042986,0.018512707875745094,2.5218309559467924,1.8368892148254303,ADA
1842,2023-03-21 17:00:00+00:00,2023-03-22 00:00:00+00:00,1,7,0.04594834532822015,False,0.007090187180941582,0.09784458309699369,0.4818595347586702,6.6496615796696386,ADA
1843,2023-03-28 22:00:00+00:00,2023-03-29 00:00:00+00:00,1,2,0.006339355530639069,False,0.002739726027397263,0.013698630136986314,0.23527174277067112,1.1763587138533556,ADA
1844,2023-04-13 21:00:00+00:00,2023-04-14 00:00:00+00:00,1,3,-0.008128805183271148,False,0.009114279037158248,0.00023369946249121053,0.7140556406930417,0.018309118992127192,ADA
1845,2023-04-19 09:00:00+00:00,2023-04-20 00:00:00+00:00,-1,15,-0.005747096957812244,False,0.02581423401688792,0.018094089264173722,1.9387356427010858,1.3589268523605702,ADA
1846,2023-04-26 13:00:00+00:00,2023-04-26 20:00:00+00:00,1,7,-0.06742037831426391,False,0.07429816069699904,0.009196515004840198,7.564663372798871,0.9363426976102762,ADA
1847,2023-05-06 14:00:00+00:00,2023-05-07 00:00:00+00:00,-1,10,0.003990953068791394,False,0.004202784344628291,0.020488573680062974,0.5843823259959566,2.8488638392302956,ADA
1848,2023-05-08 18:00:00+00:00,2023-05-09 00:00:00+00:00,-1,6,-0.014313159223571414,False,0.014979195561719878,0.024133148404993025,1.3701089453241233,2.207397745244411,ADA
1849,2023-05-17 20:00:00+00:00,2023-05-18 00:00:00+00:00,1,4,-0.007260703295524606,False,0.009269067796610178,0.002913135593220312,1.1091233599924317,0.3485816274261893,ADA
1850,2023-05-28 13:00:00+00:00,2023-05-29 00:00:00+00:00,1,11,0.013562144960518021,False,0.006367736800212293,0.023083045900769397,0.8614306168177808,3.122685985964433,ADA
1851,2023-06-01 10:00:00+00:00,2023-06-02 00:00:00+00:00,-1,14,-0.007441063372029693,False,0.01381215469613261,0.004143646408839783,2.2649988265407304,0.6794996479622192,ADA
1852,2023-06-05 16:00:00+00:00,2023-06-06 00:00:00+00:00,-1,8,0.012404162464935047,False,0.021903959561920733,0.02695871946082576,2.5601862516364906,3.150998463552632,ADA
1853,2023-06-07 17:00:00+00:00,2023-06-08 00:00:00+00:00,-1,7,-0.004896399583640253,False,0.02149532710280379,0.011214953271028012,1.6378545601533636,0.8545328139930553,ADA
1854,2023-06-10 05:00:00+00:00,2023-06-11 00:00:00+00:00,-1,19,-0.12646826650353302,False,0.15289765721331705,0.03411426222770243,3.8271393329994368,0.8539047436530994,ADA
1855,2023-06-21 17:00:00+00:00,2023-06-22 00:00:00+00:00,1,7,0.007238941974323482,False,0.010582010582010396,0.018694885361552126,0.797684096055203,1.409241903030891,ADA
1856,2023-06-26 18:00:00+00:00,2023-06-27 00:00:00+00:00,-1,6,-0.005455916324459467,False,0.011103151862464153,0.008954154727793704,0.7599112442752385,0.6128316486090655,ADA
1857,2023-06-28 20:00:00+00:00,2023-06-29 00:00:00+00:00,-1,4,0.00015185215828557286,False,0.011601796407185597,0.005239520958083879,0.7718302969731257,0.3485685212136737,ADA
1858,2023-06-30 11:00:00+00:00,2023-07-01 00:00:00+00:00,1,13,-0.028865134531912223,False,0.09810554803788894,0.010825439783491328,6.997480357003291,0.7721357635314073,ADA
1859,2023-07-13 16:00:00+00:00,2023-07-14 00:00:00+00:00,1,8,0.13664643212341482,False,0.004497269514937399,0.18246064889174415,0.3924766718779892,15.923339259049696,ADA
1860,2023-07-31 22:00:00+00:00,2023-08-01 00:00:00+00:00,-1,2,-0.0008490647462467403,False,0.002279387821556607,0.0032562683165092833,0.2800565768260055,0.40008082403713163,ADA
1861,2023-08-08 18:00:00+00:00,2023-08-09 00:00:00+00:00,1,6,-0.01469166182144862,False,0.013612217795484886,0.004316069057104807,1.6248277234384993,0.5151892781634079,ADA
1862,2023-08-15 20:00:00+00:00,2023-08-16 00:00:00+00:00,-1,4,-0.004333361094450786,False,0.010316613304873561,0.003913198150124475,1.2981257794975087,0.4923925370507818,ADA
1863,2023-08-17 22:00:00+00:00,2023-08-18 00:00:00+00:00,-1,2,-0.02314018587283742,False,0.03764517420905083,0.02162595114136971,1.6753139794593663,0.9624144137319802,ADA
1864,2023-08-29 15:00:00+00:00,2023-08-30 00:00:00+00:00,1,9,-0.020688754563361278,False,0.023046453006841976,0.009362621534029496,2.39041237146846,0.9711050259090559,ADA
1865,2023-08-31 17:00:00+00:00,2023-09-01 00:00:00+00:00,-1,7,-0.012883131094519076,False,0.015841584158415856,0.016237623762376207,1.6900749522826253,1.732326826089686,ADA
1866,2023-09-07 13:00:00+00:00,2023-09-07 23:00:00+00:00,-1,10,-0.018766321362974264,False,0.024467245461720532,0.0015785319652723419,4.8703986536056885,0.3142192679745704,ADA
1867,2023-09-08 11:00:00+00:00,2023-09-09 00:00:00+00:00,-1,13,-0.0042529207624087415,False,0.005520504731861248,0.004731861198738087,0.8590261247519873,0.7363081069302553,ADA
1868,2023-09-10 17:00:00+00:00,2023-09-11 00:00:00+00:00,-1,7,-0.010558817377924091,False,0.014193025141930151,0.005271695052717045,1.9894206504097303,0.738927670152204,ADA
1869,2023-09-18 11:00:00+00:00,2023-09-19 00:00:00+00:00,1,13,-0.009880066743245769,False,0.012623274161735623,0.009467455621301827,1.728188051178595,1.296141038383961,ADA
1870,2023-09-28 16:00:00+00:00,2023-09-29 00:00:00+00:00,1,8,-0.0028562299556305834,False,0.009630818619582718,0.006019261637239059,1.6227911258588419,1.0142444536617525,ADA
1871,2023-09-29 15:00:00+00:00,2023-09-29 20:00:00+00:00,1,5,-0.026570529550625194,False,0.026274509803921615,0.002352941176470547,4.026930660683684,0.36062065618062145,ADA
1872,2023-10-01 23:00:00+00:00,2023-10-02 00:00:00+00:00,1,1,-0.007625505250561107,False,0.009349289454001503,0.0011219147344800559,1.1840736445826796,0.14208883734990577,ADA
1873,2023-10-16 06:00:00+00:00,2023-10-17 00:00:00+00:00,1,18,-0.005524570960642745,False,0.012693375644585406,0.03252677508925024,2.6213968793109763,6.717329503234406,ADA
1874,2023-10-21 18:00:00+00:00,2023-10-22 00:00:00+00:00,1,6,-0.013983752939570958,False,0.01604891096675576,0.004203286205578869,2.317475531560054,0.6069578773133445,ADA
1875,2023-11-01 21:00:00+00:00,2023-11-02 00:00:00+00:00,1,3,0.0010123488803233565,False,0.006521030322790827,0.00815128790348876,0.49459441468791077,0.6182430183599056,ADA
1876,2023-11-02 19:00:00+00:00,2023-11-03 00:00:00+00:00,1,5,-0.004100853280022819,False,0.01604443073125573,0.016970070965751326,0.9160167637069938,0.9688638846900937,ADA
1877,2023-11-06 21:00:00+00:00,2023-11-07 00:00:00+00:00,1,3,-0.033343799644009645,False,0.03336892685531236,0.0037373198077950143,2.4314968093976694,0.27232764265254117,ADA
1878,2023-11-09 15:00:00+00:00,2023-11-09 21:00:00+00:00,1,6,-0.07619052844671421,False,0.12217898832684833,0.004409857328145212,9.522096607086945,0.3436850155424119,ADA
1879,2023-11-27 20:00:00+00:00,2023-11-28 00:00:00+00:00,-1,4,-0.0108618833954372,False,0.011491181186531337,0.008017103153393915,1.0036060127211461,0.7001902414333542,ADA
1880,2023-12-02 22:00:00+00:00,2023-12-03 00:00:00+00:00,1,2,0.0008295353543889289,False,0.008310249307479287,0.003777386048854196,1.2941794573404075,0.5882633897001813,ADA
1881,2023-12-08 12:00:00+00:00,2023-12-09 00:00:00+00:00,1,12,0.04740912027662871,False,0.017476473977338192,0.09909736892644512,0.9431845754902446,5.348167482999628,ADA
1882,2023-12-13 22:00:00+00:00,2023-12-14 00:00:00+00:00,1,2,0.026634458342162375,False,0.003232261043558722,0.046482992150223015,0.12180054749653887,1.7516078735215632,ADA
1883,2023-12-21 23:00:00+00:00,2023-12-22 00:00:00+00:00,1,1,0.005027287608867812,False,0.004117181314330857,0.013935075217735599,0.2595241570392728,0.8783894545944865,ADA
1884,2024-01-03 13:00:00+00:00,2024-01-04 00:00:00+00:00,-1,11,0.00593473277977781,False,0.014957264957264892,0.043981481481481385,0.5564653848830278,1.6362732150727162,ADA
1885,2024-01-10 23:00:00+00:00,2024-01-11 00:00:00+00:00,1,1,-0.007669101123595389,False,0.01404494382022473,0.03493679775280904,0.5614421286743768,1.3965872950775133,ADA
1886,2024-01-18 18:00:00+00:00,2024-01-19 00:00:00+00:00,-1,6,0.012097418210880562,False,0.002551020408163202,0.028257456828885554,0.21815846202142944,2.416524502391292,ADA
1887,2024-01-29 19:00:00+00:00,2024-01-30 00:00:00+00:00,1,5,0.015080311189267928,False,0.00038654812524155005,0.021066872825666837,0.0332454088035562,1.8118747797940156,ADA
1888,2024-02-08 08:00:00+00:00,2024-02-09 00:00:00+00:00,1,16,0.0032818462715853663,False,0.012128103088876184,0.015918135304150226,1.1152117000847594,1.4637153563612686,ADA
1889,2024-02-13 17:00:00+00:00,2024-02-14 00:00:00+00:00,-1,7,-0.01841309566524701,False,0.02052238805970151,0.0009328358208956268,1.5804730551952013,0.07183968432706259,ADA
1890,2024-02-14 10:00:00+00:00,2024-02-15 00:00:00+00:00,1,14,0.01492446769770763,False,0.003346838118724701,0.028536198696494614,0.3481790373240391,2.9686844234996808,ADA
1891,2024-02-26 20:00:00+00:00,2024-02-27 00:00:00+00:00,1,4,0.0002864230587626197,False,0.006468305304010356,0.007115135834411499,0.551445933860442,0.6065905272464954,ADA
1892,2024-02-29 07:00:00+00:00,2024-03-01 00:00:00+00:00,1,17,-0.05304497973993176,False,0.07165651290977662,0.030896431679721476,3.474558573315949,1.4981396277657826,ADA
1893,2024-03-05 20:00:00+00:00,2024-03-06 00:00:00+00:00,-1,4,-0.0882296009642,False,0.09963796631512675,0.014638753344876397,2.121072627106334,0.31162678407723293,ADA
1894,2024-03-11 16:00:00+00:00,2024-03-12 00:00:00+00:00,1,8,0.02017554126671653,False,0.005794811010140866,0.03951007506914267,0.36551060467189456,2.4921177591265793,ADA
1895,2024-04-01 06:00:00+00:00,2024-04-02 00:00:00+00:00,-1,18,-0.00276452488465962,False,0.021420518602029277,0.025124818811402896,2.253779876941343,2.6435312842319654,ADA
1896,2024-04-08 17:00:00+00:00,2024-04-09 00:00:00+00:00,1,7,0.002480741237970885,False,0.004250449566781178,0.008991335622036863,0.4727023552867719,0.9999472900296825,ADA
1897,2024-04-12 18:00:00+00:00,2024-04-13 00:00:00+00:00,-1,6,0.04073024629875749,False,0.003971255673222373,0.17473524962178522,0.22153979956847722,9.747751181013044,ADA
1898,2024-04-20 18:00:00+00:00,2024-04-21 00:00:00+00:00,1,6,0.0031721254522020137,False,0.009714512291831802,0.007137192704203109,0.5831501717449774,0.4284368608738701,ADA
1899,2024-04-30 11:00:00+00:00,2024-05-01 00:00:00+00:00,-1,13,-0.008393478999708126,False,0.01460853686372978,0.02990184889294682,1.1595108643088634,2.3733738003821987,ADA
1900,2024-05-15 16:00:00+00:00,2024-05-16 00:00:00+00:00,1,8,0.013614360447038499,False,0.001346499102333908,0.02087073608617601,0.14262202237789065,2.2106413468573516,ADA
1901,2024-05-17 11:00:00+00:00,2024-05-18 00:00:00+00:00,1,13,-0.012849054454509878,False,0.01949117767747232,0.0065654493229379985,1.839133408789337,0.6194975692764039,ADA
1902,2024-05-20 22:00:00+00:00,2024-05-21 00:00:00+00:00,1,2,0.008557603545650307,False,0.006036217303822943,0.012474849094567371,0.455658524814199,0.9416942846160078,ADA
1903,2024-05-28 05:00:00+00:00,2024-05-29 00:00:00+00:00,-1,19,-0.0056718540087346446,False,0.01710526315789468,0.008333333333333389,1.6848212053712828,0.8208103308219152,ADA
1904,2024-06-03 07:00:00+00:00,2024-06-04 00:00:00+00:00,1,17,0.004455000642053605,False,0.015607825895801385,0.018905253901956465,2.2069300989827956,2.673182936796042,ADA
1905,2024-06-07 11:00:00+00:00,2024-06-07 19:00:00+00:00,1,8,-0.07038942294123735,False,0.11959924859110836,0.024003339595074002,14.808936503500622,2.972125127229606,ADA
1906,2024-06-18 02:00:00+00:00,2024-06-19 00:00:00+00:00,-1,22,-0.034992187984804426,False,0.03773584905660381,0.014285714285714209,1.6791357470853507,0.6356728185394502,ADA
1907,2024-06-25 19:00:00+00:00,2024-06-26 00:00:00+00:00,1,5,-0.013761008225240134,False,0.014880201765447708,0.0020176544766707877,1.482469797358384,0.20101285387909415,ADA
1908,2024-06-29 04:00:00+00:00,2024-06-29 23:00:00+00:00,1,19,-0.04106203673665507,False,0.04120879120879111,0.0039960039960041105,3.6829754893988977,0.3571370171538436,ADA
1909,2024-07-01 18:00:00+00:00,2024-07-02 00:00:00+00:00,1,6,-0.01105838654290333,False,0.013022113022112952,0.003685503685503689,1.5742260560319308,0.4455356762354549,ADA
1910,2024-07-04 19:00:00+00:00,2024-07-05 00:00:00+00:00,-1,5,0.0387429959586455,False,0.010604453870625672,0.0426829268292683,0.6451145160934627,2.5965859272761858,ADA
1911,2024-08-02 19:00:00+00:00,2024-08-03 00:00:00+00:00,-1,5,0.0019725389638164934,False,0.011239035087719278,0.009320175438596529,0.6748628387993284,0.5596423541262756,ADA
1912,2024-08-05 07:00:00+00:00,2024-08-06 00:00:00+00:00,-1,17,-0.08002853950016198,False,0.11823509134781109,0.029300241296104815,3.272383947581491,0.8109406284094082,ADA
1913,2024-08-16 10:00:00+00:00,2024-08-16 15:00:00+00:00,1,5,-0.06148976789730394,False,0.061337209302325446,0.003488372093023356,5.043735701594114,0.28684752805275465,ADA
1914,2024-08-21 05:00:00+00:00,2024-08-22 00:00:00+00:00,1,19,0.031213539210808192,False,0.02268907563025209,0.05686274509803933,2.31954171881634,5.81317245579899,ADA
1915,2024-09-01 23:00:00+00:00,2024-09-02 00:00:00+00:00,-1,1,-0.010136585365853667,False,0.013719512195121963,0.0012195121951219861,1.0848082952419025,0.09642740402150513,ADA
1916,2024-09-23 23:00:00+00:00,2024-09-24 00:00:00+00:00,1,1,-0.002798901098901095,False,0.004395604395604369,0.0021978021978022607,0.42980786172203145,0.2149039308610232,ADA
1917,2024-09-24 18:00:00+00:00,2024-09-25 00:00:00+00:00,1,6,0.012485242716989621,False,0.006541077969649404,0.024071166928309896,0.5612504152548584,2.0654015281378864,ADA
1918,2024-09-30 16:00:00+00:00,2024-10-01 00:00:00+00:00,-1,8,0.012168240319622103,False,0.010570824524312905,0.02114164904862581,1.1259934412144847,2.2519868824289695,ADA
1919,2024-10-14 20:00:00+00:00,2024-10-15 00:00:00+00:00,1,4,-0.0005611945010948955,False,0.005772402418911464,0.004398020890599204,0.6196330452047547,0.47210136777505046,ADA
1920,2024-10-20 23:00:00+00:00,2024-10-21 00:00:00+00:00,1,1,-0.0022479452054794055,False,0.006027397260273917,0.0019178082191781752,0.8595347578587222,0.27348833204597284,ADA
1921,2024-10-23 17:00:00+00:00,2024-10-24 00:00:00+00:00,-1,7,-0.012509077805166913,False,0.0173560890945907,0.010702921608330867,1.4386088436277702,0.8871421202371196,ADA
1922,2024-11-01 15:00:00+00:00,2024-11-02 00:00:00+00:00,1,9,-0.010059879565573613,False,0.0313366611203549,0.003050471436494857,2.8717983916962204,0.2795555956518566,ADA
1923,2024-11-03 19:00:00+00:00,2024-11-04 00:00:00+00:00,-1,5,-0.015529398341173839,False,0.021257212268448244,0.002125721226844757,1.8068904329707887,0.18068904329707317,ADA
1924,2024-11-06 06:00:00+00:00,2024-11-07 00:00:00+00:00,1,18,0.0072703739492949865,False,0.02388888888888888,0.01694444444444443,1.7594376697356646,1.2479732308590172,ADA
1925,2024-11-07 19:00:00+00:00,2024-11-08 00:00:00+00:00,1,5,0.030489012616727238,False,0.010910936310581137,0.03298655163664047,0.7719700243225082,2.3338628642308263,ADA
1926,2024-11-10 13:00:00+00:00,2024-11-11 00:00:00+00:00,1,11,-0.07700122994784378,False,0.14933541829554328,0.006880375293197922,4.721613800679732,0.21754032170671384,ADA
1927,2024-11-15 13:00:00+00:00,2024-11-16 00:00:00+00:00,1,11,0.08152721778869558,False,0.02329501915708811,0.08505747126436781,0.7542886570753795,2.754146083400236,ADA
1928,2024-11-20 10:00:00+00:00,2024-11-21 00:00:00+00:00,1,14,-0.036399780054622605,False,0.05447752199590215,0.01916355309147888,2.2210899922951306,0.7813126300330226,ADA
1929,2024-11-22 12:00:00+00:00,2024-11-23 00:00:00+00:00,1,12,0.10851043960699291,False,0.038175453948807746,0.14198206081820172,1.4623813374962427,5.438885318252495,ADA
1930,2024-12-09 12:00:00+00:00,2024-12-10 00:00:00+00:00,-1,12,0.09092284263232571,False,0.04264373019465814,0.18949751018560437,2.328271291436551,10.346224656001509,ADA
1931,2024-12-18 21:00:00+00:00,2024-12-19 00:00:00+00:00,-1,3,0.007936709363855812,False,0.021283126982502856,0.014325181622838332,0.8523047067928263,0.5736666295720895,ADA
1932,2024-12-26 18:00:00+00:00,2024-12-27 00:00:00+00:00,-1,6,-0.0033253546028914754,False,0.00896495517522417,0.010012807078821809,0.6437447788344794,0.7189876750618867,ADA
1933,2025-01-01 19:00:00+00:00,2025-01-02 00:00:00+00:00,1,5,-0.0009198094987410074,False,0.013454861111111075,0.01497395833333337,0.8955554689086025,0.9966665702369982,ADA
1934,2025-01-03 11:00:00+00:00,2025-01-04 00:00:00+00:00,1,13,0.026835861986743065,False,0.0,0.0560430229266911,0.0,3.149415007439871,ADA
1935,2025-01-07 22:00:00+00:00,2025-01-08 00:00:00+00:00,-1,2,0.000517953550792473,False,0.016547270709312965,0.005044899606497835,0.7081466028384867,0.215898354523928,ADA
1936,2025-01-27 06:00:00+00:00,2025-01-28 00:00:00+00:00,-1,18,-0.0318272585980473,False,0.0427501101806964,0.05685323931247244,3.207817348878181,4.266066371188502,ADA
1937,2025-02-02 18:00:00+00:00,2025-02-03 00:00:00+00:00,-1,6,-0.004341770340284633,False,0.02990281584849243,0.06541240966857712,1.2712276854160878,2.7808105618476886,ADA
1938,2025-02-03 02:00:00+00:00,2025-02-03 23:00:00+00:00,-1,21,-0.27995663947609145,False,0.314664113610978,0.18749002712621676,5.049806865274749,3.008885936459348,ADA
1939,2025-02-11 05:00:00+00:00,2025-02-12 00:00:00+00:00,1,19,-0.015711367023466385,False,0.049373338397265515,0.039118875807064094,2.253563337954999,1.7855155677643397,ADA
1940,2025-02-17 15:00:00+00:00,2025-02-18 00:00:00+00:00,1,9,-0.018181718693377088,False,0.04874787259907613,0.0074155117918794,3.2875053038749287,0.5000943230333426,ADA
1941,2025-02-18 16:00:00+00:00,2025-02-19 00:00:00+00:00,-1,8,-0.0007236572755808361,False,0.006757652047171052,0.026633099244733015,0.31146044350427854,1.227520571458041,ADA
1942,2025-02-24 15:00:00+00:00,2025-02-25 00:00:00+00:00,-1,9,0.045446315143370684,False,0.026860660324566306,0.06505316172355902,1.8304968518721954,4.433234563127972,ADA
1943,2025-03-02 16:00:00+00:00,2025-03-03 00:00:00+00:00,1,8,0.28914959743689006,False,0.0003469411356540742,0.3308661963686828,0.011488201378694676,10.95591471481231,ADA
1944,2025-03-16 14:00:00+00:00,2025-03-17 00:00:00+00:00,-1,10,-0.012088620821003754,False,0.02681388012618288,0.008173214797820532,2.1865955783767954,0.6665023955480139,ADA
1945,2025-03-28 07:00:00+00:00,2025-03-29 00:00:00+00:00,-1,17,-0.0028284048346562127,False,0.004821327283040213,0.023681225184344932,0.37278554686793486,1.8310348919690018,ADA
1946,2025-04-02 23:00:00+00:00,2025-04-03 00:00:00+00:00,-1,1,-0.0017526866218329773,False,0.007663434469815477,0.00813262433531433,0.37405324511298266,0.39695446420152997,ADA
1947,2025-04-06 19:00:00+00:00,2025-04-07 00:00:00+00:00,-1,5,0.019809013024126014,False,0.012971496842464672,0.04540023894862597,0.9054434360293638,3.1690520261027473,ADA
1948,2025-04-21 01:00:00+00:00,2025-04-21 19:00:00+00:00,1,18,-0.025472530826489675,False,0.02872474747474764,0.026988636363636194,3.267887646290438,3.0703779533827373,ADA
1949,2025-04-22 14:00:00+00:00,2025-04-23 00:00:00+00:00,1,10,0.04346299459064675,False,0.00046182266009847135,0.05418719211822662,0.04462014709593411,5.23543059259018,ADA
1950,2020-10-06 07:00:00+00:00,2020-10-07 00:00:00+00:00,-1,17,0.03556134617883169,False,0.017840248682254315,0.05933234220840655,1.0723007654087329,3.5662123940487502,AVAX
1951,2020-10-20 19:00:00+00:00,2020-10-21 00:00:00+00:00,-1,5,-0.023968155339571924,False,0.035913462833742006,0.007489829458199759,2.104811130738942,0.4389628614744381,AVAX
1952,2020-10-22 05:00:00+00:00,2020-10-23 00:00:00+00:00,1,19,0.011703999990099936,False,0.017984185113479913,0.04623171841104708,1.0244189274653728,2.63346084855561,AVAX
1953,2020-10-26 09:00:00+00:00,2020-10-26 17:00:00+00:00,1,8,-0.08660361489905029,False,0.09029228729976867,0.008896677225854301,6.135093461227456,0.604502864057247,AVAX
1954,2020-10-29 20:00:00+00:00,2020-10-30 00:00:00+00:00,-1,4,-0.011948863027625186,False,0.034846743806953275,0.00398172149327927,1.8487141639606224,0.21124111229305187,AVAX
1955,2020-11-03 04:00:00+00:00,2020-11-04 00:00:00+00:00,-1,20,0.018800222707905347,False,0.022106593761942604,0.0450363053767234,1.3324511355229933,2.714514813326092,AVAX
1956,2020-11-16 14:00:00+00:00,2020-11-17 00:00:00+00:00,1,10,-0.02718971391446597,False,0.048331143232588684,0.003547963206307391,2.4365933027249103,0.17886900264701133,AVAX
1957,2020-11-20 14:00:00+00:00,2020-11-21 00:00:00+00:00,1,10,-0.05549357529566233,False,0.0678807947019868,0.023408048904737612,3.8357960146176113,1.3227379127330496,AVAX
1958,2020-11-21 14:00:00+00:00,2020-11-22 00:00:00+00:00,1,10,0.011672610080314866,False,0.018641176175422648,0.03203873751818967,0.9264198384163773,1.5922451327829394,AVAX
1959,2020-11-26 04:00:00+00:00,2020-11-27 00:00:00+00:00,-1,20,-0.006244200946617633,False,0.03110771754192481,0.07075591753626877,0.7938869240736723,1.8057318945748384,AVAX
1960,2020-12-02 12:00:00+00:00,2020-12-03 00:00:00+00:00,1,12,-0.012498517066776925,False,0.032659326699131956,0.019823205589667575,1.837348553261042,1.115213992214358,AVAX
1961,2020-12-04 23:00:00+00:00,2020-12-05 00:00:00+00:00,-1,1,-0.00638816892602384,False,0.017421206695654685,0.0012220422315058824,0.9806626036184278,0.06879036208089695,AVAX
1962,2020-12-18 13:00:00+00:00,2020-12-19 00:00:00+00:00,1,11,-0.018581704667186436,False,0.04176387568766382,0.00017281603732824502,2.5541044037796454,0.010568707877707712,AVAX
1963,2021-01-01 12:00:00+00:00,2021-01-02 00:00:00+00:00,1,12,0.04296204517140067,False,0.02071552385553117,0.09275098746838681,0.8516556813737551,3.8131744087845636,AVAX
1964,2021-01-05 11:00:00+00:00,2021-01-06 00:00:00+00:00,1,13,0.019814399844485228,False,0.0644814230383015,0.044876392674413144,1.856168131592202,1.2918159373372538,AVAX
1965,2021-01-08 13:00:00+00:00,2021-01-09 00:00:00+00:00,1,11,0.01768584814854627,False,0.11306264666145205,0.041580743795776025,2.4630022473436757,0.9058116755561069,AVAX
1966,2021-01-09 19:00:00+00:00,2021-01-10 00:00:00+00:00,1,5,-0.03429214227171277,False,0.06974243157498518,0.004288326074098008,1.4900647006830543,0.09162117184230889,AVAX
1967,2021-01-16 12:00:00+00:00,2021-01-17 00:00:00+00:00,1,12,0.09439240062605325,False,0.03893212778163067,0.16952214601902518,1.0842156275376997,4.720999606250048,AVAX
1968,2021-01-22 20:00:00+00:00,2021-01-23 00:00:00+00:00,1,4,-0.03162071424983889,False,0.03461644128331144,0.021467383009249358,1.0267433465831146,0.6367347958417772,AVAX
1969,2021-01-27 15:00:00+00:00,2021-01-28 00:00:00+00:00,-1,9,-0.020456488943019897,False,0.055764428222508884,0.006522315833767761,1.9121949946785481,0.2236540405521302,AVAX
1970,2021-01-28 14:00:00+00:00,2021-01-29 00:00:00+00:00,1,10,-0.058503246604934625,False,0.05857992382551138,0.00017420361234946844,2.029192049043655,0.006034364027975732,AVAX
1971,2021-01-31 12:00:00+00:00,2021-02-01 00:00:00+00:00,1,12,-0.003025324826301616,False,0.0820139560793972,0.12671885536693359,2.852502128159672,4.4073694513919435,AVAX
1972,2021-02-05 16:00:00+00:00,2021-02-06 00:00:00+00:00,1,8,0.03480801864703646,False,0.025705525383844074,0.04530779975772474,1.0684164909786356,1.8831593483607663,AVAX
1973,2021-02-07 12:00:00+00:00,2021-02-08 00:00:00+00:00,1,12,0.004803534177263938,False,0.1436744645521996,0.028925741429682503,3.6824188114567726,0.7413752660083718,AVAX
1974,2021-02-08 16:00:00+00:00,2021-02-09 00:00:00+00:00,1,8,-0.06342551506026622,False,0.08703058411018852,0.05304893022446175,1.518090388749479,0.9253421878133673,AVAX
1975,2021-02-10 09:00:00+00:00,2021-02-11 00:00:00+00:00,1,15,0.24932577061905334,False,0.04869798026393142,0.37165450121654514,0.8979902115145983,6.853304846504833,AVAX
1976,2021-02-18 10:00:00+00:00,2021-02-19 00:00:00+00:00,1,14,-0.06218841351929215,False,0.08209631365084015,0.008115367719734989,2.3238191337559373,0.2297136856204318,AVAX
1977,2021-03-02 13:00:00+00:00,2021-03-02 17:00:00+00:00,1,4,-0.1562926369855225,False,0.15972293221551984,0.0011406042326961093,4.361899246179248,0.031148944448833454,AVAX
1978,2021-03-09 15:00:00+00:00,2021-03-10 00:00:00+00:00,1,9,0.18698732695246284,False,0.018687003210295403,0.22138421207575737,0.5626457225098672,6.665642347993855,AVAX
1979,2021-03-19 20:00:00+00:00,2021-03-20 00:00:00+00:00,1,4,-0.027711315974572187,False,0.04245761408283981,0.0022421583120197553,1.4323217558288186,0.07563995763050455,AVAX
1980,2021-04-03 08:00:00+00:00,2021-04-03 21:00:00+00:00,1,13,-0.12214216340766275,False,0.12713896057829915,0.008473280575363493,6.461738117825502,0.43064785041354275,AVAX
1981,2021-04-12 20:00:00+00:00,2021-04-13 00:00:00+00:00,1,4,-0.02539583040731059,False,0.02842211344658791,0.027929743737402996,1.3136940426473525,1.2909362996332108,AVAX
1982,2021-04-14 14:00:00+00:00,2021-04-15 00:00:00+00:00,1,10,0.04381427423235319,False,0.03222158490073637,0.07245167305951462,1.0584550048989239,2.379983362065819,AVAX
1983,2021-04-18 04:00:00+00:00,2021-04-19 00:00:00+00:00,-1,20,-0.14206853729646723,False,0.15768938394948726,0.02121891434865575,2.2013070633552267,0.29621110097930187,AVAX
1984,2021-04-26 19:00:00+00:00,2021-04-27 00:00:00+00:00,1,5,0.008784444571495666,False,0.06084898808021957,0.012821983163979169,2.2305449479768704,0.4700161937245978,AVAX
1985,2021-04-30 23:00:00+00:00,2021-05-01 00:00:00+00:00,1,1,-0.0009084328540091655,False,0.014132951498903099,0.006936997319034813,0.596039566971964,0.2925591924973417,AVAX
1986,2021-05-10 20:00:00+00:00,2021-05-11 00:00:00+00:00,-1,4,-0.04097219180973072,False,0.065198483630649,0.11834638962534635,1.5963952471939387,2.897730183277643,AVAX
1987,2021-05-19 11:00:00+00:00,2021-05-20 00:00:00+00:00,-1,13,0.24529720937032506,False,0.004098102263413372,0.4640943193997857,0.08466141777021198,9.587579941639005,AVAX
1988,2021-06-18 16:00:00+00:00,2021-06-19 00:00:00+00:00,-1,8,0.004464138158783049,False,0.017626921115886145,0.04668948940199578,0.8142737337750806,2.1568159642554745,AVAX
1989,2021-06-21 11:00:00+00:00,2021-06-22 00:00:00+00:00,-1,13,0.08279600283444105,False,0.024698449167145333,0.09403462706162297,0.9073736945372505,3.454652006444145,AVAX
1990,2021-07-04 18:00:00+00:00,2021-07-05 00:00:00+00:00,1,6,-0.012049497331744274,False,0.01761832305597827,0.03227356450708741,1.072409296134022,1.9644588470091369,AVAX
1991,2021-07-06 05:00:00+00:00,2021-07-07 00:00:00+00:00,1,19,-0.006413603857605119,False,0.033575991680285244,0.05682662308720848,1.3376502231054699,2.263943408574525,AVAX
1992,2021-07-14 06:00:00+00:00,2021-07-14 14:00:00+00:00,-1,8,-0.07373491553154903,False,0.07605004468275253,0.007953529937444024,3.314143811359532,0.3466025842667374,AVAX
1993,2021-07-26 02:00:00+00:00,2021-07-27 00:00:00+00:00,1,22,-0.045852365811848685,False,0.054772822009170496,0.06002501042100881,3.2213744091132743,3.5302733250556457,AVAX
1994,2021-08-04 23:00:00+00:00,2021-08-05 00:00:00+00:00,1,1,0.0024022635704344167,False,0.00666617830195585,0.010255658926086042,0.4902697333279624,0.754261128196874,AVAX
1995,2021-08-06 21:00:00+00:00,2021-08-07 00:00:00+00:00,1,3,-0.011712430048104027,False,0.023827053075430014,0.004618164781473734,1.3561329876463735,0.26284600041460265,AVAX
1996,2021-08-17 10:00:00+00:00,2021-08-18 00:00:00+00:00,1,14,0.04789178392563767,False,0.04042335571663623,0.13345488504469255,1.2126399199283373,4.003445984273868,AVAX
1997,2021-09-07 15:00:00+00:00,2021-09-08 00:00:00+00:00,-1,9,-0.1655258993942612,False,0.25600778730911955,0.12173754334732623,3.9307989250207447,1.8691845648684693,AVAX
1998,2021-09-20 12:00:00+00:00,2021-09-21 00:00:00+00:00,-1,12,0.04289869381611516,False,0.05610100506686606,0.08899410250020764,1.3023337508259163,2.06591705749909,AVAX
1999,2021-10-16 14:00:00+00:00,2021-10-17 00:00:00+00:00,1,10,-0.054121374685720626,False,0.05674155455412656,3.289365481402658e-05,3.5063339365390123,0.002032657354517852,AVAX
2000,2021-10-22 15:00:00+00:00,2021-10-23 00:00:00+00:00,1,9,-0.04300400356095659,False,0.0632496635656193,0.007401556374700137,2.8868382843261324,0.33782150135731365,AVAX
2001,2021-10-27 10:00:00+00:00,2021-10-28 00:00:00+00:00,-1,14,0.014082133417492815,False,0.01415538975252026,0.030611429758272017,0.44664748952829275,0.9658877990250733,AVAX
2002,2021-11-03 18:00:00+00:00,2021-11-04 00:00:00+00:00,1,6,0.025626795983612886,False,0.008282416836388315,0.027182620502376038,0.42361720456431734,1.3902977762914133,AVAX
2003,2021-11-07 19:00:00+00:00,2021-11-08 00:00:00+00:00,1,5,-0.004579332284116398,False,0.0270214920414595,0.012344555311571954,1.4047840202622628,0.6417644892566512,AVAX
2004,2021-11-13 16:00:00+00:00,2021-11-14 00:00:00+00:00,1,8,0.05256466878546842,False,0.0044613922136282754,0.06619712223998617,0.24732318714095247,3.669725159321474,AVAX
2005,2021-11-17 19:00:00+00:00,2021-11-18 00:00:00+00:00,1,5,-0.010962172482594523,False,0.046597456145194865,0.011973788355697922,1.688860858162807,0.43397352883069606,AVAX
2006,2021-12-04 05:00:00+00:00,2021-12-05 00:00:00+00:00,-1,19,-0.014083600922941072,False,0.038317787383405286,0.18749390620429654,0.88636256294878,4.337087044657781,AVAX
2007,2021-12-13 20:00:00+00:00,2021-12-14 00:00:00+00:00,-1,4,-0.01724346700324359,False,0.03528050896471936,0.005205320994794693,1.3401867335894688,0.19773246889025076,AVAX
2008,2021-12-15 19:00:00+00:00,2021-12-16 00:00:00+00:00,1,5,0.04769803389422138,False,0.01852120709322826,0.09860002074043342,0.6561904155084024,3.493313813356037,AVAX
2009,2022-01-17 22:00:00+00:00,2022-01-18 00:00:00+00:00,-1,2,-0.010349310721727577,False,0.013236321303841682,0.007601862630966307,1.084249071304011,0.6227041719978234,AVAX
2010,2022-01-21 22:00:00+00:00,2022-01-22 00:00:00+00:00,-1,2,0.007209171415991467,False,0.019964873831004072,0.041971268595103445,0.6056665081701575,1.273265832213358,AVAX
2011,2022-02-04 17:00:00+00:00,2022-02-05 00:00:00+00:00,1,7,0.029977680916779596,False,0.0041130423245323375,0.03608862942815442,0.198653264164538,1.7430221887985131,AVAX
2012,2022-02-11 23:00:00+00:00,2022-02-12 00:00:00+00:00,-1,1,-0.01776714339012559,False,0.020892923765700868,0.005969406790200097,0.8575840980157085,0.24502402800448195,AVAX
2013,2022-03-09 04:00:00+00:00,2022-03-10 00:00:00+00:00,1,20,-0.030395654820453682,False,0.04519844747715036,0.006760986603230149,2.139352847854764,0.320013999402093,AVAX
2014,2022-03-16 21:00:00+00:00,2022-03-17 00:00:00+00:00,1,3,0.002608767436847505,False,0.015319956616052191,0.008541214750542238,0.8566457521719658,0.47759895917551326,AVAX
2015,2022-03-17 13:00:00+00:00,2022-03-18 00:00:00+00:00,1,11,-0.023350150393559338,False,0.03537532355478849,0.007025761124121871,1.8811475633786974,0.3736077042250435,AVAX
2016,2022-03-28 19:00:00+00:00,2022-03-29 00:00:00+00:00,1,5,-0.07165741038968261,False,0.07813150228880571,0.00031210986267167225,5.037219308857396,0.020122047838312587,AVAX
2017,2022-04-04 16:00:00+00:00,2022-04-05 00:00:00+00:00,-1,8,-0.042790371020811076,False,0.042050503955782054,0.017557169177414008,2.6143752149132333,1.091569033030774,AVAX
2018,2022-04-11 20:00:00+00:00,2022-04-12 00:00:00+00:00,-1,4,-0.004788498148497782,False,0.009719222462203008,0.019708423326133824,0.5129580547215633,1.0401649442965006,AVAX
2019,2022-04-26 16:00:00+00:00,2022-04-27 00:00:00+00:00,-1,8,-0.010105945227992748,False,0.023641703377386192,0.009544787077826602,1.7515928713685986,0.7071648238444562,AVAX
2020,2022-04-29 20:00:00+00:00,2022-04-30 00:00:00+00:00,-1,4,-0.014171458130386762,False,0.018855864493448383,0.0006391818472355249,1.2291767352895053,0.04166700797591455,AVAX
2021,2022-05-04 20:00:00+00:00,2022-05-05 00:00:00+00:00,1,4,-0.0014206820400225015,False,0.017995240928018946,0.002825698988697382,0.9690589192580491,0.15216627657772053,AVAX
2022,2022-05-05 16:00:00+00:00,2022-05-06 00:00:00+00:00,-1,8,-0.012764427026591023,False,0.02518848526387935,0.03358464701850584,0.9824131986644206,1.3098842648858957,AVAX
2023,2022-05-11 13:00:00+00:00,2022-05-12 00:00:00+00:00,-1,11,-0.1445183056983403,False,0.35085836909871254,0.016452074391988585,2.779058353740285,0.13031262413053343,AVAX
2024,2022-06-06 04:00:00+00:00,2022-06-07 00:00:00+00:00,1,20,-0.018311015202686975,False,0.04986777483944089,0.04911220249338877,2.4784305440639622,2.4408785661235997,AVAX
2025,2022-06-24 22:00:00+00:00,2022-06-25 00:00:00+00:00,1,2,-0.006928273988121191,False,0.00825643516270025,0.01699854298203018,0.3401578157394643,0.7003249147577311,AVAX
2026,2022-07-04 23:00:00+00:00,2022-07-05 00:00:00+00:00,1,1,-0.00032838701509225066,False,0.007266629401900447,0.009502515371715939,0.4072946231991395,0.53261604572195,AVAX
2027,2022-07-11 23:00:00+00:00,2022-07-12 00:00:00+00:00,-1,1,0.0063136176059565546,False,0.004009163802978252,0.009163802978235975,0.24995204640459584,0.5713189632105029,AVAX
2028,2022-07-18 06:00:00+00:00,2022-07-19 00:00:00+00:00,1,18,0.024891561955104904,False,0.0492083868207104,0.042789901583226354,2.4233374482459658,2.107249954996488,AVAX
2029,2022-07-25 04:00:00+00:00,2022-07-26 00:00:00+00:00,-1,20,0.04849923519394318,False,0.020463847203274346,0.05138699408822188,1.0827657269127686,2.7189450475809327,AVAX
2030,2022-08-05 12:00:00+00:00,2022-08-06 00:00:00+00:00,1,12,0.010342971631163968,False,0.030819140308191467,0.013381995133819883,2.17781895249493,0.945631913583318,AVAX
2031,2022-08-26 18:00:00+00:00,2022-08-27 00:00:00+00:00,-1,6,0.045347888169214576,False,0.00046210720887236646,0.06192236598890942,0.025765606154811514,3.45259122474543,AVAX
2032,2022-09-06 01:00:00+00:00,2022-09-06 18:00:00+00:00,1,17,-0.08379000418567861,False,0.08687068114511359,0.01036525172754182,6.941867784586577,0.8282910424790689,AVAX
2033,2022-09-06 18:00:00+00:00,2022-09-07 00:00:00+00:00,-1,6,0.021594872201860453,False,0.0,0.027389903329753038,0.0,1.385733299647854,AVAX
2034,2022-09-13 15:00:00+00:00,2022-09-14 00:00:00+00:00,-1,9,0.04226019796963784,False,0.008125952260030479,0.04875571356018287,0.346482064038401,2.078892384230406,AVAX
2035,2022-09-18 22:00:00+00:00,2022-09-19 00:00:00+00:00,-1,2,0.0072883554131282675,False,0.009501187648456066,0.01603325415676957,0.5051313780715264,0.8524092004956987,AVAX
2036,2022-09-27 14:00:00+00:00,2022-09-27 17:00:00+00:00,1,3,-0.06537046146521111,False,0.0708446866485014,0.0016348773841960535,6.13549529248148,0.1415883529034073,AVAX
2037,2022-10-13 11:00:00+00:00,2022-10-14 00:00:00+00:00,-1,13,-0.05360544386898792,False,0.06325706594885608,0.03701211305518162,4.456255249537444,2.607383390686793,AVAX
2038,2022-10-19 23:00:00+00:00,2022-10-20 00:00:00+00:00,-1,1,0.008262167709019158,False,0.004608294930875595,0.013824884792626668,0.4198885380188782,1.2596656140566238,AVAX
2039,2022-10-28 20:00:00+00:00,2022-10-29 00:00:00+00:00,1,4,0.007001033335137189,False,0.002697643690817168,0.012442193349482442,0.1922016401211169,0.88648103402795,AVAX
2040,2022-11-04 15:00:00+00:00,2022-11-05 00:00:00+00:00,1,9,-0.005188157687489336,False,0.028074866310160394,0.0024681201151788494,1.718142901679142,0.15104552981794128,AVAX
2041,2022-11-08 19:00:00+00:00,2022-11-09 00:00:00+00:00,-1,5,-0.009170168741593848,False,0.03453481789016803,0.07913442787947417,0.9953877574906056,2.280870307692495,AVAX
2042,2022-11-09 22:00:00+00:00,2022-11-10 00:00:00+00:00,-1,2,-0.0447111299436664,False,0.05574941166923634,0.013551894830804172,1.1249995076511783,0.27347149603747706,AVAX
2043,2022-11-20 22:00:00+00:00,2022-11-21 00:00:00+00:00,-1,2,-0.0040795681997661355,False,0.01284267720424801,0.008891084218325556,1.0029105644884009,0.6943226984919707,AVAX
2044,2022-11-28 02:00:00+00:00,2022-11-29 00:00:00+00:00,-1,22,-0.03280871362177881,False,0.044047027653585036,0.011011756913396186,2.974499310450261,0.7436248276125602,AVAX
2045,2022-12-11 23:00:00+00:00,2022-12-12 00:00:00+00:00,-1,1,0.01006572285714292,False,0.004342857142857172,0.017142857142857116,0.8537326970674887,3.3699974884242696,AVAX
2046,2022-12-13 14:00:00+00:00,2022-12-14 00:00:00+00:00,1,10,-0.024849431650130125,False,0.04333309654045602,0.006606521275840021,2.8274388293017374,0.4310685428279701,AVAX
2047,2022-12-16 23:00:00+00:00,2022-12-17 00:00:00+00:00,-1,1,0.011334991237586679,False,0.0020862889092880393,0.03446549278144039,0.13010221803041613,2.1492886418625985,AVAX
2048,2022-12-28 04:00:00+00:00,2022-12-29 00:00:00+00:00,-1,20,0.018597637059789073,False,0.004022385449457798,0.03200419727177332,0.5730642097705427,4.559597842956984,AVAX
2049,2022-12-29 21:00:00+00:00,2022-12-30 00:00:00+00:00,-1,3,-0.022816127218394416,False,0.026347639884554463,0.0007448096080438617,2.542664238467024,0.07187743430294695,AVAX
2050,2023-01-02 16:00:00+00:00,2023-01-03 00:00:00+00:00,1,8,-0.0029648500350996842,False,0.010378455757358832,0.010110047418806438,1.3691979953806395,1.333787702396656,AVAX
2051,2023-01-04 07:00:00+00:00,2023-01-05 00:00:00+00:00,1,17,0.01336284012051458,False,0.018907563025210055,0.032436974789915904,1.925071649316033,3.3025673628266152,AVAX
2052,2023-01-11 19:00:00+00:00,2023-01-12 00:00:00+00:00,1,5,0.13208716637234358,False,0.009705248023005018,0.1542774982027319,0.5656218347231959,8.991292276414672,AVAX
2053,2023-01-27 22:00:00+00:00,2023-01-28 00:00:00+00:00,1,2,0.06751114051530221,False,0.014675475313934155,0.09390286953452005,0.8451675030290353,5.407910277113609,AVAX
2054,2023-02-09 20:00:00+00:00,2023-02-10 00:00:00+00:00,-1,4,0.03598814042838243,False,0.000807015656103759,0.06563727336310318,0.045662630622503315,3.713893957296792,AVAX
2055,2023-02-15 20:00:00+00:00,2023-02-16 00:00:00+00:00,1,4,0.03806904197348508,False,0.0023975815698946824,0.040550401334306194,0.21775853714260862,3.6829596064554675,AVAX
2056,2023-02-20 15:00:00+00:00,2023-02-21 00:00:00+00:00,1,9,-0.023012828905703737,False,0.028077753779697578,0.0035684101793595885,1.8071739622403988,0.22967428282654093,AVAX
2057,2023-02-24 22:00:00+00:00,2023-02-25 00:00:00+00:00,-1,2,-0.013237867143772019,False,0.01293483047115805,0.008311316600616458,0.9092463286421242,0.5842391303189826,AVAX
2058,2023-03-03 02:00:00+00:00,2023-03-04 00:00:00+00:00,-1,22,-0.04773700643090549,False,0.04878355441000816,0.0050920978185704105,3.002738177998826,0.31343014486843235,AVAX
2059,2023-03-08 15:00:00+00:00,2023-03-09 00:00:00+00:00,-1,9,0.02975223299375091,False,0.02404925286987751,0.04078753286731221,2.276516553542197,3.8609720748075618,AVAX
2060,2023-03-12 23:00:00+00:00,2023-03-13 00:00:00+00:00,1,1,0.009652813203300737,False,0.0010002500625156297,0.017941985496374144,0.05424443349884438,0.973009525885523,AVAX
2061,2023-04-11 16:00:00+00:00,2023-04-12 00:00:00+00:00,1,8,-0.01896810746129814,False,0.019672664209841918,0.0011922826793842652,2.3650226223208595,0.14333470438307117,AVAX
2062,2023-04-16 22:00:00+00:00,2023-04-17 00:00:00+00:00,1,2,-0.015537965549577603,False,0.020075221022810424,0.0013188101401846834,1.6770172506969303,0.11016901646914616,AVAX
2063,2023-04-19 09:00:00+00:00,2023-04-20 00:00:00+00:00,-1,15,0.013182064646253069,False,0.030571992110453767,0.03986297103705996,1.645880139430266,2.1460712174574446,AVAX
2064,2023-04-26 20:00:00+00:00,2023-04-27 00:00:00+00:00,-1,4,-0.025831665631614827,False,0.02798496330329979,0.03454860075183487,1.721888062072931,2.12574240498982,AVAX
2065,2023-05-06 15:00:00+00:00,2023-05-07 00:00:00+00:00,-1,9,-0.004119048126250923,False,0.011491472118059834,0.0068948832708356856,1.3337267990135253,0.8002360794080903,AVAX
2066,2023-05-08 18:00:00+00:00,2023-05-09 00:00:00+00:00,-1,6,-0.01338131210089406,False,0.013998422712933818,0.02300210304942164,1.1470384225923018,1.8848049197525982,AVAX
2067,2023-05-17 20:00:00+00:00,2023-05-18 00:00:00+00:00,1,4,-0.00531167938366891,False,0.005846032580136653,0.004532317393589008,0.7000809026013346,0.5427593514549574,AVAX
2068,2023-05-18 18:00:00+00:00,2023-05-19 00:00:00+00:00,-1,6,-0.011305817288472532,False,0.018708301808927727,0.007015613178347913,2.094955141716773,0.7856081781437917,AVAX
2069,2023-05-24 14:00:00+00:00,2023-05-25 00:00:00+00:00,-1,10,0.005205214658675243,False,0.0,0.017360134945178515,0.0,2.532183051775529,AVAX
2070,2023-06-05 16:00:00+00:00,2023-06-06 00:00:00+00:00,-1,8,0.0062380322801469604,False,0.012667286910470163,0.042438989479710865,1.1148020427389371,3.7349017590067297,AVAX
2071,2023-06-10 04:00:00+00:00,2023-06-11 00:00:00+00:00,-1,20,0.09845730434551397,False,0.007654623392529061,0.26071647274954074,0.6197048886752425,21.107148508278836,AVAX
2072,2023-06-20 20:00:00+00:00,2023-06-21 00:00:00+00:00,1,4,0.017440885937974254,False,0.0013460082443004975,0.019853621603432226,0.1358634606513172,2.003986044606918,AVAX
2073,2023-06-21 18:00:00+00:00,2023-06-22 00:00:00+00:00,1,6,0.0035733109346233493,False,0.004990642545227702,0.016609482220836008,0.38038514451805483,1.265969309099156,AVAX
2074,2023-06-28 18:00:00+00:00,2023-06-29 00:00:00+00:00,-1,6,0.015546663018042648,False,0.003106084740363291,0.039821599235425297,0.2845773492131024,3.648427554013995,AVAX
2075,2023-07-05 16:00:00+00:00,2023-07-06 00:00:00+00:00,-1,8,-0.009562303626514789,False,0.013139034878165387,0.004061156235069291,1.1646904448472046,0.35999522840731685,AVAX
2076,2023-07-08 06:00:00+00:00,2023-07-09 00:00:00+00:00,1,18,-0.004646151700120935,False,0.018060836501901132,0.015355367066393615,1.579667511217733,1.3430371552863263,AVAX
2077,2023-07-13 18:00:00+00:00,2023-07-14 00:00:00+00:00,1,6,0.005954148976181552,False,0.017843123260295482,0.013846263649989355,1.5756993743438379,1.2227427144908236,AVAX
2078,2023-07-14 07:00:00+00:00,2023-07-15 00:00:00+00:00,1,17,-0.034184393878531116,False,0.07742998352553547,0.05429983525535419,4.974599390026159,3.4885701254311074,AVAX
2079,2023-07-24 10:00:00+00:00,2023-07-25 00:00:00+00:00,-1,14,-0.017919544502365464,False,0.02195841092489133,0.004733085040347606,1.8877291283995663,0.4068956778529105,AVAX
2080,2023-07-31 20:00:00+00:00,2023-08-01 00:00:00+00:00,-1,4,-0.0032608268660171582,False,0.008290317534803682,0.008290317534803682,1.0789607632288858,1.0789607632288858,AVAX
2081,2023-08-15 19:00:00+00:00,2023-08-16 00:00:00+00:00,-1,5,0.02552229478263735,False,0.0001644872111192443,0.07558187350933468,0.03941065095033669,18.109194111689753,AVAX
2082,2023-08-29 15:00:00+00:00,2023-08-30 00:00:00+00:00,1,9,-0.02066827749498692,False,0.022514752610077265,0.004539264639128364,1.8587094267271989,0.3747398037756353,AVAX
2083,2023-09-10 05:00:00+00:00,2023-09-11 00:00:00+00:00,-1,19,-0.009996597815626859,False,0.032484822664820695,0.004792842688252203,3.812035016452075,0.5624313958699747,AVAX
2084,2023-09-17 18:00:00+00:00,2023-09-18 00:00:00+00:00,-1,6,0.002541416700287233,False,0.006679807271134466,0.01686377573368374,1.1138014758364168,2.8118922504722663,AVAX
2085,2023-09-28 16:00:00+00:00,2023-09-29 00:00:00+00:00,1,8,-0.0012347106841533596,False,0.008424235878604728,0.009612269143536063,1.214802226889923,1.3861204896564363,AVAX
2086,2023-10-01 11:00:00+00:00,2023-10-02 00:00:00+00:00,1,13,0.007825998343343434,False,0.02204740710071413,0.0171824862850637,3.156452052348353,2.459957937510938,AVAX
2087,2023-10-04 17:00:00+00:00,2023-10-05 00:00:00+00:00,1,7,0.020724014135716156,False,0.003748733535967481,0.04559270516717336,0.267664564366348,3.2553798368881086,AVAX
2088,2023-10-16 06:00:00+00:00,2023-10-17 00:00:00+00:00,1,18,-0.015444496652679386,False,0.026465028355387592,0.0317160260449485,3.624135998210748,4.343210601030324,AVAX
2089,2023-10-21 15:00:00+00:00,2023-10-22 00:00:00+00:00,1,9,-0.004944831849053341,False,0.008798261049580694,0.015008798261049538,0.944490977314855,1.611190490713589,AVAX
2090,2023-10-26 08:00:00+00:00,2023-10-26 17:00:00+00:00,1,9,-0.08510438995651932,False,0.0968791208791209,0.007032967032967039,5.454894476584556,0.3959995990261023,AVAX
2091,2023-11-01 20:00:00+00:00,2023-11-02 00:00:00+00:00,1,4,0.019581048730931076,False,8.344459279034094e-05,0.0317089452603472,0.004655639709049954,1.7691430894399667,AVAX
2092,2023-11-06 11:00:00+00:00,2023-11-07 00:00:00+00:00,1,13,0.0027480513685546396,False,0.019114147539725092,0.01151454671067785,1.2368088038326641,0.7450655444775139,AVAX
2093,2023-11-09 12:00:00+00:00,2023-11-09 17:00:00+00:00,1,5,-0.06089024644740591,False,0.15211842776926993,0.01998103988915634,12.028537305616906,1.5799708637291685,AVAX
2094,2023-11-10 18:00:00+00:00,2023-11-11 00:00:00+00:00,1,6,0.033640930405759654,False,0.0008421052631579267,0.04371929824561399,0.036771849389175645,1.909071847454628,AVAX
2095,2023-11-15 20:00:00+00:00,2023-11-16 00:00:00+00:00,1,4,-0.0036084462978198083,False,0.027994603449937507,0.010407632263659898,0.9546416915767907,0.35490981993215726,AVAX
2096,2023-11-27 16:00:00+00:00,2023-11-28 00:00:00+00:00,-1,8,-0.013723384273996053,False,0.021968190854870784,0.01590457256461234,1.3606315064470562,0.9850725838530728,AVAX
2097,2023-12-05 23:00:00+00:00,2023-12-06 00:00:00+00:00,1,1,-0.003968353003454616,False,0.020077220077220067,0.010363747205852428,1.0260808335608307,0.5296571104413177,AVAX
2098,2023-12-16 16:00:00+00:00,2023-12-17 00:00:00+00:00,1,8,-0.06284600285524042,False,0.06969184182401146,0.011266476665479164,2.690321595731389,0.43492099918213495,AVAX
2099,2023-12-20 16:00:00+00:00,2023-12-21 00:00:00+00:00,1,8,-0.007060453072138416,False,0.035530675197075284,0.018073803267451085,1.7801871345266334,0.9055485681096858,AVAX
2100,2023-12-26 18:00:00+00:00,2023-12-27 00:00:00+00:00,-1,6,-0.019632527457293766,False,0.021386329253197632,0.023518085545316928,0.8466583363885211,0.931051932620171,AVAX
2101,2024-01-03 14:00:00+00:00,2024-01-04 00:00:00+00:00,-1,10,-0.0005648025432076094,False,0.015630936227951166,0.03690637720488465,0.4951601675197961,1.169128173310628,AVAX
2102,2024-01-10 22:00:00+00:00,2024-01-11 00:00:00+00:00,1,2,0.008355578101014872,False,0.0033005029337805107,0.035519698239731626,0.13328607760289782,1.4344120732501735,AVAX
2103,2024-01-18 18:00:00+00:00,2024-01-19 00:00:00+00:00,-1,6,0.011597492132676857,False,0.0020267293288293584,0.03909531502423272,0.1455981729078217,2.8085676542075904,AVAX
2104,2024-01-22 20:00:00+00:00,2024-01-23 00:00:00+00:00,-1,4,0.009516551462877942,False,0.024539671911617024,0.014964847673250844,1.3319102740535,0.8122290484337212,AVAX
2105,2024-01-28 09:00:00+00:00,2024-01-29 00:00:00+00:00,1,15,-0.042933727918396426,False,0.053304316685490814,0.010220104129362693,3.297435983391796,0.6322215761438444,AVAX
2106,2024-02-02 23:00:00+00:00,2024-02-03 00:00:00+00:00,1,1,-0.0010739452338177288,False,0.0048451194948009495,0.001714845663890315,0.3489718244047549,0.12351249964888049,AVAX
2107,2024-02-09 14:00:00+00:00,2024-02-10 00:00:00+00:00,1,10,0.020239629347447868,False,0.017393875850203123,0.03820200553808101,1.8687313840439121,4.1042771201335,AVAX
2108,2024-02-14 15:00:00+00:00,2024-02-15 00:00:00+00:00,1,9,0.007013633433666958,False,0.019799379030331996,0.014186768569381449,1.4996352988667407,1.074527584471466,AVAX
2109,2024-02-20 16:00:00+00:00,2024-02-21 00:00:00+00:00,-1,8,-0.02272867261022909,False,0.02918643798213289,0.02107467592715324,1.5772165747983216,1.13886210441841,AVAX
2110,2024-02-26 18:00:00+00:00,2024-02-27 00:00:00+00:00,1,6,0.0010150771085059578,False,0.020858301246908174,0.004717341969044095,1.835868242323209,0.41520247534205224,AVAX
2111,2024-02-29 09:00:00+00:00,2024-02-29 23:00:00+00:00,1,14,-0.09152530860707843,False,0.09887487214456175,0.017206500738720425,4.370260490110205,0.7605257910375751,AVAX
2112,2024-03-05 20:00:00+00:00,2024-03-06 00:00:00+00:00,-1,4,-0.047841235401710314,False,0.054837425348374325,0.030126078301260732,1.22513818861711,0.6730551036207238,AVAX
2113,2024-03-11 09:00:00+00:00,2024-03-12 00:00:00+00:00,1,15,0.10521544266544539,False,0.006626860270502539,0.12294748269778803,0.4028004525170799,7.473116927927823,AVAX
2114,2024-03-12 19:00:00+00:00,2024-03-13 00:00:00+00:00,1,5,-0.024542080876850142,False,0.03696337105944064,0.010930596870434498,1.0706177879140983,0.3165969744260236,AVAX
2115,2024-04-01 06:00:00+00:00,2024-04-02 00:00:00+00:00,-1,18,-0.004338320479654527,False,0.041411581204913284,0.020491323844804094,3.083213207696589,1.5256389271606015,AVAX
2116,2024-04-02 03:00:00+00:00,2024-04-03 00:00:00+00:00,-1,21,0.025549305516681078,False,0.01136434333589104,0.039007901121917696,0.5588712284740488,1.9183152933570777,AVAX
2117,2024-04-12 18:00:00+00:00,2024-04-13 00:00:00+00:00,-1,6,0.050671132127469376,False,0.005333845895101062,0.2184233920376733,0.2950271705847106,12.081495530565714,AVAX
2118,2024-04-20 18:00:00+00:00,2024-04-21 00:00:00+00:00,1,6,0.01892876061798028,False,0.011887627272242601,0.025347833040140745,0.739369122895374,1.57654716563566,AVAX
2119,2024-04-30 11:00:00+00:00,2024-05-01 00:00:00+00:00,-1,13,0.02160816873055362,False,0.0012249775918734367,0.04929787869734086,0.07285628556918539,2.932021248515714,AVAX
2120,2024-05-15 13:00:00+00:00,2024-05-16 00:00:00+00:00,1,11,0.024092175860000713,False,0.0027530268494122857,0.029780053876439425,0.20956411239197767,2.2668978179176094,AVAX
2121,2024-05-17 08:00:00+00:00,2024-05-18 00:00:00+00:00,1,16,-0.024866411502150382,False,0.028651142826483657,0.00842365060628823,2.2507575081730344,0.6617395670096721,AVAX
2122,2024-05-20 20:00:00+00:00,2024-05-21 00:00:00+00:00,1,4,0.03561824380629999,False,0.015958409849209772,0.04208157670123898,1.0790757682768004,2.845472082635923,AVAX
2123,2024-06-07 19:00:00+00:00,2024-06-08 00:00:00+00:00,-1,5,-0.009014437754556515,False,0.01464001202465059,0.013978656245302973,0.6993992021940723,0.6678041663660056,AVAX
2124,2024-06-12 13:00:00+00:00,2024-06-13 00:00:00+00:00,1,11,0.00015882460265017814,False,0.02446289944033226,0.023048685081542945,1.9052662464045915,1.7951217032545015,AVAX
2125,2024-06-13 16:00:00+00:00,2024-06-14 00:00:00+00:00,-1,8,0.007833566011175408,False,0.02051642592355872,0.012463249392816072,1.390154548747639,0.8444864081177265,AVAX
2126,2024-06-18 14:00:00+00:00,2024-06-19 00:00:00+00:00,-1,10,-0.03299582547078015,False,0.03383910900694633,0.008382164616399455,1.6972659248478341,0.42042366945771564,AVAX
2127,2024-06-22 06:00:00+00:00,2024-06-23 00:00:00+00:00,-1,18,-0.026373244289631843,False,0.05339844688175485,0.008085821791689944,2.607875308917742,0.3948956614702993,AVAX
2128,2024-06-27 15:00:00+00:00,2024-06-28 00:00:00+00:00,1,9,0.01077239081423071,False,0.002503719293152967,0.029173772633259498,0.182768985260584,2.12965600216672,AVAX
2129,2024-07-03 13:00:00+00:00,2024-07-04 00:00:00+00:00,-1,11,0.01464602385545095,False,0.013031855647137413,0.019157941635108106,1.0918638595470658,1.6051331952315935,AVAX
2130,2024-07-15 23:00:00+00:00,2024-07-16 00:00:00+00:00,1,1,0.0017990260442968605,False,0.0057355169179713755,0.004977995815597653,0.4693712882200009,0.40737885392678136,AVAX
2131,2024-07-21 16:00:00+00:00,2024-07-22 00:00:00+00:00,1,8,0.051718947740708204,False,0.038911134073882664,0.06558382846809617,2.8834704905307995,4.86002370644653,AVAX
2132,2024-08-08 23:00:00+00:00,2024-08-09 00:00:00+00:00,1,1,0.00038848856361883616,False,0.005510977867912882,0.004408782294330369,0.3267974533499571,0.2614379626799694,AVAX
2133,2024-08-20 18:00:00+00:00,2024-08-21 00:00:00+00:00,1,6,-0.005530518842626741,False,0.005954512893982769,0.019743911174785213,0.4891733767037767,1.6219959332809635,AVAX
2134,2024-08-27 23:00:00+00:00,2024-08-28 00:00:00+00:00,-1,1,0.000579523154512628,False,0.0031507814767215503,0.008996310269060104,0.18017526732862918,0.5144478027672638,AVAX
2135,2024-09-01 23:00:00+00:00,2024-09-02 00:00:00+00:00,-1,1,-0.010511731422104775,False,0.01221237268955113,0.0018860807242549581,0.7437938201390567,0.11487163245390578,AVAX
2136,2024-09-08 08:00:00+00:00,2024-09-09 00:00:00+00:00,1,16,0.005651090683623509,False,0.03103328710124816,0.018203883495145706,3.023567112947552,1.7736008204441083,AVAX
2137,2024-09-13 23:00:00+00:00,2024-09-14 00:00:00+00:00,1,1,-0.007347404559322748,False,0.009065133181582218,0.0003594105666706737,0.9509315262595908,0.03770213099707766,AVAX
2138,2024-09-19 10:00:00+00:00,2024-09-20 00:00:00+00:00,1,14,0.020512213708727158,False,0.0026847696851148807,0.02734629693552721,0.209160714571016,2.1304512784162,AVAX
2139,2024-09-26 16:00:00+00:00,2024-09-27 00:00:00+00:00,1,8,-0.0027385292994777863,False,0.014422253434277667,0.008016169367270795,1.210982905739593,0.6730878858505164,AVAX
2140,2024-10-11 20:00:00+00:00,2024-10-12 00:00:00+00:00,1,4,0.0038966746478059987,False,0.0030037730319792204,0.010623099747243459,0.3330861531831274,1.1779876149159243,AVAX
2141,2024-10-12 14:00:00+00:00,2024-10-13 00:00:00+00:00,1,10,-0.023000343657771455,False,0.024589603283173656,0.004240766073871489,2.2905901690165584,0.3950391946565501,AVAX
2142,2024-10-23 17:00:00+00:00,2024-10-24 00:00:00+00:00,-1,7,-0.025832772602938887,False,0.02670907418761493,0.009043531575720442,2.4739036930607807,0.8376488831597511,AVAX
2143,2024-10-31 19:00:00+00:00,2024-11-01 00:00:00+00:00,-1,5,-0.00865534045226097,False,0.01352874859075544,0.007207279755194013,1.406639541700735,0.7493704701322258,AVAX
2144,2024-11-06 04:00:00+00:00,2024-11-07 00:00:00+00:00,1,20,0.028389806218898878,False,0.028341470857491686,0.04245498931949952,1.7491641761886614,2.6202149772516474,AVAX
2145,2024-11-22 13:00:00+00:00,2024-11-23 00:00:00+00:00,1,11,0.09381223815386493,False,0.052120657670707275,0.11054356941373794,2.6818142736185013,5.687904480858349,AVAX
2146,2024-12-02 05:00:00+00:00,2024-12-03 00:00:00+00:00,1,19,0.07909193568620816,False,0.07033632841480512,0.08255708515373836,3.4428565419289803,4.041044039545116,AVAX
2147,2024-12-09 10:00:00+00:00,2024-12-10 00:00:00+00:00,-1,14,0.10041865231793863,False,0.020589883143909145,0.20761965743556904,1.1463430474983172,11.559237571275508,AVAX
2148,2024-12-18 23:00:00+00:00,2024-12-19 00:00:00+00:00,-1,1,0.011479306944797258,False,0.0036940410500310894,0.016184517350449068,0.14732836962063348,0.6454824194004146,AVAX
2149,2025-01-01 23:00:00+00:00,2025-01-02 00:00:00+00:00,1,1,-0.004577507919746614,False,0.006177402323125706,0.0029303062302005567,0.47994507700083766,0.22766625447474864,AVAX
2150,2025-01-02 10:00:00+00:00,2025-01-03 00:00:00+00:00,1,14,-0.0217894759026028,False,0.03273289756000194,0.0128486602464947,2.618355272060202,1.0277842721882682,AVAX
2151,2025-01-07 18:00:00+00:00,2025-01-08 00:00:00+00:00,-1,6,0.02872261511718282,False,0.008415424978961345,0.032424137418939715,0.509246476009071,1.9620967163879162,AVAX
2152,2025-01-13 06:00:00+00:00,2025-01-14 00:00:00+00:00,-1,18,-0.005822248160647337,False,0.006738697753767267,0.07301677566107492,0.4459912833181312,4.8325131458269555,AVAX
2153,2025-01-27 09:00:00+00:00,2025-01-28 00:00:00+00:00,-1,15,-0.020518405723087618,False,0.032470434031397905,0.021567517650213103,1.870917500526908,1.2427011654876081,AVAX
2154,2025-02-02 18:00:00+00:00,2025-02-03 00:00:00+00:00,-1,6,0.02572142789461041,False,0.017209220482139742,0.09185289459792362,0.7627179693364831,4.070948670691651,AVAX
2155,2025-02-18 17:00:00+00:00,2025-02-19 00:00:00+00:00,-1,7,-0.019934667313663123,False,0.020052839014249254,0.007319502793537916,1.1586731898590452,0.4229282269679798,AVAX
2156,2025-02-24 15:00:00+00:00,2025-02-25 00:00:00+00:00,-1,9,0.05305315056333226,False,0.016386354792684413,0.0740196290371395,1.076802809626774,4.864080237680864,AVAX
2157,2025-03-02 17:00:00+00:00,2025-03-03 00:00:00+00:00,1,7,0.02769393652163126,False,0.012794056954188969,0.03120099050763517,0.6614694306418395,1.6131319018233319,AVAX
2158,2025-03-03 20:00:00+00:00,2025-03-04 00:00:00+00:00,-1,4,-0.0018054537110949271,False,0.01809760290325668,0.018336357558972415,0.6231242478041488,0.6313448843187136,AVAX
2159,2025-03-09 17:00:00+00:00,2025-03-10 00:00:00+00:00,-1,7,0.0403378146886508,False,0.0006400000000000242,0.05423999999999997,0.039445706080230215,3.3430235902993823,AVAX
2160,2025-03-24 04:00:00+00:00,2025-03-25 00:00:00+00:00,1,20,0.01434022912712776,False,0.00042579363201969726,0.04697923073283808,0.034200138225240005,3.7734152508513317,AVAX
2161,2025-03-28 17:00:00+00:00,2025-03-29 00:00:00+00:00,-1,7,-0.029504173004274954,False,0.03938399394092407,0.0022721534965916765,2.7070036253189627,0.15617328607608735,AVAX
2162,2025-04-02 23:00:00+00:00,2025-04-03 00:00:00+00:00,-1,1,-0.006705997041780805,False,0.013926953409027281,0.007159237093797198,0.5674000520037042,0.2916755287408617,AVAX
2163,2025-04-06 19:00:00+00:00,2025-04-07 00:00:00+00:00,-1,5,0.014646192338637492,False,0.009384775808133392,0.04238483714653749,0.6344822364055341,2.8655374206289435,AVAX
2164,2025-04-09 18:00:00+00:00,2025-04-10 00:00:00+00:00,1,6,-0.021965923731208942,False,0.032674529805546616,0.004303474657315881,1.3235579745098864,0.17432226981349666,AVAX
2165,2025-04-19 21:00:00+00:00,2025-04-20 00:00:00+00:00,1,3,-0.02011631709678648,False,0.019104507083970993,0.0050846620921162055,2.293443471707477,0.6103996836844063,AVAX
2166,2025-04-21 08:00:00+00:00,2025-04-22 00:00:00+00:00,1,16,-0.036283748816863005,False,0.04462553356616211,0.01644353899883579,3.9831778444095907,1.4677144448422268,AVAX
2167,2025-04-22 15:00:00+00:00,2025-04-23 00:00:00+00:00,1,9,0.033288954050373486,False,0.0010305415027168103,0.044641184185872186,0.06861272020619938,2.972178288932388,AVAX
2168,2025-04-27 17:00:00+00:00,2025-04-28 00:00:00+00:00,-1,7,-0.0014620340018217202,False,0.019949320433080092,0.003132918682331161,1.6746699675493086,0.26299666926870324,AVAX
2169,2020-01-23 10:00:00+00:00,2020-01-24 00:00:00+00:00,-1,14,-0.001738104850928346,False,0.02437043054427279,0.012997562956945583,1.6653166739191945,0.8881688927569102,LINK
2170,2020-02-05 16:00:00+00:00,2020-02-06 00:00:00+00:00,1,8,-0.009436034736751196,False,0.018505586592178748,0.009427374301676025,1.7065518714148764,0.8693754816641878,LINK
2171,2020-02-07 05:00:00+00:00,2020-02-08 00:00:00+00:00,1,19,0.06581625583310248,False,0.010335917312661508,0.08688630490956076,0.630461235231621,5.2998147586658115,LINK
2172,2020-02-11 17:00:00+00:00,2020-02-12 00:00:00+00:00,1,7,0.03390778158548044,False,0.008333333333333342,0.04140625000000007,0.38660110774910367,1.9209242541283602,LINK
2173,2020-02-14 23:00:00+00:00,2020-02-15 00:00:00+00:00,1,1,-0.013991468083017253,False,0.022762776166034438,0.0029011381388082797,1.0360091848977868,0.13204038631050083,LINK
2174,2020-02-24 17:00:00+00:00,2020-02-25 00:00:00+00:00,-1,7,0.0012952498161421981,False,0.012195121951219523,0.034298780487804825,0.6951868203878675,1.9552129323408727,LINK
2175,2020-03-03 23:00:00+00:00,2020-03-04 00:00:00+00:00,1,1,-0.00485662179765518,False,0.011940946591402457,0.012375162831089966,0.5555486089343926,0.5757503765320138,LINK
2176,2020-03-12 03:00:00+00:00,2020-03-13 00:00:00+00:00,-1,21,0.47010240760238353,False,0.020728457210541985,0.48178856973645245,0.5821034957668013,13.529748394465456,LINK
2177,2020-04-06 14:00:00+00:00,2020-04-07 00:00:00+00:00,1,10,0.05474562576089363,False,0.01201823456278488,0.06257770410277673,1.2558024388024238,6.5388333882471334,LINK
2178,2020-04-07 10:00:00+00:00,2020-04-08 00:00:00+00:00,1,14,-0.029991295889898413,False,0.06394316163410307,0.034103019538188305,3.0404388887872087,1.6215674073531778,LINK
2179,2020-04-08 23:00:00+00:00,2020-04-09 00:00:00+00:00,1,1,-0.019501097404769328,False,0.03344688758129455,0.002787240631774511,1.3683390886049474,0.1140282573837442,LINK
2180,2020-04-16 23:00:00+00:00,2020-04-17 00:00:00+00:00,1,1,-0.01266382978723397,False,0.02269503546099293,0.012765957446808491,1.123095037507407,0.6317409585979148,LINK
2181,2020-04-27 07:00:00+00:00,2020-04-28 00:00:00+00:00,-1,17,-0.021672871326314964,False,0.024950939164564048,0.029716848892626945,1.8396533262000312,2.1910477817663367,LINK
2182,2020-04-29 20:00:00+00:00,2020-04-30 00:00:00+00:00,1,4,0.001029638095986169,False,0.00928074245939676,0.0360917762309874,0.5943413896971582,2.3113276266000597,LINK
2183,2020-05-07 19:00:00+00:00,2020-05-08 00:00:00+00:00,1,5,-0.01962030659864086,False,0.0237722048066875,0.005485893416927992,1.7097883427249323,0.3945665406288382,LINK
2184,2020-05-09 10:00:00+00:00,2020-05-10 00:00:00+00:00,1,14,-0.028660197672481125,False,0.029290728637133973,0.022754780924715425,1.7328737339299052,1.3461994296645412,LINK
2185,2020-05-18 05:00:00+00:00,2020-05-19 00:00:00+00:00,1,19,-0.010371084577556599,False,0.020886398369842154,0.007896077432501196,2.2473890226435342,0.8496226792920564,LINK
2186,2020-05-21 18:00:00+00:00,2020-05-22 00:00:00+00:00,-1,6,-0.0026053361670727677,False,0.016449086161879824,0.02349869451697124,0.8596531471573882,1.228075924510558,LINK
2187,2020-05-22 17:00:00+00:00,2020-05-23 00:00:00+00:00,1,7,-0.019791961844329138,False,0.023210831721470038,0.0,1.6300832096392315,0.0,LINK
2188,2020-06-01 02:00:00+00:00,2020-06-02 00:00:00+00:00,1,22,-0.0016787130050837605,False,0.023234624145785747,0.02141230068337137,1.3981533334927365,1.2884942485129256,LINK
2189,2020-06-11 16:00:00+00:00,2020-06-12 00:00:00+00:00,-1,8,0.05224457837329115,False,0.0069064062872112204,0.0735889497499404,0.7690241100593547,8.194084483046245,LINK
2190,2020-06-22 02:00:00+00:00,2020-06-23 00:00:00+00:00,1,22,0.04217766261887872,False,0.0018648018648018665,0.04568764568764563,0.2825136257399985,6.921583830629947,LINK
2191,2020-06-23 15:00:00+00:00,2020-06-24 00:00:00+00:00,1,9,-0.007094782624375736,False,0.018001241464928562,0.02213945789364788,1.342320681598785,1.6509001486329964,LINK
2192,2020-06-27 20:00:00+00:00,2020-06-28 00:00:00+00:00,-1,4,-0.011730824947267248,False,0.027720504009163698,0.006872852233677032,2.008404300744627,0.49795147952346724,LINK
2193,2020-07-06 21:00:00+00:00,2020-07-07 00:00:00+00:00,1,3,-0.005575072573006226,False,0.03227601558152483,0.0053793359302541114,2.057603900362512,0.34293398339375025,LINK
2194,2020-07-08 23:00:00+00:00,2020-07-09 00:00:00+00:00,1,1,-0.007866238728412144,False,0.014213663457129752,0.0007641754546843792,0.592839013569038,0.03187306524564654,LINK
2195,2020-07-12 17:00:00+00:00,2020-07-13 00:00:00+00:00,1,7,0.08045025365543619,False,0.015086525661884382,0.09303357491495334,0.7135173284040486,4.400023525158283,LINK
2196,2020-07-20 20:00:00+00:00,2020-07-21 00:00:00+00:00,-1,4,0.02025098549739595,False,0.024844720496894433,0.024304617877396666,1.31579335614336,1.2871891527489359,LINK
2197,2020-07-27 14:00:00+00:00,2020-07-28 00:00:00+00:00,-1,10,-0.04519656181095694,False,0.062271062271062244,0.055824175824175856,2.9374790349559214,2.6333635583957817,LINK
2198,2020-08-01 23:00:00+00:00,2020-08-02 00:00:00+00:00,1,1,-0.017101124127322183,False,0.017394391196308156,0.0003549875754348732,0.9706721164002826,0.019809635028577917,LINK
2199,2020-08-08 17:00:00+00:00,2020-08-09 00:00:00+00:00,1,7,0.10134043081007607,False,0.018008658008658023,0.2727272727272726,0.7244115731515272,10.97065603570821,LINK
2200,2020-08-12 17:00:00+00:00,2020-08-13 00:00:00+00:00,1,7,0.030970040651068165,False,0.06994802429707553,0.053916964117978514,2.236345160967147,1.723807684505562,LINK
2201,2020-08-21 18:00:00+00:00,2020-08-22 00:00:00+00:00,-1,6,-0.03281535506199202,False,0.09844598111383746,0.04104394378764217,2.5670651727208944,1.0702567789591637,LINK
2202,2020-08-29 15:00:00+00:00,2020-08-30 00:00:00+00:00,1,9,-0.0026243074109629566,False,0.004392654505521273,0.040754072356781336,0.2474767090419805,2.2960339116672994,LINK
2203,2020-09-02 17:00:00+00:00,2020-09-03 00:00:00+00:00,-1,7,-0.023100719827115652,False,0.034168564920273294,0.008076206253882853,1.1728670179160154,0.2772231133256062,LINK
2204,2020-09-15 19:00:00+00:00,2020-09-16 00:00:00+00:00,-1,5,0.03046335139227212,False,0.00460870335903584,0.04918904546663119,0.2192769096606739,2.3403593242628986,LINK
2205,2020-09-24 20:00:00+00:00,2020-09-25 00:00:00+00:00,1,4,0.0008656879001706545,False,0.018571138623909057,0.05540897097625342,0.615348151620039,1.8359567802434005,LINK
2206,2020-10-06 19:00:00+00:00,2020-10-07 00:00:00+00:00,-1,5,0.022068956041963506,False,0.0027842744180866866,0.047778149014366694,0.16885640299532592,2.8975758753997414,LINK
2207,2020-10-09 16:00:00+00:00,2020-10-10 00:00:00+00:00,1,8,-0.0035404621694778626,False,0.027097146151628716,0.009897184587296989,1.3895707053074127,0.507538236335685,LINK
2208,2020-10-20 12:00:00+00:00,2020-10-21 00:00:00+00:00,-1,12,0.05194193724694557,False,0.00865384615384614,0.061923076923076935,0.5967377852873436,4.269990374722777,LINK
2209,2020-10-21 17:00:00+00:00,2020-10-22 00:00:00+00:00,1,7,-0.016004421681795132,False,0.01736587149255107,0.018188465405355986,0.9634402106600447,1.0090768522176181,LINK
2210,2020-10-22 17:00:00+00:00,2020-10-23 00:00:00+00:00,1,7,-0.005794171158416805,False,0.019743418860379884,0.035154948350549865,1.09887039258517,1.9566384205524985,LINK
2211,2020-11-02 13:00:00+00:00,2020-11-03 00:00:00+00:00,-1,11,0.005788636006681959,False,0.0169444700248641,0.00957730914448837,1.085633671023921,0.6136190314483009,LINK
2212,2020-11-06 21:00:00+00:00,2020-11-07 00:00:00+00:00,1,3,0.021461571401936434,False,0.0005044136191677366,0.03354350567465329,0.024722774934251148,1.644064533127643,LINK
2213,2020-11-21 22:00:00+00:00,2020-11-22 00:00:00+00:00,1,2,0.005138351558285948,False,0.022440483933914443,0.012098347860023412,1.0795932963344907,0.5820416032412025,LINK
2214,2020-11-25 23:00:00+00:00,2020-11-26 00:00:00+00:00,-1,1,0.0015532478452805936,False,0.006726928736598702,0.033354354985635264,0.275753776737469,1.3672791429899516,LINK
2215,2020-11-26 04:00:00+00:00,2020-11-27 00:00:00+00:00,-1,20,-0.030623598829531022,False,0.05650449283574843,0.08686149113575653,1.2400555591581226,1.9062745200238758,LINK
2216,2020-12-04 23:00:00+00:00,2020-12-05 00:00:00+00:00,-1,1,-0.007126882231732467,False,0.02005072119194802,0.002377555872563095,1.1479221523392313,0.13611725126552657,LINK
2217,2020-12-08 23:00:00+00:00,2020-12-09 00:00:00+00:00,-1,1,-0.01123539690464298,False,0.01830587452155091,0.0019970044932601854,1.1309662456603886,0.12337813589022954,LINK
2218,2020-12-13 17:00:00+00:00,2020-12-14 00:00:00+00:00,1,7,-0.01190553152272985,False,0.019808795411089757,0.0004588910133843386,1.5544935703975147,0.03601143406326445,LINK
2219,2020-12-23 17:00:00+00:00,2020-12-24 00:00:00+00:00,-1,7,0.04409376991180773,False,0.036630669546436394,0.30695464362850966,1.7107517089935176,14.335615146353652,LINK
2220,2021-01-03 15:00:00+00:00,2021-01-04 00:00:00+00:00,1,9,0.02824790179724752,False,0.04517051870812314,0.05917337950764145,1.8264380081295855,2.392633790649762,LINK
2221,2021-01-11 16:00:00+00:00,2021-01-12 00:00:00+00:00,-1,8,-0.09015795782315587,False,0.0951991068105694,0.06959434313360628,1.9229088560506369,1.4057230495757205,LINK
2222,2021-01-21 23:00:00+00:00,2021-01-22 00:00:00+00:00,-1,1,0.015089772848459073,False,0.015889943478724446,0.02356830542817533,0.44574808929466964,0.6611431391551852,LINK
2223,2021-01-22 18:00:00+00:00,2021-01-23 00:00:00+00:00,1,6,-0.035064936176562214,False,0.03609865470852017,0.011121076233183747,1.1658769425213789,0.3591769959568934,LINK
2224,2021-01-23 16:00:00+00:00,2021-01-24 00:00:00+00:00,1,8,-0.008926371965286294,False,0.026653346653346576,0.021378621378621385,0.8316584104928114,0.6670723382513576,LINK
2225,2021-02-03 15:00:00+00:00,2021-02-04 00:00:00+00:00,1,9,-0.010456985155902498,False,0.028286978508217486,0.013708912768647193,1.679389290937581,0.8138939720046592,LINK
2226,2021-02-12 22:00:00+00:00,2021-02-13 00:00:00+00:00,1,2,0.0015470264765518509,False,0.006367346938775519,0.030204081632653083,0.30295580829998375,1.4370980650127423,LINK
2227,2021-02-22 13:00:00+00:00,2021-02-23 00:00:00+00:00,-1,11,-0.026930831246838715,False,0.030933523760062302,0.19371591794339132,1.1040780483176595,6.914100516641969,LINK
2228,2021-02-23 09:00:00+00:00,2021-02-24 00:00:00+00:00,-1,15,-0.16634614564871736,False,0.2325862841774989,0.07346481398476017,3.1832040975112816,1.0054483553326243,LINK
2229,2021-03-08 16:00:00+00:00,2021-03-09 00:00:00+00:00,1,8,0.037245280865534795,False,0.005120177412516714,0.04014610442552908,0.2800121935635133,2.1955096195967156,LINK
2230,2021-03-17 17:00:00+00:00,2021-03-18 00:00:00+00:00,1,7,0.020234541166948943,False,0.005191732658627189,0.027634475733578717,0.2525221775462926,1.3441212108634852,LINK
2231,2021-03-22 21:00:00+00:00,2021-03-23 00:00:00+00:00,-1,3,0.010304979552145807,False,0.010903821771418163,0.01267886252490496,0.6950089403663077,0.808149930658505,LINK
2232,2021-04-13 17:00:00+00:00,2021-04-14 00:00:00+00:00,1,7,-0.0009880754445129134,False,0.026576019777503037,0.01306326553545352,1.74573804287064,0.8581059090220458,LINK
2233,2021-04-14 21:00:00+00:00,2021-04-15 00:00:00+00:00,1,3,0.038368830556477815,False,0.00431846142258164,0.05646639383363886,0.13507741897892703,1.7662157865325574,LINK
2234,2021-04-18 04:00:00+00:00,2021-04-19 00:00:00+00:00,-1,20,-0.17621371150592632,False,0.20303048632954274,0.02011250907331234,4.005230820211849,0.39676426269043286,LINK
2235,2021-05-01 20:00:00+00:00,2021-05-02 00:00:00+00:00,1,4,0.005117309519626901,False,0.0171821305841924,0.00650727498720487,1.14932573027766,0.4352765531689921,LINK
2236,2021-05-04 19:00:00+00:00,2021-05-05 00:00:00+00:00,1,5,-0.03209946160184281,False,0.04065006062410928,0.034779094254536125,1.1846497713272666,1.0135543569440484,LINK
2237,2021-05-10 20:00:00+00:00,2021-05-11 00:00:00+00:00,-1,4,-0.006647971163069644,False,0.045889847033843106,0.12986956710144312,1.666040150291161,4.714940821928827,LINK
2238,2021-05-19 12:00:00+00:00,2021-05-20 00:00:00+00:00,-1,12,0.17669249154482417,False,0.010792337440417287,0.4141859279911263,0.1891467835417666,7.259033226147365,LINK
2239,2021-06-18 19:00:00+00:00,2021-06-19 00:00:00+00:00,-1,5,-0.024439743054150594,False,0.030351206821795006,0.008238184708773084,1.2916685866071582,0.3505957592219495,LINK
2240,2021-06-21 11:00:00+00:00,2021-06-22 00:00:00+00:00,-1,13,0.038352698226778593,False,0.07059860124456194,0.0647612754006277,1.967630650643661,1.8049404408400485,LINK
2241,2021-07-06 09:00:00+00:00,2021-07-07 00:00:00+00:00,1,15,0.005342158851683022,False,0.045616321620131337,0.016191287783848655,2.963496852819346,1.0518785532534498,LINK
2242,2021-07-26 02:00:00+00:00,2021-07-27 00:00:00+00:00,1,22,-0.02380915463013797,False,0.028162911611785073,0.08075173310225302,1.3908080346942686,3.9878745764022225,LINK
2243,2021-07-30 18:00:00+00:00,2021-07-31 00:00:00+00:00,1,6,0.03781262195936222,False,0.01032227930873424,0.06015880429705746,0.49332815132251306,2.8751432529565464,LINK
2244,2021-08-08 19:00:00+00:00,2021-08-09 00:00:00+00:00,-1,5,-0.005600585942319658,False,0.034206283498191645,0.016994204540502877,1.8558481196990277,0.9220137155192634,LINK
2245,2021-08-09 16:00:00+00:00,2021-08-10 00:00:00+00:00,1,8,-0.018424470992672942,False,0.046017627228788396,0.0032086430283091924,2.488430441971386,0.17350927177029232,LINK
2246,2021-08-11 14:00:00+00:00,2021-08-12 00:00:00+00:00,1,10,-0.022679541983111985,False,0.03206193353474321,0.032628398791540815,1.7981950376391804,1.8299652679861638,LINK
2247,2021-08-24 16:00:00+00:00,2021-08-25 00:00:00+00:00,-1,8,0.03264379598960625,False,0.002775589812835155,0.035032444394433856,0.16832776399218563,2.1245693455230494,LINK
2248,2021-08-31 12:00:00+00:00,2021-09-01 00:00:00+00:00,1,12,-0.009142294384963215,False,0.03110616184112847,0.02357089829250178,1.6793449973554144,1.2725346937000996,LINK
2249,2021-09-01 15:00:00+00:00,2021-09-02 00:00:00+00:00,1,9,0.03997073781440548,False,0.00010506776871082246,0.04612475046404932,0.005549502155403212,2.4362314462219183,LINK
2250,2021-09-07 15:00:00+00:00,2021-09-08 00:00:00+00:00,-1,9,-0.04681689807317865,False,0.09416974169741696,0.18649446494464952,2.0823515947953273,4.123904764927739,LINK
2251,2021-09-13 08:00:00+00:00,2021-09-14 00:00:00+00:00,-1,16,-0.01544741266418841,False,0.04807295380343012,0.05858070326866064,1.7738261429128936,2.1615477042053253,LINK
2252,2021-09-14 23:00:00+00:00,2021-09-15 00:00:00+00:00,1,1,0.022904588376113692,False,0.002659928181939149,0.02653278361484234,0.1260170082276329,1.2570196570706065,LINK
2253,2021-09-20 19:00:00+00:00,2021-09-21 00:00:00+00:00,-1,5,0.013647720486139204,False,0.017252903333611843,0.029534631130420135,0.6154242947381487,1.0535229452297072,LINK
2254,2021-10-01 18:00:00+00:00,2021-10-02 00:00:00+00:00,1,6,-0.0034597473873643958,False,0.015094053398058242,0.013235740291262144,0.9322666720505347,0.8174901219739623,LINK
2255,2021-10-06 09:00:00+00:00,2021-10-06 15:00:00+00:00,-1,6,-0.08256221482549048,False,0.0838276309070197,0.009820481596417487,5.183048193548025,0.6071987105843514,LINK
2256,2021-10-10 22:00:00+00:00,2021-10-11 00:00:00+00:00,-1,2,0.007926906232340093,False,0.007674121158094663,0.013797914809503434,0.5486882418932018,0.9865303743130223,LINK
2257,2021-10-27 12:00:00+00:00,2021-10-28 00:00:00+00:00,-1,12,0.01894306591232015,False,0.020168807837022434,0.041286736042846,0.618040148775782,1.2651645398468971,LINK
2258,2021-11-05 14:00:00+00:00,2021-11-06 00:00:00+00:00,1,10,-0.021418174885600338,False,0.03346544685162573,0.005751408051971208,2.3060543100054227,0.3963209989590737,LINK
2259,2021-11-08 16:00:00+00:00,2021-11-09 00:00:00+00:00,1,8,0.0014309298554732496,False,0.011570440141868806,0.013518227803941981,0.895662861310388,1.0464402776616173,LINK
2260,2021-11-10 14:00:00+00:00,2021-11-10 22:00:00+00:00,1,8,-0.09006071330653269,False,0.139908256880734,0.0478374836173,7.964677330476668,2.723285457258993,LINK
2261,2021-11-16 11:00:00+00:00,2021-11-17 00:00:00+00:00,-1,13,0.0096724958303131,False,0.03122354295777035,0.029733482339395174,1.3011210506674333,1.2390285059501147,LINK
2262,2021-11-22 20:00:00+00:00,2021-11-23 00:00:00+00:00,-1,4,-0.0146676450292756,False,0.023501362397820247,0.0046927036027853,1.3792910664802787,0.27541399717158177,LINK
2263,2021-11-26 09:00:00+00:00,2021-11-27 00:00:00+00:00,-1,15,-0.0015582553883698995,False,0.0241431073304979,0.03977983487615715,0.994903271729318,1.639270675699083,LINK
2264,2021-12-04 06:00:00+00:00,2021-12-05 00:00:00+00:00,-1,18,-0.10712495776443401,False,0.12057843242662071,0.0358026018707666,2.2014136977720375,0.6536520386608019,LINK
2265,2021-12-23 18:00:00+00:00,2021-12-24 00:00:00+00:00,1,6,0.03391864490155376,False,0.0004672678846783591,0.037988879024344606,0.026231577811490346,2.132627276073829,LINK
2266,2021-12-28 22:00:00+00:00,2021-12-29 00:00:00+00:00,-1,2,0.008345593752855752,False,0.006412436239980466,0.014087928102987571,0.2793124465649393,0.6136409810896474,LINK
2267,2022-01-02 18:00:00+00:00,2022-01-03 00:00:00+00:00,1,6,-0.013238229603597395,False,0.022839310750305233,0.00334675048618326,1.689681573973014,0.24759690390891093,LINK
2268,2022-01-05 14:00:00+00:00,2022-01-06 00:00:00+00:00,1,10,-0.05056849855317566,False,0.1592893706714846,0.03346130683529055,7.347574453447664,1.5434767696396419,LINK
2269,2022-01-09 17:00:00+00:00,2022-01-10 00:00:00+00:00,1,7,-0.035883139519746046,False,0.044329101494002925,0.0012625377007786129,1.4798094133196085,0.042146470632522116,LINK
2270,2022-01-13 20:00:00+00:00,2022-01-14 00:00:00+00:00,-1,4,-0.008393532074906616,False,0.01956733106465729,0.009439312915248766,1.086057989527562,0.5239161730019094,LINK
2271,2022-01-17 17:00:00+00:00,2022-01-18 00:00:00+00:00,-1,7,0.011545990820894293,False,0.0014530056459648017,0.03445699103287952,0.1196823229771402,2.8381808020293193,LINK
2272,2022-01-30 08:00:00+00:00,2022-01-31 00:00:00+00:00,1,16,0.007080731816074413,False,0.045147367823272284,0.029076040661025433,2.5746154050451433,1.6581170910479277,LINK
2273,2022-02-11 23:00:00+00:00,2022-02-12 00:00:00+00:00,-1,1,-0.011141032676477768,False,0.01085058618109251,0.008543277625343116,0.5947762849311654,0.4683008680205243,LINK
2274,2022-02-24 06:00:00+00:00,2022-02-24 21:00:00+00:00,-1,15,-0.1366620482073845,False,0.1976734312643289,0.0330304831451133,6.481854120953107,1.0830933217571963,LINK
2275,2022-03-09 16:00:00+00:00,2022-03-10 00:00:00+00:00,1,8,-0.023100710424953957,False,0.03585908010624912,0.009856004473647421,2.2403133033145095,0.6157586272267951,LINK
2276,2022-03-16 21:00:00+00:00,2022-03-17 00:00:00+00:00,1,3,0.0007418865607387485,False,0.014424391577796028,0.010391030899644466,0.9103160164236282,0.6557726753383442,LINK
2277,2022-03-22 05:00:00+00:00,2022-03-23 00:00:00+00:00,1,19,-0.018608454954794434,False,0.0201988020899707,0.010067541735695136,1.7798693903587748,0.8871273302103637,LINK
2278,2022-03-27 21:00:00+00:00,2022-03-28 00:00:00+00:00,1,3,0.014735174138102814,False,0.003738768618464549,0.01911596212989207,0.35376559974671845,1.8087692761244214,LINK
2279,2022-04-06 17:00:00+00:00,2022-04-07 00:00:00+00:00,-1,7,0.006373576496168477,False,0.01777892295800062,0.017005926307652627,1.0419333988773314,0.9966319467522218,LINK
2280,2022-04-11 10:00:00+00:00,2022-04-12 00:00:00+00:00,-1,14,0.03444262010051908,False,0.00897363993269771,0.05356141334828936,0.6720362717738336,4.011216497150063,LINK
2281,2022-04-26 16:00:00+00:00,2022-04-27 00:00:00+00:00,-1,8,0.02110008758630454,False,0.011387900355871897,0.04096480822459462,0.9046644310346099,3.254278994971712,LINK
2282,2022-05-04 21:00:00+00:00,2022-05-05 00:00:00+00:00,1,3,0.009813208963882315,False,0.0,0.012691829116549189,0.0,0.7853229971716502,LINK
2283,2022-05-05 16:00:00+00:00,2022-05-06 00:00:00+00:00,-1,8,-0.002553995309936107,False,0.013673488115995149,0.03101771129668725,0.6935642365079526,1.5733202143603358,LINK
2284,2022-05-26 12:00:00+00:00,2022-05-27 00:00:00+00:00,-1,12,-0.022329625109231355,False,0.07021904613950597,0.03619698617368348,3.451886725886774,1.7794017856894255,LINK
2285,2022-05-30 21:00:00+00:00,2022-05-31 00:00:00+00:00,1,3,0.01076309850375572,False,0.005705746501833965,0.02105692161391119,0.3697509607922593,1.3645571172095365,LINK
2286,2022-07-07 15:00:00+00:00,2022-07-08 00:00:00+00:00,1,9,-0.0036215792331799257,False,0.015185686362952937,0.014884979702300436,1.1625824118540964,1.139560977955998,LINK
2287,2022-07-18 08:00:00+00:00,2022-07-19 00:00:00+00:00,1,16,0.03616427614238617,False,0.011063578698923172,0.05413777843339725,0.7808944960315095,3.8211770672475103,LINK
2288,2022-07-25 04:00:00+00:00,2022-07-26 00:00:00+00:00,-1,20,0.04111076115057177,False,0.019821162444113263,0.04724292101341284,1.1624270406935058,2.770596781201816,LINK
2289,2022-07-29 21:00:00+00:00,2022-07-30 00:00:00+00:00,1,3,-0.01861789814483545,False,0.022687609075043677,0.010969832959361653,0.9175066246369987,0.44362957674755477,LINK
2290,2022-08-26 17:00:00+00:00,2022-08-27 00:00:00+00:00,-1,7,0.03157195017214069,False,0.001488538255433133,0.048377493301577874,0.08600045725425336,2.795014860763295,LINK
2291,2022-09-06 18:00:00+00:00,2022-09-07 00:00:00+00:00,-1,6,0.026063073137773722,False,0.0,0.039912280701754344,0.0,2.370146426752371,LINK
2292,2022-09-13 14:00:00+00:00,2022-09-14 00:00:00+00:00,-1,10,0.031711056028453526,False,0.007990081278412981,0.03402672544427618,0.40318021052287384,1.7169915861922491,LINK
2293,2022-10-13 08:00:00+00:00,2022-10-14 00:00:00+00:00,-1,16,-0.04733626318086283,False,0.05765792610250305,0.06317044100119182,4.46869748967408,4.895937301348334,LINK
2294,2022-10-29 19:00:00+00:00,2022-10-30 00:00:00+00:00,1,5,0.016505122425446477,False,0.006002400960384144,0.021075096705348854,0.44553892456548805,1.564336668474386,LINK
2295,2022-11-04 15:00:00+00:00,2022-11-05 00:00:00+00:00,1,9,0.03154074481117878,False,0.030709034858904267,0.054659710694806775,1.6225067683592505,2.887936757581541,LINK
2296,2022-11-07 21:00:00+00:00,2022-11-08 00:00:00+00:00,1,3,-0.010096648233178095,False,0.0410807219577013,0.004650647768796348,2.1903489857049037,0.2479640361175349,LINK
2297,2022-11-08 19:00:00+00:00,2022-11-09 00:00:00+00:00,-1,5,-0.0005268551504594946,False,0.010738776038297345,0.16289300038814858,0.2021890585909498,3.0669400574217507,LINK
2298,2022-11-09 22:00:00+00:00,2022-11-10 00:00:00+00:00,-1,2,-0.056506004561669834,False,0.07386074877181109,0.00745383703201755,1.2409723160264334,0.1252357383145928,LINK
2299,2022-11-20 22:00:00+00:00,2022-11-21 00:00:00+00:00,-1,2,-0.003900817457362214,False,0.010092222028884606,0.008178179919958188,0.7202530676018449,0.5836533478842517,LINK
2300,2022-11-22 14:00:00+00:00,2022-11-23 00:00:00+00:00,1,10,0.006399812216126868,False,0.014918341708542813,0.017744974874371787,0.7463382370100637,0.88774969244354,LINK
2301,2022-12-13 14:00:00+00:00,2022-12-14 00:00:00+00:00,1,10,-0.013600531659183478,False,0.03295762590954498,0.004993579683264268,2.675170767658609,0.4053289041906884,LINK
2302,2022-12-16 23:00:00+00:00,2022-12-17 00:00:00+00:00,-1,1,0.0009406504065039748,False,0.0032181571815718376,0.02252710027100271,0.19982763163640596,1.3987934214548323,LINK
2303,2022-12-27 16:00:00+00:00,2022-12-28 00:00:00+00:00,-1,8,0.0020143008984090946,False,0.0018577942915048338,0.013173450430670544,0.31642314590970355,2.2437277619051543,LINK
2304,2022-12-28 06:00:00+00:00,2022-12-29 00:00:00+00:00,-1,18,0.0069027495690413485,False,0.016777350576721285,0.017825934987766568,2.079581335550779,2.2095551690227277,LINK
2305,2023-01-14 09:00:00+00:00,2023-01-15 00:00:00+00:00,1,15,-0.03228285448314091,False,0.09359119141727829,0.0009881422924901979,6.118731118718064,0.06460198767877817,LINK
2306,2023-01-18 17:00:00+00:00,2023-01-19 00:00:00+00:00,-1,7,0.01985288382798173,False,0.02457876024115007,0.023960426650177807,1.083200445432298,1.0559501197610484,LINK
2307,2023-01-30 20:00:00+00:00,2023-01-31 00:00:00+00:00,-1,4,-0.0042500365312170925,False,0.002899391127863216,0.016526529428819933,0.19096262774978504,1.0884869781737485,LINK
2308,2023-02-09 09:00:00+00:00,2023-02-09 22:00:00+00:00,1,13,-0.08486883790651663,False,0.09597202434917752,0.008807149332987905,5.209637992917674,0.478077440645614,LINK
2309,2023-02-24 23:00:00+00:00,2023-02-25 00:00:00+00:00,-1,1,-0.01601000543773785,False,0.015089722675367016,0.002311038607939024,0.7316967043200752,0.11206165741838656,LINK
2310,2023-03-01 22:00:00+00:00,2023-03-02 00:00:00+00:00,1,2,0.0016235292693331143,False,0.005460114529231638,0.004794246903715486,0.5172484491370793,0.4541693699740115,LINK
2311,2023-03-02 14:00:00+00:00,2023-03-03 00:00:00+00:00,-1,10,-0.010479649012442515,False,0.012349105036769864,0.006798945469682183,1.2195501237133703,0.6714377085612837,LINK
2312,2023-03-03 02:00:00+00:00,2023-03-04 00:00:00+00:00,-1,22,-0.036298183310662806,False,0.03602262578148258,0.002828222685323032,2.3416806522692415,0.18385096030213177,LINK
2313,2023-03-08 14:00:00+00:00,2023-03-09 00:00:00+00:00,-1,10,0.013501727586068834,False,0.012131196645200001,0.029504268384004672,1.1497659898371555,2.7963444444187355,LINK
2314,2023-03-09 21:00:00+00:00,2023-03-10 00:00:00+00:00,-1,3,-0.0238417747574248,False,0.02441454907822625,0.0,1.5722240902340938,0.0,LINK
2315,2023-03-17 12:00:00+00:00,2023-03-18 00:00:00+00:00,1,12,0.009956523242419725,False,0.023862998315553052,0.018528916339135396,1.8385315964673077,1.4275657101981514,LINK
2316,2023-03-27 21:00:00+00:00,2023-03-28 00:00:00+00:00,-1,3,-0.009836940293381623,False,0.010575793184488846,0.00161574618096359,0.9957721748637289,0.15213186004862678,LINK
2317,2023-03-29 13:00:00+00:00,2023-03-30 00:00:00+00:00,1,11,0.007040220816792255,False,0.012571740912817661,0.024460235036895366,1.2453463434132523,2.423010820336667,LINK
2318,2023-04-13 18:00:00+00:00,2023-04-14 00:00:00+00:00,1,6,-0.006806367956933412,False,0.010805763073639328,0.0072038420490927665,1.357745085944818,0.9051633906298636,LINK
2319,2023-04-14 05:00:00+00:00,2023-04-15 00:00:00+00:00,1,19,-0.0022870673327957973,False,0.029263890679386288,0.0193373726956298,3.2021490963298906,2.115957552640907,LINK
2320,2023-04-18 12:00:00+00:00,2023-04-19 00:00:00+00:00,1,12,-0.017165288044391477,False,0.02190869465473741,0.009864647855012652,1.622483031846539,0.7305420981089126,LINK
2321,2023-04-19 22:00:00+00:00,2023-04-20 00:00:00+00:00,-1,2,0.01646651961852135,False,0.0031681662653656514,0.03535673552148016,0.19416221877274611,2.1668503615038155,LINK
2322,2023-04-26 20:00:00+00:00,2023-04-27 00:00:00+00:00,-1,4,-0.018474152514561144,False,0.022086602731764042,0.027753560011624507,1.468903190794248,1.8457928252743478,LINK
2323,2023-05-01 20:00:00+00:00,2023-05-02 00:00:00+00:00,-1,4,-0.013015234214562698,False,0.013503596066343833,0.002348451489798916,1.4644054572670004,0.2546792099594771,LINK
2324,2023-05-05 20:00:00+00:00,2023-05-06 00:00:00+00:00,1,4,-0.004914634265988326,False,0.004415620256657931,0.004001655857596235,0.5293959238182272,0.4797650559602666,LINK
2325,2023-05-06 15:00:00+00:00,2023-05-07 00:00:00+00:00,-1,9,-0.0019148144156533775,False,0.012006364819904554,0.009113264863301116,1.5304089748804084,1.1616357279212826,LINK
2326,2023-05-08 08:00:00+00:00,2023-05-09 00:00:00+00:00,-1,16,0.005257388518166456,False,0.019921521279806773,0.04165408994868709,1.920032391276174,4.014613181759293,LINK
2327,2023-05-18 18:00:00+00:00,2023-05-19 00:00:00+00:00,-1,6,-0.002345371082047724,False,0.005825540395523572,0.015330369461903979,0.7093752801442637,1.866777053011201,LINK
2328,2023-05-24 05:00:00+00:00,2023-05-25 00:00:00+00:00,-1,19,0.004698456847708197,False,0.002831969792322183,0.026274386406544968,0.42032708536714947,3.8997012920174825,LINK
2329,2023-05-28 23:00:00+00:00,2023-05-29 00:00:00+00:00,1,1,-0.003205117399157152,False,0.0036122817579771252,0.0009030704394943147,0.6270676154800356,0.15676690387001468,LINK
2330,2023-06-05 16:00:00+00:00,2023-06-06 00:00:00+00:00,-1,8,0.002963589728792514,False,0.013491280026324423,0.025337282000658094,1.4940587881942884,2.805915285145374,LINK
2331,2023-06-07 22:00:00+00:00,2023-06-08 00:00:00+00:00,-1,2,-0.014580906909666468,False,0.013703323055841054,0.0013703323055841053,1.4853706715647756,0.14853706715647755,LINK
2332,2023-06-10 05:00:00+00:00,2023-06-11 00:00:00+00:00,-1,19,-0.02108169071377497,False,0.02862149532710285,0.0457554517133957,1.1173499753956377,1.7862397565848627,LINK
2333,2023-06-21 17:00:00+00:00,2023-06-22 00:00:00+00:00,1,7,0.009760020931532533,False,0.008016032064128183,0.01767170705046464,0.718218307708281,1.5833449056296407,LINK
2334,2023-06-23 17:00:00+00:00,2023-06-24 00:00:00+00:00,1,7,-0.00016435490281959536,False,0.009900990099009837,0.015346534653465343,0.6837206884001285,1.0597670670202057,LINK
2335,2023-06-28 08:00:00+00:00,2023-06-29 00:00:00+00:00,-1,16,0.024926262930459367,False,0.01575330987095698,0.04658957600134064,1.3244684543627032,3.917045003327976,LINK
2336,2023-06-30 13:00:00+00:00,2023-07-01 00:00:00+00:00,1,11,0.006761751817306448,False,0.09121352256418436,0.02838462765109232,6.804196522992884,2.1173898270851974,LINK
2337,2023-07-13 11:00:00+00:00,2023-07-14 00:00:00+00:00,1,13,0.10458090958382629,False,0.003584229390680955,0.11827956989247318,0.477142055975353,15.74568784718687,LINK
2338,2023-07-20 09:00:00+00:00,2023-07-21 00:00:00+00:00,1,15,0.08793552842805989,False,0.007570813209763717,0.1069051037723536,0.5090680380957207,7.188391779317188,LINK
2339,2023-08-07 23:00:00+00:00,2023-08-08 00:00:00+00:00,1,1,-0.0015634812286690822,False,0.007098976109215084,0.009692832764505083,0.7777125511631006,1.061876752549604,LINK
2340,2023-08-09 13:00:00+00:00,2023-08-10 00:00:00+00:00,1,11,-0.020755338152804687,False,0.028494761052900573,0.0037055967288526456,2.580580928537685,0.33559124182778016,LINK
2341,2023-08-15 18:00:00+00:00,2023-08-16 00:00:00+00:00,-1,6,0.0223945857625512,False,0.0005547850208045004,0.06560332871012481,0.07759075458204492,9.175106729325782,LINK
2342,2023-08-17 22:00:00+00:00,2023-08-18 00:00:00+00:00,-1,2,-0.02250202904966419,False,0.04174917491749177,0.011221122112211159,1.7394764378740604,0.4675272639345272,LINK
2343,2023-08-22 18:00:00+00:00,2023-08-23 00:00:00+00:00,-1,6,-0.01964023307922596,False,0.02281812125249841,0.0278147901399067,2.331956055788138,2.8426033672745787,LINK
2344,2023-08-23 17:00:00+00:00,2023-08-24 00:00:00+00:00,1,7,-0.008680480109681886,False,0.02017832003754099,0.00703894885030501,1.9875400232859668,0.6933279150997572,LINK
2345,2023-08-29 15:00:00+00:00,2023-08-30 00:00:00+00:00,1,9,-0.01090079108479154,False,0.013919999999999958,0.0064000000000000055,1.3753069154818391,0.6323250186123422,LINK
2346,2023-08-30 15:00:00+00:00,2023-08-31 00:00:00+00:00,-1,9,-0.0030893532607343074,False,0.00862652232746958,0.0052435723951285,0.891776485838168,0.5420602168820167,LINK
2347,2023-09-18 04:00:00+00:00,2023-09-19 00:00:00+00:00,1,20,-0.009964359869860905,False,0.017525305937452735,0.033237649191720904,1.609088733717,3.0517200122219146,LINK
2348,2023-09-25 16:00:00+00:00,2023-09-26 00:00:00+00:00,1,8,0.011750139070625765,False,0.0023013401922295194,0.01692161906051171,0.21968234702742884,1.6153113752017338,LINK
2349,2023-10-02 19:00:00+00:00,2023-10-03 00:00:00+00:00,-1,5,0.006958690263290684,False,0.010359941559304064,0.024438836498871054,0.6316172810711267,1.4899689707318842,LINK
2350,2023-10-09 16:00:00+00:00,2023-10-10 00:00:00+00:00,-1,8,0.005785033507818276,False,0.004502660663119166,0.02810751807886472,0.40926951603764655,2.554833948598608,LINK
2351,2023-10-21 10:00:00+00:00,2023-10-22 00:00:00+00:00,1,14,0.12232461576381151,False,0.004690669371196745,0.16315922920892506,0.5297957377132422,18.42830039018769,LINK
2352,2023-11-02 16:00:00+00:00,2023-11-03 00:00:00+00:00,-1,8,-0.012318695125406343,False,0.02147577092511013,0.008351688693098483,1.0911603960678704,0.4243401540263991,LINK
2353,2023-11-05 04:00:00+00:00,2023-11-06 00:00:00+00:00,1,20,-0.015298767354202488,False,0.05906051083716048,0.013616952703247158,4.006814392287665,0.9238085024510483,LINK
2354,2023-11-08 20:00:00+00:00,2023-11-09 00:00:00+00:00,1,4,0.0284593391629349,False,0.00034537542308494726,0.03564274366236099,0.018527455618137206,1.9120334197914608,LINK
2355,2023-11-27 16:00:00+00:00,2023-11-28 00:00:00+00:00,-1,8,-0.008459854263024145,False,0.015334374556296982,0.015547351980690006,1.0195668776620503,1.0337275287406906,LINK
2356,2023-12-02 18:00:00+00:00,2023-12-03 00:00:00+00:00,1,6,0.005048365594980265,False,0.001635940351097955,0.019945888126848308,0.1458871240370646,1.778700704605764,LINK
2357,2023-12-08 14:00:00+00:00,2023-12-09 00:00:00+00:00,1,10,-0.0096370837008287,False,0.03051601944590879,0.003924324957535299,1.6986254823548006,0.21844128084025285,LINK
2358,2023-12-11 15:00:00+00:00,2023-12-12 00:00:00+00:00,-1,9,-0.01012249053788854,False,0.01741208603618988,0.029634687606691655,0.8331138621833255,1.417927122304163,LINK
2359,2023-12-21 12:00:00+00:00,2023-12-22 00:00:00+00:00,1,12,0.01260673836582697,False,0.03186274509803921,0.0153683094859565,2.7215589740548807,1.3126854095233484,LINK
2360,2023-12-26 18:00:00+00:00,2023-12-27 00:00:00+00:00,-1,6,-0.025356455809685992,False,0.025150837231374176,0.005287777099857597,1.4303616576590397,0.3007229361116014,LINK
2361,2023-12-27 16:00:00+00:00,2023-12-28 00:00:00+00:00,1,8,0.03289951436836082,False,0.0012377003527445742,0.03713101058233811,0.08487820514510203,2.546346154353121,LINK
2362,2024-01-03 13:00:00+00:00,2024-01-04 00:00:00+00:00,-1,11,-0.019632565202523804,False,0.029056386651323353,0.029056386651323353,1.046309939814815,1.046309939814815,LINK
2363,2024-01-08 20:00:00+00:00,2024-01-09 00:00:00+00:00,1,4,-0.018367765225915496,False,0.02023362536503966,0.001112501738283967,1.1424682360904899,0.06281612294655611,LINK
2364,2024-01-10 23:00:00+00:00,2024-01-11 00:00:00+00:00,1,1,-0.0005047015074041913,False,0.007238196427385616,0.02025366890231765,0.3370676487929741,0.9431709438702532,LINK
2365,2024-01-18 20:00:00+00:00,2024-01-19 00:00:00+00:00,-1,4,-0.024411761642732562,False,0.026670390281365614,0.005585422048453541,1.5535935314088385,0.3253599018657259,LINK
2366,2024-02-01 16:00:00+00:00,2024-02-02 00:00:00+00:00,1,8,0.02789489492712896,False,0.013477896250149628,0.04157182221157318,0.7294639488086608,2.24999102432541,LINK
2367,2024-02-11 06:00:00+00:00,2024-02-12 00:00:00+00:00,1,18,-0.0026056378173759808,False,0.01194666137907102,0.02562831507460482,0.8785321814808655,1.8846520241726588,LINK
2368,2024-02-20 16:00:00+00:00,2024-02-21 00:00:00+00:00,-1,8,-0.017803326286431272,False,0.02743838213608599,0.02001263956182847,1.7703443690381078,1.291230058031628,LINK
2369,2024-02-28 17:00:00+00:00,2024-02-28 19:00:00+00:00,1,2,-0.05764275302139994,False,0.11182187840920356,0.008281265496379949,6.5711444634224945,0.48664351458605065,LINK
2370,2024-03-05 20:00:00+00:00,2024-03-06 00:00:00+00:00,-1,4,-0.06968236190185266,False,0.07364625007043436,0.008395785203132975,2.0400184187099346,0.23256522141375854,LINK
2371,2024-03-15 05:00:00+00:00,2024-03-16 00:00:00+00:00,-1,19,-0.023782168873137936,False,0.03288653366583536,0.042082294264339265,1.1571452295623261,1.4807071657906605,LINK
2372,2024-03-25 17:00:00+00:00,2024-03-26 00:00:00+00:00,1,7,-0.0038485926024448835,False,0.011783472265102539,0.003962128228877131,1.1791219811767828,0.3964733299153233,LINK
2373,2024-04-01 06:00:00+00:00,2024-04-02 00:00:00+00:00,-1,18,-0.001580505272153826,False,0.01790183915551206,0.02775057133529228,1.7422831566906034,2.700803677544707,LINK
2374,2024-04-12 18:00:00+00:00,2024-04-13 00:00:00+00:00,-1,6,0.05308096377226473,False,0.0029778522240834927,0.2098765432098765,0.18306368846534107,12.902176209963025,LINK
2375,2024-04-20 18:00:00+00:00,2024-04-21 00:00:00+00:00,1,6,0.0024275547948312895,False,0.006516189708450863,0.009337632674996717,0.48834166262285744,0.6997885680884336,LINK
2376,2024-04-30 12:00:00+00:00,2024-05-01 00:00:00+00:00,-1,12,0.003103718379210295,False,0.007582075972401217,0.03214800212298123,0.5570930269205557,2.3620744341431616,LINK
2377,2024-05-15 15:00:00+00:00,2024-05-16 00:00:00+00:00,1,9,0.018657973204141583,False,0.003092100419642186,0.025914746374144173,0.26021662322973255,2.1808631280206274,LINK
2378,2024-05-16 20:00:00+00:00,2024-05-17 00:00:00+00:00,1,4,0.033949341036728115,False,0.022154010409715784,0.05838782864006406,1.4208110943261865,3.744607552817501,LINK
2379,2024-05-27 18:00:00+00:00,2024-05-28 00:00:00+00:00,1,6,0.007858712283366119,False,0.0056390977443609245,0.014178302900107376,0.4684296750798511,1.1777660402007608,LINK
2380,2024-06-07 19:00:00+00:00,2024-06-08 00:00:00+00:00,-1,5,-0.009652766495310494,False,0.014455151964418197,0.00784531751914992,0.7941938889169858,0.4310368542412631,LINK
2381,2024-06-12 17:00:00+00:00,2024-06-13 00:00:00+00:00,1,7,-0.012093857371478355,False,0.03596366557498603,0.003089661990978231,2.8955059518213337,0.2487548068575069,LINK
2382,2024-06-17 14:00:00+00:00,2024-06-18 00:00:00+00:00,-1,10,-0.026252439874856787,False,0.04716514862670333,0.011508861116995004,4.253210970229021,1.03783441339421,LINK
2383,2024-06-18 02:00:00+00:00,2024-06-19 00:00:00+00:00,-1,22,-0.041107815925193095,False,0.040240999702469395,0.02409997024695043,1.8140831811786948,1.0864379865099845,LINK
2384,2024-06-30 23:00:00+00:00,2024-07-01 00:00:00+00:00,1,1,-0.004493686269031981,False,0.0071937421427573514,0.00209526470177407,0.7894109791505376,0.2299255279079328,LINK
2385,2024-07-15 22:00:00+00:00,2024-07-16 00:00:00+00:00,1,2,0.001091728997393883,False,0.0013945056477479676,0.011156045181982996,0.14374401126456496,1.1499520901164428,LINK
2386,2024-07-21 23:00:00+00:00,2024-07-22 00:00:00+00:00,1,1,-0.009322622760653926,False,0.012396140444920847,0.005494505494505544,0.8346091215448348,0.3699348538739327,LINK
2387,2024-08-02 19:00:00+00:00,2024-08-03 00:00:00+00:00,-1,5,-0.005824277181183224,False,0.015930546190155093,0.008344571813890778,0.950728393469987,0.4980005870557084,LINK
2388,2024-08-05 06:00:00+00:00,2024-08-06 00:00:00+00:00,-1,18,-0.06803560545064877,False,0.09269819970926989,0.12065302471206528,2.580188471939605,3.358291147434054,LINK
2389,2024-08-20 06:00:00+00:00,2024-08-20 15:00:00+00:00,1,9,-0.035436330548954426,False,0.034049838310823546,0.002853338405935052,3.6266265735752046,0.30390725476888447,LINK
2390,2024-08-21 18:00:00+00:00,2024-08-22 00:00:00+00:00,1,6,0.04608353958458791,False,0.0,0.06659807314563648,0.0,5.971874658966566,LINK
2391,2024-08-27 23:00:00+00:00,2024-08-28 00:00:00+00:00,-1,1,-0.008829384253704475,False,0.013552584026020994,0.003975424647632859,0.8751592574186431,0.2567133821761375,LINK
2392,2024-09-01 23:00:00+00:00,2024-09-02 00:00:00+00:00,-1,1,-0.011150726050092662,False,0.012084592145015161,0.0019491277653249756,0.9053875345439603,0.1460302475070866,LINK
2393,2024-09-06 21:00:00+00:00,2024-09-07 00:00:00+00:00,-1,3,-0.024544541871757964,False,0.024909129784049664,0.008338678640153882,1.685630900114378,0.5642884558322754,LINK
2394,2024-09-13 16:00:00+00:00,2024-09-14 00:00:00+00:00,1,8,0.010882711048269678,False,0.004337050805452247,0.02257036643653751,0.3996954017960765,2.0800474991428755,LINK
2395,2024-09-24 20:00:00+00:00,2024-09-25 00:00:00+00:00,1,4,0.023716476866797714,False,0.002194648434202735,0.0320756309614249,0.20439796279420225,2.9873548408383694,LINK
2396,2024-10-14 23:00:00+00:00,2024-10-15 00:00:00+00:00,1,1,-0.005585552808195026,False,0.007329565524549646,0.0018544683857294945,0.811988955142007,0.20544298865039462,LINK
2397,2024-10-20 15:00:00+00:00,2024-10-21 00:00:00+00:00,1,9,0.005546953691551583,False,0.011354079058031942,0.012783851976450735,1.3892669104049473,1.5642116324559354,LINK
2398,2024-10-23 16:00:00+00:00,2024-10-24 00:00:00+00:00,-1,8,-0.0021094264951892466,False,0.002651113467656359,0.02836691410392378,0.2435116032070252,2.6055741543152373,LINK
2399,2024-11-06 04:00:00+00:00,2024-11-07 00:00:00+00:00,1,20,0.03899420206258332,False,0.012316113581936378,0.05362641122134799,0.818217323765681,3.562654597229737,LINK
2400,2024-11-18 16:00:00+00:00,2024-11-19 00:00:00+00:00,1,8,0.0063541352356366945,False,0.025311449475973805,0.05615977852481711,1.2804836147221939,2.841073020164879,LINK
2401,2024-11-27 23:00:00+00:00,2024-11-28 00:00:00+00:00,1,1,-0.005720881832488642,False,0.008268871699119825,0.014297145905574855,0.4221154894802163,0.7298512979399835,LINK
2402,2024-12-02 10:00:00+00:00,2024-12-03 00:00:00+00:00,1,14,0.19990601015525347,False,0.06355544864084683,0.29506855905701224,2.3166157772737384,10.755340319469962,LINK
2403,2024-12-09 21:00:00+00:00,2024-12-10 00:00:00+00:00,-1,3,0.0046220712867294685,False,0.01835886898646526,0.13883057131370888,0.5709744487764735,4.317733787827955,LINK
2404,2024-12-12 07:00:00+00:00,2024-12-13 00:00:00+00:00,1,17,0.009827033123763776,False,0.07419466574298578,0.017388292344994765,2.8733487678491603,0.6733991976938728,LINK
2405,2024-12-18 21:00:00+00:00,2024-12-19 00:00:00+00:00,-1,3,0.025479150901559226,False,0.01546472476705033,0.03206483439041589,0.5262983653415673,1.0912363575056847,LINK
2406,2024-12-23 23:00:00+00:00,2024-12-24 00:00:00+00:00,1,1,-0.011984746309590975,False,0.018875534403484714,0.0033879164313946773,0.7228324662838891,0.12973916061505644,LINK
2407,2025-01-01 21:00:00+00:00,2025-01-02 00:00:00+00:00,1,3,-0.00538905332813807,False,0.01614456726138606,0.001972205659771557,1.1106020796934155,0.13567014041709094,LINK
2408,2025-01-07 16:00:00+00:00,2025-01-08 00:00:00+00:00,-1,8,0.028783591291243697,False,0.0067141496166583355,0.0401941659483736,0.3884975430500447,2.3257352915022977,LINK
2409,2025-01-13 09:00:00+00:00,2025-01-14 00:00:00+00:00,-1,15,-0.03358138968849466,False,0.04177990940580863,0.0547828403943513,2.664231890391968,3.4934061011772357,LINK
2410,2025-01-27 05:00:00+00:00,2025-01-28 00:00:00+00:00,-1,19,-0.0310589181572911,False,0.03659831019403041,0.05897337918736464,2.025394604782149,3.2636578956408466,LINK
2411,2025-02-02 19:00:00+00:00,2025-02-03 00:00:00+00:00,-1,5,-0.0020643177480085583,False,0.03135240890193192,0.05805820494008321,1.2597857905036824,2.3328638585458297,LINK
2412,2025-02-14 18:00:00+00:00,2025-02-15 00:00:00+00:00,1,6,-0.018312754224564316,False,0.030150753768844282,0.006395614435815503,1.9628125440755109,0.41635417601602065,LINK
2413,2025-02-17 15:00:00+00:00,2025-02-18 00:00:00+00:00,1,9,-0.02975061823794513,False,0.04873829873829866,0.006461131461131586,3.6589363276087794,0.485057321092197,LINK
2414,2025-02-18 07:00:00+00:00,2025-02-19 00:00:00+00:00,-1,17,0.01280620001373663,False,0.013231159380340812,0.04774243343072935,0.8157420000239773,2.9434690500864926,LINK
2415,2025-02-24 15:00:00+00:00,2025-02-25 00:00:00+00:00,-1,9,0.05870636251461513,False,0.016954377311960676,0.07891491985203448,1.1364631954330122,5.289719600560885,LINK
2416,2025-03-02 17:00:00+00:00,2025-03-03 00:00:00+00:00,1,7,0.047840325727428176,False,0.014112538447620664,0.05735480369097163,0.684923092258309,2.7835976954600734,LINK
2417,2025-03-03 22:00:00+00:00,2025-03-04 00:00:00+00:00,-1,2,-0.005104654442204714,False,0.022848808945065673,0.0010417390096533643,0.7357812882288831,0.033546259341739625,LINK
2418,2025-03-14 17:00:00+00:00,2025-03-15 00:00:00+00:00,1,7,-0.06134045051991695,False,0.0630382363072684,0.011505339304168088,3.2750266115254254,0.5977370974040928,LINK
2419,2025-03-19 16:00:00+00:00,2025-03-20 00:00:00+00:00,1,8,0.026108089987539662,False,0.02854600219058049,0.029299014238773208,2.0349378842676544,2.0886173008790276,LINK
2420,2025-03-28 08:00:00+00:00,2025-03-29 00:00:00+00:00,-1,16,0.0137928319566838,False,0.0030403537866224768,0.03323659480375898,0.19575151210395944,2.139919939136442,LINK
2421,2025-04-02 23:00:00+00:00,2025-04-03 00:00:00+00:00,-1,1,-0.0022446388064566412,False,0.010631693310569646,0.006673909669408546,0.45625074755870443,0.2864055787594728,LINK
2422,2025-04-06 19:00:00+00:00,2025-04-07 00:00:00+00:00,-1,5,0.01989014531460093,False,0.01205550737207295,0.046140503035559416,0.755443168153268,2.8913364421405423,LINK
2423,2025-04-22 22:00:00+00:00,2025-04-23 00:00:00+00:00,1,2,0.0034084867133004422,False,0.008820600369896184,0.007255655142979109,0.6939117619892783,0.5707983848621475,LINK
2424,2020-01-14 14:00:00+00:00,2020-01-15 00:00:00+00:00,1,10,0.04619591596058588,False,0.026692941597993586,0.09656037262629882,1.6864831740826771,6.100767992151421,LTC
2425,2020-01-23 18:00:00+00:00,2020-01-24 00:00:00+00:00,-1,6,-0.020703263881053927,False,0.025444340505144984,0.01739943872778297,1.5734245140315442,1.0759447044480412,LTC
2426,2020-01-30 16:00:00+00:00,2020-01-31 00:00:00+00:00,1,8,0.030296898517272942,False,0.005156984680722029,0.06628242074927938,0.29021314162469575,3.730092437940897,LTC
2427,2020-02-05 16:00:00+00:00,2020-02-06 00:00:00+00:00,1,8,0.006749699156774636,False,0.0054114055779101765,0.020396836409046944,0.4852890837366429,1.8291665463920421,LTC
2428,2020-02-12 19:00:00+00:00,2020-02-13 00:00:00+00:00,1,5,-0.014392080411586527,False,0.01991257892180671,0.008984944147644426,1.4793207286670296,0.6674983775692646,LTC
2429,2020-02-15 18:00:00+00:00,2020-02-16 00:00:00+00:00,-1,6,-0.015658655225876887,False,0.028144820295983024,0.011495771670190334,1.3826571380173738,0.5647472817254103,LTC
2430,2020-02-16 17:00:00+00:00,2020-02-17 00:00:00+00:00,-1,7,-0.07471917256451006,False,0.09097431482278667,0.007892093557181765,2.959934501296319,0.2567766523206572,LTC
2431,2020-02-26 15:00:00+00:00,2020-02-27 00:00:00+00:00,-1,9,0.05067864315285523,False,0.001408891671884726,0.1014402003757045,0.04748667287628159,3.4190404470924167,LTC
2432,2020-03-08 15:00:00+00:00,2020-03-09 00:00:00+00:00,-1,9,0.10289474538630516,False,0.0026450361488273423,0.11338388291306647,0.18313141523897492,7.850233333244132,LTC
2433,2020-03-12 11:00:00+00:00,2020-03-13 00:00:00+00:00,-1,13,0.11941669225725218,False,0.16558441558441556,0.16410861865407325,3.01440721510457,2.9875408406383985,LTC
2434,2020-03-19 18:00:00+00:00,2020-03-20 00:00:00+00:00,1,6,-0.028907990651094458,False,0.045942571785268324,0.019975031210986375,1.7092463568262382,0.7431505899244568,LTC
2435,2020-04-02 17:00:00+00:00,2020-04-03 00:00:00+00:00,1,7,-0.03441383983478813,False,0.05136903319602627,0.045795977707777887,4.200753474140551,3.7450113519460357,LTC
2436,2020-04-06 13:00:00+00:00,2020-04-07 00:00:00+00:00,1,11,0.05063544226870486,False,0.011212333566923709,0.05419294557346415,1.1270542530295933,5.44742888964299,LTC
2437,2020-04-10 16:00:00+00:00,2020-04-11 00:00:00+00:00,-1,8,-0.03212714277155411,False,0.040692007797270995,0.004385964912280695,2.2261988055615753,0.23994957185693563,LTC
2438,2020-04-16 09:00:00+00:00,2020-04-17 00:00:00+00:00,1,15,-0.006324135631134497,False,0.021281571562207592,0.012160898035547315,1.1988780252839923,0.6850731573051453,LTC
2439,2020-04-29 16:00:00+00:00,2020-04-30 00:00:00+00:00,1,8,0.024136300726232577,False,0.0031519226728305458,0.0540029417944945,0.27925420301566267,4.784555345001493,LTC
2440,2020-05-10 01:00:00+00:00,2020-05-11 00:00:00+00:00,-1,23,0.00988926068265632,False,0.01736681530157245,0.06688570758038023,0.6813577711263118,2.62414817258106,LTC
2441,2020-05-18 04:00:00+00:00,2020-05-19 00:00:00+00:00,1,20,-0.008337448491505927,False,0.024523757389971635,0.020582439238011774,2.78188547872388,2.3347967410718127,LTC
2442,2020-05-21 19:00:00+00:00,2020-05-22 00:00:00+00:00,-1,5,-0.02364517931449412,False,0.029186602870813542,0.0031100478468898437,2.2039718475549264,0.2348494591656795,LTC
2443,2020-05-30 12:00:00+00:00,2020-05-31 00:00:00+00:00,1,12,0.017728082806054195,False,0.011307872839769448,0.029869852784297116,1.3241898390472395,3.497859952200309,LTC
2444,2020-06-11 14:00:00+00:00,2020-06-12 00:00:00+00:00,-1,10,0.04449577861055447,False,0.002860915492957803,0.0787852112676056,0.3888477921662879,10.708269968886789,LTC
2445,2020-06-22 17:00:00+00:00,2020-06-23 00:00:00+00:00,1,7,-0.0011347063098686258,False,0.0018050541516245102,0.008574007220216664,0.3099106327169939,1.4720755054057622,LTC
2446,2020-06-24 15:00:00+00:00,2020-06-25 00:00:00+00:00,-1,9,-0.0011926266479012724,False,0.0032809936723693593,0.014061401453011517,0.3647861929174463,1.5633693982176244,LTC
2447,2020-06-27 20:00:00+00:00,2020-06-28 00:00:00+00:00,-1,4,-0.028320426805394656,False,0.03425856464116023,0.006751687921980573,2.6155014571170776,0.5154637908187011,LTC
2448,2020-07-02 16:00:00+00:00,2020-07-03 00:00:00+00:00,-1,8,-0.008718447400113027,False,0.015460122699386566,0.011779141104294401,2.1915420512391535,1.669746324753623,LTC
2449,2020-07-06 13:00:00+00:00,2020-07-07 00:00:00+00:00,1,11,0.018946136487508695,False,0.00486111111111113,0.027314814814814806,0.6692868141268643,3.7607544793795076,LTC
2450,2020-07-13 20:00:00+00:00,2020-07-14 00:00:00+00:00,-1,4,-0.01239244221551301,False,0.014949402023919174,0.005979760809567572,1.4239003210486745,0.5695601284194605,LTC
2451,2020-07-16 10:00:00+00:00,2020-07-17 00:00:00+00:00,-1,14,-0.01630655142480215,False,0.018790652854733827,0.006263550951577886,1.7657007358491992,0.5885669119497278,LTC
2452,2020-07-21 08:00:00+00:00,2020-07-22 00:00:00+00:00,1,16,0.0084237861305775,False,0.0013840830449827514,0.017993079584775112,0.19840869333526528,2.579313013358355,LTC
2453,2020-07-25 03:00:00+00:00,2020-07-26 00:00:00+00:00,1,21,0.05072307493832153,False,0.0004290004290003437,0.0652080652080652,0.04236571095820218,6.43958806564801,LTC
2454,2020-07-27 21:00:00+00:00,2020-07-28 00:00:00+00:00,1,3,-0.024541715200398904,False,0.042284459088413,0.026908292147171862,2.040603933256224,1.2985661393448673,LTC
2455,2020-08-02 13:00:00+00:00,2020-08-03 00:00:00+00:00,-1,11,-0.02283729205505364,False,0.04727664928995138,0.001617832104979389,1.2827860076420037,0.04389762003337829,LTC
2456,2020-08-11 16:00:00+00:00,2020-08-12 00:00:00+00:00,-1,8,0.014283620650084594,False,0.01471924404870075,0.04906414682900241,0.8535331948437392,2.845110649479126,LTC
2457,2020-08-25 17:00:00+00:00,2020-08-26 00:00:00+00:00,-1,7,-0.0142419392160547,False,0.021697621940635306,0.01666377365040793,1.395399107999567,1.0716665149436682,LTC
2458,2020-08-30 13:00:00+00:00,2020-08-31 00:00:00+00:00,1,11,0.025989957219555618,False,0.007184846505552006,0.029882429784454576,0.6471938745212077,2.6917381599404453,LTC
2459,2020-09-03 17:00:00+00:00,2020-09-04 00:00:00+00:00,-1,7,0.09800878780690309,False,0.02322482391014656,0.14182371977917385,1.0389516055354036,6.344417591179317,LTC
2460,2020-09-12 20:00:00+00:00,2020-09-13 00:00:00+00:00,1,4,-0.0062772120795326364,False,0.010371819960861079,0.005283757338551781,1.1156192664348454,0.5683343432781192,LTC
2461,2020-09-13 17:00:00+00:00,2020-09-14 00:00:00+00:00,-1,7,-0.013731867120439677,False,0.013442554085276214,0.005250997689561016,1.0763814602473631,0.42046150790912584,LTC
2462,2020-09-20 13:00:00+00:00,2020-09-21 00:00:00+00:00,-1,11,-0.004466145151349398,False,0.005323679727427598,0.01682282793867119,0.7381944450358531,2.3326944463132935,LTC
2463,2020-09-21 12:00:00+00:00,2020-09-22 00:00:00+00:00,-1,12,0.039156289269506594,False,0.0,0.07694018234378476,0.0,6.987929324380852,LTC
2464,2020-10-01 10:00:00+00:00,2020-10-01 17:00:00+00:00,1,7,-0.044415456843609785,False,0.05603177921806397,0.01400794480451603,7.138398518379734,1.7845996295949382,LTC
2465,2020-10-10 04:00:00+00:00,2020-10-11 00:00:00+00:00,1,20,-0.022884396220976787,False,0.031212484993997505,0.016206482593037263,3.2648825294067807,1.6952274671919925,LTC
2466,2020-10-16 05:00:00+00:00,2020-10-17 00:00:00+00:00,-1,19,-0.01428272090281828,False,0.017241379310344876,0.020647083865474647,1.2422409149919424,1.4876218364718266,LTC
2467,2020-10-21 04:00:00+00:00,2020-10-22 00:00:00+00:00,1,20,0.07534577990505278,False,0.012810085400569389,0.11956079707198053,1.312669669034056,12.251583577651145,LTC
2468,2020-11-05 15:00:00+00:00,2020-11-06 00:00:00+00:00,1,9,-8.883083738241778e-05,False,0.02055027173913045,0.015624999999999908,1.3289971299235426,1.0104771566360753,LTC
2469,2020-11-13 09:00:00+00:00,2020-11-14 00:00:00+00:00,1,15,0.03479280612366696,False,0.016959798994974847,0.04773869346733667,1.0088681860360662,2.8397771162496714,LTC
2470,2020-11-16 08:00:00+00:00,2020-11-17 00:00:00+00:00,1,16,0.07802710362910001,False,0.023572474377745234,0.09267935578330891,1.6366505184751734,6.434781231023509,LTC
2471,2020-11-26 14:00:00+00:00,2020-11-27 00:00:00+00:00,-1,10,0.018575290136889806,False,0.008934707903780146,0.11408934707903776,0.23536638086071443,3.0054476325290955,LTC
2472,2020-12-04 23:00:00+00:00,2020-12-05 00:00:00+00:00,-1,1,-0.013201857033833642,False,0.03268888323581777,0.0013991350801322746,1.4158234992078385,0.06059944938243652,LTC
2473,2020-12-08 23:00:00+00:00,2020-12-09 00:00:00+00:00,-1,1,-0.011635579834144927,False,0.01790180334342503,0.007766223509280024,0.9902438157629317,0.429591067132451,LTC
2474,2020-12-13 17:00:00+00:00,2020-12-14 00:00:00+00:00,1,7,-0.00975820527151091,False,0.02579245510425456,0.003977341207665401,1.7691721958316822,0.27281627318899626,LTC
2475,2020-12-16 17:00:00+00:00,2020-12-17 00:00:00+00:00,1,7,0.03177109892884263,False,0.016444444444444487,0.038333333333333365,0.8721827243563705,2.033128647992887,LTC
2476,2020-12-17 16:00:00+00:00,2020-12-18 00:00:00+00:00,1,8,-0.05197379024773001,False,0.08945836853468507,0.03257298413592414,3.471513481380704,1.264024321132323,LTC
2477,2021-01-02 17:00:00+00:00,2021-01-03 00:00:00+00:00,1,7,-0.027764156965505445,False,0.06097387847813745,0.0072402044293016065,2.773346763482579,0.3293147495637087,LTC
2478,2021-01-03 11:00:00+00:00,2021-01-04 00:00:00+00:00,1,13,0.06776581458092513,False,0.019600026576307147,0.10285030894957159,0.7635901211583598,4.006906805264905,LTC
2479,2021-01-11 04:00:00+00:00,2021-01-12 00:00:00+00:00,-1,20,0.02024014575325295,False,0.041045296167247294,0.21567944250871082,0.7870378245415255,4.135623203660487,LTC
2480,2021-01-21 15:00:00+00:00,2021-01-22 00:00:00+00:00,-1,9,0.014907476461328862,False,0.03226295062102408,0.04824295667979393,1.1041532929460673,1.651046121142349,LTC
2481,2021-01-27 12:00:00+00:00,2021-01-28 00:00:00+00:00,-1,12,0.00996686942336995,False,0.028615186200225674,0.04763823956150247,1.3751403213121791,2.2893181123816846,LTC
2482,2021-02-02 15:00:00+00:00,2021-02-03 00:00:00+00:00,1,9,-0.01468339545947753,False,0.012987012987013017,0.019376345579554078,0.6988342342442645,1.042645729166571,LTC
2483,2021-02-03 18:00:00+00:00,2021-02-04 00:00:00+00:00,1,6,-0.0018987052150800194,False,0.02385215500703408,0.00517969049750609,1.1379051148649038,0.24710540027897512,LTC
2484,2021-02-08 16:00:00+00:00,2021-02-09 00:00:00+00:00,1,8,0.01730053955926463,False,0.02162687564546505,0.03274406172164501,1.0831084153134216,1.6398748198144169,LTC
2485,2021-02-13 20:00:00+00:00,2021-02-14 00:00:00+00:00,1,4,0.01543783210176102,False,0.0171243651400063,0.032271113308463203,0.6002313088141843,1.1311445662167527,LTC
2486,2021-02-22 12:00:00+00:00,2021-02-23 00:00:00+00:00,-1,12,-0.0008915589225139888,False,0.008045591686221957,0.17149561802595661,0.3066414981782764,6.5362095534309725,LTC
2487,2021-02-23 20:00:00+00:00,2021-02-24 00:00:00+00:00,-1,4,-0.092511812748103,False,0.09605911330049258,0.01071428571428577,1.522706381022973,0.1698403271141018,LTC
2488,2021-03-12 22:00:00+00:00,2021-03-13 00:00:00+00:00,1,2,-0.00980812864352152,False,0.026108020814641995,0.006953167055445951,1.1442962258922573,0.3047524312943323,LTC
2489,2021-03-22 21:00:00+00:00,2021-03-23 00:00:00+00:00,-1,3,0.002015434423077036,False,0.012718003756372442,0.010625167695197155,0.8186083189198448,0.6839006208697389,LTC
2490,2021-03-29 10:00:00+00:00,2021-03-30 00:00:00+00:00,1,14,-0.012813320410348421,False,0.019176824603457904,0.009231396950068865,1.514347804868079,0.7289812571306471,LTC
2491,2021-04-05 22:00:00+00:00,2021-04-06 00:00:00+00:00,1,2,0.0020613220043413276,False,0.015337284531511626,0.022123693616251126,0.9450040310955093,1.363147407686433,LTC
2492,2021-04-06 21:00:00+00:00,2021-04-07 00:00:00+00:00,1,3,-0.026505627179696248,False,0.04008716388454897,0.0036181235095797855,1.4453902898541897,0.13045573898171078,LTC
2493,2021-04-10 18:00:00+00:00,2021-04-11 00:00:00+00:00,1,6,0.06287621494579693,False,0.02257504341354506,0.06640205077317457,1.325957430523729,3.900160500771256,LTC
2494,2021-04-18 05:00:00+00:00,2021-04-19 00:00:00+00:00,-1,19,-0.08899746015612131,False,0.10757256879641028,0.02136361831394204,1.722659845706771,0.34211553967893943,LTC
2495,2021-04-23 05:00:00+00:00,2021-04-24 00:00:00+00:00,-1,19,-0.0698602373431241,False,0.07128958075358219,0.039448080665133625,1.3022385308566056,0.7205935294814478,LTC
2496,2021-05-03 17:00:00+00:00,2021-05-04 00:00:00+00:00,1,7,0.010149354570726011,False,0.01659580304484973,0.029831298861610168,1.0425158049078094,1.8739436989045406,LTC
2497,2021-05-05 14:00:00+00:00,2021-05-06 00:00:00+00:00,1,10,0.024156328312666002,False,0.024829013161676083,0.03684119776998676,0.7455657385536542,1.1062676815113186,LTC
2498,2021-05-19 12:00:00+00:00,2021-05-20 00:00:00+00:00,-1,12,0.20316932325957815,False,0.011890017339608601,0.4649492197176121,0.23071305613804716,9.021841799398233,LTC
2499,2021-06-18 19:00:00+00:00,2021-06-19 00:00:00+00:00,-1,5,-0.025340712287910856,False,0.02562926061877292,0.002621919244887295,1.326932430554137,0.13574756322804676,LTC
2500,2021-06-21 11:00:00+00:00,2021-06-22 00:00:00+00:00,-1,13,0.048890683097269204,False,0.04867829664051181,0.05599146796678607,1.6991335553309421,1.9544024462726861,LTC
2501,2021-07-08 14:00:00+00:00,2021-07-09 00:00:00+00:00,-1,10,-0.024108853143834107,False,0.031046763703933035,0.0010065035614741054,2.0080757186931018,0.06509971157857723,LTC
2502,2021-07-14 04:00:00+00:00,2021-07-15 00:00:00+00:00,-1,20,-0.0520028799614945,False,0.06182838813151559,0.007618283881315179,3.647173530982772,0.4493923287203173,LTC
2503,2021-07-15 18:00:00+00:00,2021-07-16 00:00:00+00:00,-1,6,-0.02181129170840905,False,0.02652283234650009,0.0011355341065779913,1.8227480702817882,0.0780381436817895,LTC
2504,2021-07-26 02:00:00+00:00,2021-07-27 00:00:00+00:00,1,22,-0.04132031722841598,False,0.046107608855006546,0.029394516933001172,3.144144893347642,2.0044548525157584,LTC
2505,2021-08-09 16:00:00+00:00,2021-08-10 00:00:00+00:00,1,8,0.011736430882539197,False,0.011137484024100862,0.04071572028482744,0.6507405211801988,2.378936659396447,LTC
2506,2021-08-24 16:00:00+00:00,2021-08-25 00:00:00+00:00,-1,8,0.020355196127689816,False,0.002479152580572446,0.031496506648636485,0.1742388943585385,2.213625953327809,LTC
2507,2021-09-03 14:00:00+00:00,2021-09-04 00:00:00+00:00,1,10,0.0644237853671306,False,0.0037541295424967465,0.09105015517068775,0.2260235968609792,5.481825635868282,LTC
2508,2021-09-07 15:00:00+00:00,2021-09-08 00:00:00+00:00,-1,9,0.01680702370502913,False,0.04019133494611833,0.14449087310314493,1.2618048164829807,4.536283252691207,LTC
2509,2021-09-13 09:00:00+00:00,2021-09-13 14:00:00+00:00,-1,5,-0.2590816450916923,False,0.37309792078057835,0.0048786154024857906,20.303688105636144,0.2654903176951188,LTC
2510,2021-09-13 14:00:00+00:00,2021-09-13 15:00:00+00:00,1,1,-0.18011216814159298,False,0.19800884955752215,0.010047935103244738,5.846096506734001,0.2966594596061451,LTC
2511,2021-09-20 12:00:00+00:00,2021-09-21 00:00:00+00:00,-1,12,-0.0015808929285597289,False,0.034267912772585764,0.024349926886642406,1.4352221612619414,1.0198331869449346,LTC
2512,2021-10-01 12:00:00+00:00,2021-10-02 00:00:00+00:00,1,12,0.01418960039789854,False,0.00519845880985869,0.026848510794446914,0.38652848315815247,1.9963059306638897,LTC
2513,2021-10-11 08:00:00+00:00,2021-10-12 00:00:00+00:00,1,16,-0.03230656907076388,False,0.054010174261283635,0.004004762420175393,3.9896533390584277,0.2958259990885046,LTC
2514,2021-10-12 10:00:00+00:00,2021-10-13 00:00:00+00:00,-1,14,-0.02975285594310034,False,0.03286105488748667,0.0077985474461245525,1.773571530142611,0.42090193921862684,LTC
2515,2021-10-15 21:00:00+00:00,2021-10-16 00:00:00+00:00,1,3,-0.01666914556544636,False,0.02152824609638432,0.00010375058359693837,1.2990267694101574,0.006260369973055297,LTC
2516,2021-10-20 15:00:00+00:00,2021-10-21 00:00:00+00:00,1,9,0.041679678996378956,False,0.004632893544163641,0.05534293483734505,0.39908525326945476,4.767333623294809,LTC
2517,2021-10-27 09:00:00+00:00,2021-10-28 00:00:00+00:00,-1,15,0.025993628248231985,False,0.018446180555555587,0.029893663194444395,0.754823092338056,1.2232574231713749,LTC
2518,2021-11-08 13:00:00+00:00,2021-11-09 00:00:00+00:00,1,11,0.07986305834479192,False,0.01111741886649633,0.08903396726274952,1.1811437931828828,9.459202633064638,LTC
2519,2021-11-09 14:00:00+00:00,2021-11-10 00:00:00+00:00,1,10,0.016067996006124113,False,0.005970380708692023,0.06613941226641856,0.2706159582231983,2.9978624982387676,LTC
2520,2021-11-16 11:00:00+00:00,2021-11-17 00:00:00+00:00,-1,13,0.012660274758029832,False,0.03092122145239936,0.03729364468394491,1.0481946700679619,1.264212658781826,LTC
2521,2021-11-25 13:00:00+00:00,2021-11-26 00:00:00+00:00,1,11,-0.031642708130198045,False,0.03958242714223573,0.0003479773814701352,2.453735909438872,0.021571304698359436,LTC
2522,2021-11-26 09:00:00+00:00,2021-11-27 00:00:00+00:00,-1,15,0.004999144363269481,False,0.014664095798660372,0.03592449766592253,0.5975704992254752,1.463944337202904,LTC
2523,2021-12-03 20:00:00+00:00,2021-12-04 00:00:00+00:00,-1,4,0.005503163918862231,False,0.01072371896460645,0.05916534601162185,0.6234448423582574,3.4396956819765956,LTC
2524,2021-12-04 06:00:00+00:00,2021-12-05 00:00:00+00:00,-1,18,-0.06006877701350802,False,0.08262904693797951,0.04778312313093222,1.60771805539562,0.9297189384073793,LTC
2525,2021-12-13 21:00:00+00:00,2021-12-14 00:00:00+00:00,-1,3,0.0032401159838975524,False,0.010674195992011451,0.010949659114386084,0.5948991285405206,0.6102513641157679,LTC
2526,2021-12-23 19:00:00+00:00,2021-12-24 00:00:00+00:00,1,5,-0.001555677861037673,False,0.01087620677013321,0.009287547354271113,0.826587531013875,0.7058500264837627,LTC
2527,2021-12-28 05:00:00+00:00,2021-12-29 00:00:00+00:00,-1,19,0.015028910016932422,False,0.03553093758443677,0.025195893001891314,2.3195002191189014,1.6448166953067391,LTC
2528,2022-01-05 21:00:00+00:00,2022-01-06 00:00:00+00:00,-1,3,0.030201877172457862,False,0.01009811645061947,0.07254887918069179,0.708649244547796,5.091217622176728,LTC
2529,2022-01-12 20:00:00+00:00,2022-01-13 00:00:00+00:00,1,4,0.007847026974205518,False,0.005122367672168461,0.010600455321570924,0.43136055270971535,0.8926766993576123,LTC
2530,2022-01-18 15:00:00+00:00,2022-01-19 00:00:00+00:00,-1,9,-0.013481229876673665,False,0.028992769704345417,0.004724747655522919,1.5016584947125182,0.2447147176568529,LTC
2531,2022-02-01 21:00:00+00:00,2022-02-02 00:00:00+00:00,1,3,0.006637888701351114,False,0.0007888509071785732,0.023490227013761,0.058494499223291745,1.7418361990935056,LTC
2532,2022-02-04 22:00:00+00:00,2022-02-05 00:00:00+00:00,1,2,0.017012012990957275,False,0.006050928649466333,0.020085721489200778,0.4312001319304472,1.4313448823802368,LTC
2533,2022-02-17 19:00:00+00:00,2022-02-18 00:00:00+00:00,-1,5,0.022045296851742096,False,0.0,0.03670726585468283,0.0,2.368547166858177,LTC
2534,2022-02-24 06:00:00+00:00,2022-02-24 21:00:00+00:00,-1,15,-0.11089632199500177,False,0.14406421630756217,0.035487959442332205,5.97438703833287,1.4716965138415357,LTC
2535,2022-03-04 20:00:00+00:00,2022-03-05 00:00:00+00:00,-1,4,0.01505298997662923,False,0.0051651885781113065,0.036351232823311604,0.33553781066043326,2.3614264787988954,LTC
2536,2022-03-09 09:00:00+00:00,2022-03-10 00:00:00+00:00,1,15,-0.0030801536728875846,False,0.013086558235184198,0.021405870256122565,0.9967637562316544,1.6304207155503367,LTC
2537,2022-03-22 18:00:00+00:00,2022-03-23 00:00:00+00:00,1,6,-0.005214095752828451,False,0.019163621599675187,0.002111246447421769,1.5272103651167086,0.16825198937725866,LTC
2538,2022-03-31 15:00:00+00:00,2022-04-01 00:00:00+00:00,-1,9,0.008501189709705991,False,0.007751318523253946,0.0280485855841458,0.4877012969753772,1.7647747962717304,LTC
2539,2022-04-06 14:00:00+00:00,2022-04-07 00:00:00+00:00,-1,10,0.03599519093222764,False,0.005868139454608274,0.040904383845357224,0.46266299704210473,3.2250332440875766,LTC
2540,2022-04-11 10:00:00+00:00,2022-04-12 00:00:00+00:00,-1,14,0.02053409962310998,False,0.014985205688651403,0.02911138684737995,1.2187209973477273,2.367579007586336,LTC
2541,2022-04-26 21:00:00+00:00,2022-04-27 00:00:00+00:00,-1,3,0.0044623360667368946,False,0.005347593582887712,0.030269397638986985,0.45393390390660654,2.569437191924182,LTC
2542,2022-05-04 19:00:00+00:00,2022-05-05 00:00:00+00:00,1,5,0.009120931094225338,False,0.0016175071360607755,0.01960038058991439,0.12765378180014272,1.5468634735783156,LTC
2543,2022-05-05 17:00:00+00:00,2022-05-06 00:00:00+00:00,-1,7,0.007899053741690022,False,0.005831202046035736,0.031611253196930984,0.41536226770483897,2.2517007143999463,LTC
2544,2022-05-09 16:00:00+00:00,2022-05-10 00:00:00+00:00,-1,8,0.10102693000056145,False,0.008878891914289097,0.11246596424766189,0.43500601342827344,5.510076170091463,LTC
2545,2022-05-17 22:00:00+00:00,2022-05-18 00:00:00+00:00,1,2,-0.001536473031026396,False,0.013276758828360236,0.002737476047084627,0.6474479422934272,0.13349442109143034,LTC
2546,2022-05-19 16:00:00+00:00,2022-05-20 00:00:00+00:00,1,8,-0.00024858790296532836,False,0.020272146625937154,0.008886420438767018,0.9487588697564802,0.41589429907133596,LTC
2547,2022-05-26 09:00:00+00:00,2022-05-27 00:00:00+00:00,-1,15,0.0030153368533536703,False,0.03657770800627941,0.05321821036106751,2.2734541138528304,3.3077293759489708,LTC
2548,2022-05-30 22:00:00+00:00,2022-05-31 00:00:00+00:00,1,2,-0.00015028382435073738,False,0.005508044644151261,0.006957530076822786,0.43055396779412575,0.543857643529433,LTC
2549,2022-06-01 21:00:00+00:00,2022-06-02 00:00:00+00:00,-1,3,0.00026859422348055474,False,0.009716470213443762,0.010831474992035675,0.5271197975219111,0.5876089546145897,LTC
2550,2022-06-06 04:00:00+00:00,2022-06-07 00:00:00+00:00,1,20,-0.01777311628497267,False,0.02826585179526358,0.01634835752482801,2.7548655434344,1.593354665662047,LTC
2551,2022-06-07 01:00:00+00:00,2022-06-07 20:00:00+00:00,-1,19,-0.05427000350717017,False,0.06065064574137639,0.018146150073565463,4.313888294217628,1.2906781688899118,LTC
2552,2022-06-19 19:00:00+00:00,2022-06-20 00:00:00+00:00,1,5,-0.015604133701045363,False,0.027076140287116156,0.025077230601490013,0.8981347251860761,0.8318294770179726,LTC
2553,2022-07-11 23:00:00+00:00,2022-07-12 00:00:00+00:00,-1,1,-0.0018203121052630528,False,0.00493421052631583,0.009046052631578901,0.3694846588588913,0.6773885412412917,LTC
2554,2022-07-27 20:00:00+00:00,2022-07-28 00:00:00+00:00,1,4,0.008523146505803481,False,0.00582291488268545,0.011988354170234678,0.395962498546495,0.8152169087721908,LTC
2555,2022-08-05 07:00:00+00:00,2022-08-06 00:00:00+00:00,1,17,0.008556901548262854,False,0.02393660035581428,0.012291767750283117,2.1048799305586594,1.0808842886652672,LTC
2556,2022-08-09 12:00:00+00:00,2022-08-10 00:00:00+00:00,-1,12,0.011013963752941164,False,0.004509771170870271,0.028895941205946164,0.4033398463606408,2.5843627192737006,LTC
2557,2022-08-15 23:00:00+00:00,2022-08-16 00:00:00+00:00,-1,1,-0.009246276595744795,False,0.01230053191489365,0.01013962765957446,0.9434955937964387,0.7777463678592237,LTC
2558,2022-08-19 07:00:00+00:00,2022-08-20 00:00:00+00:00,-1,17,0.029681139804348264,False,0.013462574044157242,0.04523424878836839,0.7687303357405996,2.582933928088418,LTC
2559,2022-09-01 19:00:00+00:00,2022-09-02 00:00:00+00:00,1,5,0.010414260977406876,False,0.0054510286618602985,0.01582556708282057,0.32963013929055934,0.9569907269726127,LTC
2560,2022-09-02 22:00:00+00:00,2022-09-03 00:00:00+00:00,1,2,-0.013549797106524576,False,0.016858485978278475,0.005025125628140741,0.9673760584423085,0.2883524789587674,LTC
2561,2022-09-06 18:00:00+00:00,2022-09-07 00:00:00+00:00,-1,6,0.030624332008133238,False,0.00017898693395391294,0.034365491319133606,0.010432391757382625,2.0030192174164334,LTC
2562,2022-09-13 12:00:00+00:00,2022-09-13 19:00:00+00:00,1,7,-0.10441517763214699,False,0.10327152118196897,0.017337554650987574,6.863239247032139,1.1522226473119705,LTC
2563,2022-09-18 22:00:00+00:00,2022-09-19 00:00:00+00:00,-1,2,0.018428325837549102,False,0.001490590646543661,0.02534004099124277,0.09307151873896528,1.582215818562443,LTC
2564,2022-10-13 11:00:00+00:00,2022-10-14 00:00:00+00:00,-1,13,-0.029754485821679128,False,0.038252466277431015,0.028387356553251534,3.264224321693104,2.42239804925647,LTC
2565,2022-10-21 12:00:00+00:00,2022-10-21 16:00:00+00:00,-1,4,-0.026139995500065825,False,0.02468152866242028,0.014729299363057363,3.1959448791833998,1.9072574278997836,LTC
2566,2022-10-25 19:00:00+00:00,2022-10-26 00:00:00+00:00,1,5,-0.002416985278133231,False,0.008754690012506736,0.0146507057352153,1.008636223786207,1.6879218438871157,LTC
2567,2022-11-02 09:00:00+00:00,2022-11-03 00:00:00+00:00,1,15,-0.006811751370505676,False,0.05934137593739811,0.02641017280730351,4.310440828585437,1.9183830061286806,LTC
2568,2022-11-04 15:00:00+00:00,2022-11-05 00:00:00+00:00,1,9,-0.017974409097083994,False,0.02431566686080375,0.019073966220151253,1.1408157944602197,0.8948914315825586,LTC
2569,2022-11-08 19:00:00+00:00,2022-11-09 00:00:00+00:00,-1,5,0.055628307086155376,False,0.006681877444589369,0.12891134289439368,0.2217044822736556,4.2772742799624375,LTC
2570,2022-11-17 18:00:00+00:00,2022-11-18 00:00:00+00:00,1,6,0.026678017632761834,False,0.0067445303503865205,0.041783188024346093,0.4632318064786306,2.869777532818856,LTC
2571,2022-11-22 14:00:00+00:00,2022-11-23 00:00:00+00:00,1,10,0.02486764415270673,False,0.005380253017303917,0.03678929765886289,0.2761878382055891,1.8885276504328623,LTC
2572,2022-11-23 04:00:00+00:00,2022-11-24 00:00:00+00:00,1,20,-0.03450076368140474,False,0.07622659977976268,0.0014682491129327092,2.6320820631027404,0.050698209883194734,LTC
2573,2022-12-05 05:00:00+00:00,2022-12-06 00:00:00+00:00,1,19,-0.036248108313639275,False,0.04398120255452454,0.024219785516327332,3.5529034232506573,1.9565303782832484,LTC
2574,2022-12-13 14:00:00+00:00,2022-12-14 00:00:00+00:00,1,10,-0.022983378946618133,False,0.030487033523086612,0.009487666034155597,2.517292642466382,0.7833898264936884,LTC
2575,2022-12-16 17:00:00+00:00,2022-12-17 00:00:00+00:00,-1,7,0.009888459322462673,False,0.021489329950753585,0.03283092075809585,1.354025397818976,2.0686499133345526,LTC
2576,2022-12-25 20:00:00+00:00,2022-12-26 00:00:00+00:00,1,4,0.025402878316016668,False,0.006688466111771743,0.03582045184304394,1.0951113596258604,5.864929725996229,LTC
2577,2023-01-02 08:00:00+00:00,2023-01-03 00:00:00+00:00,1,16,-0.0027573779996371726,False,0.006551678031822558,0.03623479074742604,0.4548108490518111,2.515382450878331,LTC
2578,2023-01-29 01:00:00+00:00,2023-01-30 00:00:00+00:00,1,23,0.003430111955325088,False,0.004127420891099593,0.036088474970896504,0.3609648290414595,3.156128377003536,LTC
2579,2023-02-01 23:00:00+00:00,2023-02-02 00:00:00+00:00,1,1,-0.004874784161952927,False,0.004564850649994977,0.006847275974992535,0.2957500840088298,0.44362512601324927,LTC
2580,2023-02-07 18:00:00+00:00,2023-02-08 00:00:00+00:00,1,6,0.004005460428437791,False,0.024414549078226096,0.013353263577478859,2.6005836945903296,1.4223600615310474,LTC
2581,2023-02-09 20:00:00+00:00,2023-02-10 00:00:00+00:00,-1,4,-0.0052329558403510605,False,0.007634420329370737,0.01974042970880142,0.5903030140386933,1.5263549363000455,LTC
2582,2023-02-14 19:00:00+00:00,2023-02-15 00:00:00+00:00,1,5,0.0030396643564313723,False,0.0066093159882500575,0.006609315988250207,0.5648710301145751,0.5648710301145877,LTC
2583,2023-02-15 21:00:00+00:00,2023-02-16 00:00:00+00:00,1,3,0.006750672326693952,False,0.0074531725017162416,0.013631460233401987,0.6750829010607655,1.234691095361129,LTC
2584,2023-02-24 17:00:00+00:00,2023-02-25 00:00:00+00:00,-1,7,-0.006454420093981072,False,0.010979358805445762,0.009222661396574478,1.1037692133912818,0.9271661392486805,LTC
2585,2023-03-01 08:00:00+00:00,2023-03-02 00:00:00+00:00,1,16,0.0023786145798954453,False,0.009655880842321498,0.010374935798664666,1.2065207765756436,1.2963680684483077,LTC
2586,2023-03-03 02:00:00+00:00,2023-03-04 00:00:00+00:00,-1,22,-0.03389569002574467,False,0.03468339988590977,0.0025099828864803063,2.2929279520464725,0.16593557547704696,LTC
2587,2023-03-09 21:00:00+00:00,2023-03-10 00:00:00+00:00,-1,3,-0.01764061850082932,False,0.025062988993502195,0.004773902665428981,1.4681218847739834,0.27964226376647255,LTC
2588,2023-04-01 03:00:00+00:00,2023-04-02 00:00:00+00:00,1,21,-0.013133614489166365,False,0.020730925411412672,0.007800812139346057,1.7930244886522089,0.6746947818124336,LTC
2589,2023-04-10 15:00:00+00:00,2023-04-11 00:00:00+00:00,1,9,0.00874754692818942,False,0.007005065200991547,0.01842870999030061,1.1239033273396573,2.9567302919242926,LTC
2590,2023-04-14 04:00:00+00:00,2023-04-14 16:00:00+00:00,1,12,-0.04005642453778788,False,0.041867130719623336,0.017299621250895666,4.305300765834758,1.7789629081322065,LTC
2591,2023-04-19 09:00:00+00:00,2023-04-20 00:00:00+00:00,-1,15,0.047301584737520275,False,0.009263157894736794,0.08999999999999997,0.6491772934178122,6.307347566729909,LTC
2592,2023-05-06 13:00:00+00:00,2023-05-07 00:00:00+00:00,-1,11,0.02848990471199616,False,0.00023307306840689921,0.06246358233306141,0.03110212402877235,8.335369239712648,LTC
2593,2023-05-08 18:00:00+00:00,2023-05-09 00:00:00+00:00,-1,6,-0.014499536337558693,False,0.01525821596244115,0.021909233176838898,1.0682865326250788,1.5339498930001358,LTC
2594,2023-05-14 16:00:00+00:00,2023-05-15 00:00:00+00:00,1,8,-0.002488808594191168,False,0.01676445934618615,0.004909591665668741,2.180571321851209,0.6385958871135604,LTC
2595,2023-05-15 16:00:00+00:00,2023-05-16 00:00:00+00:00,1,8,-0.015765848262922454,False,0.017703132092601024,0.004312301407171986,1.7412107672901223,0.4241410843398959,LTC
2596,2023-05-23 04:00:00+00:00,2023-05-24 00:00:00+00:00,1,20,-0.01290080424742467,False,0.02255071212775144,0.0014026758739749184,3.150835034876084,0.19598495432242866,LTC
2597,2023-05-24 04:00:00+00:00,2023-05-25 00:00:00+00:00,-1,20,0.037792961595715165,False,0.0,0.0575974899148364,0.0,7.433157542909895,LTC
2598,2023-06-01 15:00:00+00:00,2023-06-02 00:00:00+00:00,1,9,-0.0033958864434185704,False,0.012407211028632044,0.017603393425238565,1.2098002911232537,1.7164687891150376,LTC
2599,2023-06-05 16:00:00+00:00,2023-06-06 00:00:00+00:00,-1,8,-0.02107660465973047,False,0.02779716213072808,0.032798325191905175,1.9720678146756925,2.326874994721952,LTC
2600,2023-06-10 04:00:00+00:00,2023-06-11 00:00:00+00:00,-1,20,0.09389159743232084,False,0.005985213003168703,0.14880882525525166,0.5360961320622755,13.328821479508981,LTC
2601,2023-06-20 19:00:00+00:00,2023-06-21 00:00:00+00:00,1,5,0.003527685812300264,False,0.010013768932281852,0.012892727500312945,1.1736741550792085,1.5111054746644883,LTC
2602,2023-06-21 06:00:00+00:00,2023-06-22 00:00:00+00:00,1,18,0.006794411093271866,False,0.013290613504212536,0.03690518571259048,1.2035201642738091,3.3419175990103374,LTC
2603,2023-06-28 20:00:00+00:00,2023-06-29 00:00:00+00:00,-1,4,-0.007253478176274954,False,0.012484848484848498,0.010303030303030234,0.9352714334979734,0.7718259402653119,LTC
2604,2023-06-30 04:00:00+00:00,2023-07-01 00:00:00+00:00,1,20,0.13370728467573592,False,0.07428273343766292,0.16671883150756395,4.945320230817486,11.09918782141342,LTC
2605,2023-07-13 07:00:00+00:00,2023-07-14 00:00:00+00:00,1,17,0.01717578706584629,False,0.010494752623688128,0.04367816091954028,1.0427091575784873,4.339656208207625,LTC
2606,2023-07-14 19:00:00+00:00,2023-07-15 00:00:00+00:00,-1,5,-0.022140404389072228,False,0.021580416577195675,0.009018681554648952,1.0340641104177248,0.43214619539845284,LTC
2607,2023-07-20 09:00:00+00:00,2023-07-20 17:00:00+00:00,1,8,-0.03380318465422843,False,0.03641929694922414,0.0023223899503852937,4.299003998147577,0.2741393853891192,LTC
2608,2023-07-24 10:00:00+00:00,2023-07-25 00:00:00+00:00,-1,14,-0.0020677686469370337,False,0.00920830993823703,0.018978102189780997,0.8345459974348165,1.7199789459327137,LTC
2609,2023-07-29 23:00:00+00:00,2023-07-30 00:00:00+00:00,1,1,0.006103493735970096,False,0.0009620523784073053,0.014003206841261382,0.17785993202050795,2.5888501216317445,LTC
2610,2023-08-02 15:00:00+00:00,2023-08-03 00:00:00+00:00,-1,9,0.014652791042417963,False,0.013379806611198536,0.04205082077805256,1.234998417486499,3.881423597814713,LTC
2611,2023-08-13 23:00:00+00:00,2023-08-14 00:00:00+00:00,-1,1,-0.003190214067278328,False,0.0037920489296636366,0.0017125382262997012,0.8554148029181163,0.3863163626081803,LTC
2612,2023-08-15 20:00:00+00:00,2023-08-16 00:00:00+00:00,-1,4,-0.0011468891957268467,False,0.007820383451059593,0.002901109989909233,0.9070872979767954,0.33650012666881457,LTC
2613,2023-08-16 22:00:00+00:00,2023-08-17 00:00:00+00:00,-1,2,-0.014376246709575961,False,0.013996466911265132,0.0,1.0095737765452697,0.0,LTC
2614,2023-08-17 22:00:00+00:00,2023-08-18 00:00:00+00:00,-1,2,-0.03218355662439551,False,0.05492755930584306,0.017831555484795487,1.6355404556191504,0.5309580609546245,LTC
2615,2023-08-22 20:00:00+00:00,2023-08-23 00:00:00+00:00,-1,4,-0.012807855921457778,False,0.016222118234284922,0.03509592887225082,1.429308161579728,3.092253234186893,LTC
2616,2023-08-29 15:00:00+00:00,2023-08-30 00:00:00+00:00,1,9,-0.013145201939191033,False,0.026130653266331762,0.005025125628140621,2.617094733625209,0.5032874487740683,LTC
2617,2023-08-31 21:00:00+00:00,2023-09-01 00:00:00+00:00,-1,3,-0.0019940499171589078,False,0.004073958006894359,0.011125039172673157,0.3845228302588149,1.0500431133990809,LTC
2618,2023-09-10 10:00:00+00:00,2023-09-11 00:00:00+00:00,-1,14,0.002814840009630815,False,0.0027709861450693025,0.02102689486552566,0.44623763299933317,3.3861561562890214,LTC
2619,2023-09-11 20:00:00+00:00,2023-09-12 00:00:00+00:00,-1,4,-0.013954249338540833,False,0.01308314684110859,0.005680840075744627,1.1202119643897541,0.4864078266429288,LTC
2620,2023-09-18 13:00:00+00:00,2023-09-19 00:00:00+00:00,1,11,-0.0223186494553593,False,0.026476275472259423,0.003867321136397306,2.5215947822324902,0.3683228333597888,LTC
2621,2023-09-28 20:00:00+00:00,2023-09-29 00:00:00+00:00,1,4,-0.001205583457944251,False,0.004758250191864962,0.003837298541826554,0.6564115007159925,0.5293641134806353,LTC
2622,2023-10-01 23:00:00+00:00,2023-10-02 00:00:00+00:00,1,1,-0.008259766763848285,False,0.010058309037900842,0.0017492711370263056,1.3549731995297236,0.2356475129617008,LTC
2623,2023-10-09 10:00:00+00:00,2023-10-10 00:00:00+00:00,-1,14,0.007289162043246016,False,0.002358861456203783,0.03349583267809408,0.37774514762378303,5.363981096257777,LTC
2624,2023-10-16 06:00:00+00:00,2023-10-17 00:00:00+00:00,1,18,0.005778668138161956,False,0.0025514272045926278,0.058363897305055076,0.555523964410332,12.707610685886067,LTC
2625,2023-10-23 23:00:00+00:00,2023-10-24 00:00:00+00:00,1,1,-0.00917663551401867,False,0.02372393961178996,0.004457225017972714,2.0044071847742533,0.376585592290925,LTC
2626,2023-11-01 15:00:00+00:00,2023-11-01 21:00:00+00:00,-1,6,-0.04612344719359657,False,0.04694976076555025,0.004037081339712859,3.93225910651836,0.3381241906878794,LTC
2627,2023-11-06 23:00:00+00:00,2023-11-07 00:00:00+00:00,1,1,-0.007470580386924563,False,0.007605070046697897,0.00026684456304197494,0.7990878413691497,0.028038169872595803,LTC
2628,2023-11-21 23:00:00+00:00,2023-11-22 00:00:00+00:00,-1,1,-0.006817532664843583,False,0.015648738985110926,0.004405955636584504,0.898448909943137,0.25296134357621586,LTC
2629,2023-12-01 10:00:00+00:00,2023-12-02 00:00:00+00:00,1,14,0.0023683275875565875,False,0.006170242602720484,0.01304164913756826,1.2066177922367511,2.5503512426822166,LTC
2630,2023-12-04 11:00:00+00:00,2023-12-04 21:00:00+00:00,1,10,-0.037011361011460714,False,0.03962516733601081,0.0008032128514056529,4.614537851290267,0.09353792941804924,LTC
2631,2023-12-08 17:00:00+00:00,2023-12-09 00:00:00+00:00,1,7,0.01235781679338838,False,0.01097340562871152,0.014717273431448498,0.9316556385543501,1.2495146211199608,LTC
2632,2023-12-11 15:00:00+00:00,2023-12-12 00:00:00+00:00,-1,9,-0.006087119216013726,False,0.026112185686653782,0.011881735285990598,2.110962370588116,0.9605437241829512,LTC
2633,2023-12-18 11:00:00+00:00,2023-12-19 00:00:00+00:00,-1,13,-0.02978419749587923,False,0.030175540403307676,0.008559408095169061,2.6756937833515035,0.758970832777595,LTC
2634,2023-12-22 21:00:00+00:00,2023-12-23 00:00:00+00:00,1,3,0.00262502922314649,False,0.0012273285149325434,0.007227601254602497,0.15095710284984473,0.8889696056712761,LTC
2635,2023-12-27 13:00:00+00:00,2023-12-28 00:00:00+00:00,1,11,-0.014509028709289825,False,0.028326403326403234,0.0007796257796258093,2.204968383702268,0.060687203221165845,LTC
2636,2024-01-03 13:00:00+00:00,2024-01-04 00:00:00+00:00,-1,11,0.005439586332777591,False,0.005783866057838591,0.03729071537290719,0.2272528936779449,1.4651831302920324,LTC
2637,2024-01-08 19:00:00+00:00,2024-01-09 00:00:00+00:00,1,5,0.012175188010187844,False,0.007181328545781029,0.02318970676241767,0.580091629194007,1.8732125526056287,LTC
2638,2024-01-18 20:00:00+00:00,2024-01-19 00:00:00+00:00,-1,4,-0.021649398983627662,False,0.02321749550629115,0.005242660275614267,1.7068954785359889,0.3854280112823302,LTC
2639,2024-01-19 19:00:00+00:00,2024-01-20 00:00:00+00:00,1,5,0.006365061814103824,False,0.004240282685512327,0.011872791519434676,0.27691907015396766,0.7753733964311199,LTC
2640,2024-01-22 20:00:00+00:00,2024-01-23 00:00:00+00:00,-1,4,-0.0009357520152039598,False,0.011869436201780372,0.009198813056379889,0.8436371354661606,0.6538187799862816,LTC
2641,2024-01-31 09:00:00+00:00,2024-01-31 21:00:00+00:00,1,12,-0.03701752600062788,False,0.03730913281475084,0.0010083549409391124,5.01868721577053,0.13564019502081176,LTC
2642,2024-02-13 14:00:00+00:00,2024-02-14 00:00:00+00:00,-1,10,0.01839706469959075,False,0.0028425241614554128,0.03140989198408178,0.2819199543088025,3.115215495112215,LTC
2643,2024-02-20 16:00:00+00:00,2024-02-21 00:00:00+00:00,-1,8,-0.011695670201955666,False,0.014639802869981232,0.01652413393245399,1.2433879580300033,1.4034279922318786,LTC
2644,2024-02-26 22:00:00+00:00,2024-02-27 00:00:00+00:00,1,2,-0.012724497823422675,False,0.012226954251957693,0.0008242890506936126,1.53481181969078,0.10347045975441398,LTC
2645,2024-02-27 05:00:00+00:00,2024-02-28 00:00:00+00:00,1,19,-0.023551627434934216,False,0.03835471498479045,0.011506414495437172,3.3873873989902,1.0162162196970632,LTC
2646,2024-02-29 05:00:00+00:00,2024-03-01 00:00:00+00:00,1,19,-0.045086213173296065,False,0.0689035350509287,0.019892150988615895,3.222398179699415,0.930292344052351,LTC
2647,2024-03-05 20:00:00+00:00,2024-03-06 00:00:00+00:00,-1,4,-0.056898515411713146,False,0.06378865979381447,0.01829896907216479,1.6709179987833387,0.47933405217622604,LTC
2648,2024-03-11 10:00:00+00:00,2024-03-12 00:00:00+00:00,1,14,0.09146627745414565,False,0.006540084388185552,0.1166666666666667,0.3974761460558702,7.090461573190313,LTC
2649,2024-03-19 09:00:00+00:00,2024-03-20 00:00:00+00:00,-1,15,-0.004481594684640407,False,0.05220832269594081,0.015190196579014522,2.0185222624213064,0.5872962083817476,LTC
2650,2024-03-29 11:00:00+00:00,2024-03-30 00:00:00+00:00,1,13,0.06828329099627875,False,9.833808634075036e-05,0.08752089684334749,0.005944502882877541,5.290607565765828,LTC
2651,2024-04-12 18:00:00+00:00,2024-04-13 00:00:00+00:00,-1,6,0.03693086779702853,False,0.005795163267580475,0.12013819235484231,0.301500021030535,6.25032735905614,LTC
2652,2024-04-20 18:00:00+00:00,2024-04-21 00:00:00+00:00,1,6,-0.007170923215609158,False,0.009595132225602541,0.004329510882284163,0.8856558482065134,0.39962519980050826,LTC
2653,2024-04-26 13:00:00+00:00,2024-04-27 00:00:00+00:00,1,11,0.005444669724968856,False,0.014182774791261683,0.013267757062793052,1.2521786647431747,1.1713929444371514,LTC
2654,2024-04-27 17:00:00+00:00,2024-04-28 00:00:00+00:00,-1,7,-0.005792576967411417,False,0.01592814371257483,0.005269461077844284,1.3847193178976485,0.4581026314849345,LTC
2655,2024-04-30 13:00:00+00:00,2024-05-01 00:00:00+00:00,-1,11,-0.008738673844089223,False,0.01394523326572019,0.022946247464503074,1.0604763545462703,1.7449656379352152,LTC
2656,2024-05-06 10:00:00+00:00,2024-05-06 13:00:00+00:00,1,3,-0.03544451997273952,False,0.04035820895522382,0.0025074626865670894,5.248859047923812,0.326112544397624,LTC
2657,2024-05-10 21:00:00+00:00,2024-05-11 00:00:00+00:00,-1,3,-0.0038970721934822932,False,0.005625703212901649,0.0063757969746217145,0.6566728243893988,0.744229200974634,LTC
2658,2024-05-15 19:00:00+00:00,2024-05-16 00:00:00+00:00,1,5,0.010151427997824803,False,0.0030689909157868896,0.01694082985514375,0.404158578800685,2.230955354979797,LTC
2659,2024-05-20 20:00:00+00:00,2024-05-21 00:00:00+00:00,1,4,0.02205777515534661,False,0.010046189376443308,0.02921478060046191,1.3157479127801766,3.826255424521707,LTC
2660,2024-05-28 05:00:00+00:00,2024-05-29 00:00:00+00:00,-1,19,-0.005947550352169473,False,0.01323547106244729,0.01203224642040669,1.516128476749717,1.3782986152270227,LTC
2661,2024-06-04 10:00:00+00:00,2024-06-04 17:00:00+00:00,-1,7,-0.021629740841048458,False,0.02138905961893066,0.0007375537799629757,3.6610143368162613,0.1262418736832936,LTC
2662,2024-06-07 19:00:00+00:00,2024-06-08 00:00:00+00:00,-1,5,-0.014864402402350263,False,0.016312594840667757,0.0072078907435507485,1.2207271848930825,0.5393910816969344,LTC
2663,2024-06-17 16:00:00+00:00,2024-06-18 00:00:00+00:00,-1,8,-0.0039796435994227655,False,0.02160251374705428,0.018067556952081638,2.7643108823865905,2.311969101632405,LTC
2664,2024-06-18 02:00:00+00:00,2024-06-19 00:00:00+00:00,-1,22,-0.0007982751311591621,False,0.015132755537212939,0.028752235520704408,1.0365065196665044,1.9693623873663462,LTC
2665,2024-06-24 06:00:00+00:00,2024-06-25 00:00:00+00:00,-1,18,0.014023285503112732,False,0.015825914935707286,0.04931468136215904,1.8856686095632949,5.875878078014163,LTC
2666,2024-06-29 20:00:00+00:00,2024-06-30 00:00:00+00:00,1,4,-0.011558090261812363,False,0.01031064111037675,0.017448777263714382,1.6444714755838963,2.78295172791119,LTC
2667,2024-07-03 13:00:00+00:00,2024-07-04 00:00:00+00:00,-1,11,0.020286596508929125,False,0.019144602851323782,0.02552613713509857,2.775734242690405,3.7009789902539016,LTC
2668,2024-07-04 13:00:00+00:00,2024-07-05 00:00:00+00:00,-1,11,0.04112392444741511,False,0.013040293040293048,0.04996336996336991,1.086943978260643,4.164583107717737,LTC
2669,2024-07-05 09:00:00+00:00,2024-07-06 00:00:00+00:00,-1,15,-0.07400422644219,False,0.07943681557448289,0.003824091778202657,2.767963924275153,0.13324990445088192,LTC
2670,2024-07-25 04:00:00+00:00,2024-07-26 00:00:00+00:00,-1,20,-0.0029792577799889267,False,0.013539088659193578,0.02110933178046299,1.1520500211917275,1.7962070222881679,LTC
2671,2024-07-29 08:00:00+00:00,2024-07-30 00:00:00+00:00,1,16,-0.017980659052218656,False,0.026972893577246575,0.024969955935371938,3.525919969157263,3.2640942288733217,LTC
2672,2024-08-05 04:00:00+00:00,2024-08-06 00:00:00+00:00,-1,20,-0.022126040230986955,False,0.04705882352941179,0.1089592760180996,1.77297870476079,4.105127616407675,LTC
2673,2024-08-20 16:00:00+00:00,2024-08-21 00:00:00+00:00,-1,8,-0.01349652083690927,False,0.020119459289531724,0.008016347060672713,2.2077849035278425,0.8796642974993657,LTC
2674,2024-09-05 08:00:00+00:00,2024-09-05 13:00:00+00:00,1,5,-0.047107929423806774,False,0.04601406799531068,0.00234466588511153,3.6252012171990855,0.18472362890187666,LTC
2675,2024-09-06 19:00:00+00:00,2024-09-07 00:00:00+00:00,-1,5,-0.005194570730916165,False,0.010511227902532309,0.02611880872750439,0.8415845329587789,2.0912100515945307,LTC
2676,2024-09-27 20:00:00+00:00,2024-09-28 00:00:00+00:00,1,4,0.005374622213111947,False,0.00325779036827181,0.008498583569405221,0.4419833179681032,1.1529999599168588,LTC
2677,2024-10-01 21:00:00+00:00,2024-10-02 00:00:00+00:00,-1,3,-0.008951741326751353,False,0.013036565977742453,0.006995230524642253,0.8790804653276785,0.47170171310265413,LTC
2678,2024-10-14 16:00:00+00:00,2024-10-15 00:00:00+00:00,1,8,-0.003396978716583919,False,0.00911399970118054,0.006275212909009225,1.3986909438296007,0.9630331088662322,LTC
2679,2024-10-15 17:00:00+00:00,2024-10-16 00:00:00+00:00,1,7,0.014947424979826188,False,0.01807488165256048,0.018218333094247745,1.0861870875925856,1.0948076200338135,LTC
2680,2024-10-21 19:00:00+00:00,2024-10-22 00:00:00+00:00,-1,5,-0.0022247094763335183,False,0.0069316735040318165,0.001839015419436914,0.7692878792607972,0.20409678429366995,LTC
2681,2024-10-29 23:00:00+00:00,2024-10-30 00:00:00+00:00,1,1,-0.003858079309414584,False,0.0029673590504450884,0.002158079309414575,0.372507320425875,0.2709144148551774,LTC
2682,2024-11-06 05:00:00+00:00,2024-11-07 00:00:00+00:00,1,19,0.019817877628826936,False,0.015530629853322007,0.030342249065286157,1.017830849212771,1.988539899850853,LTC
2683,2024-11-14 04:00:00+00:00,2024-11-15 00:00:00+00:00,1,20,-0.010531098125029267,False,0.06881668864644522,0.017863565519721965,2.6309343090235435,0.6829428781263251,LTC
2684,2024-11-16 15:00:00+00:00,2024-11-17 00:00:00+00:00,1,9,0.028273174911220694,False,0.05419354838709684,0.06064516129032259,2.469230146778977,2.763186116633614,LTC
2685,2024-11-23 02:00:00+00:00,2024-11-24 00:00:00+00:00,1,22,-0.007866247244274972,False,0.040761411201913525,0.06178991429140924,2.081619873570257,3.1555117887862076,LTC
2686,2024-11-29 20:00:00+00:00,2024-11-30 00:00:00+00:00,1,4,0.0241440779774787,False,0.0030347528144885195,0.026823299069995053,0.23971291614617574,2.1187528717435984,LTC
2687,2024-12-01 21:00:00+00:00,2024-12-02 00:00:00+00:00,1,3,0.05275058096364253,False,0.0026431718061673756,0.0773568281938326,0.1359088925040001,3.9776002539504414,LTC
2688,2024-12-02 22:00:00+00:00,2024-12-03 00:00:00+00:00,1,2,-0.042650851105768925,False,0.042932390504365515,0.005772422252687661,1.1259093170208612,0.15138276531372558,LTC
2689,2024-12-09 09:00:00+00:00,2024-12-10 00:00:00+00:00,-1,15,0.11391310341913703,False,0.022814910025706854,0.20718187660668386,1.3091417515552792,11.88829780725732,LTC
2690,2024-12-17 18:00:00+00:00,2024-12-18 00:00:00+00:00,1,6,-0.030881198171159047,False,0.05676281803418145,0.008352022272059268,2.4759788585425455,0.3643129655621129,LTC
2691,2024-12-18 15:00:00+00:00,2024-12-19 00:00:00+00:00,-1,9,0.06234605047375227,False,0.021882027330911616,0.08787407023006409,0.904291344154753,3.6314624729692873,LTC
2692,2025-01-03 20:00:00+00:00,2025-01-04 00:00:00+00:00,1,4,-0.006572799441262178,False,0.008298022598870036,0.013771186440677987,0.7426598448975015,1.2324993170639436,LTC
2693,2025-01-07 18:00:00+00:00,2025-01-08 00:00:00+00:00,-1,6,0.027407250793029685,False,0.00397275822928492,0.03518728717366628,0.2555941251937488,2.263833680287479,LTC
2694,2025-01-13 07:00:00+00:00,2025-01-14 00:00:00+00:00,-1,17,0.0018392592140061372,False,0.006075334143377828,0.06723369785338194,0.48569080620018273,5.374978255282074,LTC
2695,2025-01-15 23:00:00+00:00,2025-01-16 00:00:00+00:00,1,1,0.027429631259350534,False,0.011968670245533745,0.044706503564199584,0.7725717564405777,2.8857827372927467,LTC
2696,2025-01-25 14:00:00+00:00,2025-01-26 00:00:00+00:00,1,10,-0.013178879260659616,False,0.01603382259093814,0.03150925335035101,0.9360825714291126,1.8395652523109394,LTC
2697,2025-01-27 11:00:00+00:00,2025-01-28 00:00:00+00:00,-1,13,-0.07974210211332096,False,0.08647887323943657,0.0004694835680750907,4.377842730478477,0.02376679006774284,LTC
2698,2025-01-30 07:00:00+00:00,2025-01-31 00:00:00+00:00,1,17,0.014851050358516098,False,0.012106537530266321,0.04655158947121774,0.6092511363105393,2.342668885426339,LTC
2699,2025-02-03 03:00:00+00:00,2025-02-04 00:00:00+00:00,-1,21,-0.18465771159765854,False,0.21513055121624639,0.002343226958268332,3.819300828662517,0.041600268361989566,LTC
2700,2025-02-10 06:00:00+00:00,2025-02-11 00:00:00+00:00,1,18,0.05962690266789602,False,0.009637488947833681,0.08293545534924854,0.4388102708606856,3.7761837987828213,LTC
2701,2025-02-24 23:00:00+00:00,2025-02-25 00:00:00+00:00,-1,1,-0.011076516099278297,False,0.021651117760957524,0.004224608343601513,0.8561843524156492,0.1670603614469577,LTC
2702,2025-03-03 09:00:00+00:00,2025-03-04 00:00:00+00:00,-1,15,0.047334552313699686,False,0.03008558831157607,0.07823982017809282,1.2080665583692156,3.141667342885455,LTC
2703,2025-03-09 23:00:00+00:00,2025-03-10 00:00:00+00:00,-1,1,-0.006235076486773542,False,0.01434186762987367,0.006161691278019742,0.8197964393090897,0.3522088405920501,LTC
2704,2025-03-18 12:00:00+00:00,2025-03-19 00:00:00+00:00,-1,12,-0.01771678335806462,False,0.017951902450039556,0.017274472168905805,1.6610381999337014,1.5983575131437335,LTC
2705,2025-03-19 23:00:00+00:00,2025-03-20 00:00:00+00:00,1,1,0.0013933333333333926,False,0.004053333333333285,0.004693333333333309,0.34636644244852693,0.401055880729876,LTC
2706,2025-03-24 18:00:00+00:00,2025-03-25 00:00:00+00:00,1,6,-0.008534925317311214,False,0.013878588833562902,0.012501324292827552,1.5232606413559158,1.3720973716030276,LTC
2707,2025-03-28 06:00:00+00:00,2025-03-29 00:00:00+00:00,-1,18,0.02488191580167902,False,0.006689708997658697,0.04526703088415657,0.6069527984974858,4.107047269832932,LTC
2708,2025-04-06 18:00:00+00:00,2025-04-07 00:00:00+00:00,-1,6,0.07385071539519741,False,0.0007874015748031794,0.10262467191601059,0.0658435821618968,8.581613541766899,LTC
2709,2025-04-21 09:00:00+00:00,2025-04-21 19:00:00+00:00,1,10,-0.04518880437502601,False,0.04323122529644269,0.01284584980237162,4.925713863604167,1.4636406908995327,LTC
2710,2025-04-22 16:00:00+00:00,2025-04-23 00:00:00+00:00,1,8,0.00917070207432117,False,0.004723265108392714,0.02579629405353046,0.4741389580426093,2.5895281554635843,LTC
