,entry,exit,direction,bars,return,open,mae,mfe,mae_atr,mfe_atr,symbol
0,2019-09-24 20:00:00+00:00,2019-09-25 08:00:00+00:00,1,3,-0.03921057007367165,False,0.05881829043873138,0.01270355706537768,2.6233191515986776,0.5665836986157522,BTC
1,2019-09-26 16:00:00+00:00,2019-09-27 04:00:00+00:00,1,3,0.011009963822494785,False,0.02791656462782538,0.030129439951930275,0.9103453217098004,0.9825060881107655,BTC
2,2019-10-23 16:00:00+00:00,2019-10-24 04:00:00+00:00,1,3,-0.0033647855973547225,False,0.03343408522181357,0.014975333080892148,1.973960787457831,0.8841492173237245,BTC
3,2019-11-21 16:00:00+00:00,2019-11-22 04:00:00+00:00,1,3,-0.005719561706483078,False,0.010534280671109598,0.007746296019450286,0.6147573661245764,0.4520567361755083,BTC
4,2019-11-22 12:00:00+00:00,2019-11-23 00:00:00+00:00,1,3,0.022305587430720024,False,0.04712435079848626,0.039762271775550265,1.8275490337739675,1.5420371874151957,BTC
5,2019-12-17 16:00:00+00:00,2019-12-18 04:00:00+00:00,1,3,-0.0024142151029689527,False,0.020711576385244554,0.007491930214860453,1.4206593850970168,0.5138904337487366,BTC
6,2020-01-08 20:00:00+00:00,2020-01-09 08:00:00+00:00,1,3,-0.0030665934061647505,False,0.011919573637328141,0.02058367492984976,0.541814251582469,0.9356482678212052,BTC
7,2020-01-19 12:00:00+00:00,2020-01-20 00:00:00+00:00,1,3,-0.002658020089341919,False,0.03031991397888994,0.00644354175378297,1.4770967195175773,0.31391033606540003,BTC
8,2020-02-20 00:00:00+00:00,2020-02-20 12:00:00+00:00,1,3,-0.003944429764455058,False,0.009761665268172138,0.006357330108978312,0.40938457164527414,0.26661361478532064,BTC
9,2020-03-08 16:00:00+00:00,2020-03-09 04:00:00+00:00,1,3,-0.041663911885926566,False,0.049523809523809526,0.0001773809523809264,2.9289266481706373,0.010490626696571179,BTC
10,2020-03-10 16:00:00+00:00,2020-03-11 04:00:00+00:00,1,3,0.018081454484062214,False,0.00529446268149869,0.034376704364201406,0.20621474011125387,1.3389428885989503,BTC
11,2020-03-12 12:00:00+00:00,2020-03-13 12:00:00+00:00,1,6,-0.0797236210239585,False,0.40020170973009317,0.04316058280532194,6.695236335271692,0.7220616384787146,BTC
12,2020-05-10 04:00:00+00:00,2020-05-10 16:00:00+00:00,1,3,0.0017510370291854678,False,0.018053388852481794,0.03230820086642361,0.4930216741966014,0.8823076604398599,BTC
13,2020-06-02 16:00:00+00:00,2020-06-03 04:00:00+00:00,1,3,0.00019273647037269098,False,0.005798540331013175,0.00856261684217194,0.2431359162957683,0.35903513176863383,BTC
14,2020-08-02 08:00:00+00:00,2020-08-02 20:00:00+00:00,1,3,-0.012238225672125699,False,0.03639573788147644,0.002056904755599042,1.2386725293352205,0.07000356537670924,BTC
15,2020-09-02 12:00:00+00:00,2020-09-03 00:00:00+00:00,1,3,-0.0038140891451416787,False,0.018172995991237985,0.006175613028783053,1.2083902263334734,0.41063952411573357,BTC
16,2020-09-03 16:00:00+00:00,2020-09-04 12:00:00+00:00,1,5,-0.02514071240049695,False,0.07323661802820965,0.010896150076893615,3.4705823275377568,0.516353525233784,BTC
17,2020-11-07 20:00:00+00:00,2020-11-08 08:00:00+00:00,1,3,0.017087593214843017,False,0.020794637093527402,0.032089276234174076,0.7983176068425175,1.2319250436232945,BTC
18,2020-11-09 16:00:00+00:00,2020-11-10 04:00:00+00:00,1,3,0.019971870135053332,False,0.012320999007123365,0.03232513043999763,0.44935479741829404,1.1789184003656845,BTC
19,2020-11-26 04:00:00+00:00,2020-11-26 16:00:00+00:00,1,3,-0.05911336891813869,False,0.09023982152816509,0.009425543781372002,3.028456089456027,0.3163220513708705,BTC
20,2020-12-21 12:00:00+00:00,2020-12-22 00:00:00+00:00,1,3,0.0013799968962766975,False,0.03278471517451353,0.029431231522746328,1.0801840446331965,0.9696941558147267,BTC
21,2021-01-11 04:00:00+00:00,2021-01-12 00:00:00+00:00,1,5,0.003026901908477782,False,0.1416696172243408,0.02611722772366546,2.3510557015990305,0.4334243174557972,BTC
22,2021-02-23 12:00:00+00:00,2021-02-24 00:00:00+00:00,1,3,0.05772306657345297,False,0.02354762817055928,0.0694940409128908,0.4523866612789108,1.3350889066045588,BTC
23,2021-04-18 04:00:00+00:00,2021-04-19 00:00:00+00:00,1,5,0.023332802105721997,False,0.03189566497099514,0.03344262641783525,0.9485300892199755,0.9945344437466944,BTC
24,2021-05-13 00:00:00+00:00,2021-05-13 12:00:00+00:00,1,3,0.002978784632673045,False,0.08064076445244517,0.035532069676923954,2.2087569421396727,0.9732262100984664,BTC
25,2021-05-17 04:00:00+00:00,2021-05-17 16:00:00+00:00,1,3,0.00943794472728399,False,0.018394404941151368,0.06707041205802443,0.3888426598462232,1.417813596311531,BTC
26,2021-05-21 16:00:00+00:00,2021-05-22 04:00:00+00:00,1,3,0.0025985521131572644,False,0.0928367510844539,0.03386733742425935,1.1862557247244736,0.4327523575674836,BTC
27,2021-07-27 00:00:00+00:00,2021-07-27 12:00:00+00:00,1,3,0.020174533094016428,False,0.022402546718544636,0.022888063304699568,0.5253495329467607,0.5367351095501233,BTC
28,2021-09-07 16:00:00+00:00,2021-09-08 04:00:00+00:00,1,3,-0.0058061373962378674,False,0.01500793242432036,0.019354043392504933,0.4917610512496226,0.6341689484959181,BTC
29,2021-09-24 12:00:00+00:00,2021-09-25 00:00:00+00:00,1,3,0.029083814120698697,False,0.016667525896132056,0.04063496896896806,0.5093117184944681,1.241687938901435,BTC
30,2021-11-16 04:00:00+00:00,2021-11-16 16:00:00+00:00,1,3,-0.005695262248108867,False,0.04178529393280917,0.010163808591176514,2.125965827138034,0.5171175718701128,BTC
31,2021-11-22 20:00:00+00:00,2021-11-23 08:00:00+00:00,1,3,-0.00058323859192174,False,0.007283787390897133,0.02271195428506137,0.3020471344393634,0.9418287960867651,BTC
32,2021-11-26 12:00:00+00:00,2021-11-27 00:00:00+00:00,1,3,-0.0017764728693999345,False,0.004953841947612188,0.02075870874626979,0.20364858637087002,0.8533743578759423,BTC
33,2021-12-04 08:00:00+00:00,2021-12-04 20:00:00+00:00,1,3,0.040887174979774704,False,0.024122003482922896,0.04638210166265435,0.52020151886266,1.0002502383368146,BTC
34,2021-12-31 20:00:00+00:00,2022-01-01 08:00:00+00:00,1,3,0.03032358982254161,False,0.0012606213143454552,0.04067243054877941,0.05829611560423591,1.8808540568013512,BTC
35,2022-01-05 20:00:00+00:00,2022-01-06 08:00:00+00:00,1,3,-0.034177417149924366,False,0.05379554014687101,0.0036214089783543437,2.595743122281329,0.1747402744329151,BTC
36,2022-01-21 00:00:00+00:00,2022-01-21 16:00:00+00:00,1,4,-0.04617138126163408,False,0.07411226636177687,0.010675158853456403,3.7013224472441837,0.5331398840148538,BTC
37,2022-02-21 12:00:00+00:00,2022-02-22 00:00:00+00:00,1,3,-0.015532832180277727,False,0.020982745626486395,0.046607314533460766,0.9444667136338947,2.0978692670778964,BTC
38,2022-02-24 04:00:00+00:00,2022-02-24 16:00:00+00:00,1,3,0.02652155534635421,False,0.017305587862884678,0.034900509341751575,0.558630212024106,1.126600210741532,BTC
39,2022-04-26 16:00:00+00:00,2022-04-27 04:00:00+00:00,1,3,-0.007293010160965889,False,0.022702214704684386,0.007992860645084261,1.1596109419580816,0.4082689192289839,BTC
40,2022-05-05 16:00:00+00:00,2022-05-06 04:00:00+00:00,1,3,-0.013540977386618585,False,0.04062201787108532,0.012088466209768408,1.8484672943255285,0.5500744571140916,BTC
41,2022-05-09 20:00:00+00:00,2022-05-10 08:00:00+00:00,1,3,0.02109933638550147,False,0.03952942393884315,0.05582108279060144,1.356809899464755,1.916005602467331,BTC
42,2022-05-11 20:00:00+00:00,2022-05-12 08:00:00+00:00,1,3,-0.04265796447286492,False,0.09296503806134092,0.030534221147460024,1.9851407459407169,0.6520163688352638,BTC
43,2022-06-07 04:00:00+00:00,2022-06-07 16:00:00+00:00,1,3,0.00967699300070432,False,0.007699466959979694,0.01700651493358152,0.3898405140445838,0.8610763002523225,BTC
44,2022-06-18 08:00:00+00:00,2022-06-18 20:00:00+00:00,1,3,-0.06403077080412914,False,0.06360126578989758,0.014788333532520227,1.367611419536438,0.3179920016340427,BTC
45,2022-08-19 08:00:00+00:00,2022-08-19 20:00:00+00:00,1,3,-0.02785484532170121,False,0.03470547394577209,0.0006029379522034974,1.7415889248232899,0.030256612013251798,BTC
46,2022-09-06 20:00:00+00:00,2022-09-07 08:00:00+00:00,1,3,-0.002648834986594552,False,0.01663743156328071,0.013480040397597329,0.9503398522330119,0.7699878163779246,BTC
47,2022-09-13 16:00:00+00:00,2022-09-14 04:00:00+00:00,1,3,-0.02599093817421268,False,0.04724859416343727,0.004643702668568187,1.833484230289513,0.18019913107936814,BTC
48,2022-09-27 20:00:00+00:00,2022-09-28 08:00:00+00:00,1,3,-0.017200141568937996,False,0.031921420967344426,0.008369736793803382,1.3694671855825684,0.35907173126166536,BTC
49,2022-11-08 20:00:00+00:00,2022-11-09 08:00:00+00:00,1,3,-0.001962084806975943,False,0.024081587893409404,0.026537997587454766,0.7630758247690058,0.8409123387709432,BTC
50,2022-11-09 16:00:00+00:00,2022-11-10 12:00:00+00:00,1,5,-0.03894675123101722,False,0.0956697702709026,0.01225845693164264,2.5207555321749937,0.3229920280864865,BTC
51,2022-12-16 12:00:00+00:00,2022-12-17 00:00:00+00:00,1,3,-0.02491268881789087,False,0.02923272184551021,0.003425663685614734,2.2376718911016544,0.2622236608064984,BTC
52,2023-02-09 20:00:00+00:00,2023-02-10 08:00:00+00:00,1,3,-0.007344347808062223,False,0.019589327788698572,0.002142795531000201,1.3819383785561874,0.15116452252109627,BTC
53,2023-02-17 00:00:00+00:00,2023-02-17 12:00:00+00:00,1,3,0.009588706913156744,False,0.007506397014443164,0.01692127209201509,0.36759403447052286,0.8286477073766545,BTC
54,2023-03-03 04:00:00+00:00,2023-03-03 16:00:00+00:00,1,3,-0.0007649840490527981,False,0.008347417545715817,0.008468459583167153,0.46853423588841886,0.4753282339383601,BTC
55,2023-03-09 20:00:00+00:00,2023-03-10 08:00:00+00:00,1,3,-0.04537018463361002,False,0.052461910427140435,0.0006140384541583313,3.648389020468855,0.04270243184163498,BTC
56,2023-03-22 20:00:00+00:00,2023-03-23 08:00:00+00:00,1,3,0.03415499258925554,False,0.0024048833012556624,0.03848938812415356,0.09278657649901677,1.4850194825326613,BTC
57,2023-04-26 20:00:00+00:00,2023-04-27 08:00:00+00:00,1,3,0.034221359708123344,False,0.024106716800792245,0.057696102526200166,1.1374176435976702,2.72225228853908,BTC
58,2023-06-05 16:00:00+00:00,2023-06-06 04:00:00+00:00,1,3,-0.011941015035089129,False,0.024307572743816452,0.0030894240128655184,2.253270863833217,0.2863843785466997,BTC
59,2023-06-10 08:00:00+00:00,2023-06-10 20:00:00+00:00,1,3,0.0023163429086006876,False,0.013152762392148937,0.01976814940789163,0.9557225121568804,1.4364180580103953,BTC
60,2023-06-15 00:00:00+00:00,2023-06-15 12:00:00+00:00,1,3,-0.005998317270391429,False,0.013493444391799675,0.0033006979642377066,1.0197862356125451,0.24945493931034934,BTC
61,2023-06-30 16:00:00+00:00,2023-07-01 04:00:00+00:00,1,3,0.00948411487047154,False,0.004781711699720509,0.02254425662185545,0.2945623403896593,1.3887681671119914,BTC
62,2023-07-14 20:00:00+00:00,2023-07-15 08:00:00+00:00,1,3,0.005671272771839825,False,0.004481742464260727,0.00930567875640778,0.2998242361768691,0.6225409084739785,BTC
63,2023-08-17 00:00:00+00:00,2023-08-17 12:00:00+00:00,1,3,-0.00778524628422369,False,0.014828796701306763,0.002141782520268576,2.3174228696296124,0.3347146699911231,BTC
64,2023-08-17 16:00:00+00:00,2023-08-18 12:00:00+00:00,1,5,-0.053578291356420955,False,0.11962006955363191,0.0056266094574314775,14.36756125724876,0.6758118127829451,BTC
65,2023-08-31 20:00:00+00:00,2023-09-01 08:00:00+00:00,1,3,-0.008284831418317205,False,0.020303112583034775,0.0011970002332811678,1.4495848521991663,0.08546243336566722,BTC
66,2023-11-14 20:00:00+00:00,2023-11-15 08:00:00+00:00,1,3,0.00647127525159843,False,0.0021497823309985426,0.010850877615356032,0.1309616730614848,0.66101998616408,BTC
67,2023-11-22 00:00:00+00:00,2023-11-22 12:00:00+00:00,1,3,0.018651851227121468,False,0.0035341522791505417,0.029157455858074263,0.21297059529677512,1.7570495668981359,BTC
68,2023-12-11 04:00:00+00:00,2023-12-11 16:00:00+00:00,1,3,-0.013303008896873723,False,0.016318938949915863,0.004199674802896454,1.0204819375075806,0.26262076798710227,BTC
69,2024-01-03 12:00:00+00:00,2024-01-04 00:00:00+00:00,1,3,-0.02191656715152887,False,0.07765802478452469,0.00022639490131243765,4.667040014369797,0.013605729303650803,BTC
70,2024-01-12 16:00:00+00:00,2024-01-13 04:00:00+00:00,1,3,-0.04422744804035003,False,0.07023470000067421,0.005047746830549848,2.695262008781602,0.19370767244963175,BTC
71,2024-01-18 20:00:00+00:00,2024-01-19 08:00:00+00:00,1,3,0.004774347653495293,False,0.008304440900956219,0.013753773083468795,0.5146493602352187,0.8523596714876426,BTC
72,2024-03-05 20:00:00+00:00,2024-03-06 08:00:00+00:00,1,3,0.08201810145241423,False,0.005005673855718144,0.08675634285045422,0.15564162879545396,2.697518635609216,BTC
73,2024-03-15 04:00:00+00:00,2024-03-15 16:00:00+00:00,1,3,-0.0028063463797929934,False,0.03934608736413441,0.009441010166114903,1.4729202055838895,0.35342407762428024,BTC
74,2024-04-02 04:00:00+00:00,2024-04-02 16:00:00+00:00,1,3,-0.029147838547781336,False,0.031229910945079136,0.0063370900334310965,1.7535451743642734,0.355824698545482,BTC
75,2024-04-12 20:00:00+00:00,2024-04-13 08:00:00+00:00,1,3,0.007129082086269523,False,0.01664336187235943,0.016568587131266972,0.8103693075638922,0.8067285073681698,BTC
76,2024-04-13 20:00:00+00:00,2024-04-14 08:00:00+00:00,1,3,-0.006649820528853854,False,0.07913972253396541,0.013717387243725192,3.5367366653478856,0.6130269966114241,BTC
77,2024-05-01 08:00:00+00:00,2024-05-01 20:00:00+00:00,1,3,-0.011075635369455664,False,0.016427751296057946,0.034031522911520076,0.7432105041025061,1.5396255301549464,BTC
78,2024-05-10 16:00:00+00:00,2024-05-11 04:00:00+00:00,1,3,-0.00476964682840743,False,0.012750066509234133,0.006058088015528579,0.7373361425099492,0.350339133142601,BTC
79,2024-06-07 20:00:00+00:00,2024-06-08 08:00:00+00:00,1,3,0.002888008529251331,False,0.004139292683208485,0.005429574293664589,0.3168564782878823,0.4156255478797043,BTC
80,2024-06-12 20:00:00+00:00,2024-06-13 08:00:00+00:00,1,3,0.0014195476144131325,False,0.008385266101132605,0.017318492014596596,0.585480774069845,1.209221506883231,BTC
81,2024-06-24 20:00:00+00:00,2024-06-25 08:00:00+00:00,1,3,0.021363987882008474,False,0.018158452610435624,0.038305278549347635,1.3428577410125238,2.832760088382797,BTC
82,2024-07-05 04:00:00+00:00,2024-07-05 16:00:00+00:00,1,3,0.02425258941495665,False,0.034141332183878874,0.026241247785911723,1.527952922774303,1.1743944564254902,BTC
83,2024-08-05 04:00:00+00:00,2024-08-05 16:00:00+00:00,1,3,0.008368061609778602,False,0.09238249594813612,0.02020269530169453,2.96735281988342,0.6489164885346257,BTC
84,2024-08-15 20:00:00+00:00,2024-08-16 08:00:00+00:00,1,3,0.023314474132631026,False,0.018129061232509534,0.02837599820358441,0.7766463498303035,1.215623641233321,BTC
85,2024-08-28 00:00:00+00:00,2024-08-28 12:00:00+00:00,1,3,0.00742520267301023,False,0.015312076383568152,0.0136954929316573,0.9019817333725871,0.8067543646232546,BTC
86,2024-09-06 16:00:00+00:00,2024-09-07 04:00:00+00:00,1,3,-0.00583782181966027,False,0.02797558776870939,0.007254438461296422,1.3397900054230751,0.34742519891835283,BTC
87,2024-10-02 20:00:00+00:00,2024-10-03 08:00:00+00:00,1,3,0.01076149397054922,False,0.0010589310946720488,0.021570941733854185,0.062081510057217695,1.2646305722174138,BTC
88,2024-10-31 16:00:00+00:00,2024-11-01 04:00:00+00:00,1,3,-0.019307238929290833,False,0.025033020143349228,0.004016212076383018,2.0133804931677117,0.3230198755367714,BTC
89,2024-11-14 16:00:00+00:00,2024-11-15 04:00:00+00:00,1,3,0.0016504817993259558,False,0.014613636363636363,0.020044318181818115,0.5476486125989944,0.7511643761767987,BTC
90,2024-12-19 20:00:00+00:00,2024-12-20 08:00:00+00:00,1,3,0.005047057382669674,False,0.015342881341455094,0.012547840378050781,0.7391885145717162,0.6045291809090346,BTC
91,2024-12-20 12:00:00+00:00,2024-12-20 16:00:00+00:00,1,1,0.04419836509910473,False,0.004772685355459898,0.05220185277263352,0.1950028393552262,2.132868343944312,BTC
92,2025-01-20 00:00:00+00:00,2025-01-20 08:00:00+00:00,1,2,0.05602412240212078,False,0.017870626730430404,0.08576025426531045,0.9345323828002318,4.484774707517158,BTC
93,2025-02-03 04:00:00+00:00,2025-02-03 16:00:00+00:00,1,3,0.04890812127593859,False,0.01495612840632509,0.05850751476570599,0.7386211779899033,2.8894435981996134,BTC
94,2025-02-21 20:00:00+00:00,2025-02-22 08:00:00+00:00,1,3,0.008662574797080299,False,0.0043791175621408,0.013598257172104224,0.3466454766522225,1.07642105336838,BTC
95,2025-02-25 08:00:00+00:00,2025-02-25 20:00:00+00:00,1,3,-0.01655411785365909,False,0.03632528183601474,0.007719892586953884,2.3185114025585882,0.4927328319207824,BTC
96,2025-02-26 20:00:00+00:00,2025-02-27 08:00:00+00:00,1,3,0.02664332775688966,False,0.019205076820307282,0.034062171962973564,0.8479383107321937,1.5039054945936514,BTC
97,2025-02-28 04:00:00+00:00,2025-02-28 16:00:00+00:00,1,3,0.042297880952820575,False,0.027713815380483706,0.04913265331496518,1.0145551369297077,1.7986619715590502,BTC
98,2025-03-03 20:00:00+00:00,2025-03-04 08:00:00+00:00,1,3,-0.029528627804688814,False,0.03660931363381335,0.01692420983729187,1.2387850717996844,0.5726810042971762,BTC
99,2025-04-03 00:00:00+00:00,2025-04-03 12:00:00+00:00,1,3,0.005349740019314936,False,0.004216519104662574,0.017022468300335346,0.22428459414230753,0.9054571553628792,BTC
100,2025-04-06 20:00:00+00:00,2025-04-07 08:00:00+00:00,1,3,-0.0590583197214782,False,0.06428846110344523,0.003595458738309308,3.9368964030254756,0.22017868107466432,BTC
101,2019-12-16 20:00:00+00:00,2019-12-17 08:00:00+00:00,1,3,-0.0066090095870294414,False,0.007670691881218128,0.008885850991114271,0.42464751683929414,0.4919184105960252,ETH
102,2019-12-17 16:00:00+00:00,2019-12-18 08:00:00+00:00,1,4,-0.04552538485169565,False,0.0634583628214202,0.009986632067311442,3.158823508175354,0.4971134888950042,ETH
103,2020-01-19 12:00:00+00:00,2020-01-20 00:00:00+00:00,1,3,-0.0011642692764216617,False,0.030323005932762045,0.00545334691676153,0.9011255426496962,0.16206012723541896,ETH
104,2020-02-20 00:00:00+00:00,2020-02-20 12:00:00+00:00,1,3,-0.019503992362740773,False,0.02279147157837718,0.02279147157837707,0.5315271192367521,0.5315271192367494,ETH
105,2020-03-08 16:00:00+00:00,2020-03-09 12:00:00+00:00,1,5,-0.07480728997849223,False,0.09981106861434956,0.005575779917976167,3.214930968662209,0.17959679003145423,ETH
106,2020-03-12 08:00:00+00:00,2020-03-13 04:00:00+00:00,1,5,-0.2552936675263118,False,0.5098917723728617,0.8794367508437099,9.942873617623022,17.14898914261718,ETH
107,2020-03-16 08:00:00+00:00,2020-03-16 20:00:00+00:00,1,3,0.030920351705617532,False,0.06596379921627175,0.08397089009143496,0.5086966955766496,0.6475629788104446,ETH
108,2020-05-10 04:00:00+00:00,2020-05-10 16:00:00+00:00,1,3,0.011159101952869756,False,0.015219963429063054,0.037969237388404874,0.41775759784506244,1.0421797317265578,ETH
109,2020-06-02 16:00:00+00:00,2020-06-03 04:00:00+00:00,1,3,0.008085118975097373,False,0.006763988184425756,0.02512950040669551,0.20270380253054365,0.753083114464736,ETH
110,2020-06-27 20:00:00+00:00,2020-06-28 08:00:00+00:00,1,3,0.011407692380019964,False,0.005603527466470691,0.022643762630902106,0.28417976570158965,1.1483657745154427,ETH
111,2020-08-02 08:00:00+00:00,2020-08-02 20:00:00+00:00,1,3,-0.003339272230749423,False,0.07200315457413246,0.022607781282860208,1.4475718166295188,0.4545132392484082,ETH
112,2020-09-02 12:00:00+00:00,2020-09-03 00:00:00+00:00,1,3,-0.005923618872095214,False,0.046929119597944484,0.015733592918751246,1.3258246185149074,0.44449981180311543,ETH
113,2020-09-05 12:00:00+00:00,2020-09-06 08:00:00+00:00,1,5,-0.04292345236406059,False,0.13752560541010744,0.013441086511210317,2.5782901174196464,0.2519895870728456,ETH
114,2020-11-02 12:00:00+00:00,2020-11-03 00:00:00+00:00,1,3,-0.004571677560959639,False,0.016994586716635514,0.011789506558400928,0.8987602308328175,0.6234891034720704,ETH
115,2020-11-09 16:00:00+00:00,2020-11-10 04:00:00+00:00,1,3,0.02447748159107662,False,0.009725583306698303,0.02913108990457055,0.30482968030952934,0.9130579156689203,ETH
116,2020-11-26 04:00:00+00:00,2020-11-26 16:00:00+00:00,1,3,-0.046858332520511164,False,0.09767144655979257,0.009190174594523457,2.1327559234949627,0.2006768609946187,ETH
117,2020-12-21 12:00:00+00:00,2020-12-22 00:00:00+00:00,1,3,0.0001698717463281894,False,0.018976707409481736,0.02131585016308117,0.6151037084069546,0.690923783575177,ETH
118,2021-01-04 12:00:00+00:00,2021-01-05 00:00:00+00:00,1,3,0.06496382053754936,False,0.02158383821843789,0.08408383821843783,0.3503594787307552,1.364890221551389,ETH
119,2021-01-11 04:00:00+00:00,2021-01-11 16:00:00+00:00,1,3,-0.12086700463367131,False,0.1393677770839555,0.040489054199585525,1.7116086206025067,0.49725564731010496,ETH
120,2021-02-23 12:00:00+00:00,2021-02-23 16:00:00+00:00,1,1,0.08159319479804576,False,0.01913575999449525,0.10236014587490538,0.28021248877008403,1.4989000298251631,ETH
121,2021-04-18 04:00:00+00:00,2021-04-19 00:00:00+00:00,1,5,0.0375741661553361,False,0.054478442280945755,0.042466388502549794,1.1727518085849387,0.9141695657082824,ETH
122,2021-04-19 16:00:00+00:00,2021-04-20 04:00:00+00:00,1,3,0.0047718513450203184,False,0.020978820835718382,0.059959931310818455,0.4440931066398154,1.2692702024698654,ETH
123,2021-05-17 04:00:00+00:00,2021-05-17 16:00:00+00:00,1,3,0.016231445616287872,False,0.037579072503403116,0.10216444616910275,0.5921164349245166,1.6097589326135873,ETH
124,2021-05-21 16:00:00+00:00,2021-05-22 04:00:00+00:00,1,3,-0.038263620774451876,False,0.13398883013634183,0.04160010567202859,1.1327201849809718,0.35168065385823144,ETH
125,2021-09-07 16:00:00+00:00,2021-09-08 04:00:00+00:00,1,3,-0.007578220339728413,False,0.03908855185201283,0.03573653180363012,0.9817180876331464,0.8975313230769971,ETH
126,2021-09-24 12:00:00+00:00,2021-09-25 00:00:00+00:00,1,3,0.03383932994873543,False,0.021391358514072163,0.05450478509541876,0.48795933118145135,1.2433113335860926,ETH
127,2021-11-16 04:00:00+00:00,2021-11-16 16:00:00+00:00,1,3,-0.008142267645882405,False,0.0544749518192719,0.013244772014128298,2.2589228908383037,0.5492234079602137,ETH
128,2021-11-26 12:00:00+00:00,2021-11-27 00:00:00+00:00,1,3,0.012600815938491973,False,0.018397209045503647,0.03539643099164213,0.5842257973676221,1.1240568104059399,ETH
129,2021-12-03 20:00:00+00:00,2021-12-04 08:00:00+00:00,1,3,-0.08298837817773548,False,0.198892023086399,0.004802179068552324,6.291789479570102,0.15191307963821218,ETH
130,2022-01-05 20:00:00+00:00,2022-01-06 08:00:00+00:00,1,3,-0.0575138972744918,False,0.06804758020812232,0.0027205894427992116,3.4116684918070943,0.13640087204795562,ETH
131,2022-01-07 04:00:00+00:00,2022-01-07 16:00:00+00:00,1,3,-0.03510042930329901,False,0.06092555704822353,0.01753833325612636,2.0389331057254307,0.5869374040660331,ETH
132,2022-01-21 00:00:00+00:00,2022-01-21 16:00:00+00:00,1,4,-0.05812756560845489,False,0.09119243179818133,0.010660284274247318,3.3906405204281542,0.3963617496190824,ETH
133,2022-01-22 00:00:00+00:00,2022-01-22 12:00:00+00:00,1,3,-0.05560323762019126,False,0.10648990420388714,0.02286406613398992,2.54824321192356,0.5471241781883809,ETH
134,2022-02-24 04:00:00+00:00,2022-02-24 16:00:00+00:00,1,3,0.02275338159662346,False,0.04038072178505084,0.03354693272662762,1.048176576650465,0.8707895141076345,ETH
135,2022-02-27 20:00:00+00:00,2022-02-28 08:00:00+00:00,1,3,0.009376181738049837,False,0.020035381386014007,0.02799811196942313,0.4854952044181791,0.6784472345211711,ETH
136,2022-03-07 20:00:00+00:00,2022-03-08 08:00:00+00:00,1,3,0.029536037558610638,False,0.006373364461273808,0.046211976393741284,0.205855169611574,1.4926141908913149,ETH
137,2022-04-11 12:00:00+00:00,2022-04-12 00:00:00+00:00,1,3,-0.024926032499242738,False,0.03416249897515785,0.0048372550627203414,1.6973333017606835,0.24033470481875843,ETH
138,2022-04-26 16:00:00+00:00,2022-04-27 04:00:00+00:00,1,3,-0.009800446898393045,False,0.033929852182279376,0.009218927665529576,1.5515819249531049,0.42157335246972744,ETH
139,2022-05-05 16:00:00+00:00,2022-05-06 04:00:00+00:00,1,3,-8.150615961946333e-06,False,0.020363782314414443,0.011803769178844402,0.8892005305339368,0.5154208414759506,ETH
140,2022-05-09 20:00:00+00:00,2022-05-10 08:00:00+00:00,1,3,0.04314695605506077,False,0.03235778515628441,0.07375179447434012,0.9462662191211675,2.156786423222824,ETH
141,2022-05-11 16:00:00+00:00,2022-05-12 08:00:00+00:00,1,4,-0.1647528758072893,False,0.21599685591525106,0.008465183235669296,4.332343636181385,0.16978989145356232,ETH
142,2022-05-26 12:00:00+00:00,2022-05-27 00:00:00+00:00,1,3,-0.01446793773695788,False,0.04994795367050545,0.05084017646184092,1.825007463617953,1.8576076631003753,ETH
143,2022-06-07 04:00:00+00:00,2022-06-07 16:00:00+00:00,1,3,0.012699311033633275,False,0.011533861138007633,0.021472916785327815,0.44976183412816406,0.8373343776114471,ETH
144,2022-06-11 12:00:00+00:00,2022-06-12 00:00:00+00:00,1,3,-0.028193047663674156,False,0.04834070866691631,0.010037649120356667,1.565185495643163,0.3250010859747665,ETH
145,2022-06-13 04:00:00+00:00,2022-06-13 16:00:00+00:00,1,3,-0.09272391047222713,False,0.13971170717622586,0.027607702615661363,2.885048245153506,0.570099353832728,ETH
146,2022-08-20 00:00:00+00:00,2022-08-20 12:00:00+00:00,1,3,0.012144775049926766,False,0.0007958763655808174,0.030286826380814428,0.02531002740008224,0.9631651833265883,ETH
147,2022-09-06 20:00:00+00:00,2022-09-07 08:00:00+00:00,1,3,-0.03909703622827316,False,0.05689736137376087,0.007729309185059248,2.1067400550112168,0.28619332890962296,ETH
148,2022-09-13 16:00:00+00:00,2022-09-14 04:00:00+00:00,1,3,0.0032522591936326594,False,0.027851916978051252,0.021634690865701665,0.8702462540118846,0.6759860980994256,ETH
149,2022-09-15 16:00:00+00:00,2022-09-16 04:00:00+00:00,1,3,-0.014278662789138316,False,0.03135851130863798,0.016818833876308784,0.7693721441474664,0.4126452992017931,ETH
150,2022-09-22 00:00:00+00:00,2022-09-22 12:00:00+00:00,1,3,0.04878658436564254,False,0.006904090211302249,0.0549031900272466,0.1692923895090487,1.3462588041167534,ETH
151,2022-11-08 04:00:00+00:00,2022-11-08 16:00:00+00:00,1,3,-0.031477335657310035,False,0.05565697670559021,0.0048859178023992296,2.2735103836330026,0.1995829726090077,ETH
152,2022-11-08 20:00:00+00:00,2022-11-09 08:00:00+00:00,1,3,-0.031194600648328626,False,0.036312529993829896,0.023553249998095684,0.7265108846208663,0.4712338274066961,ETH
153,2022-11-10 00:00:00+00:00,2022-11-10 04:00:00+00:00,1,1,0.06346871167246178,False,0.016087299930094716,0.07671426885400684,0.23455993402987577,1.1185279021176338,ETH
154,2022-12-16 12:00:00+00:00,2022-12-17 00:00:00+00:00,1,3,-0.03968538254424408,False,0.047355828727002613,0.005280092401617103,2.496697969017614,0.2783774738974389,ETH
155,2023-01-25 00:00:00+00:00,2023-01-25 12:00:00+00:00,1,3,-0.008757136959455769,False,0.028078586623307384,0.0016645351191202503,1.3845494487723007,0.08207789133257361,ETH
156,2023-02-09 20:00:00+00:00,2023-02-10 08:00:00+00:00,1,3,-0.019594238564600703,False,0.036147630265724304,0.0017668515844668818,1.9433060149716872,0.09498640122233608,ETH
157,2023-02-17 00:00:00+00:00,2023-02-17 12:00:00+00:00,1,3,0.014903649093317343,False,0.004691885295912175,0.022495424039048133,0.204639465193199,0.9811517661473564,ETH
158,2023-03-03 04:00:00+00:00,2023-03-03 16:00:00+00:00,1,3,-0.0006318857198936874,False,0.004084293685643531,0.009887953570720937,0.20561386605636062,0.4977850560081326,ETH
159,2023-03-09 20:00:00+00:00,2023-03-10 12:00:00+00:00,1,4,-0.0730689625494166,False,0.08086327647161616,0.0007662217203694667,5.635054680731156,0.053395082171341396,ETH
160,2023-03-22 20:00:00+00:00,2023-03-23 08:00:00+00:00,1,3,0.01806226149034825,False,0.0035661841829242075,0.021414586392559963,0.1412916615340236,0.848442575388147,ETH
161,2023-04-19 12:00:00+00:00,2023-04-20 00:00:00+00:00,1,3,-0.025770004807684314,False,0.030140859292169458,0.012773261978088531,1.602111726411678,0.6789518706568735,ETH
162,2023-04-26 20:00:00+00:00,2023-04-27 08:00:00+00:00,1,3,0.02931653435494601,False,0.024822287524830563,0.06129507111235149,1.0854761556754857,2.6804273412083512,ETH
163,2023-06-05 16:00:00+00:00,2023-06-06 04:00:00+00:00,1,3,-0.006010898460243661,False,0.02416229143187006,0.002517936171967304,2.2214360048883344,0.23149435500314902,ETH
164,2023-06-10 08:00:00+00:00,2023-06-10 20:00:00+00:00,1,3,0.005300429861018087,False,0.011164311168354205,0.023755205295106233,0.7483324059550378,1.592287214533387,ETH
165,2023-06-15 00:00:00+00:00,2023-06-15 12:00:00+00:00,1,3,-0.006191895912138437,False,0.014919584530172537,0.002902713643360096,0.9205127259775066,0.17909244343753863,ETH
166,2023-07-14 20:00:00+00:00,2023-07-15 08:00:00+00:00,1,3,0.013478508873996445,False,0.006627331596731879,0.016016487252717426,0.40666046781344894,0.9827895441553105,ETH
167,2023-08-17 16:00:00+00:00,2023-08-18 12:00:00+00:00,1,5,-0.03203447771243249,False,0.141320355285563,0.005815960237470735,14.365549979372243,0.5912061804585822,ETH
168,2023-10-24 16:00:00+00:00,2023-10-25 04:00:00+00:00,1,3,0.004363667625497481,False,0.012595138580276485,0.016150354115218254,0.5853266039461725,0.7505460830412933,ETH
169,2023-11-16 16:00:00+00:00,2023-11-17 04:00:00+00:00,1,3,-0.007564398476928556,False,0.029066884388633696,0.009782461694123997,1.4011643743726625,0.47156195470443,ETH
170,2023-12-11 04:00:00+00:00,2023-12-11 16:00:00+00:00,1,3,-0.015657121100307345,False,0.023013267830729642,0.0015901852699094872,1.091126641925539,0.0753953556860327,ETH
171,2024-01-03 16:00:00+00:00,2024-01-04 04:00:00+00:00,1,3,-0.00566594065687228,False,0.023266191287895633,0.002498862125282197,0.9638030603816422,0.10351548020976452,ETH
172,2024-01-18 20:00:00+00:00,2024-01-19 08:00:00+00:00,1,3,0.008942494764572786,False,0.004570852310227678,0.014589832620717705,0.27490846719851425,0.8774881029233259,ETH
173,2024-01-23 12:00:00+00:00,2024-01-24 00:00:00+00:00,1,3,0.009138779925498521,False,0.022891609715635624,0.013086715833889203,1.1953130533400032,0.6833386754324509,ETH
174,2024-03-05 20:00:00+00:00,2024-03-06 00:00:00+00:00,1,1,0.050803496776237266,False,0.015303176985727116,0.06084855805526203,0.4580114921567186,1.821147262197144,ETH
175,2024-03-20 00:00:00+00:00,2024-03-20 12:00:00+00:00,1,3,0.040107299222900156,False,0.0335336918696615,0.0436317621006011,0.9277471963287858,1.2071216350723226,ETH
176,2024-04-12 20:00:00+00:00,2024-04-13 08:00:00+00:00,1,3,0.014235271721302813,False,0.019856687600172073,0.0208482747008089,0.7108263160112768,0.7463229819176221,ETH
177,2024-04-13 20:00:00+00:00,2024-04-14 08:00:00+00:00,1,3,-0.00069574347706967,False,0.09462373960958295,0.006314519503011398,3.0117919372218203,0.20098570406398975,ETH
178,2024-04-30 12:00:00+00:00,2024-05-01 00:00:00+00:00,1,3,0.0012152634338233577,False,0.02914239519882363,0.01039279025127007,1.2935999539565262,0.4613249150867834,ETH
179,2024-05-01 08:00:00+00:00,2024-05-01 20:00:00+00:00,1,3,0.0179648397395495,False,0.018842666350588545,0.05105473611551732,0.6996770778077173,1.8957947834401645,ETH
180,2024-05-10 16:00:00+00:00,2024-05-11 04:00:00+00:00,1,3,-0.004027001512126966,False,0.013722861952054041,0.006160375450372399,0.7566140201125399,0.3396541079545871,ETH
181,2024-07-05 04:00:00+00:00,2024-07-05 16:00:00+00:00,1,3,0.022420072715800238,False,0.041066334236329154,0.030120791394255397,1.6108056181353783,1.1814723885831635,ETH
182,2024-07-25 04:00:00+00:00,2024-07-25 16:00:00+00:00,1,3,-0.009707807037041064,False,0.019864830722587195,0.008353335017685643,0.8950878202219616,0.37639225508538454,ETH
183,2024-08-02 16:00:00+00:00,2024-08-03 04:00:00+00:00,1,3,-0.02046745457859719,False,0.04115542006446076,0.0032065738055182635,1.7917466913730846,0.13960173405306311,ETH
184,2024-08-05 04:00:00+00:00,2024-08-05 16:00:00+00:00,1,3,0.0590576185743345,False,0.06977639541976155,0.06416573299822204,1.4021084909086436,1.2893661032639727,ETH
185,2024-08-28 00:00:00+00:00,2024-08-28 12:00:00+00:00,1,3,0.02551183323215995,False,0.016050619304717493,0.037997052093258155,0.7341830855703505,1.7380508763425955,ETH
186,2024-10-01 16:00:00+00:00,2024-10-02 04:00:00+00:00,1,3,-0.015381077304630928,False,0.04404130705279087,0.002758030385886507,2.575640948957181,0.16129621202755168,ETH
187,2024-10-02 20:00:00+00:00,2024-10-03 08:00:00+00:00,1,3,-0.004412368092742674,False,0.008693964844491555,0.013363649018606956,0.3902962121058974,0.5999312954640801,ETH
188,2024-10-31 16:00:00+00:00,2024-11-01 04:00:00+00:00,1,3,-0.02504031940872727,False,0.03729773810034753,0.0004487121959975227,2.064465305214929,0.024836647149255823,ETH
189,2024-11-13 20:00:00+00:00,2024-11-14 08:00:00+00:00,1,3,0.01691837139616323,False,0.012723837972792959,0.025979286186677438,0.3878372224211853,0.7918785367017968,ETH
190,2024-12-10 16:00:00+00:00,2024-12-11 04:00:00+00:00,1,3,0.025372580651771986,False,0.01551814981726864,0.02947803860899988,0.5330997462701378,1.0126680749989772,ETH
191,2024-12-19 20:00:00+00:00,2024-12-20 08:00:00+00:00,1,3,-0.016093615523054737,False,0.03395493418087392,0.007563311107686377,1.1679218174166284,0.2601494088465082,ETH
192,2024-12-20 12:00:00+00:00,2024-12-20 16:00:00+00:00,1,1,0.08505343778991864,False,0.0013916091124626855,0.09363725389135134,0.0372569287907412,2.506908347428758,ETH
193,2025-01-07 16:00:00+00:00,2025-01-08 04:00:00+00:00,1,3,-0.03140727271029959,False,0.03501665602491609,0.008575035897850703,1.9307607846665222,0.4728133670701497,ETH
194,2025-01-13 12:00:00+00:00,2025-01-14 00:00:00+00:00,1,3,0.024635271487132626,False,0.051301679523164646,0.027957158092396683,2.407478167101727,1.3119696732592363,ETH
195,2025-01-20 00:00:00+00:00,2025-01-20 12:00:00+00:00,1,3,0.04806263114581669,False,0.022680957640433735,0.07517072943079822,0.6686820718114578,2.2161903342985756,ETH
196,2025-02-03 04:00:00+00:00,2025-02-03 16:00:00+00:00,1,3,0.06706481573304438,False,0.03168694784444013,0.07938368450855939,0.563161693381123,1.4108600933780793,ETH
197,2025-02-25 00:00:00+00:00,2025-02-25 20:00:00+00:00,1,5,-0.016299102017771742,False,0.08961616386773709,0.00681853463202606,3.2115568278018247,0.24435448370012278,ETH
198,2025-02-26 20:00:00+00:00,2025-02-27 08:00:00+00:00,1,3,0.024188767609815826,False,0.018593223144816217,0.03803594922150678,0.5250463420585739,1.0740814462308867,ETH
199,2025-02-28 04:00:00+00:00,2025-02-28 16:00:00+00:00,1,3,0.03407201757329768,False,0.03559897689630586,0.037905153255901776,0.8938139347637715,0.9517170754139601,ETH
200,2025-03-03 20:00:00+00:00,2025-03-04 08:00:00+00:00,1,3,-0.014415283903075265,False,0.05083789078248994,0.030565345045938164,1.1024752753988214,0.6628429440819189,ETH
201,2025-03-10 20:00:00+00:00,2025-03-11 08:00:00+00:00,1,3,0.017144618608017324,False,0.062162191088801645,0.023990453051919516,1.4328870938584322,0.552998695055728,ETH
202,2025-04-03 00:00:00+00:00,2025-04-03 12:00:00+00:00,1,3,-0.0012923516223296062,False,0.0044367649517863044,0.028354049384092368,0.16494298134017615,1.0541016910521335,ETH
203,2025-04-06 20:00:00+00:00,2025-04-07 20:00:00+00:00,1,6,-0.048908130363517696,False,0.1324251485952671,0.008152742397952276,4.817627542503986,0.2965968076302286,ETH
204,2020-10-28 04:00:00+00:00,2020-10-28 16:00:00+00:00,1,3,-0.01869735172686034,False,0.0784475117133088,0.03520324173736868,1.6530468880864913,0.7418031233059657,SOL
205,2020-11-07 20:00:00+00:00,2020-11-08 08:00:00+00:00,1,3,0.05078279861453307,False,0.032358530405405476,0.16057854729729718,0.32299404505548707,1.6028513622492477,SOL
206,2020-11-26 04:00:00+00:00,2020-11-26 16:00:00+00:00,1,3,-0.049660843676838,False,0.11032583277035803,0.012731902510003737,1.1477052815615065,0.13244832500356635,SOL
207,2021-01-05 04:00:00+00:00,2021-01-05 16:00:00+00:00,1,3,0.01492599946629474,False,0.04835419564209543,0.11219286045433471,0.4348510129457288,1.008954411628634,SOL
208,2021-01-06 20:00:00+00:00,2021-01-07 08:00:00+00:00,1,3,0.176432332919008,False,0.046060882453540064,0.381028389009235,0.36255301138863233,2.999139019952499,SOL
209,2021-04-18 04:00:00+00:00,2021-04-18 08:00:00+00:00,1,1,0.2423882296585234,False,0.009443646068569116,0.2651565957252675,0.14107439266482802,3.9610554473779915,SOL
210,2021-05-19 12:00:00+00:00,2021-05-20 12:00:00+00:00,1,6,0.019563808932185227,False,0.42629735752944914,0.08830217856005829,3.8051333357434616,0.7881858926006549,SOL
211,2021-06-22 12:00:00+00:00,2021-06-22 16:00:00+00:00,1,1,0.16276363636363628,False,0.0864545454545455,0.2011818181818181,0.7976628299345342,1.8561806967877208,SOL
212,2021-09-08 08:00:00+00:00,2021-09-08 20:00:00+00:00,1,3,0.25635069402611266,False,0.03935126074629889,0.2810963352910748,0.4090194367896603,2.9217326856600545,SOL
213,2021-11-26 12:00:00+00:00,2021-11-27 00:00:00+00:00,1,3,0.037630206788208415,False,0.01501576061142527,0.08323977719245217,0.34164016283005116,1.893880154983854,SOL
214,2021-12-04 04:00:00+00:00,2021-12-04 16:00:00+00:00,1,3,0.0463780359305601,False,0.1533031378789734,0.05869751499571541,2.816928460348566,1.0785604445598627,SOL
215,2022-01-05 20:00:00+00:00,2022-01-06 08:00:00+00:00,1,3,-0.05218165301588282,False,0.08941962316466065,0.006868737790661059,3.636950054514353,0.27937107536438743,SOL
216,2022-01-07 04:00:00+00:00,2022-01-07 16:00:00+00:00,1,3,-0.02805118184244389,False,0.04755765649620409,0.026285632430883738,1.2357496836445143,0.683012249845684,SOL
217,2022-01-21 00:00:00+00:00,2022-01-21 12:00:00+00:00,1,3,-0.04317859906111386,False,0.0510788544527266,0.009807767752059519,1.4705433244161032,0.28236238948081516,SOL
218,2022-01-22 00:00:00+00:00,2022-01-22 20:00:00+00:00,1,5,-0.21040016716420187,False,0.22040998217468807,0.01720142602495537,4.31007150491799,0.33637031963168973,SOL
219,2022-02-24 04:00:00+00:00,2022-02-24 16:00:00+00:00,1,3,0.09208370992951913,False,0.02878162106350031,0.11254517294785749,0.5301980381788419,2.073240759156723,SOL
220,2022-05-01 00:00:00+00:00,2022-05-01 12:00:00+00:00,1,3,0.04221063983065409,False,0.005917159763313609,0.06390532544378705,0.1790831712938231,1.9340982499732915,SOL
221,2022-05-05 16:00:00+00:00,2022-05-06 04:00:00+00:00,1,3,-0.025990048041493928,False,0.045459898716287826,0.01554587209987054,1.3359201413747024,0.45684315715404594,SOL
222,2022-05-09 20:00:00+00:00,2022-05-10 08:00:00+00:00,1,3,0.05921593309192901,False,0.07805777504609708,0.12154271665642281,1.5731951525246732,2.449601113478379,SOL
223,2022-05-11 16:00:00+00:00,2022-05-12 16:00:00+00:00,1,6,-0.19658492400245084,False,0.3320129636298163,0.021786100108030265,3.4166505011263277,0.22419452854462366,SOL
224,2022-09-06 20:00:00+00:00,2022-09-07 08:00:00+00:00,1,3,0.000854497983317764,False,0.023548387096774207,0.009999999999999959,0.7992559282025681,0.3394100517024588,SOL
225,2022-09-13 16:00:00+00:00,2022-09-14 04:00:00+00:00,1,3,-0.03397823284164046,False,0.06019585253456211,0.015841013824884915,1.5602618767796177,0.4105952307314822,SOL
226,2022-11-07 08:00:00+00:00,2022-11-07 20:00:00+00:00,1,3,0.050101091937124975,False,0.003577235772357705,0.06926829268292692,0.0842485234448465,1.631357772159311,SOL
227,2022-11-08 00:00:00+00:00,2022-11-08 16:00:00+00:00,1,4,-0.05863748816712291,False,0.16830010138560325,0.002703616086515777,3.2010574742440565,0.05142261002801815,SOL
228,2022-11-08 20:00:00+00:00,2022-11-10 04:00:00+00:00,1,8,-0.3266322389386788,False,0.5854377474703035,0.08578970523537172,4.931506387896348,0.7226600628539772,SOL
229,2022-12-28 08:00:00+00:00,2022-12-28 20:00:00+00:00,1,3,-0.03640425410242751,False,0.03720517122273748,0.026349550972071575,1.2289533252849154,0.870372779445822,SOL
230,2022-12-29 20:00:00+00:00,2022-12-30 00:00:00+00:00,1,1,0.09641572523809536,False,0.11403508771929828,0.24060150375939848,2.762254518224051,5.828053489000194,SOL
231,2023-03-11 08:00:00+00:00,2023-03-11 20:00:00+00:00,1,3,0.0498720476947629,False,0.007388729255849482,0.052014308332844685,0.17102051084830755,1.2039301041464079,SOL
232,2023-04-26 20:00:00+00:00,2023-04-27 08:00:00+00:00,1,3,0.026367702779446025,False,0.03692628980967292,0.04808011770848174,1.1962101054495675,1.5575332092807401,SOL
233,2023-06-05 16:00:00+00:00,2023-06-06 04:00:00+00:00,1,3,0.000487526513248463,False,0.04142427281845539,0.03380140421263789,1.8737211130696136,1.52892013342484,SOL
234,2023-06-09 20:00:00+00:00,2023-06-10 20:00:00+00:00,1,6,-0.11697770656596262,False,0.2751121850189852,0.02082614198596239,8.301231313107431,0.6284077238278701,SOL
235,2023-07-07 00:00:00+00:00,2023-07-07 12:00:00+00:00,1,3,0.028197210787056885,False,0.01699673336055525,0.0479787668436097,0.47635117576076824,1.3446549706159907,SOL
236,2023-08-18 00:00:00+00:00,2023-08-18 12:00:00+00:00,1,3,0.014460692439215318,False,0.01708139051752001,0.02432944000738643,0.48292045116849547,0.68783534531296,SOL
237,2023-11-02 16:00:00+00:00,2023-11-03 04:00:00+00:00,1,3,-0.02884567779197807,False,0.05119752253939705,0.05217152418770775,1.0037433954677257,1.022839001527848,SOL
238,2024-03-05 20:00:00+00:00,2024-03-06 08:00:00+00:00,1,3,0.11360514132321413,False,0.028538650275923873,0.11746233785809379,0.4686076242034221,1.9287438804874981,SOL
239,2024-04-12 20:00:00+00:00,2024-04-13 08:00:00+00:00,1,3,0.010970828879952845,False,0.025161657788052558,0.03854323717626549,0.6246815110439772,0.9569022773701523,SOL
240,2024-04-13 20:00:00+00:00,2024-04-14 08:00:00+00:00,1,3,0.07561041509428437,False,0.1555081893650438,0.08086156607583564,2.952887699355321,1.535450478787557,SOL
241,2024-06-07 20:00:00+00:00,2024-06-08 08:00:00+00:00,1,3,0.00793145451450752,False,0.005863654599882657,0.011134771471777319,0.25932241960062247,0.4924396262731885,SOL
242,2024-06-11 16:00:00+00:00,2024-06-12 04:00:00+00:00,1,3,0.011879067384952958,False,0.016748761797646096,0.017914128718841717,0.7091744899147648,0.7585183460091655,SOL
243,2024-06-18 04:00:00+00:00,2024-06-18 16:00:00+00:00,1,3,0.001724928737184478,False,0.02011422162537077,0.023877337189911824,0.6087387438594765,0.7226260363643655,SOL
244,2024-08-04 16:00:00+00:00,2024-08-05 16:00:00+00:00,1,6,-0.022883701163217772,False,0.19236773377329597,0.06501779333101501,4.452820709644946,1.504995515417088,SOL
245,2024-10-01 16:00:00+00:00,2024-10-02 04:00:00+00:00,1,3,-0.0174460707726882,False,0.048994823642711106,0.002721934646817157,2.1112271260538042,0.11729039589187255,SOL
246,2024-10-02 20:00:00+00:00,2024-10-03 08:00:00+00:00,1,3,-0.001588181314698594,False,0.009550497540889945,0.021352796522932593,0.3141287228081552,0.702322226817327,SOL
247,2024-12-19 20:00:00+00:00,2024-12-20 08:00:00+00:00,1,3,-0.0037690160526256946,False,0.023677897152393972,0.04104516532804842,0.6321734167400054,1.095860085846657,SOL
248,2024-12-20 12:00:00+00:00,2024-12-20 16:00:00+00:00,1,1,0.0762933015169594,False,0.001249928981307874,0.08584739503437312,0.02674006260955758,1.8365561183200791,SOL
249,2025-02-18 08:00:00+00:00,2025-02-18 20:00:00+00:00,1,3,-0.003957568696782483,False,0.0292839029102765,0.03538220021736496,0.9379777133208426,1.1333091546515732,SOL
250,2025-02-25 00:00:00+00:00,2025-02-25 12:00:00+00:00,1,3,-0.00453560846313709,False,0.07062724899456707,0.018838636844704833,1.7806008835081972,0.47494549040628564,SOL
251,2025-02-28 04:00:00+00:00,2025-02-28 16:00:00+00:00,1,3,0.13512441870884453,False,0.016223841993886726,0.1583196175248843,0.3522886640605029,3.4377927603971643,SOL
252,2025-03-03 20:00:00+00:00,2025-03-04 08:00:00+00:00,1,3,-0.04258666379299818,False,0.06657263751763044,0.022496473906911126,1.0485676735064857,0.3543358981446703,SOL
253,2025-04-03 00:00:00+00:00,2025-04-03 12:00:00+00:00,1,3,-0.015130431308958055,False,0.019686381455599134,0.030253962843020257,0.5300658796522677,0.8146034081236134,SOL
254,2020-03-09 00:00:00+00:00,2020-03-09 12:00:00+00:00,1,3,-0.010362327112762148,False,0.0376398177191217,0.03361543469254906,0.9673832199381922,0.8639523096303383,BNB
255,2020-03-12 12:00:00+00:00,2020-03-13 08:00:00+00:00,1,5,-0.0433786037938554,False,0.45013667225112425,0.1101313817123711,4.911899901895429,1.2017557252629565,BNB
256,2020-05-10 04:00:00+00:00,2020-05-10 16:00:00+00:00,1,3,0.011876281664695672,False,0.013978566198495579,0.03022032882912871,0.38257279176045894,0.8270859402821398,BNB
257,2020-06-02 16:00:00+00:00,2020-06-03 04:00:00+00:00,1,3,0.005369974598147965,False,0.005337556454924106,0.016423250630535582,0.2157989839894271,0.6639968738136167,BNB
258,2020-06-27 20:00:00+00:00,2020-06-28 08:00:00+00:00,1,3,0.01229929696374581,False,0.006349842924938215,0.024864648085021045,0.37290031261075623,1.4601991188547405,BNB
259,2020-07-09 16:00:00+00:00,2020-07-10 04:00:00+00:00,1,3,0.006241859840726494,False,0.002417794970986409,0.01922147001934223,0.1130147598364351,0.898467340699672,BNB
260,2020-07-16 08:00:00+00:00,2020-07-16 20:00:00+00:00,1,3,0.005903637413196893,False,0.014350363224961275,0.02113850184589737,0.5361388017692547,0.7897480275024311,BNB
261,2020-08-02 08:00:00+00:00,2020-08-02 20:00:00+00:00,1,3,-0.0022969646591202804,False,0.05462043830623905,0.005610703495899742,1.6704838419181376,0.17159491615839959,BNB
262,2020-09-03 16:00:00+00:00,2020-09-04 12:00:00+00:00,1,5,-0.04155936170277315,False,0.12391440594502644,0.017414271644730923,2.695067438450268,0.37875044564926025,BNB
263,2020-09-05 20:00:00+00:00,2020-09-06 00:00:00+00:00,1,1,0.06522040300883974,False,0.01570306923625989,0.06808323724811939,0.2298551395522401,0.9965747309257903,BNB
264,2020-11-03 04:00:00+00:00,2020-11-03 16:00:00+00:00,1,3,0.011888311450671086,False,0.013040494166094667,0.030885380919698096,0.541708667151754,1.282994211675215,BNB
265,2020-11-07 20:00:00+00:00,2020-11-08 08:00:00+00:00,1,3,0.013295433592655241,False,0.020751276440554432,0.03129102844638938,0.6734610580534498,1.0155177290155628,BNB
266,2020-12-21 12:00:00+00:00,2020-12-22 00:00:00+00:00,1,3,-0.00775488628850558,False,0.025642611896439748,0.020136719354140128,0.6792166662157929,0.5333776232888761,BNB
267,2021-01-11 04:00:00+00:00,2021-01-11 16:00:00+00:00,1,3,-0.080579299429334,False,0.0840080971659919,0.01872469635627517,1.7369482971313142,0.3871511264690251,BNB
268,2021-04-07 12:00:00+00:00,2021-04-08 00:00:00+00:00,1,3,0.009936033626359569,False,0.03954849408293589,0.04867714042663161,0.7854070314118629,0.9666959323387972,BNB
269,2021-04-18 12:00:00+00:00,2021-04-19 00:00:00+00:00,1,3,0.11403845344487912,False,0.0018096188200356653,0.1249704196923649,0.023976859229169152,1.6558173067159894,BNB
270,2021-05-13 00:00:00+00:00,2021-05-13 12:00:00+00:00,1,3,-0.0035987945517792176,False,0.10632890085844146,0.06623464063289013,2.4570709243798468,1.5305642057043998,BNB
271,2021-05-17 04:00:00+00:00,2021-05-17 16:00:00+00:00,1,3,-0.0042861452989519195,False,0.04831858407079645,0.06784660766961652,0.8313355417234575,1.1673209682319614,BNB
272,2021-05-19 04:00:00+00:00,2021-05-20 12:00:00+00:00,1,8,-0.17532793570892913,False,0.4493028173667864,0.017203779985461472,6.858983972150915,0.26263011630385963,BNB
273,2021-05-21 16:00:00+00:00,2021-05-22 04:00:00+00:00,1,3,-0.04089210163256209,False,0.16580878993695367,0.05007157433070386,1.2916684507715432,0.3900629928487173,BNB
274,2021-06-22 00:00:00+00:00,2021-06-22 12:00:00+00:00,1,3,-0.051978885015275436,False,0.06329301224429396,0.07653608552509895,1.1856139299065616,1.4336851086947273,BNB
275,2021-07-20 04:00:00+00:00,2021-07-20 16:00:00+00:00,1,3,0.0382880454544183,False,0.021601604690634248,0.048179293318932295,0.6292727499102384,1.403502972567652,BNB
276,2021-09-07 12:00:00+00:00,2021-09-08 04:00:00+00:00,1,4,-0.12039156458363606,False,0.2909017336116199,0.009221791540656778,12.055937620177206,0.3821817841376901,BNB
277,2021-09-24 12:00:00+00:00,2021-09-25 00:00:00+00:00,1,3,0.02673933473647199,False,0.02581785517661043,0.0397554402943988,0.6395888634917851,0.9848663532106899,BNB
278,2021-10-27 12:00:00+00:00,2021-10-28 00:00:00+00:00,1,3,-0.00715669117656521,False,0.0104833883729693,0.016822181342671546,0.4636761037734469,0.7440383990783165,BNB
279,2021-11-26 12:00:00+00:00,2021-11-27 00:00:00+00:00,1,3,0.02964755923366174,False,0.009492893490085924,0.045744867520617745,0.26622498349062124,1.282899319704353,BNB
280,2021-12-04 08:00:00+00:00,2021-12-04 16:00:00+00:00,1,2,0.048030121711962206,False,0.022833690887044136,0.060143643316854796,0.5490265813601158,1.4461288384844877,BNB
281,2022-01-05 20:00:00+00:00,2022-01-06 08:00:00+00:00,1,3,-0.043203730000620236,False,0.07374319824575651,0.00440591245025586,4.3748139974862275,0.2613806821185349,BNB
282,2022-01-08 20:00:00+00:00,2022-01-09 08:00:00+00:00,1,3,0.026808671356942457,False,0.008068343616516321,0.039273849074513555,0.2656897353904033,1.293283859032708,BNB
283,2022-01-21 00:00:00+00:00,2022-01-21 12:00:00+00:00,1,3,-0.031993954574236434,False,0.04953982501988413,0.010271560049994277,1.8217886295277126,0.3777286516268451,BNB
284,2022-01-22 00:00:00+00:00,2022-01-22 20:00:00+00:00,1,5,-0.0908665203397116,False,0.12485335140912998,0.014104335584117698,3.221100875544832,0.36387880009809204,BNB
285,2022-02-21 12:00:00+00:00,2022-02-22 00:00:00+00:00,1,3,-0.03794666718408286,False,0.04159122233332429,0.03734832310893725,1.5726680711794288,1.4122334466341653,BNB
286,2022-02-24 04:00:00+00:00,2022-02-24 16:00:00+00:00,1,3,0.00799989225086475,False,0.05461250292671513,0.011443455865136877,1.6096253760446966,0.33727948662029494,BNB
287,2022-04-25 08:00:00+00:00,2022-04-25 20:00:00+00:00,1,3,0.046273018515965963,False,0.0038062464153500696,0.049324782313989304,0.23561186107058169,3.0532715146955285,BNB
288,2022-05-01 00:00:00+00:00,2022-05-01 12:00:00+00:00,1,3,0.017064325089239902,False,0.0043025602889620864,0.023849994688197224,0.22469480081926668,1.2455304391092672,BNB
289,2022-05-05 16:00:00+00:00,2022-05-06 04:00:00+00:00,1,3,-0.007320141607324574,False,0.028437885670771695,0.004962844313735901,1.325472789891019,0.23131519601976794,BNB
290,2022-05-09 20:00:00+00:00,2022-05-10 08:00:00+00:00,1,3,0.052665486771306065,False,0.05610290988838332,0.08854047330692943,1.6355481416355884,2.5811888699674865,BNB
291,2022-05-11 08:00:00+00:00,2022-05-12 12:00:00+00:00,1,7,-0.08208589186003334,False,0.2786519101273419,0.05443696246416422,6.091259625499763,1.1899781036536785,BNB
292,2022-06-13 04:00:00+00:00,2022-06-13 16:00:00+00:00,1,3,-0.06827847954968397,False,0.11224107031217441,0.02754970199641556,2.9320321566830048,0.719670722453569,BNB
293,2022-09-06 20:00:00+00:00,2022-09-07 08:00:00+00:00,1,3,-0.006812471057627967,False,0.02952029520295194,0.005685669101588941,1.4616369745738298,0.28151426423551995,BNB
294,2022-09-13 16:00:00+00:00,2022-09-14 04:00:00+00:00,1,3,-0.012019083516064295,False,0.027496995829504392,0.004948045522018722,1.3853672345822416,0.24929487511762385,BNB
295,2022-09-27 20:00:00+00:00,2022-09-28 08:00:00+00:00,1,3,-0.005908710704522308,False,0.019701712391824795,0.007180997974590273,1.0585714053869997,0.3858344374775006,BNB
296,2022-11-07 00:00:00+00:00,2022-11-07 12:00:00+00:00,1,3,-0.017819967126795407,False,0.031656252776214866,0.013651573928751262,1.3992712900437958,0.6034275628720224,BNB
297,2022-11-09 16:00:00+00:00,2022-11-10 04:00:00+00:00,1,3,-0.02313575677183509,False,0.1038499982766346,0.014579671181884047,1.621291951646992,0.22761582991924348,BNB
298,2022-12-16 12:00:00+00:00,2022-12-17 12:00:00+00:00,1,6,-0.056984841031192314,False,0.12849806934437324,0.0020301739580430352,5.050419512322252,0.07979287333594492,BNB
299,2023-02-13 12:00:00+00:00,2023-02-14 00:00:00+00:00,1,3,0.00493189124079714,False,0.03400383141762452,0.007765462506841755,1.5638847607039081,0.3571447089333847,BNB
300,2023-02-17 00:00:00+00:00,2023-02-17 12:00:00+00:00,1,3,0.01630344464848837,False,0.005163284769954264,0.02298812773374555,0.2144907009767412,0.954961783329573,BNB
301,2023-03-03 04:00:00+00:00,2023-03-03 16:00:00+00:00,1,3,-0.005000749792343387,False,0.009213568446116207,0.00697056489181815,0.6551231681661565,0.4956362545676466,BNB
302,2023-03-09 20:00:00+00:00,2023-03-10 08:00:00+00:00,1,3,-0.025403429439012068,False,0.03394797026872499,0.00021440823327616596,2.251522483675428,0.01422014200216114,BNB
303,2023-03-27 16:00:00+00:00,2023-03-28 04:00:00+00:00,1,3,-0.02089541724452281,False,0.027011530865770586,0.004905395935529147,1.7211519989634947,0.31256769792497774,BNB
304,2023-04-19 12:00:00+00:00,2023-04-20 00:00:00+00:00,1,3,-0.01572030803736042,False,0.02244854267975665,0.008991650610147712,1.4004250438119163,0.5609331919355603,BNB
305,2023-04-26 20:00:00+00:00,2023-04-27 08:00:00+00:00,1,3,0.01107114503990244,False,0.01600073425931597,0.027932448142935797,1.0208087895251228,1.782023756857425,BNB
306,2023-06-05 16:00:00+00:00,2023-06-06 04:00:00+00:00,1,3,0.00018700442109813732,False,0.015054777624610148,0.028186896901980632,1.113013347128069,2.0838828210084346,BNB
307,2023-06-07 16:00:00+00:00,2023-06-08 04:00:00+00:00,1,3,-0.0022434664796396426,False,0.01498590243714041,0.01977521146344269,0.6303290299021767,0.8317743899739927,BNB
308,2023-06-10 04:00:00+00:00,2023-06-10 20:00:00+00:00,1,4,-0.04541206033561968,False,0.09949571760185709,0.0003201793004081649,4.370943046158938,0.014065786150146632,BNB
309,2023-06-24 16:00:00+00:00,2023-06-25 04:00:00+00:00,1,3,0.02509845295080742,False,0.011938503822038997,0.027784935154169882,0.5214092419785349,1.2134956099284602,BNB
310,2023-07-14 20:00:00+00:00,2023-07-15 08:00:00+00:00,1,3,0.022701998679396096,False,0.00401146131805165,0.023905034793286838,0.19682202489250294,1.1728985973185622,BNB
311,2023-08-17 16:00:00+00:00,2023-08-18 12:00:00+00:00,1,5,-0.024902659180882636,False,0.09122027117137134,0.007601689264280987,8.061958387708538,0.6718298656423819,BNB
312,2023-09-11 12:00:00+00:00,2023-09-12 00:00:00+00:00,1,3,-0.005515951327822521,False,0.015224746254229123,0.007346544224262841,1.752427524371862,0.8456158212841884,BNB
313,2023-10-09 12:00:00+00:00,2023-10-10 00:00:00+00:00,1,3,-0.0077411937102603405,False,0.02737807822308058,0.005746016417189753,3.170348159746731,0.6653817125394376,BNB
314,2023-10-24 16:00:00+00:00,2023-10-25 04:00:00+00:00,1,3,0.013129648210378523,False,0.005445699236709364,0.023612908985403705,0.277462539581117,1.2030957658886132,BNB
315,2023-11-09 20:00:00+00:00,2023-11-10 00:00:00+00:00,1,1,0.02690608510985864,False,0.008290451686678106,0.02887364208118922,0.40319060328873174,1.4042155493848911,BNB
316,2023-11-21 20:00:00+00:00,2023-11-22 12:00:00+00:00,1,4,-0.02514880522087686,False,0.06802579571458288,0.03349282296650723,1.7578414735169399,0.8654815817621646,BNB
317,2024-01-23 12:00:00+00:00,2024-01-24 00:00:00+00:00,1,3,0.007980792196899265,False,0.019435524759168495,0.009971269224269016,1.0275224741703755,0.527163704139582,BNB
318,2024-03-05 20:00:00+00:00,2024-03-06 00:00:00+00:00,1,1,0.04482951951154761,False,0.012237855057074632,0.053835943721794614,0.413145949961172,1.8174837017814653,BNB
319,2024-04-13 20:00:00+00:00,2024-04-14 08:00:00+00:00,1,3,0.037658473428646456,False,0.10182940268900163,0.044963632356182316,3.078244236540428,1.3592247278230392,BNB
320,2024-04-30 12:00:00+00:00,2024-05-01 00:00:00+00:00,1,3,0.016790747928754644,False,0.02274968305395119,0.024035075362727306,1.189248961191328,1.2564433684413148,BNB
321,2024-05-01 08:00:00+00:00,2024-05-01 20:00:00+00:00,1,3,0.005413834716728386,False,0.018354001428754572,0.03657978129064171,0.7509438761428807,1.4966416373825724,BNB
322,2024-06-10 08:00:00+00:00,2024-06-10 20:00:00+00:00,1,3,0.010151753769351003,False,0.009173882518137132,0.019237069974256848,0.49267033659283826,1.0330995323451813,BNB
323,2024-06-11 00:00:00+00:00,2024-06-11 12:00:00+00:00,1,3,-0.03184998545144652,False,0.03590400000000009,0.007071999999999934,1.6524268182037174,0.3254780096461829,BNB
324,2024-07-04 04:00:00+00:00,2024-07-04 16:00:00+00:00,1,3,-0.029374637245220887,False,0.05308488766230152,0.003445146233492033,3.246559368290102,0.21069785153592605,BNB
325,2024-07-05 04:00:00+00:00,2024-07-05 16:00:00+00:00,1,3,0.05412248902293641,False,0.034162683509730264,0.06072891771935822,1.1959126607807369,2.1259009572654484,BNB
326,2024-08-04 16:00:00+00:00,2024-08-05 16:00:00+00:00,1,6,-0.0751037616338322,False,0.2084752853983623,0.019365250134480844,9.310306956703139,0.8648335590515505,BNB
327,2024-09-30 04:00:00+00:00,2024-09-30 16:00:00+00:00,1,3,-0.0135279739230308,False,0.012849335915882788,0.009165744327614753,0.8572032257549299,0.6114639430014873,BNB
328,2024-11-11 08:00:00+00:00,2024-11-11 20:00:00+00:00,1,3,0.029750023600546176,False,0.0035851015508403675,0.04091233534488338,0.16025870275796414,1.8288346079437898,BNB
329,2024-12-10 16:00:00+00:00,2024-12-11 04:00:00+00:00,1,3,0.03126920538133586,False,0.012558344609490202,0.034892737141380095,0.3539516017038784,0.9834369563079896,BNB
330,2024-12-19 20:00:00+00:00,2024-12-20 08:00:00+00:00,1,3,0.019903799086082356,False,0.01638871168626016,0.03230657067347122,0.6369911954683185,1.255681439074251,BNB
331,2024-12-20 12:00:00+00:00,2024-12-20 16:00:00+00:00,1,1,0.07353601653186109,False,0.00301900195347186,0.08130317560258958,0.09227035576296079,2.4848850888891416,BNB
332,2025-01-13 12:00:00+00:00,2025-01-14 00:00:00+00:00,1,3,0.04138082425849647,False,0.005119505619339001,0.04295537851019359,0.3651023216239705,3.0634029116141486,BNB
333,2025-01-20 00:00:00+00:00,2025-01-20 12:00:00+00:00,1,3,0.020369625930670474,False,0.013257437188135539,0.03892360145744015,0.7189051111657295,2.1106927104865933,BNB
334,2025-02-02 20:00:00+00:00,2025-02-03 16:00:00+00:00,1,5,-0.053486808915073805,False,0.20051265619993594,0.008907401473886486,11.51677630316994,0.5116113474402703,BNB
335,2025-02-04 08:00:00+00:00,2025-02-04 20:00:00+00:00,1,3,0.010147255027128255,False,0.008260976552887905,0.0389144725278588,0.20524931851642783,0.9668553004156736,BNB
336,2025-02-13 20:00:00+00:00,2025-02-14 08:00:00+00:00,1,3,0.0007505874043807662,False,0.010431185648127386,0.02568829339208367,0.311689189596872,0.7675794123118326,BNB
337,2025-02-28 04:00:00+00:00,2025-02-28 16:00:00+00:00,1,3,0.025521511148807224,False,0.023131579406784102,0.0359630593041323,0.891620192412415,1.3862170538638314,BNB
338,2025-04-06 20:00:00+00:00,2025-04-07 20:00:00+00:00,1,6,-0.009101206467747213,False,0.08767187052420505,0.016846892008020774,5.608398674328444,1.0777012768109282,BNB
339,2020-01-19 12:00:00+00:00,2020-01-20 00:00:00+00:00,1,3,0.00602796381633132,False,0.03377511757161176,0.011970927746900372,0.9520607946258282,0.3374392689813063,XRP
340,2020-02-20 00:00:00+00:00,2020-02-20 12:00:00+00:00,1,3,-0.024640252461352194,False,0.04260742898761831,0.026219956300072775,0.8618870137804913,0.5303920084803017,XRP
341,2020-03-08 16:00:00+00:00,2020-03-09 04:00:00+00:00,1,3,-0.05045908845215411,False,0.08982584784601286,0.0013748854262144578,3.65026614728515,0.05587142062171047,XRP
342,2020-03-12 08:00:00+00:00,2020-03-12 16:00:00+00:00,1,2,-0.10305511017908743,False,0.2521321961620468,0.011727078891258036,6.466516218052364,0.3007681961884832,XRP
343,2020-03-13 00:00:00+00:00,2020-03-13 08:00:00+00:00,1,2,0.14255549689597657,False,0.24517087667161963,0.1567607726597326,2.6039263420228425,1.664934721717636,XRP
344,2020-04-20 20:00:00+00:00,2020-04-21 08:00:00+00:00,1,3,0.03044740385284065,False,0.0033594624860023357,0.0363941769316908,0.12810209991295826,1.3877727490570033,XRP
345,2020-05-10 04:00:00+00:00,2020-05-10 16:00:00+00:00,1,3,0.004885372240927912,False,0.010802469135802422,0.037551440329218116,0.2876463668194776,0.9999135608486649,XRP
346,2020-06-02 16:00:00+00:00,2020-06-03 04:00:00+00:00,1,3,0.0018165032006009288,False,0.004970178926441356,0.01391650099403577,0.11913126017439271,0.3335675284882989,XRP
347,2020-06-27 20:00:00+00:00,2020-06-28 08:00:00+00:00,1,3,0.028050204614557903,False,0.005830903790087469,0.034402332361515964,0.2934432614113328,1.7313152423268585,XRP
348,2020-08-02 12:00:00+00:00,2020-08-03 00:00:00+00:00,1,3,0.018041375122525752,False,0.03857041755130934,0.06369426751592343,0.553448470943283,0.9139516033925738,XRP
349,2020-09-02 12:00:00+00:00,2020-09-03 00:00:00+00:00,1,3,-0.010144147018005666,False,0.04021543985637358,0.00574506283662474,1.3212029355933186,0.18874327651332937,XRP
350,2020-09-04 00:00:00+00:00,2020-09-04 12:00:00+00:00,1,3,0.05201346229779593,False,0.015996718621821112,0.09023789991796552,0.3855286211357544,2.174776837176057,XRP
351,2020-10-06 20:00:00+00:00,2020-10-07 08:00:00+00:00,1,3,0.00933255493724874,False,0.015996718621821112,0.011484823625922989,0.6577408011258321,0.4722241649108595,XRP
352,2020-11-09 16:00:00+00:00,2020-11-10 04:00:00+00:00,1,3,0.018778419319484457,False,0.004053506282934742,0.025131738954195425,0.1583165924515256,0.9815628731994597,XRP
353,2020-12-23 08:00:00+00:00,2020-12-23 20:00:00+00:00,1,3,-0.12853968056932655,False,0.17321729365524993,0.044357102751263276,1.6674843869031866,0.4270057263058396,XRP
354,2020-12-24 00:00:00+00:00,2020-12-24 12:00:00+00:00,1,3,0.05553482494624217,False,0.0838485316846985,0.18044822256568788,0.48213068477699833,1.0375807824463532,XRP
355,2021-02-01 16:00:00+00:00,2021-02-02 04:00:00+00:00,1,3,-0.1262593126664896,False,0.196976854038734,0.03188474256022676,1.1185159870410946,0.1810547461037745,XRP
356,2021-02-23 12:00:00+00:00,2021-02-24 00:00:00+00:00,1,3,0.08640369155858123,False,0.01574982880620854,0.1113900935859393,0.12502943947516504,0.884266180635955,XRP
357,2021-04-18 04:00:00+00:00,2021-04-19 00:00:00+00:00,1,5,0.08755210121816276,False,0.11277566539923946,0.1102661596958175,0.948884710809443,0.9277699465095708,XRP
358,2021-05-19 12:00:00+00:00,2021-05-20 00:00:00+00:00,1,3,-0.18140011783677215,False,0.34917776037588094,0.03273296789350044,3.324845948804013,0.31168100618974653,XRP
359,2021-09-07 16:00:00+00:00,2021-09-08 04:00:00+00:00,1,3,-0.026599412126582626,False,0.10085590752669202,0.022059472337421806,1.6596036209876364,0.3629929179763001,XRP
360,2021-09-20 04:00:00+00:00,2021-09-20 16:00:00+00:00,1,3,-0.049321153669576207,False,0.11324024054632553,0.013250433187238826,4.121595240165274,0.48227487058639623,XRP
361,2021-10-27 12:00:00+00:00,2021-10-28 00:00:00+00:00,1,3,-0.02040065739112203,False,0.023469085888965627,0.019919140124248096,0.6784604888377925,0.575836213215268,XRP
362,2021-11-11 00:00:00+00:00,2021-11-11 12:00:00+00:00,1,3,0.03476416747586887,False,0.011677728303788982,0.05401999495925399,0.2729914615074038,1.2628310053903626,XRP
363,2021-11-26 12:00:00+00:00,2021-11-27 00:00:00+00:00,1,3,0.003992581037295752,False,0.00781500909966822,0.029333047853548847,0.23674857562483934,0.8886179413863724,XRP
364,2021-12-04 08:00:00+00:00,2021-12-04 20:00:00+00:00,1,3,0.09818029356930658,False,0.012271575296785362,0.1055088702147525,0.19553670309713506,1.6811905668460214,XRP
365,2022-01-21 00:00:00+00:00,2022-01-21 12:00:00+00:00,1,3,-0.046262658909128535,False,0.051987767584097844,0.012371420628301233,2.4840565131424186,0.5911257477798744,XRP
366,2022-01-22 08:00:00+00:00,2022-01-22 20:00:00+00:00,1,3,-0.03367929582256926,False,0.08684034736138953,0.023380093520374103,2.191631127163674,0.5900545342363737,XRP
367,2022-02-22 00:00:00+00:00,2022-02-22 12:00:00+00:00,1,3,-0.0012562492476132878,False,0.049336945672322934,0.017681448738057843,1.0882396003140604,0.3900049434651527,XRP
368,2022-02-24 04:00:00+00:00,2022-02-24 16:00:00+00:00,1,3,0.01788759235167036,False,0.028025677156724636,0.027086268983873462,0.5724682773840306,0.5532793965778606,XRP
369,2022-03-31 16:00:00+00:00,2022-04-01 04:00:00+00:00,1,3,-0.005088373382671405,False,0.028064633701858837,0.010326813266917692,1.0339770355006666,0.38046774033574077,XRP
370,2022-04-11 12:00:00+00:00,2022-04-12 00:00:00+00:00,1,3,-0.020282977219402705,False,0.04041260421082374,0.009467288399039197,1.8545724008956546,0.4344627652447894,XRP
371,2022-04-25 08:00:00+00:00,2022-04-25 20:00:00+00:00,1,3,0.05218288298006171,False,0.009212344541685867,0.055888223552894196,0.406898310578606,2.468516417510207,XRP
372,2022-05-01 00:00:00+00:00,2022-05-01 12:00:00+00:00,1,3,0.0072311519322047196,False,0.015242336016441205,0.02123651310155862,0.5107506951100972,0.7116077100410373,XRP
373,2022-05-05 16:00:00+00:00,2022-05-06 04:00:00+00:00,1,3,0.013186262083103355,False,0.03746253746253759,0.025641025641025588,1.300661606301743,0.8902306105354104,XRP
374,2022-05-09 20:00:00+00:00,2022-05-10 08:00:00+00:00,1,3,0.05497342564964992,False,0.03379070243702645,0.09440917468769194,0.8211137924196217,2.2941421715481516,XRP
375,2022-05-11 16:00:00+00:00,2022-05-12 16:00:00+00:00,1,6,-0.1408978304945211,False,0.2472515144716176,0.004487323311644608,3.7337059992619697,0.06776235933324817,XRP
376,2022-08-19 08:00:00+00:00,2022-08-19 20:00:00+00:00,1,3,-0.012166261371494808,False,0.0336524514070206,0.0,1.1443416494534875,0.0,XRP
377,2022-09-06 20:00:00+00:00,2022-09-07 08:00:00+00:00,1,3,-0.010865691963869288,False,0.034354688950789226,0.005880532342927926,1.9503216191616057,0.3338388357123492,XRP
378,2022-09-13 16:00:00+00:00,2022-09-14 04:00:00+00:00,1,3,-0.012340506779877861,False,0.02566371681415941,0.005604719764011673,1.2044566696417747,0.26304226118612756,XRP
379,2022-09-19 00:00:00+00:00,2022-09-19 12:00:00+00:00,1,3,-0.02149666998944258,False,0.05033557046979855,0.022091722595078352,1.2631044116804397,0.5543624917930844,XRP
380,2022-11-08 04:00:00+00:00,2022-11-08 16:00:00+00:00,1,3,-0.0055669145542162155,False,0.04048214691835338,0.010916534000454916,1.452041908773811,0.39156186304013135,XRP
381,2022-11-08 20:00:00+00:00,2022-11-09 08:00:00+00:00,1,3,-0.016172144904650822,False,0.03487780040733195,0.04658859470468442,0.6630555670340872,0.8856873632645131,XRP
382,2022-11-10 00:00:00+00:00,2022-11-10 12:00:00+00:00,1,3,0.08553532988602114,False,0.009936766034327086,0.13911472448057818,0.13234157975100488,1.8527821165140548,XRP
383,2022-12-16 12:00:00+00:00,2022-12-17 00:00:00+00:00,1,3,-0.0405215794439672,False,0.060016442861057756,0.0013702384214853397,3.15193543724562,0.07196199628414672,XRP
384,2023-02-09 20:00:00+00:00,2023-02-10 08:00:00+00:00,1,3,-0.004361129258243589,False,0.041279669762641934,0.005159958720330242,1.9698645179901926,0.24623306474877407,XRP
385,2023-02-17 00:00:00+00:00,2023-02-17 12:00:00+00:00,1,3,0.007693037973092062,False,0.009116957541026316,0.017452461578536034,0.47368031040868486,0.9067594513537652,XRP
386,2023-03-03 04:00:00+00:00,2023-03-03 16:00:00+00:00,1,3,0.0064811931377871945,False,0.0027449903925336285,0.014822948119681472,0.1469287479394444,0.7934152388729933,XRP
387,2023-03-09 20:00:00+00:00,2023-03-10 08:00:00+00:00,1,3,-0.02430393476839686,False,0.040676175382989885,0.0,1.8023082439890004,0.0,XRP
388,2023-04-19 12:00:00+00:00,2023-04-20 00:00:00+00:00,1,3,-0.014091031252313844,False,0.026956346811506673,0.009253671293502411,1.0728589628056535,0.3682948678288112,XRP
389,2023-04-26 20:00:00+00:00,2023-04-27 08:00:00+00:00,1,3,0.026134819717272474,False,0.03860745369337198,0.04842669047087703,1.5023107552209933,1.8844013519246001,XRP
390,2023-05-31 08:00:00+00:00,2023-05-31 20:00:00+00:00,1,3,0.008128293508152286,False,0.016506189821183088,0.014344664963647029,0.7553353760777823,0.6564224101628264,XRP
391,2023-06-05 16:00:00+00:00,2023-06-06 04:00:00+00:00,1,3,0.002712957137053923,False,0.04425481246279032,0.016471522127406178,1.978802166589007,0.7365048422730347,XRP
392,2023-06-10 08:00:00+00:00,2023-06-10 20:00:00+00:00,1,3,0.030471474002006362,False,0.01982423870835885,0.03617412630288165,0.7039283541502048,1.284487821490581,XRP
393,2023-06-13 16:00:00+00:00,2023-06-14 04:00:00+00:00,1,3,0.010682188184882209,False,0.0029550827423168967,0.03289992119779341,0.09097757129442452,1.012883627077884,XRP
394,2023-08-18 00:00:00+00:00,2023-08-18 12:00:00+00:00,1,3,0.004341073549373086,False,0.04647023927229586,0.03421000593237093,1.0102927674082247,0.7437474415388194,XRP
395,2023-10-09 12:00:00+00:00,2023-10-10 00:00:00+00:00,1,3,0.00788116656100531,False,0.015270243118344377,0.017882258388587653,1.0245950268465887,1.1998547024914104,XRP
396,2023-11-09 20:00:00+00:00,2023-11-10 08:00:00+00:00,1,3,-0.00827404112885436,False,0.023545495974479656,0.020811180312927308,0.5944582024772183,0.5254243467056735,XRP
397,2023-11-14 20:00:00+00:00,2023-11-15 08:00:00+00:00,1,3,0.009785848725583437,False,0.0027313624678662017,0.021208226221079856,0.06658721849130372,0.5170301671089738,XRP
398,2023-12-11 04:00:00+00:00,2023-12-11 16:00:00+00:00,1,3,-0.013531709604803186,False,0.023745019920318588,0.004143426294820792,0.7770243797880187,0.1355881468086508,XRP
399,2024-01-03 16:00:00+00:00,2024-01-04 04:00:00+00:00,1,3,0.006715278706375151,False,0.023235651118432406,0.023062250736951586,0.7027365610290744,0.6974922583348282,XRP
400,2024-01-23 12:00:00+00:00,2024-01-24 00:00:00+00:00,1,3,0.02407787564373179,False,0.01802337096454743,0.028322440087145927,0.9072334043312229,1.4256524925204914,XRP
401,2024-02-20 16:00:00+00:00,2024-02-21 04:00:00+00:00,1,3,0.006423604813665971,False,0.019819819819819836,0.02198198198198196,0.9225263164819932,1.0231655510072997,XRP
402,2024-02-28 20:00:00+00:00,2024-02-29 08:00:00+00:00,1,3,0.046880107021691764,False,0.009900990099009792,0.0776166902404527,0.31762490022223294,2.489952342813606,XRP
403,2024-03-01 00:00:00+00:00,2024-03-01 12:00:00+00:00,1,3,0.0021092596645543365,False,0.006471389645776609,0.017200272479564026,0.18394277733396647,0.4889005397560654,XRP
404,2024-03-05 20:00:00+00:00,2024-03-06 08:00:00+00:00,1,3,0.08149371736811455,False,0.016205742469614207,0.08842698608419944,0.31258898839262833,1.705648610577171,XRP
405,2024-04-12 20:00:00+00:00,2024-04-13 08:00:00+00:00,1,3,0.010095086323542193,False,0.014171172851016317,0.024053701286593367,0.419248764219739,0.7116196129519219,XRP
406,2024-04-13 20:00:00+00:00,2024-04-14 08:00:00+00:00,1,3,0.00749619328973063,False,0.16636160260321342,0.014236322961155075,4.058351401835948,0.3472916847536848,XRP
407,2024-06-07 20:00:00+00:00,2024-06-08 08:00:00+00:00,1,3,0.013172155380295949,False,0.003042596348884384,0.019878296146044687,0.14655218429831846,0.9574742707490161,XRP
408,2024-07-05 04:00:00+00:00,2024-07-05 16:00:00+00:00,1,3,0.06226563845469483,False,0.02912377604820487,0.06678383128295258,0.9916467364848454,2.273948550904905,XRP
409,2024-07-14 00:00:00+00:00,2024-07-14 12:00:00+00:00,1,3,0.0032137568564376624,False,0.022835394862036177,0.026831588962892488,0.7323204287340456,0.860476503762503,XRP
410,2024-08-05 04:00:00+00:00,2024-08-05 16:00:00+00:00,1,3,0.034465276516440366,False,0.087737843551797,0.04122621564482033,1.8799206476025963,0.8833362079096547,XRP
411,2024-10-03 00:00:00+00:00,2024-10-03 12:00:00+00:00,1,3,-0.04044070441457738,False,0.0581892545082729,0.01152630600483358,1.459476723631446,0.28909762576725057,XRP
412,2024-11-13 04:00:00+00:00,2024-11-13 16:00:00+00:00,1,3,0.06598655959006844,False,0.04028755429084907,0.08027557286206394,0.8150909650406541,1.6241217742074074,XRP
413,2024-12-20 12:00:00+00:00,2024-12-20 16:00:00+00:00,1,1,0.12304430894308932,False,0.0030487804878048808,0.14146341463414633,0.04702912682243584,2.182151484561021,XRP
414,2025-01-20 00:00:00+00:00,2025-01-20 12:00:00+00:00,1,3,0.1189945427348507,False,0.017086787345626794,0.13192353239722565,0.368503641843808,2.8451399991069493,XRP
415,2025-02-03 04:00:00+00:00,2025-02-03 16:00:00+00:00,1,3,0.12592266961702162,False,0.05997519489723609,0.14856484762579727,0.8315311472481088,2.059789858102033,XRP
416,2025-02-28 04:00:00+00:00,2025-02-28 16:00:00+00:00,1,3,0.06044860775048145,False,0.03386976974498628,0.0670462985887597,0.7525086581362979,1.4896150922756608,XRP
417,2025-03-03 20:00:00+00:00,2025-03-04 08:00:00+00:00,1,3,-0.01295646259176116,False,0.05829500936808031,0.03125532277295195,0.9120035111103719,0.48897777732287595,XRP
418,2025-04-03 00:00:00+00:00,2025-04-03 12:00:00+00:00,1,3,0.004727407308940498,False,0.008213755566551188,0.02958931222167248,0.23181259265407045,0.8350839181152695,XRP
419,2025-04-07 08:00:00+00:00,2025-04-07 20:00:00+00:00,1,3,0.12007577223931622,False,0.00268304316718337,0.1951466730264728,0.05665008991977616,4.120349873498435,XRP
420,2020-09-04 00:00:00+00:00,2020-09-04 12:00:00+00:00,1,3,0.03016715254851606,False,0.02500000000000002,0.031159420289855123,0.7962761446175749,0.9924601222769783,DOGE
421,2020-11-07 16:00:00+00:00,2020-11-08 04:00:00+00:00,1,3,-0.014554600803431258,False,0.042341678939617114,0.008836524300441722,1.9363472953141299,0.4041072616307699,DOGE
422,2020-11-16 20:00:00+00:00,2020-11-17 08:00:00+00:00,1,3,0.012210796870716769,False,0.003131524008350694,0.030967292971468375,0.13796548796503058,1.3643253809875422,DOGE
423,2020-11-25 04:00:00+00:00,2020-11-25 16:00:00+00:00,1,3,0.0554268828292853,False,0.007737941707505712,0.07454217178230607,0.10914920708272591,1.051470694896941,DOGE
424,2020-11-26 04:00:00+00:00,2020-11-26 16:00:00+00:00,1,3,-0.04518054919887768,False,0.11780575539568348,0.021882494004796207,1.3311990289105518,0.2472710664388561,DOGE
425,2020-12-21 12:00:00+00:00,2020-12-21 16:00:00+00:00,1,1,0.07836850781417252,False,0.07942624705630483,0.08756154998929577,1.234677254449842,1.3611401538274563,DOGE
426,2021-01-03 20:00:00+00:00,2021-01-04 08:00:00+00:00,1,3,-0.009983247220508428,False,0.043496059768703306,0.18247876368846586,0.2694117202880697,1.1302614053497135,DOGE
427,2021-06-22 00:00:00+00:00,2021-06-22 04:00:00+00:00,1,1,0.16970843015979806,False,0.0719932716568546,0.2139052425007008,0.7140786251602397,2.121658843447282,DOGE
428,2021-09-07 16:00:00+00:00,2021-09-08 04:00:00+00:00,1,3,0.013831665464707998,False,0.04643126663224374,0.04857608134408396,0.776121917479441,0.8119735714947454,DOGE
429,2021-09-24 12:00:00+00:00,2021-09-25 00:00:00+00:00,1,3,0.025340736962706095,False,0.015135878912968694,0.04658705587498151,0.33633592904048587,1.0352157815921437,DOGE
430,2021-11-26 12:00:00+00:00,2021-11-27 00:00:00+00:00,1,3,0.02236996678377338,False,0.00780814277746786,0.04902905237539934,0.18934781239725357,1.1889567181048448,DOGE
431,2021-12-04 08:00:00+00:00,2021-12-04 16:00:00+00:00,1,2,0.08854303914333603,False,0.01210503445279041,0.10298590849835491,0.16639361949999695,1.4156257166691992,DOGE
432,2022-01-22 08:00:00+00:00,2022-01-22 20:00:00+00:00,1,3,-0.018598142753252854,False,0.08280254777070069,0.04166986417005594,1.616298511122593,0.8133921144945002,DOGE
433,2022-02-22 00:00:00+00:00,2022-02-22 12:00:00+00:00,1,3,0.007477804650250245,False,0.03628843452473857,0.01599812704854063,1.1223708790732876,0.49480866711833016,DOGE
434,2022-02-24 04:00:00+00:00,2022-02-24 16:00:00+00:00,1,3,0.018738391730230092,False,0.08065074420214603,0.029595015576324043,2.1196099905329127,0.777796799101135,DOGE
435,2022-03-29 00:00:00+00:00,2022-03-29 12:00:00+00:00,1,3,0.034063012650551255,False,0.0024575200112343016,0.03826709731779252,0.07362008049548001,1.1463698248582261,DOGE
436,2022-04-04 16:00:00+00:00,2022-04-05 04:00:00+00:00,1,3,0.04282705497426067,False,0.019314944764816263,0.06107135413048004,0.5242232157470176,1.6575259231713209,DOGE
437,2022-04-06 04:00:00+00:00,2022-04-06 16:00:00+00:00,1,3,-0.0682172613096049,False,0.09234515484515483,0.040209790209790215,1.8632896323252157,0.8113309825675722,DOGE
438,2022-05-11 16:00:00+00:00,2022-05-12 04:00:00+00:00,1,3,-0.122457803265678,False,0.12677632315094559,0.019357726306366736,1.4156227275814461,0.21615422053979644,DOGE
439,2022-06-11 12:00:00+00:00,2022-06-12 00:00:00+00:00,1,3,-0.03518285254326076,False,0.06287135553406105,0.006218046151720216,2.647712192587755,0.26186164542076246,DOGE
440,2022-06-12 04:00:00+00:00,2022-06-12 16:00:00+00:00,1,3,0.0201113270743513,False,0.040321358193118016,0.03835076549946952,1.1577776909401236,1.1011945707062116,DOGE
441,2022-08-15 08:00:00+00:00,2022-08-15 20:00:00+00:00,1,3,0.01247226746714931,False,0.017767833640431743,0.03369307712555926,0.5032919358842451,0.9543906339730815,DOGE
442,2022-09-06 20:00:00+00:00,2022-09-07 08:00:00+00:00,1,3,0.0008321555504885871,False,0.02897813929842405,0.006778512116590367,1.1315317444466912,0.26468578817466254,DOGE
443,2022-09-13 16:00:00+00:00,2022-09-14 04:00:00+00:00,1,3,0.0025795438987069154,False,0.019741207697412135,0.01410086264100857,0.806704294678933,0.576217353342091,DOGE
444,2022-09-19 00:00:00+00:00,2022-09-19 12:00:00+00:00,1,3,-0.0109668803589897,False,0.028571428571428616,0.013414634146341461,1.2668614310488622,0.5948068914070868,DOGE
445,2022-10-28 00:00:00+00:00,2022-10-28 12:00:00+00:00,1,3,0.06399250030723036,False,0.056741280583029706,0.08420093701197279,1.2810635877324117,1.9010278469331845,DOGE
446,2022-10-30 16:00:00+00:00,2022-10-31 04:00:00+00:00,1,3,0.07817540750943948,False,0.015097690941385498,0.1190053285968028,0.14386330003501716,1.1339813061583652,DOGE
447,2022-12-17 00:00:00+00:00,2022-12-17 12:00:00+00:00,1,3,0.018802738528022687,False,0.002643754130865722,0.03608724388631871,0.07075350336599584,0.9657853209458863,DOGE
448,2023-01-25 00:00:00+00:00,2023-01-25 12:00:00+00:00,1,3,-0.004545029208121919,False,0.028367103694874937,0.014541120381406421,0.8628947244242237,0.44232418646955823,DOGE
449,2023-02-09 20:00:00+00:00,2023-02-10 08:00:00+00:00,1,3,-0.01345524431014851,False,0.05675545956323492,0.0016798656107511547,1.8829770592554422,0.05573293621474933,DOGE
450,2023-02-17 00:00:00+00:00,2023-02-17 12:00:00+00:00,1,3,0.01805560424819555,False,0.007538280329799784,0.02308598351001182,0.2598338665592408,0.7957412163376743,DOGE
451,2023-03-03 04:00:00+00:00,2023-03-03 16:00:00+00:00,1,3,0.011611656023084579,False,0.0011995201919231355,0.018392642942822952,0.05259694459472636,0.8064864837858717,DOGE
452,2023-03-09 20:00:00+00:00,2023-03-10 08:00:00+00:00,1,3,-0.04301547234886432,False,0.0673878087998831,0.0005847098377429962,2.9884200719778784,0.025929892164665982,DOGE
453,2023-03-22 20:00:00+00:00,2023-03-23 08:00:00+00:00,1,3,0.04379120719574017,False,0.0048584119933370775,0.0498334258745141,0.13233199264181203,1.3573481530974298,DOGE
454,2023-04-26 20:00:00+00:00,2023-04-27 08:00:00+00:00,1,3,0.030642182940718746,False,0.03446488727649644,0.04172065301891683,1.3419089956737391,1.6244161526576875,DOGE
455,2023-06-05 16:00:00+00:00,2023-06-06 04:00:00+00:00,1,3,-0.023829509103270967,False,0.07954211916642219,0.0022013501614323062,6.142180497039702,0.1699865451210217,DOGE
456,2023-06-10 08:00:00+00:00,2023-06-10 20:00:00+00:00,1,3,0.01934260397542281,False,0.024313072439633574,0.040799333888426326,0.6003141976392832,1.0073765645316768,DOGE
457,2023-06-28 20:00:00+00:00,2023-06-29 08:00:00+00:00,1,3,0.01575379658569362,False,0.008414239482200641,0.02006472491909382,0.33845533274983153,0.8070857934803669,DOGE
458,2023-07-14 20:00:00+00:00,2023-07-15 08:00:00+00:00,1,3,0.07525032182669047,False,0.005742049469964482,0.1064487632508834,0.20617233329913748,3.822117871161055,DOGE
459,2023-08-15 20:00:00+00:00,2023-08-16 08:00:00+00:00,1,3,-0.007671179031614177,False,0.009563994374120957,0.003516174402250355,0.5069324760325926,0.18637223383551213,DOGE
460,2023-08-18 00:00:00+00:00,2023-08-18 12:00:00+00:00,1,3,0.030469197093461967,False,0.019022630370613337,0.044440800262381064,0.5297026709134471,1.237495032909861,DOGE
461,2023-10-09 12:00:00+00:00,2023-10-10 00:00:00+00:00,1,3,-0.000850767125884439,False,0.020964717913754934,0.00715868416567235,1.7246778127347466,0.588914375080152,DOGE
462,2023-10-24 16:00:00+00:00,2023-10-25 04:00:00+00:00,1,3,0.0028556996631237475,False,0.009745698187909269,0.02436424546977296,0.3507341083130573,0.8768352707826357,DOGE
463,2023-10-26 16:00:00+00:00,2023-10-27 04:00:00+00:00,1,3,0.012037108008103127,False,0.01033408833522076,0.026047565118912916,0.2827039922684965,0.7125689668137531,DOGE
464,2023-10-31 16:00:00+00:00,2023-11-01 04:00:00+00:00,1,3,0.0017289650661470946,False,0.005650557620817923,0.021412639405204412,0.21603948480331267,0.8186759424125399,DOGE
465,2023-11-09 20:00:00+00:00,2023-11-10 08:00:00+00:00,1,3,0.04170926452498504,False,0.014726507713884928,0.051893408134642285,0.3972252872029899,1.3997462501438733,DOGE
466,2023-11-16 16:00:00+00:00,2023-11-17 04:00:00+00:00,1,3,0.05025490945925258,False,0.006108656095658932,0.07070444502209515,0.1665287449880275,1.9274816441167513,DOGE
467,2024-01-03 16:00:00+00:00,2024-01-04 04:00:00+00:00,1,3,-0.005652408727709745,False,0.024020380929273437,0.005337862428727355,0.7683214196125291,0.17073809324722627,DOGE
468,2024-02-20 16:00:00+00:00,2024-02-21 04:00:00+00:00,1,3,0.010514919460616813,False,0.017025301489713842,0.023173327027666155,0.6739861324065002,0.9173700135532956,DOGE
469,2024-03-01 00:00:00+00:00,2024-03-01 12:00:00+00:00,1,3,0.033023073664751657,False,0.0034914417099549313,0.0545005535212466,0.05713327680399838,0.8918365159648346,DOGE
470,2024-03-05 08:00:00+00:00,2024-03-06 08:00:00+00:00,1,6,-0.02610269989608354,False,0.3251654143770326,0.07861388359313673,4.281613961846097,1.0351479176596363,DOGE
471,2024-04-12 20:00:00+00:00,2024-04-13 08:00:00+00:00,1,3,0.01162008140584472,False,0.02418830208764553,0.04222603347329829,0.4531205214531533,0.7910221328057534,DOGE
472,2024-04-13 20:00:00+00:00,2024-04-14 08:00:00+00:00,1,3,0.04869924803943494,False,0.1797314281934246,0.05854336177813056,2.8527913769533435,0.9292309048964698,DOGE
473,2024-06-07 20:00:00+00:00,2024-06-08 08:00:00+00:00,1,3,-0.0010503632898147578,False,0.0066109012412304945,0.01106314085267136,0.24368803739625117,0.4078044707447439,DOGE
474,2024-06-18 04:00:00+00:00,2024-06-18 16:00:00+00:00,1,3,-0.021062750686067763,False,0.034097444745707015,0.013392490345904251,0.9912182558467572,0.3893218691639085,DOGE
475,2024-07-05 04:00:00+00:00,2024-07-05 16:00:00+00:00,1,3,0.0942668369199165,False,0.021471088435374087,0.10225340136054425,0.5170186355942478,2.4622372645627126,DOGE
476,2024-08-05 04:00:00+00:00,2024-08-05 16:00:00+00:00,1,3,0.04833097723085025,False,0.11956640753312164,0.045001642395707905,2.405199734672376,0.9052537462915268,DOGE
477,2024-10-01 16:00:00+00:00,2024-10-02 04:00:00+00:00,1,3,-0.0216116504735911,False,0.07341108398878946,0.006870988156586174,2.0544320134944076,0.19228674017927866,DOGE
478,2024-11-03 04:00:00+00:00,2024-11-03 16:00:00+00:00,1,3,-0.030795520985495067,False,0.053146853146853246,0.017182817182817174,1.365168040532533,0.44137011836766,DOGE
479,2024-12-10 16:00:00+00:00,2024-12-11 04:00:00+00:00,1,3,0.044835345388624964,False,0.021001528846927565,0.06997827428050318,0.35995258500636207,1.1993822404618113,DOGE
480,2024-12-19 20:00:00+00:00,2024-12-20 08:00:00+00:00,1,3,0.011668219296212552,False,0.04085938998657208,0.05163373617238953,0.8242965233719903,1.0416579696758708,DOGE
481,2024-12-20 12:00:00+00:00,2024-12-20 16:00:00+00:00,1,1,0.14223921863260697,False,0.005108940646130625,0.16044327573253203,0.07198620508495285,2.2606844258664713,DOGE
482,2025-01-19 12:00:00+00:00,2025-01-19 16:00:00+00:00,1,1,0.06742988372733776,False,0.0007714773791811386,0.09006998401939714,0.01801302130469744,2.1030202373234075,DOGE
483,2025-01-20 00:00:00+00:00,2025-01-20 12:00:00+00:00,1,3,0.06439338381445824,False,0.03718385349785048,0.07847133046731067,0.6951480778382619,1.467012948050568,DOGE
484,2025-02-03 04:00:00+00:00,2025-02-03 08:00:00+00:00,1,1,0.09218770162217671,False,0.05005133470225868,0.09697980835044488,0.7109522185670576,1.3775458799072826,DOGE
485,2025-02-28 04:00:00+00:00,2025-02-28 16:00:00+00:00,1,3,0.04124176278384485,False,0.043047056341000214,0.05175142435112885,0.9497253866229457,1.141765446418025,DOGE
486,2025-03-03 20:00:00+00:00,2025-03-04 08:00:00+00:00,1,3,-0.03505867803995527,False,0.06725734997986312,0.012535239629480428,1.293227325706633,0.24102814678214846,DOGE
487,2025-04-03 00:00:00+00:00,2025-04-03 12:00:00+00:00,1,3,-0.021820823272456463,False,0.027051783097215374,0.02222765021983393,0.7289381476884019,0.5989469204482601,DOGE
488,2025-04-06 20:00:00+00:00,2025-04-07 16:00:00+00:00,1,5,-0.031898779889792235,False,0.14871155989771165,0.009507573273883725,4.819819381948987,0.30814541903994985,DOGE
489,2020-02-16 16:00:00+00:00,2020-02-17 04:00:00+00:00,1,3,-0.030669965776419304,False,0.06936416184971102,0.040462427745664754,1.518773579772236,0.8859512548671375,ADA
490,2020-02-20 00:00:00+00:00,2020-02-20 12:00:00+00:00,1,3,-0.01594063980025737,False,0.02143977688687459,0.021614084016036345,0.46114100130175667,0.46489011513348205,ADA
491,2020-02-26 04:00:00+00:00,2020-02-26 16:00:00+00:00,1,3,-0.07280471680451547,False,0.07853898561695687,0.003406510219530651,2.1573780010365047,0.09357302173170359,ADA
492,2020-03-08 16:00:00+00:00,2020-03-09 04:00:00+00:00,1,3,-0.053950409140901864,False,0.07015590200445435,0.006458797327394177,2.2357529011552835,0.20583121947143776,ADA
493,2020-03-12 04:00:00+00:00,2020-03-13 12:00:00+00:00,1,8,-0.2778057382063441,False,0.5215729109776078,0.000273074822501449,11.185027438853682,0.005856035308302151,ADA
494,2020-03-16 08:00:00+00:00,2020-03-16 20:00:00+00:00,1,3,0.030600037784358106,False,0.06848721283051588,0.0723883831816212,0.7109790371944427,0.7514778431105816,ADA
495,2020-05-10 04:00:00+00:00,2020-05-10 16:00:00+00:00,1,3,-0.0029842690770106135,False,0.016347601634760095,0.047537104753710556,0.37989003359343326,1.1046802292651217,ADA
496,2020-05-25 00:00:00+00:00,2020-05-25 12:00:00+00:00,1,3,0.0243510553701252,False,0.013121817469643634,0.04406580493537019,0.4035475910477205,1.3551971341154723,ADA
497,2020-08-02 08:00:00+00:00,2020-08-02 20:00:00+00:00,1,3,-0.007707154600098895,False,0.04673102237823612,0.010604066110867389,1.1126106742729798,0.25247034079746894,ADA
498,2020-08-27 12:00:00+00:00,2020-08-28 00:00:00+00:00,1,3,0.004353558006571834,False,0.041627601725107814,0.05634727170448154,1.1350077504513985,1.5363505811290332,ADA
499,2020-09-03 16:00:00+00:00,2020-09-04 12:00:00+00:00,1,5,-0.020153364373091537,False,0.118207175146677,0.021256131576416173,2.61657137515944,0.4705144620913207,ADA
500,2020-09-05 20:00:00+00:00,2020-09-06 08:00:00+00:00,1,3,0.025850623506415298,False,0.030844525381288304,0.03494195310721607,0.47985518560288354,0.5435997859043762,ADA
501,2020-09-21 12:00:00+00:00,2020-09-22 00:00:00+00:00,1,3,-0.027259125151053075,False,0.06234748657881897,0.0015861395802829578,2.2977159255837947,0.05845461258823346,ADA
502,2020-11-07 16:00:00+00:00,2020-11-08 04:00:00+00:00,1,3,-0.0330673869817269,False,0.06361395525218058,0.010997345468335175,1.775775890853573,0.3069895727854146,ADA
503,2020-11-26 04:00:00+00:00,2020-11-26 16:00:00+00:00,1,3,0.016956887375174277,False,0.05155902857580643,0.08434842564927596,0.4800905380511134,0.7854081462024879,ADA
504,2020-12-21 12:00:00+00:00,2020-12-22 00:00:00+00:00,1,3,0.009192769841066574,False,0.02777777777777784,0.025529100529100544,0.7081199754146152,0.6507959774048596,ADA
505,2020-12-24 00:00:00+00:00,2020-12-24 12:00:00+00:00,1,3,0.0727851042536535,False,0.037406483790523644,0.07818688572685935,0.6823396174332651,1.4262235925173758,ADA
506,2021-03-18 20:00:00+00:00,2021-03-19 08:00:00+00:00,1,3,0.0009326074934971001,False,0.06430893664261372,0.028031083974308136,0.9786163019795141,0.42656086652251224,ADA
507,2021-04-18 04:00:00+00:00,2021-04-18 16:00:00+00:00,1,3,0.051000662298807634,False,0.05587530983489476,0.05916061000714184,0.8297413373226025,0.878527632494501,ADA
508,2021-07-20 04:00:00+00:00,2021-07-20 16:00:00+00:00,1,3,0.008193453143347521,False,0.0314310131991263,0.017662140347545506,1.0229599372514973,0.5748354934404254,ADA
509,2021-09-07 16:00:00+00:00,2021-09-08 04:00:00+00:00,1,3,0.016218077305020933,False,0.07928188196450678,0.058068510111432034,1.333613825999211,0.9767801422076461,ADA
510,2021-09-08 08:00:00+00:00,2021-09-08 20:00:00+00:00,1,3,0.07214336736128661,False,0.02560014173088841,0.09230224111967408,0.35434704778723325,1.277611154997572,ADA
511,2021-10-27 12:00:00+00:00,2021-10-28 00:00:00+00:00,1,3,-0.03475635848247213,False,0.03691529709228822,0.015575221238938133,1.2678779697892943,0.5349402941028835,ADA
512,2021-11-16 04:00:00+00:00,2021-11-16 16:00:00+00:00,1,3,-0.009239315599288776,False,0.10871592911182505,0.020934811897605966,4.729136470784755,0.9106630763570261,ADA
513,2021-11-26 12:00:00+00:00,2021-11-27 00:00:00+00:00,1,3,0.015303357134301901,False,0.007294429708222744,0.05358090185676392,0.18364893237945096,1.3489848851145247,ADA
514,2021-12-04 08:00:00+00:00,2021-12-04 20:00:00+00:00,1,3,0.0631784980008149,False,0.026429101707498202,0.07030438010393468,0.46075571682080935,1.225661977048611,ADA
515,2022-01-21 00:00:00+00:00,2022-01-21 12:00:00+00:00,1,3,-0.03253801327926014,False,0.04612326043737579,0.018608349900596313,0.9017902936528409,0.36382573916338506,ADA
516,2022-01-22 08:00:00+00:00,2022-01-22 20:00:00+00:00,1,3,-0.0035666771011763658,False,0.1144934561318469,0.10790111488124086,1.7932953996700398,1.6900404570980119,ADA
517,2022-02-22 00:00:00+00:00,2022-02-22 12:00:00+00:00,1,3,0.0059039250128494584,False,0.05173420530188006,0.01798435127875754,1.1496912145739446,0.3996669233507648,ADA
518,2022-02-24 04:00:00+00:00,2022-02-24 16:00:00+00:00,1,3,0.015528874935203189,False,0.06624921728240445,0.01853475266123987,1.2291353688508717,0.3438790824006231,ADA
519,2022-03-07 20:00:00+00:00,2022-03-08 08:00:00+00:00,1,3,0.01596021994561423,False,0.0108321651586593,0.04014272970562009,0.3113281607741364,1.1537455369865148,ADA
520,2022-04-11 12:00:00+00:00,2022-04-12 00:00:00+00:00,1,3,-0.043775176280322195,False,0.04581901489117988,0.008538998229719864,1.5560350552986901,0.28998835121475514,ADA
521,2022-05-05 16:00:00+00:00,2022-05-06 04:00:00+00:00,1,3,0.0007240034402262433,False,0.02456007089505011,0.019116343840992533,0.6838591649924501,0.5322821335765956,ADA
522,2022-05-11 16:00:00+00:00,2022-05-12 16:00:00+00:00,1,6,-0.16024204671191108,False,0.29949327275904253,0.012056613664162183,3.8965778585526136,0.15686340270719426,ADA
523,2022-09-06 20:00:00+00:00,2022-09-07 08:00:00+00:00,1,3,-0.006312516690063188,False,0.02828369402185556,0.002571244911077735,0.9689155073887529,0.08808322794443059,ADA
524,2022-09-13 16:00:00+00:00,2022-09-14 04:00:00+00:00,1,3,0.00465105762264182,False,0.018743343982960542,0.013844515441959545,0.6439699566670415,0.47565962708361204,ADA
525,2022-10-11 00:00:00+00:00,2022-10-11 12:00:00+00:00,1,3,-0.0062109406908541056,False,0.04716745695033698,0.0002495632642874694,3.4298349028395196,0.018147274618196492,ADA
526,2022-10-13 08:00:00+00:00,2022-10-13 16:00:00+00:00,1,2,0.0370008885075951,False,0.040895274937828074,0.03896103896103897,1.8858088528478867,1.7966151908888677,ADA
527,2022-11-08 20:00:00+00:00,2022-11-09 08:00:00+00:00,1,3,0.010062031529024178,False,0.036413043478260784,0.02554347826086962,0.7903465570429344,0.5544222116569864,ADA
528,2022-11-10 00:00:00+00:00,2022-11-10 04:00:00+00:00,1,1,0.07916506246925277,False,0.017975402081362293,0.10848312835067798,0.2904258048968027,1.752745208500007,ADA
529,2022-12-16 12:00:00+00:00,2022-12-17 12:00:00+00:00,1,6,-0.07040776110600633,False,0.11083916083916068,0.0024475524475525666,5.880054294035676,0.12984347021530535,ADA
530,2023-01-25 00:00:00+00:00,2023-01-25 12:00:00+00:00,1,3,-0.010421970016020445,False,0.033454139949818815,0.006133258990800055,1.1464069430052093,0.2101746062176196,ADA
531,2023-03-03 04:00:00+00:00,2023-03-03 16:00:00+00:00,1,3,0.020847400792080622,False,0.0018187329493787356,0.032434070930584986,0.07351219864755404,1.3109675425479475,ADA
532,2023-03-22 20:00:00+00:00,2023-03-23 08:00:00+00:00,1,3,0.054531997486211986,False,0.002855511136493435,0.05768132495716732,0.07518599734511693,1.51875714637136,ADA
533,2023-04-26 20:00:00+00:00,2023-04-27 08:00:00+00:00,1,3,0.0545332202006285,False,0.02331002331002333,0.07044807044807046,0.9146352560492127,2.764230996059841,ADA
534,2023-06-05 16:00:00+00:00,2023-06-06 04:00:00+00:00,1,3,-0.017526926873269323,False,0.02695871946082576,0.021903959561920733,1.9392346327276921,1.5756281390912357,ADA
535,2023-06-07 16:00:00+00:00,2023-06-08 04:00:00+00:00,1,3,-0.012183201312921131,False,0.023985239852398442,0.008302583025830368,1.0974002008204837,0.3798693002840199,ADA
536,2023-06-09 20:00:00+00:00,2023-06-10 20:00:00+00:00,1,6,-0.10670704243516785,False,0.2762191048764195,0.011690046760187051,10.796633770035958,0.4569312961925743,ADA
537,2023-06-30 16:00:00+00:00,2023-07-01 04:00:00+00:00,1,3,0.028972509314607015,False,0.010093727469358217,0.04542177361211248,0.303058464826204,1.363763091717933,ADA
538,2023-07-14 20:00:00+00:00,2023-07-15 08:00:00+00:00,1,3,0.03899058540246427,False,0.009956440572495446,0.04604853764779085,0.24611227456879367,1.1382692698806562,ADA
539,2023-08-18 00:00:00+00:00,2023-08-18 12:00:00+00:00,1,3,0.04184624518412595,False,0.00235386426049427,0.04746959591996861,0.07791499789584941,1.5712857908996574,ADA
540,2023-09-29 20:00:00+00:00,2023-09-30 08:00:00+00:00,1,3,0.004631304995324959,False,0.005227181342983497,0.010052271813429733,0.39933644824142894,0.767954708156589,ADA
541,2023-10-09 12:00:00+00:00,2023-10-10 00:00:00+00:00,1,3,0.0004307911751982844,False,0.010375099760574586,0.012370311252992785,0.7811469540939621,0.9313675221889555,ADA
542,2023-10-24 16:00:00+00:00,2023-10-25 04:00:00+00:00,1,3,0.006555202137665396,False,0.01511335012594452,0.025188916876574333,0.6186310668899341,1.0310517781498956,ADA
543,2023-10-31 16:00:00+00:00,2023-11-01 04:00:00+00:00,1,3,-0.0029439323278069507,False,0.0037996545768566145,0.01830742659758213,0.170202056499605,0.8200644540435631,ADA
544,2024-03-05 20:00:00+00:00,2024-03-06 00:00:00+00:00,1,1,0.08754917361876284,False,0.014638753344876397,0.09963796631512675,0.22344837479566934,1.5208905510285928,ADA
545,2024-04-12 20:00:00+00:00,2024-04-13 08:00:00+00:00,1,3,0.046683357956285323,False,0.005393071976768287,0.0638871603401785,0.12344139777096143,1.462305788979089,ADA
546,2024-04-13 20:00:00+00:00,2024-04-14 08:00:00+00:00,1,3,0.04658091022760424,False,0.12272525521526857,0.05015534842432314,2.3569186757742155,0.9632253539330428,ADA
547,2024-06-07 20:00:00+00:00,2024-06-08 08:00:00+00:00,1,3,-0.01004997643803216,False,0.014689517026485634,0.005786779434676267,0.5720151490739839,0.2253393011503615,ADA
548,2024-06-18 04:00:00+00:00,2024-06-18 16:00:00+00:00,1,3,-0.012751875697625488,False,0.03458289334741288,0.006863780359028487,1.128353372750644,0.22394799764516526,ADA
549,2024-07-05 00:00:00+00:00,2024-07-05 12:00:00+00:00,1,3,-0.03178449561542076,False,0.12786523059928184,0.00027616680475019194,4.376992160568019,0.00945354678308849,ADA
550,2024-08-05 04:00:00+00:00,2024-08-05 16:00:00+00:00,1,3,0.039906696140714605,False,0.10569105691056901,0.0435772357723578,2.405081164974111,0.9916334649431744,ADA
551,2024-10-01 16:00:00+00:00,2024-10-02 04:00:00+00:00,1,3,-0.013013689128143338,False,0.06581103222282908,0.004096122337520484,2.7273047154602743,0.1697492561489798,ADA
552,2024-10-31 16:00:00+00:00,2024-11-01 04:00:00+00:00,1,3,-0.014778464861454697,False,0.031630876378409806,0.005803830528148583,1.5035293824666076,0.27587695091130393,ADA
553,2024-12-10 00:00:00+00:00,2024-12-10 12:00:00+00:00,1,3,0.013787205224561807,False,0.05910495365294541,0.03458586664008766,1.102757672792128,0.645289902966049,ADA
554,2024-12-20 12:00:00+00:00,2024-12-20 16:00:00+00:00,1,1,0.14689796667978477,False,0.0009182736455462718,0.16817525908434997,0.013761205173197776,2.520266433148784,ADA
555,2025-01-07 16:00:00+00:00,2025-01-08 04:00:00+00:00,1,3,-0.04729490031227833,False,0.05724131329568294,0.018282760601129624,1.70810708856743,0.5455659764487982,ADA
556,2025-01-20 00:00:00+00:00,2025-01-20 12:00:00+00:00,1,3,0.08791290762395869,False,0.03254735993550987,0.10973397823458284,0.6576939981634324,2.2174265139318208,ADA
557,2025-02-03 04:00:00+00:00,2025-02-03 16:00:00+00:00,1,3,0.15236962252878294,False,0.051250947687642066,0.16906747536012137,0.6350320406820048,2.0948542170427125,ADA
558,2025-02-28 04:00:00+00:00,2025-02-28 16:00:00+00:00,1,3,0.04641414036350016,False,0.037203122404916085,0.058129878757681504,0.8230030722895714,1.285942300452458,ADA
559,2025-04-03 00:00:00+00:00,2025-04-03 12:00:00+00:00,1,3,0.003472090314400406,False,0.00672400312744327,0.02752150117279134,0.20375132187977837,0.8339588988567759,ADA
560,2020-11-26 04:00:00+00:00,2020-11-26 16:00:00+00:00,1,3,-0.02312761524383485,False,0.07075591753626877,0.03110771754192481,1.07543988750069,0.47281529826169566,AVAX
561,2020-12-24 00:00:00+00:00,2020-12-24 12:00:00+00:00,1,3,0.027943939345639462,False,0.057096413695011713,0.03193470825290394,0.992832624866589,0.5553031822355833,AVAX
562,2021-02-07 16:00:00+00:00,2021-02-08 04:00:00+00:00,1,3,0.14493508044160572,False,0.015931982319267762,0.26338977319388407,0.22556434316052948,3.7290614560768516,AVAX
563,2021-04-18 04:00:00+00:00,2021-04-18 08:00:00+00:00,1,1,0.14877465675855955,False,0.02121891434865575,0.1569369676848849,0.19499084697283162,1.4421695543609303,AVAX
564,2021-05-10 20:00:00+00:00,2021-05-11 08:00:00+00:00,1,3,0.050595119553353066,False,0.11834638962534635,0.0657773192413356,1.5124792054688463,0.8406410018840047,AVAX
565,2021-05-19 12:00:00+00:00,2021-05-20 00:00:00+00:00,1,3,-0.19421272260300138,False,0.4015348869957051,0.031507428008167276,3.4323981196424,0.2693316076696429,AVAX
566,2021-09-07 16:00:00+00:00,2021-09-08 04:00:00+00:00,1,3,-0.00010244362218250172,False,0.07387487147037886,0.08861293469376985,0.7646887702778642,0.9172444528564951,AVAX
567,2021-11-26 12:00:00+00:00,2021-11-27 00:00:00+00:00,1,3,0.01551432796602773,False,0.015259014481485153,0.09272038098940623,0.22431618041744436,1.3630422682690515,AVAX
568,2021-12-04 04:00:00+00:00,2021-12-04 16:00:00+00:00,1,3,-0.025000795957918355,False,0.2187662757025895,0.04279077519218354,3.4225748937717713,0.66945708330704,AVAX
569,2022-01-21 00:00:00+00:00,2022-01-21 12:00:00+00:00,1,3,-0.047835907793576035,False,0.06791814474896792,0.014252711044904309,2.1172194693482274,0.4443012603892493,AVAX
570,2022-01-22 00:00:00+00:00,2022-01-22 20:00:00+00:00,1,5,-0.13622258696159933,False,0.20070577188120015,0.02265739773123109,4.063028595550934,0.4586696935514773,AVAX
571,2022-02-24 04:00:00+00:00,2022-02-24 16:00:00+00:00,1,3,0.0526180868208341,False,0.043258510480154555,0.06392151033149988,0.7146664341787085,1.056036311673006,AVAX
572,2022-05-05 16:00:00+00:00,2022-05-06 04:00:00+00:00,1,3,-0.0014357288058268341,False,0.03358464701850584,0.02518848526387935,0.6987026610769003,0.5240269958076745,AVAX
573,2022-05-11 08:00:00+00:00,2022-05-12 08:00:00+00:00,1,6,-0.24073190001977343,False,0.3602739726027397,0.136986301369863,3.347890735300212,1.2729622567681416,AVAX
574,2022-08-29 00:00:00+00:00,2022-08-29 12:00:00+00:00,1,3,-0.026691457139178715,False,0.05672609400324152,0.008103727714748706,1.4855203596090043,0.2122171942298556,AVAX
575,2022-09-06 20:00:00+00:00,2022-09-07 08:00:00+00:00,1,3,-0.0037143317567934087,False,0.033659066232356184,0.006514657980455887,1.0824804520719362,0.20951234556230544,AVAX
576,2022-09-13 16:00:00+00:00,2022-09-14 04:00:00+00:00,1,3,-0.02341845318923262,False,0.04788588894549148,0.011207335710647092,1.3263805422696968,0.3104294886163162,AVAX
577,2022-09-19 00:00:00+00:00,2022-09-19 12:00:00+00:00,1,3,0.007018432877581438,False,0.019772318753744866,0.02097064110245643,0.6026147972371061,0.6391369061605596,AVAX
578,2022-10-20 00:00:00+00:00,2022-10-20 12:00:00+00:00,1,3,0.015490472938157343,False,0.012632978723404223,0.023271276595744777,0.6180086630628111,1.138437010905186,AVAX
579,2022-11-09 16:00:00+00:00,2022-11-10 04:00:00+00:00,1,3,-0.023952088433558637,False,0.13939043767152967,0.021450238335981555,2.05933729871572,0.3169032008904508,AVAX
580,2022-12-17 00:00:00+00:00,2022-12-17 12:00:00+00:00,1,3,0.003663103362461327,False,0.026969901927629276,0.013696313831586137,0.8721059773693851,0.4428876750277163,AVAX
581,2023-02-17 00:00:00+00:00,2023-02-17 12:00:00+00:00,1,3,0.02524820760505911,False,0.006453347674105805,0.031406292013982234,0.212510937880554,1.0342198976853842,AVAX
582,2023-03-03 04:00:00+00:00,2023-03-03 16:00:00+00:00,1,3,0.017341859020295804,False,0.002226620484908326,0.029007916872835306,0.07790815412502682,1.0149701190177747,AVAX
583,2023-03-22 20:00:00+00:00,2023-03-23 08:00:00+00:00,1,3,0.04251825461191697,False,0.007329587099926765,0.046909357439530945,0.20805926429005533,1.3315792914563442,AVAX
584,2023-04-19 12:00:00+00:00,2023-04-20 00:00:00+00:00,1,3,-0.03211336238336398,False,0.05492259745567871,0.014407602309303633,1.7777714143326968,0.4663549198528566,AVAX
585,2023-04-21 20:00:00+00:00,2023-04-22 08:00:00+00:00,1,3,-0.0006746508643740957,False,0.01340260967113422,0.013520694337840183,0.37694419994080586,0.3802652942134102,AVAX
586,2023-04-26 20:00:00+00:00,2023-04-27 08:00:00+00:00,1,3,0.036948797177740855,False,0.03454860075183487,0.058714720448714015,1.1996908176344787,2.038852788518694,AVAX
587,2023-06-05 16:00:00+00:00,2023-06-06 04:00:00+00:00,1,3,-0.0003010361042525983,False,0.042438989479710865,0.012667286910470163,2.741090225457183,0.8181668969745706,AVAX
588,2023-06-10 04:00:00+00:00,2023-06-10 20:00:00+00:00,1,4,-0.10578134306280035,False,0.26071647274954074,0.007654623392529061,12.508125510269522,0.36723797740074804,AVAX
589,2023-07-14 20:00:00+00:00,2023-07-15 08:00:00+00:00,1,3,0.040983597112897355,False,0.014187866927592914,0.04696673189823879,0.37546125570230515,1.2429062257731527,AVAX
590,2023-08-15 20:00:00+00:00,2023-08-16 08:00:00+00:00,1,3,-0.0036513751030904625,False,0.003331340223797854,0.012983684974801336,0.2326430118970987,0.9067112258553203,AVAX
591,2023-08-18 00:00:00+00:00,2023-08-18 12:00:00+00:00,1,3,0.028840397380437317,False,0.004163118554262511,0.040401173242501615,0.14307284202870074,1.388456898778511,AVAX
592,2023-09-11 12:00:00+00:00,2023-09-12 00:00:00+00:00,1,3,0.002527721323988762,False,0.013817865303013889,0.013817865303013696,0.794173478566788,0.7941734785667769,AVAX
593,2023-10-24 16:00:00+00:00,2023-10-25 04:00:00+00:00,1,3,0.014453187153332471,False,0.012325149173432574,0.033551794972121685,0.4110820040429127,1.1190565665612515,AVAX
594,2023-11-09 20:00:00+00:00,2023-11-10 08:00:00+00:00,1,3,0.04571645032718241,False,0.03236703590227033,0.06874067090894807,0.8652611059243857,1.8376297759316487,AVAX
595,2024-03-05 20:00:00+00:00,2024-03-06 08:00:00+00:00,1,3,0.09206744090724732,False,0.030126078301260732,0.09451891174518913,0.4926419270733213,1.545636918333128,AVAX
596,2024-04-12 20:00:00+00:00,2024-04-13 08:00:00+00:00,1,3,-0.010976539080574364,False,0.027906251623967107,0.028062152471028567,0.5639093516878781,0.5670596832615573,AVAX
597,2024-04-13 20:00:00+00:00,2024-04-14 08:00:00+00:00,1,3,0.08606602792261828,False,0.14326897090177473,0.09005735563496577,2.2830036644669707,1.4350718905337314,AVAX
598,2024-06-07 20:00:00+00:00,2024-06-08 08:00:00+00:00,1,3,0.0035778299401414654,False,0.00939332296278569,0.009692473375613414,0.3104462595333793,0.3203330830854028,AVAX
599,2024-06-18 04:00:00+00:00,2024-06-18 16:00:00+00:00,1,3,-0.010155940150872135,False,0.03536916805073234,0.010455986712969857,0.8967042951830914,0.2650876091416368,AVAX
600,2024-07-05 04:00:00+00:00,2024-07-05 16:00:00+00:00,1,3,0.11554587689075795,False,0.022409844164009467,0.12893519558090458,0.5727437239450492,3.2952850329584,AVAX
601,2024-08-05 04:00:00+00:00,2024-08-05 16:00:00+00:00,1,3,0.0597930016510195,False,0.0738672965428388,0.06141292677689491,1.4310619368976703,1.1897782382346884,AVAX
602,2024-08-28 00:00:00+00:00,2024-08-28 12:00:00+00:00,1,3,0.024365178086166974,False,0.02567831470478242,0.031121452611459623,0.8111585166123305,0.9831031212664013,AVAX
603,2024-10-01 16:00:00+00:00,2024-10-02 04:00:00+00:00,1,3,-0.012358643797694628,False,0.06257263899823781,0.007010834926704952,2.1894747752615955,0.2453156279052856,AVAX
604,2024-10-26 00:00:00+00:00,2024-10-26 12:00:00+00:00,1,3,0.026228574080201204,False,0.01521660577347739,0.02971052314610344,0.5712050464091988,1.1152816209572685,AVAX
605,2024-11-13 20:00:00+00:00,2024-11-14 08:00:00+00:00,1,3,0.03686631440047374,False,0.026041987317613636,0.06962999445915165,0.4608153682611035,1.232109176130757,AVAX
606,2024-12-10 00:00:00+00:00,2024-12-10 12:00:00+00:00,1,3,0.016458656582128445,False,0.060871498443752774,0.03303690529124065,1.1747201879951972,0.6375581443976874,AVAX
607,2024-12-20 12:00:00+00:00,2024-12-20 16:00:00+00:00,1,1,0.12727026802163183,False,0.002258275390741086,0.1424793486658345,0.03305392104620663,2.085441466007363,AVAX
608,2025-01-20 00:00:00+00:00,2025-01-20 08:00:00+00:00,1,2,0.08234839369671038,False,0.03435317872065962,0.1357581536218066,0.8567146787798452,3.385596538753655,AVAX
609,2025-02-02 20:00:00+00:00,2025-02-03 16:00:00+00:00,1,5,-0.03309956970877943,False,0.25890611902766136,0.009499860296172061,6.482593170241204,0.2378612359780922,AVAX
610,2025-02-21 20:00:00+00:00,2025-02-22 08:00:00+00:00,1,3,0.04063626311272233,False,0.0036415386547235255,0.062408438324055224,0.1064132288690379,1.8237025775142106,AVAX
611,2025-02-28 04:00:00+00:00,2025-02-28 16:00:00+00:00,1,3,0.05354900128996405,False,0.0184159378036928,0.06846452866861043,0.4009129031455124,1.4904651201372858,AVAX
612,2025-03-03 20:00:00+00:00,2025-03-04 08:00:00+00:00,1,3,-0.04439235422532746,False,0.06393849680068754,0.01809760290325668,1.30706600114497,0.36996117582818966,AVAX
613,2025-04-03 00:00:00+00:00,2025-04-03 12:00:00+00:00,1,3,0.00625524899283339,False,0.005788067675868166,0.05632235084594838,0.1411443851458962,1.3734434400735396,AVAX
614,2020-03-12 04:00:00+00:00,2020-03-13 12:00:00+00:00,1,8,-0.3162529645092574,False,0.597758773223238,0.0,8.46085454782071,0.0,LINK
615,2020-03-16 08:00:00+00:00,2020-03-16 16:00:00+00:00,1,2,0.11771930132116676,False,0.08874329958308518,0.12805241215008925,0.5260299446545181,0.7590364973202773,LINK
616,2020-05-10 04:00:00+00:00,2020-05-10 16:00:00+00:00,1,3,0.03474967123209009,False,0.019367157665029933,0.04882705946535741,0.4682787570277363,1.1805901057459893,LINK
617,2020-06-02 16:00:00+00:00,2020-06-03 04:00:00+00:00,1,3,0.014451713399266253,False,0.0072412987619714314,0.04765241765942552,0.21777813885038777,1.4331206556606348,LINK
618,2020-06-11 20:00:00+00:00,2020-06-12 08:00:00+00:00,1,3,0.03312096758315845,False,0.03453453453453451,0.0452952952952952,1.5425110719170907,2.0231485798332822,LINK
619,2020-06-15 04:00:00+00:00,2020-06-15 16:00:00+00:00,1,3,0.023744314592550712,False,0.021669341894060983,0.026752273943285203,0.8994725286475599,1.1104599119105694,LINK
620,2020-08-18 00:00:00+00:00,2020-08-18 12:00:00+00:00,1,3,-0.06310520737169867,False,0.0672733761598859,0.05270045205805372,1.0100906887596417,0.7912823609558269,LINK
621,2020-09-04 00:00:00+00:00,2020-09-04 12:00:00+00:00,1,3,0.042036251557895164,False,0.0741927324846135,0.08818817974875637,0.9574423796303468,1.1380508285151605,LINK
622,2020-11-07 20:00:00+00:00,2020-11-08 08:00:00+00:00,1,3,0.007121913998849814,False,0.0238196512122502,0.036665248830284915,0.42744858307733175,0.6579654975226032,LINK
623,2020-11-26 04:00:00+00:00,2020-11-26 16:00:00+00:00,1,3,-0.021978909485463775,False,0.07115680401521894,0.05650449283574843,1.0040188197170237,0.7972754677616419,LINK
624,2020-12-21 12:00:00+00:00,2020-12-22 00:00:00+00:00,1,3,-0.0014232906298757497,False,0.018840344323534132,0.02338801364300798,0.48192554950787386,0.5982524062856389,LINK
625,2020-12-24 00:00:00+00:00,2020-12-24 12:00:00+00:00,1,3,-0.025464248745481248,False,0.10235144002916509,0.004739336492890959,1.5709295640637961,0.07274117304658666,LINK
626,2021-02-23 20:00:00+00:00,2021-02-24 08:00:00+00:00,1,3,0.1768886431228492,False,0.02201617341970446,0.21300647783564075,0.19875117156981015,1.9229175849379143,LINK
627,2021-04-18 04:00:00+00:00,2021-04-18 08:00:00+00:00,1,1,0.10676559399951607,False,0.02011250907331234,0.12548390999274137,0.244104560175217,1.5229922107774085,LINK
628,2021-05-17 04:00:00+00:00,2021-05-17 16:00:00+00:00,1,3,0.013995136020381872,False,0.03668717047451666,0.09913224956063288,0.5212622225186387,1.4085004665361462,LINK
629,2021-05-19 12:00:00+00:00,2021-05-20 00:00:00+00:00,1,3,-0.22437563063612198,False,0.4141859279911263,0.010792337440417287,4.185246073755068,0.10905389306252332,LINK
630,2021-05-21 16:00:00+00:00,2021-05-22 04:00:00+00:00,1,3,-0.024357577272162787,False,0.12788765822784812,0.05565664556962025,0.9253649887833078,0.40271838515871133,LINK
631,2021-09-07 16:00:00+00:00,2021-09-08 04:00:00+00:00,1,3,-0.008066425495080472,False,0.06688619786134124,0.049925642659868284,0.9294592625953043,0.6937731923024774,LINK
632,2021-09-08 08:00:00+00:00,2021-09-08 20:00:00+00:00,1,3,0.06939258760502369,False,0.01709001521713693,0.09134183932264221,0.20414554420310893,1.0911066643367007,LINK
633,2021-09-24 12:00:00+00:00,2021-09-25 00:00:00+00:00,1,3,0.04372485874267065,False,0.02689695497683619,0.06148517968785143,0.4849425164793649,1.1085558863332665,LINK
634,2021-10-27 12:00:00+00:00,2021-10-28 00:00:00+00:00,1,3,-0.02265035278619428,False,0.041286736042846,0.020168807837022434,0.8850446224158908,0.43234938451350907,LINK
635,2021-11-10 20:00:00+00:00,2021-11-11 08:00:00+00:00,1,3,0.010297154776606452,False,0.12087298707822842,0.018782618403058653,3.594902003211284,0.5586167278137089,LINK
636,2021-11-16 04:00:00+00:00,2021-11-16 16:00:00+00:00,1,3,-0.00925588482831604,False,0.08134993490669964,0.023533731682077588,2.2836854031492453,0.6606476032910189,LINK
637,2021-11-26 12:00:00+00:00,2021-11-27 00:00:00+00:00,1,3,0.026714975794520795,False,0.011970652593641393,0.053803578324108696,0.29500794369595473,1.3259496824183787,LINK
638,2021-12-04 08:00:00+00:00,2021-12-04 20:00:00+00:00,1,3,0.08061837245650041,False,0.027252678008821776,0.08958202058391092,0.3811441759659987,1.252855422346804,LINK
639,2022-01-21 00:00:00+00:00,2022-01-21 12:00:00+00:00,1,3,-0.03849239024713694,False,0.05772664153937718,0.01646498710573285,1.3526177523869447,0.3857981905433516,LINK
640,2022-01-22 08:00:00+00:00,2022-01-22 20:00:00+00:00,1,3,-0.008386718059978097,False,0.07549376299376294,0.06789241164241176,1.1069227234505736,0.9954683700566717,LINK
641,2022-02-24 04:00:00+00:00,2022-02-24 16:00:00+00:00,1,3,0.0023496336825278826,False,0.07210950867758492,0.010755316548521118,1.4314118211883393,0.2134987123128366,LINK
642,2022-03-07 20:00:00+00:00,2022-03-08 08:00:00+00:00,1,3,0.039171052146269376,False,0.011939823290615327,0.04831648491602319,0.3124826708853505,1.264513208182714,LINK
643,2022-04-11 12:00:00+00:00,2022-04-12 00:00:00+00:00,1,3,-0.031761474226690484,False,0.04768623024830701,0.006278216704288968,1.6746626211692908,0.22048072971015906,LINK
644,2022-04-26 16:00:00+00:00,2022-04-27 04:00:00+00:00,1,3,-0.011098837645376013,False,0.04096480822459462,0.011387900355871897,1.566917124727669,0.4355908609281564,LINK
645,2022-05-01 00:00:00+00:00,2022-05-01 12:00:00+00:00,1,3,0.009532768833155061,False,0.01360606337320801,0.025659757099808125,0.4027144391194872,0.7594815932387565,LINK
646,2022-05-05 16:00:00+00:00,2022-05-06 04:00:00+00:00,1,3,0.005768375531608847,False,0.03101771129668725,0.013673488115995149,0.8378057725137094,0.3693285801909515,LINK
647,2022-05-11 20:00:00+00:00,2022-05-12 08:00:00+00:00,1,3,-0.12010384997820367,False,0.20760947595118445,0.06446518305814786,2.3015664613011415,0.7146634447608661,LINK
648,2022-06-11 12:00:00+00:00,2022-06-12 00:00:00+00:00,1,3,-0.0725225037563435,False,0.0850501848917063,0.01848917062863176,1.5018226333275404,0.32648318115816016,LINK
649,2022-09-06 20:00:00+00:00,2022-09-07 08:00:00+00:00,1,3,0.0019655740600240737,False,0.01706331387516837,0.011974255350995371,0.5263642644354029,0.3693784311827396,LINK
650,2022-09-13 16:00:00+00:00,2022-09-14 04:00:00+00:00,1,3,0.007605429932833901,False,0.030054264644497033,0.015027132322248456,0.8300997332992303,0.4150498666496134,LINK
651,2022-11-08 20:00:00+00:00,2022-11-09 08:00:00+00:00,1,3,-0.04403921771509012,False,0.05003380662609861,0.0669371196754564,0.6376043530511586,0.8530112290819574,LINK
652,2023-01-14 12:00:00+00:00,2023-01-15 00:00:00+00:00,1,3,0.01754928801866788,False,0.01188707280832096,0.027043090638930088,0.39983563647081355,0.9096260729710975,LINK
653,2023-01-25 00:00:00+00:00,2023-01-25 12:00:00+00:00,1,3,0.004248966962541536,False,0.022829678582156822,0.023881045358966627,0.7027790635363811,0.7351438888308182,LINK
654,2023-03-03 04:00:00+00:00,2023-03-03 16:00:00+00:00,1,3,0.010640091305939205,False,0.0032305433186489508,0.02026431718061686,0.11637623785232581,0.7299964010737058,LINK
655,2023-03-09 20:00:00+00:00,2023-03-10 08:00:00+00:00,1,3,-0.021863432058227047,False,0.046862589356632234,0.00031771247021442094,2.009495963589004,0.01362370144805955,LINK
656,2023-03-22 20:00:00+00:00,2023-03-23 08:00:00+00:00,1,3,0.03170826699098671,False,0.005970998009667304,0.035115154961615,0.16768899838400161,0.9861710143059182,LINK
657,2023-04-26 20:00:00+00:00,2023-04-27 08:00:00+00:00,1,3,0.02282643032424554,False,0.027753560011624507,0.04954954954954958,1.0178958776385187,1.8172905459410227,LINK
658,2023-06-05 16:00:00+00:00,2023-06-06 04:00:00+00:00,1,3,-0.007188565306710433,False,0.025337282000658094,0.013491280026324423,1.7224942414474846,0.917172258433075,LINK
659,2023-06-10 04:00:00+00:00,2023-06-10 20:00:00+00:00,1,4,-0.10754661512802623,False,0.18734835355285956,0.003639514731369289,10.703070995696375,0.20792274829753238,LINK
660,2023-07-14 20:00:00+00:00,2023-07-15 08:00:00+00:00,1,3,0.027248029527517842,False,0.010023584905660321,0.02918632075471704,0.3817369569269181,1.1115281981107406,LINK
661,2023-08-18 00:00:00+00:00,2023-08-18 12:00:00+00:00,1,3,0.009510315619767597,False,0.016011644832605563,0.015849911046417576,0.46266589160255306,0.4579924987580813,LINK
662,2023-12-11 04:00:00+00:00,2023-12-11 16:00:00+00:00,1,3,-0.021996002776155404,False,0.03252301781810954,0.008809697290852547,0.7939667381498712,0.21506634658642287,LINK
663,2023-12-28 16:00:00+00:00,2023-12-29 04:00:00+00:00,1,3,-0.015659531793238236,False,0.039493201483312694,0.02231149567367124,1.0567639281048302,0.5970137371609464,LINK
664,2024-02-28 20:00:00+00:00,2024-02-29 08:00:00+00:00,1,3,0.05970796192531069,False,0.007037781775849249,0.0675732881786433,0.21503401992202453,2.064649950679905,LINK
665,2024-03-03 08:00:00+00:00,2024-03-03 20:00:00+00:00,1,3,0.014770588563342776,False,0.011015609563327354,0.024056510571033484,0.3268377823148111,0.7137668160866114,LINK
666,2024-03-05 20:00:00+00:00,2024-03-06 00:00:00+00:00,1,1,0.06766383614131981,False,0.008395785203132975,0.07364625007043436,0.1687454645902801,1.4802035048288222,LINK
667,2024-04-12 20:00:00+00:00,2024-04-13 08:00:00+00:00,1,3,0.04497835656130701,False,0.003661485319516342,0.06362694300518143,0.08255811037574318,1.4346418803030363,LINK
668,2024-04-13 20:00:00+00:00,2024-04-14 08:00:00+00:00,1,3,0.034774152808794374,False,0.128256662200387,0.03550692273336313,2.45644094147361,0.6800477824044767,LINK
669,2024-06-07 20:00:00+00:00,2024-06-08 08:00:00+00:00,1,3,0.0006564604344711193,False,0.005096088905261768,0.008657211272794363,0.18916496885262704,0.32135253744844894,LINK
670,2024-06-18 04:00:00+00:00,2024-06-18 16:00:00+00:00,1,3,-0.013538260851048377,False,0.04421942157791222,0.006702119909667118,1.366216425497895,0.2070706938151678,LINK
671,2024-07-03 20:00:00+00:00,2024-07-04 08:00:00+00:00,1,3,-0.045244412643705406,False,0.057015946989004675,0.0053156630015290625,2.2592361857931818,0.2106312152782872,LINK
672,2024-07-05 04:00:00+00:00,2024-07-05 16:00:00+00:00,1,3,0.08368207331571526,False,0.027650176678445285,0.09505300353356895,0.679466134204497,2.335800512472964,LINK
673,2024-08-04 16:00:00+00:00,2024-08-05 16:00:00+00:00,1,6,-0.13661774900910467,False,0.2865826000181439,0.016783089902930284,9.330144014687761,0.5463996969665212,LINK
674,2024-10-01 16:00:00+00:00,2024-10-02 04:00:00+00:00,1,3,-0.01990618472967569,False,0.051733193277310865,0.0041141456582633575,2.0160965245855644,0.16033254933252594,LINK
675,2024-10-26 00:00:00+00:00,2024-10-26 12:00:00+00:00,1,3,-0.004811564104171238,False,0.015726096333573032,0.02372393961179002,0.5422714613549524,0.8180552331297515,LINK
676,2024-11-13 20:00:00+00:00,2024-11-14 08:00:00+00:00,1,3,0.022521459785762754,False,0.01856444945509206,0.04006012777151443,0.3986970356742765,0.86034623487607,LINK
677,2024-12-20 12:00:00+00:00,2024-12-20 16:00:00+00:00,1,1,0.1316833957553059,False,0.0,0.14506866416978784,0.0,2.0432470813802817,LINK
678,2025-02-03 04:00:00+00:00,2025-02-03 08:00:00+00:00,1,1,0.09473093685364073,False,0.037451279444162024,0.09890978930124845,0.5104005815431167,1.3479810230497704,LINK
679,2025-02-28 04:00:00+00:00,2025-02-28 16:00:00+00:00,1,3,0.05193462962474716,False,0.03049307958477509,0.06084198385236443,0.666994823627469,1.330836007426911,LINK
680,2025-03-03 20:00:00+00:00,2025-03-04 08:00:00+00:00,1,3,-0.06651400500702162,False,0.09076109076109082,0.01221001221001219,1.7686569469120144,0.23793591214062917,LINK
681,2025-04-03 00:00:00+00:00,2025-04-03 12:00:00+00:00,1,3,-0.007556216409970246,False,0.016364200403288374,0.031177291763610924,0.4312275511474295,0.8215804528969958,LINK
682,2020-02-20 00:00:00+00:00,2020-02-20 12:00:00+00:00,1,3,-0.022534146778745455,False,0.02721088435374152,0.02777777777777769,0.5025660808636684,0.513036207548326,LTC
683,2020-03-08 16:00:00+00:00,2020-03-09 04:00:00+00:00,1,3,-0.055663437576483864,False,0.07828188917813315,0.012458162885831195,2.286140351144312,0.36382756182106707,LTC
684,2020-03-12 08:00:00+00:00,2020-03-13 12:00:00+00:00,1,7,-0.19554514494679537,False,0.45108947612424666,0.00764951321279551,8.822898637997891,0.14961750002771268,LTC
685,2020-03-16 08:00:00+00:00,2020-03-16 20:00:00+00:00,1,3,0.02812935220201234,False,0.07441418619379347,0.0734642178594047,0.8259563575808195,0.8154122338670227,LTC
686,2020-05-10 04:00:00+00:00,2020-05-10 16:00:00+00:00,1,3,-0.004351831310310426,False,0.017451589768108938,0.026296916088931425,0.4443175222068125,0.6695195540102692,LTC
687,2020-06-02 16:00:00+00:00,2020-06-03 04:00:00+00:00,1,3,0.0019169264704819626,False,0.010498687664041927,0.012467191601049876,0.3450436153907611,0.4097392932765317,LTC
688,2020-06-27 20:00:00+00:00,2020-06-28 08:00:00+00:00,1,3,0.02568406390125038,False,0.006751687921980573,0.03425856464116023,0.3114312295740485,1.5802251278386696,LTC
689,2020-07-16 08:00:00+00:00,2020-07-16 20:00:00+00:00,1,3,-0.005109193106277953,False,0.015513126491646744,0.00930787589498808,0.8506213422936227,0.5103728053761755,LTC
690,2020-08-02 08:00:00+00:00,2020-08-02 20:00:00+00:00,1,3,-0.016050433011090062,False,0.06579394763685817,0.003230193811628659,1.3512664063172861,0.06634124475459469,LTC
691,2020-09-02 12:00:00+00:00,2020-09-03 00:00:00+00:00,1,3,-0.011338870686138328,False,0.031367200818274744,0.005284691442209381,0.9668450489917864,0.16289237238448728,LTC
692,2020-09-04 00:00:00+00:00,2020-09-04 12:00:00+00:00,1,3,0.07788221637466133,False,0.024534686971235273,0.10744500846023684,0.4767309034291637,2.08775257708633,LTC
693,2020-10-16 08:00:00+00:00,2020-10-16 20:00:00+00:00,1,3,-7.139984966017987e-05,False,0.022934805691229673,0.014865151836907956,0.9500378597261061,0.6157652794520989,LTC
694,2020-11-09 16:00:00+00:00,2020-11-10 04:00:00+00:00,1,3,0.01625888534200123,False,0.008962426749396813,0.028266115132712745,0.23381672003081497,0.7374219631741015,LTC
695,2020-12-21 12:00:00+00:00,2020-12-22 00:00:00+00:00,1,3,-0.007785707337313166,False,0.04615822965143888,0.04739291480672424,0.7951204538371213,0.8163891079521053,LTC
696,2021-01-11 04:00:00+00:00,2021-01-12 00:00:00+00:00,1,5,-0.019065310305306803,False,0.21567944250871082,0.041045296167247294,2.4132747331044055,0.4592629459768955,LTC
697,2021-02-23 12:00:00+00:00,2021-02-24 00:00:00+00:00,1,3,0.05975323914248579,False,0.046980662000237365,0.07669948985644784,0.5446549523408426,0.8891904714352359,LTC
698,2021-04-18 04:00:00+00:00,2021-04-18 16:00:00+00:00,1,3,0.009675110209214358,False,0.0658049353701528,0.025586596414085894,0.788622216601728,0.3066359425150726,LTC
699,2021-05-13 00:00:00+00:00,2021-05-13 12:00:00+00:00,1,3,0.014716127805782592,False,0.04314052770109776,0.06869101880978358,0.5744016756673318,0.9145979061964948,LTC
700,2021-05-19 16:00:00+00:00,2021-05-20 04:00:00+00:00,1,3,-0.05365405317220155,False,0.19499079546555567,0.09558182346671844,1.4030467359649506,0.6877543379028199,LTC
701,2021-05-21 16:00:00+00:00,2021-05-22 04:00:00+00:00,1,3,-0.002051071740257846,False,0.1266141204091899,0.046341327072502776,1.0009852509113946,0.36636502119450287,LTC
702,2021-06-22 12:00:00+00:00,2021-06-23 00:00:00+00:00,1,3,0.04577922218838047,False,0.08140553803014376,0.07895198037153865,1.2550019738390112,1.2171762954025265,LTC
703,2021-09-07 16:00:00+00:00,2021-09-08 04:00:00+00:00,1,3,-0.006885205774761239,False,0.039638735574510864,0.04030774376986112,0.6325175881316253,0.6431929904629585,LTC
704,2021-09-24 12:00:00+00:00,2021-09-25 00:00:00+00:00,1,3,0.03434257076716121,False,0.024756189047261786,0.05537748073381985,0.566247994183759,1.2666484057223504,LTC
705,2021-10-27 08:00:00+00:00,2021-10-27 20:00:00+00:00,1,3,-0.03421418455563027,False,0.11013400335008372,0.0024078726968174624,4.12181414595787,0.09011570851428964,LTC
706,2021-11-11 00:00:00+00:00,2021-11-11 12:00:00+00:00,1,3,0.026644893679998193,False,0.03599692662312718,0.054168267383787806,0.7147485093636647,1.0755553876230142,LTC
707,2021-11-16 04:00:00+00:00,2021-11-16 16:00:00+00:00,1,3,-0.04434875120755652,False,0.1008296889688151,0.019046062042751565,2.167388402014331,0.40940534873882617,LTC
708,2021-11-26 12:00:00+00:00,2021-11-27 00:00:00+00:00,1,3,0.02251629220129429,False,0.005600041869471886,0.04657978751243003,0.12618881712869368,1.0496079181732538,LTC
709,2021-12-04 08:00:00+00:00,2021-12-04 20:00:00+00:00,1,3,0.08058275544286367,False,0.03281827786582144,0.08762546222926579,0.45081172017411464,1.2036763635232408,LTC
710,2022-01-06 00:00:00+00:00,2022-01-06 12:00:00+00:00,1,3,-0.0091402140015862,False,0.019525183048591188,0.017972043487907537,0.6971064981830719,0.6416548449185001,LTC
711,2022-01-21 00:00:00+00:00,2022-01-21 16:00:00+00:00,1,4,-0.045015884271093334,False,0.09693601914023299,0.011190862082272263,2.9020126896888714,0.335025350322366,LTC
712,2022-01-22 08:00:00+00:00,2022-01-22 20:00:00+00:00,1,3,0.003458262940108383,False,0.0896610490437417,0.04525658019314525,1.6978645033329505,0.8570002456105076,LTC
713,2022-02-22 00:00:00+00:00,2022-02-22 12:00:00+00:00,1,3,0.014368791176063142,False,0.025031654816402137,0.022986266679653252,0.6551773202638037,0.6016414302811564,LTC
714,2022-02-24 04:00:00+00:00,2022-02-24 16:00:00+00:00,1,3,-0.002809626659610184,False,0.06892332789559548,0.005709624796084852,1.7771860929179024,0.14722251657308116,LTC
715,2022-03-07 20:00:00+00:00,2022-03-08 08:00:00+00:00,1,3,0.025329381845013384,False,0.009583676834295205,0.041838417147567884,0.315243990426431,1.376226452829351,LTC
716,2022-03-31 16:00:00+00:00,2022-04-01 04:00:00+00:00,1,3,-0.026739460111863983,False,0.04039996774453677,0.010886218853318235,1.5406422800486588,0.4151431293544269,LTC
717,2022-04-11 12:00:00+00:00,2022-04-12 00:00:00+00:00,1,3,-0.024223008930905968,False,0.029481919664154217,0.006201698311229763,1.2348651928822303,0.2597612865286208,LTC
718,2022-05-05 16:00:00+00:00,2022-05-06 04:00:00+00:00,1,3,-0.013922532762736934,False,0.035656071719641406,0.002954360228198923,1.3983246566789242,0.11586118583911335,LTC
719,2022-05-09 20:00:00+00:00,2022-05-10 08:00:00+00:00,1,3,0.020951006189695184,False,0.08572143661619315,0.05180828431985985,2.10442090421624,1.2718689844460207,LTC
720,2022-05-11 16:00:00+00:00,2022-05-12 16:00:00+00:00,1,6,-0.13130924506237185,False,0.2698412698412699,0.011433952111918137,4.29313663250735,0.18191256917403903,LTC
721,2022-08-15 08:00:00+00:00,2022-08-15 20:00:00+00:00,1,3,-0.011308556096011047,False,0.01827079934747141,0.012561174551386676,0.6396056543988211,0.4397288873991923,LTC
722,2022-09-06 20:00:00+00:00,2022-09-07 08:00:00+00:00,1,3,-0.017166299290347152,False,0.039244186046511566,0.0021802325581394884,1.1851964705469946,0.06584424836372062,LTC
723,2022-09-13 16:00:00+00:00,2022-09-14 04:00:00+00:00,1,3,-0.03184635302019061,False,0.05741549409671676,0.016173378618793467,1.7365682463393894,0.48917415389842,LTC
724,2022-09-19 00:00:00+00:00,2022-09-19 12:00:00+00:00,1,3,-0.028493395085050253,False,0.05019011406844107,0.020912547528517136,1.748438525658286,0.72851605235762,LTC
725,2022-11-08 20:00:00+00:00,2022-11-09 08:00:00+00:00,1,3,0.01458945688059976,False,0.032758013384994705,0.0526593871081367,0.5186659848789901,0.8337695133269795,LTC
726,2022-12-16 12:00:00+00:00,2022-12-17 00:00:00+00:00,1,3,-0.04496003471544537,False,0.06303310683822465,0.003180569611103063,2.373152495502949,0.1197462268373042,LTC
727,2023-02-09 20:00:00+00:00,2023-02-10 08:00:00+00:00,1,3,0.012220374715321593,False,0.01974042970880142,0.019522303413676587,0.8080954452942982,0.799166213854584,LTC
728,2023-03-03 04:00:00+00:00,2023-03-03 16:00:00+00:00,1,3,0.0052078028860863355,False,0.004169953792403973,0.009805026484841545,0.175379179646241,0.4123780710600706,LTC
729,2023-03-10 00:00:00+00:00,2023-03-11 00:00:00+00:00,1,6,-0.07057664099992748,False,0.11250326285565132,0.0018271991647089605,4.013482913183994,0.06518417724428782,LTC
730,2023-03-11 08:00:00+00:00,2023-03-11 20:00:00+00:00,1,3,0.0405172906153503,False,0.010051781906792517,0.05635089856838262,0.23151807760760085,1.2979043744668608,LTC
731,2023-04-19 12:00:00+00:00,2023-04-20 00:00:00+00:00,1,3,-0.054714452509034256,False,0.09391049156272921,0.0019914055130489227,3.8155528570076784,0.08091016103029583,LTC
732,2023-04-26 20:00:00+00:00,2023-04-27 08:00:00+00:00,1,3,0.028333401172664932,False,0.02608695652173913,0.05136231884057979,1.007818148837203,1.984281955266141,LTC
733,2023-05-06 16:00:00+00:00,2023-05-07 04:00:00+00:00,1,3,0.011346838937443583,False,0.001706484641638232,0.026206728425158355,0.08524364533342182,1.3090988390489675,LTC
734,2023-05-08 20:00:00+00:00,2023-05-09 08:00:00+00:00,1,3,0.022170665067928145,False,0.0019523623584536182,0.025250553169334868,0.07433894620869562,0.9614503709658503,LTC
735,2023-05-24 08:00:00+00:00,2023-05-24 20:00:00+00:00,1,3,-0.007214719590101535,False,0.01752336448598131,0.015303738317757037,0.9208005820062659,0.8041658416188069,LTC
736,2023-06-05 16:00:00+00:00,2023-06-06 04:00:00+00:00,1,3,0.013845940102363691,False,0.032798325191905175,0.02779716213072808,1.4430429593741176,1.2230044939376359,LTC
737,2023-06-10 04:00:00+00:00,2023-06-10 20:00:00+00:00,1,4,-0.10129638944317049,False,0.14880882525525166,0.005985213003168703,7.0873398007763715,0.28505861974731767,LTC
738,2023-07-14 20:00:00+00:00,2023-07-15 08:00:00+00:00,1,3,0.019564809516270196,False,0.009647336263265147,0.026476578411405282,0.3083037774306962,0.846122589170905,LTC
739,2023-08-04 00:00:00+00:00,2023-08-04 12:00:00+00:00,1,3,0.003924577718002612,False,0.003393939393939408,0.011878787878787928,0.1311250753180019,0.4589377636130067,LTC
740,2023-08-17 00:00:00+00:00,2023-08-17 12:00:00+00:00,1,3,0.005017385640378563,False,0.023883000134174173,0.017174292231316262,1.3444299512582647,0.9667810885452692,LTC
741,2023-08-18 00:00:00+00:00,2023-08-18 12:00:00+00:00,1,3,0.006548601248286946,False,0.02240766496677478,0.018544274455261984,0.5238035334259523,0.4334925793869973,LTC
742,2023-10-24 16:00:00+00:00,2023-10-25 04:00:00+00:00,1,3,0.018862273517347632,False,0.00851563647041548,0.03362208192629579,0.32923505556868793,1.2999108228487926,LTC
743,2023-11-09 20:00:00+00:00,2023-11-10 00:00:00+00:00,1,1,0.03564905925301878,False,0.014743049705138966,0.03903397921932043,0.5659019881087473,1.4982928828022117,LTC
744,2023-12-11 04:00:00+00:00,2023-12-11 16:00:00+00:00,1,3,-0.01751417328535551,False,0.025457007447528716,0.00406228842247815,0.9309793111736733,0.14856052837878364,LTC
745,2024-01-03 16:00:00+00:00,2024-01-04 04:00:00+00:00,1,3,-0.01335871715797373,False,0.02596810933940765,0.0034927866362946696,0.7579712621498292,0.10194935104939438,LTC
746,2024-01-22 12:00:00+00:00,2024-01-23 00:00:00+00:00,1,3,-0.03239402142601209,False,0.04116884986325032,0.007341298402188069,1.9591755209813921,0.3493634670281539,LTC
747,2024-01-23 12:00:00+00:00,2024-01-24 00:00:00+00:00,1,3,0.008105492782007142,False,0.02560148056755095,0.010950030845157213,1.0114530708187601,0.4326094459525975,LTC
748,2024-02-13 16:00:00+00:00,2024-02-14 04:00:00+00:00,1,3,0.0005382594028659281,False,0.011172373766685955,0.004497968659315181,0.6259677867357222,0.25201300504944973,LTC
749,2024-03-05 20:00:00+00:00,2024-03-06 08:00:00+00:00,1,3,0.10420303379258304,False,0.01829896907216479,0.1086340206185568,0.3264952931984895,1.9382783955375305,LTC
750,2024-04-12 20:00:00+00:00,2024-04-13 08:00:00+00:00,1,3,-0.006450594311592427,False,0.033803473598321546,0.009558223569180476,0.8853096471585621,0.25032893471379775,LTC
751,2024-04-13 20:00:00+00:00,2024-04-14 08:00:00+00:00,1,3,0.03132148424513105,False,0.08556981719175412,0.032672112018669916,1.9482046152785455,0.7438599440154483,LTC
752,2024-06-07 20:00:00+00:00,2024-06-08 08:00:00+00:00,1,3,0.0073848427231114865,False,0.0028945381323935288,0.012710797885728735,0.1540112105793386,0.6763100986310421,LTC
753,2024-06-11 16:00:00+00:00,2024-06-12 04:00:00+00:00,1,3,0.012910461995583912,False,0.004838498757682811,0.01595396887668365,0.2660677436078723,0.877304451896216,LTC
754,2024-06-18 04:00:00+00:00,2024-06-18 16:00:00+00:00,1,3,-0.016320400686285163,False,0.03050198331281636,0.009301053207495647,1.4512609397804672,0.442536968184182,LTC
755,2024-07-05 00:00:00+00:00,2024-07-05 16:00:00+00:00,1,4,-0.06274063347032788,False,0.13691295701392078,0.002600581306409694,5.970778864253833,0.11341144211431972,LTC
756,2024-08-02 16:00:00+00:00,2024-08-03 04:00:00+00:00,1,3,-0.0054828128494475116,False,0.036335877862595456,0.0058015267175571825,1.2516089402779906,0.1998367215569875,LTC
757,2024-08-05 04:00:00+00:00,2024-08-05 16:00:00+00:00,1,3,0.02801773246378063,False,0.1089592760180996,0.0338461538461538,2.618252788209818,0.8133110820518854,LTC
758,2024-08-28 00:00:00+00:00,2024-08-28 12:00:00+00:00,1,3,0.01820202783879883,False,0.010772290354657037,0.02436194895591645,0.5091415597123157,1.151443219657072,LTC
759,2024-10-01 16:00:00+00:00,2024-10-02 04:00:00+00:00,1,3,-0.01657467577295383,False,0.05088122605363985,0.005517241379310336,2.552909743651788,0.2768215384682656,LTC
760,2024-10-26 00:00:00+00:00,2024-10-26 12:00:00+00:00,1,3,-0.0011698897371233733,False,0.00784883720930221,0.012790697674418745,0.4202588733911248,0.6848663121929617,LTC
761,2024-11-13 04:00:00+00:00,2024-11-13 16:00:00+00:00,1,3,0.03700386092423067,False,0.02561669829222012,0.042830035239902364,0.6960922890246514,1.1638368430253414,LTC
762,2024-12-10 00:00:00+00:00,2024-12-10 12:00:00+00:00,1,3,0.01600791822237304,False,0.04925305568130373,0.03992756903576276,0.8720612690876697,0.7069467273302614,LTC
763,2024-12-19 20:00:00+00:00,2024-12-20 08:00:00+00:00,1,3,0.02897502604011885,False,0.024324881467738604,0.06411049268192125,0.4194374756421742,1.105466567158612,LTC
764,2024-12-20 12:00:00+00:00,2024-12-20 16:00:00+00:00,1,1,0.10497909897453633,False,0.0008065445327803593,0.11568153013019923,0.011454439661590305,1.642893917176492,LTC
765,2025-02-03 04:00:00+00:00,2025-02-03 16:00:00+00:00,1,3,0.10194115482316451,False,0.03870068610634648,0.11653087478559182,0.5293698981094774,1.5939752887673195,LTC
766,2025-04-03 00:00:00+00:00,2025-04-03 12:00:00+00:00,1,3,0.013207492912599263,False,0.006750951270406249,0.04517000122744577,0.21470872261057633,1.4365965440125938,LTC
767,2025-04-06 20:00:00+00:00,2025-04-07 08:00:00+00:00,1,3,-0.12105178645819473,False,0.1346972401482905,0.0041191816559109865,4.473202882437794,0.13679519518158265,LTC
