,entry,exit,direction,bars,return,open,mae,mfe,mae_atr,mfe_atr,symbol
0,2019-10-07 00:00:00+00:00,2019-10-26 00:00:00+00:00,-1,19,-0.05148343806583362,False,0.1206208239364608,0.08659724760244444,2.4640840318133472,1.7690386125083455,BTC
1,2019-10-26 00:00:00+00:00,2019-11-19 00:00:00+00:00,1,24,-0.035123179014040766,False,0.06936416184971098,0.2032924855491329,1.3965607892727727,4.093040361200642,BTC
2,2019-11-19 00:00:00+00:00,2019-11-20 00:00:00+00:00,-1,1,0.002216076403716697,False,0.0036183623641434562,0.022394498036234976,0.08060070904570825,0.49884788719068635,BTC
3,2019-11-20 00:00:00+00:00,2019-11-23 00:00:00+00:00,1,3,-0.05157673313581609,False,0.16834979155650115,0.012088493181007683,3.8418489539056773,0.27586707683070383,BTC
4,2019-11-23 00:00:00+00:00,2019-12-23 00:00:00+00:00,-1,30,-0.01819690712948423,False,0.08086226647867462,0.11506983609446601,1.4146438274803796,2.0130876915643365,BTC
5,2019-12-23 00:00:00+00:00,2019-12-26 00:00:00+00:00,1,3,-0.016283617244133353,False,0.050610962132076644,0.025067573691309505,1.1248065346421712,0.5571158797974856,BTC
6,2019-12-26 00:00:00+00:00,2020-01-02 00:00:00+00:00,-1,7,-0.0004322659773573122,False,0.04520617375667403,0.01701879482604191,1.0001325282276718,0.37652048121512177,BTC
7,2020-01-02 00:00:00+00:00,2020-01-03 00:00:00+00:00,1,1,-0.017961861776509633,False,0.03828653281593645,0.0016700080721688622,1.034074977872926,0.045104986878227074,BTC
8,2020-01-03 00:00:00+00:00,2020-01-07 00:00:00+00:00,-1,4,-0.05563307896844798,False,0.12160372534487014,0.014162515584512638,3.1590329990082084,0.3679151601117523,BTC
9,2020-01-07 00:00:00+00:00,2020-02-26 00:00:00+00:00,1,50,0.06326715792160517,False,0.01126538694071077,0.358704409601683,0.30743389935368637,9.78909077332141,BTC
10,2020-02-26 00:00:00+00:00,2020-04-10 00:00:00+00:00,-1,44,0.16211034523203058,False,0.006219172206733862,0.611643791550504,0.14087386810433838,13.854677753484243,BTC
11,2020-04-10 00:00:00+00:00,2020-06-05 00:00:00+00:00,1,56,0.1121510138232742,False,0.11174050132922997,0.4421973855041801,1.5353480341479178,6.0759248299666675,BTC
12,2020-06-05 00:00:00+00:00,2020-06-07 00:00:00+00:00,-1,2,0.0036723810575059815,False,0.006811172079404768,0.02659595661364093,0.12569519963534018,0.49080892936955245,BTC
13,2020-06-07 00:00:00+00:00,2020-06-12 00:00:00+00:00,1,5,-0.017345939993603846,False,0.06301014072847685,0.036422806291390705,1.241185132220122,0.7174630165867345,BTC
14,2020-06-12 00:00:00+00:00,2020-06-13 00:00:00+00:00,-1,1,-0.0075639330290973,False,0.029313334835088842,0.004314493486225056,0.5646273723383014,0.08310487816561618,BTC
15,2020-06-13 00:00:00+00:00,2020-06-15 00:00:00+00:00,1,2,-0.005705338588473473,False,0.023040709764655814,0.0041167534102767135,0.4641361715396601,0.0829286157646809,BTC
16,2020-06-15 00:00:00+00:00,2020-06-19 00:00:00+00:00,-1,4,-0.002247014206445933,False,0.02734482489097504,0.04830822700305476,0.5909000828552278,1.0439026562614921,BTC
17,2020-06-19 00:00:00+00:00,2020-06-26 00:00:00+00:00,1,7,-0.007126825281582469,False,0.04014138328364383,0.044066091142333,0.9249241781236582,1.0153559692984446,BTC
18,2020-06-26 00:00:00+00:00,2020-07-23 00:00:00+00:00,-1,27,-0.02908158737515385,False,0.03203828372130749,0.04654067645388924,0.8114266802007863,1.1787256432891433,BTC
19,2020-07-23 00:00:00+00:00,2020-08-30 00:00:00+00:00,1,38,0.13516049250112883,False,0.008235757623512665,0.31320568381792874,0.37547824277069286,14.279429429783322,BTC
20,2020-08-30 00:00:00+00:00,2020-08-31 00:00:00+00:00,-1,1,-0.013934659470440274,False,0.022452920030767543,0.0007656981195919871,0.6477599492800116,0.022090159072006933,BTC
21,2020-08-31 00:00:00+00:00,2020-09-03 00:00:00+00:00,1,3,-0.01874036337795289,False,0.047646690239317564,0.02961634400818159,1.438175077782714,0.8939443145718957,BTC
22,2020-09-03 00:00:00+00:00,2020-10-02 00:00:00+00:00,-1,29,0.04416571350979279,False,0.006847440019092888,0.1393687439457539,0.18750693053351558,3.816405155315505,BTC
23,2020-10-02 00:00:00+00:00,2021-02-05 00:00:00+00:00,1,126,0.5839764432435542,False,0.022765327727434063,2.9693751690203096,0.655595608580143,85.51202707662725,BTC
24,2021-02-05 00:00:00+00:00,2021-02-08 00:00:00+00:00,-1,3,-0.011526573996687413,False,0.10859392599656059,0.01055387778271479,1.276225609337522,0.12403206699190077,BTC
25,2021-02-08 00:00:00+00:00,2021-03-22 00:00:00+00:00,1,42,0.10188083959594346,False,0.02090773953165119,0.5946253788683179,0.27253211141220984,7.7509340384187215,BTC
26,2021-03-22 00:00:00+00:00,2021-03-23 00:00:00+00:00,-1,1,0.019776869679249437,False,0.01889430634894813,0.06582527477924832,0.28551644039729285,0.9947016734060192,BTC
27,2021-03-23 00:00:00+00:00,2021-04-11 00:00:00+00:00,1,19,0.027540937171431197,False,0.06793847945558759,0.14170519767757214,0.9488923634459947,1.9791873620715017,BTC
28,2021-04-11 00:00:00+00:00,2021-04-12 00:00:00+00:00,-1,1,-0.0013079566090537789,False,0.01645345174849153,0.008831498235990139,0.33254647030000056,0.1784965009611712,BTC
29,2021-04-12 00:00:00+00:00,2021-04-19 00:00:00+00:00,1,7,-0.03573556935685616,False,0.16708548149282243,0.08147601439169788,3.514311095328129,1.7136860654895278,BTC
30,2021-04-19 00:00:00+00:00,2021-04-20 00:00:00+00:00,-1,1,0.0029639800045764323,False,0.024806711073467054,0.03455732583066817,0.4056714413318161,0.5651261119131111,BTC
31,2021-04-20 00:00:00+00:00,2021-04-24 00:00:00+00:00,1,4,-0.03517573910676911,False,0.1453818402610327,0.02562461815434663,2.3609825669031475,0.4161405347279689,BTC
32,2021-04-24 00:00:00+00:00,2021-05-02 00:00:00+00:00,-1,8,-0.05206988950990348,False,0.1440761447672282,0.08200264383945897,2.0400787990564333,1.1611350056161995,BTC
33,2021-05-02 00:00:00+00:00,2021-05-03 00:00:00+00:00,1,1,-0.007655949932746313,False,0.030021609251207747,0.002137583394799959,0.5069099640302658,0.03609274615171236,BTC
34,2021-05-03 00:00:00+00:00,2021-05-06 00:00:00+00:00,-1,3,-0.004073995191228706,False,0.04284382591448778,0.06621804958579623,0.7322282266374966,1.1317085714141475,BTC
35,2021-05-06 00:00:00+00:00,2021-05-07 00:00:00+00:00,1,1,-0.006568917857679159,False,0.038259918602060454,0.016561164024274388,0.6380697108773427,0.276194449096186,BTC
36,2021-05-07 00:00:00+00:00,2021-06-17 00:00:00+00:00,-1,41,0.10172709031136108,False,0.05703251596738572,0.4916661277018748,0.9393222966024342,8.097713179945485,BTC
37,2021-06-17 00:00:00+00:00,2021-06-18 00:00:00+00:00,1,1,-0.002199056735970382,False,0.02634530682903127,0.031817210966653485,0.29935599123767176,0.361532047781844,BTC
38,2021-06-18 00:00:00+00:00,2021-06-21 00:00:00+00:00,-1,3,0.01560667281665664,False,0.0036071318690586926,0.1247667213775045,0.04169311080447538,1.4421188157063078,BTC
39,2021-06-21 00:00:00+00:00,2021-06-22 00:00:00+00:00,1,1,-0.02989770998478477,False,0.12189648157389552,0.0044295033471354744,1.3782443658049146,0.05008297165494946,BTC
40,2021-06-22 00:00:00+00:00,2021-07-06 00:00:00+00:00,-1,14,-0.016870397930389296,False,0.15873568309814592,0.0894130861228881,1.5466064375039406,0.8711768639270008,BTC
41,2021-07-06 00:00:00+00:00,2021-07-08 00:00:00+00:00,1,2,0.0009585423657763529,False,0.005129374757964345,0.04298078682090425,0.06507743202954787,0.5453060782059017,BTC
42,2021-07-08 00:00:00+00:00,2021-07-24 00:00:00+00:00,-1,16,-0.004083063934786786,False,0.024141661968868185,0.13601161035808446,0.32800020384562795,1.8479190032713113,BTC
43,2021-07-24 00:00:00+00:00,2021-09-11 00:00:00+00:00,1,49,0.10795937548429127,False,0.007571104159246245,0.5742782848304983,0.13436806578118107,10.191995874019318,BTC
44,2021-09-11 00:00:00+00:00,2021-09-15 00:00:00+00:00,-1,4,-0.018391711500174143,False,0.05376962485981649,0.03425928588481313,0.8735543721207423,0.5565846711491281,BTC
45,2021-09-15 00:00:00+00:00,2021-09-18 00:00:00+00:00,1,3,0.00047319269968620166,False,0.008753550329410262,0.029749498695823356,0.15509703423826474,0.5271071558582313,BTC
46,2021-09-18 00:00:00+00:00,2021-10-06 00:00:00+00:00,-1,18,-0.02666945401314659,False,0.09692576238644773,0.16488408478850541,1.8846808714609482,3.2061019996959157,BTC
47,2021-10-06 00:00:00+00:00,2021-11-17 00:00:00+00:00,1,42,0.044274352219690845,False,0.020311292637156468,0.3448360435268637,0.39844932522613474,6.7646944638854105,BTC
48,2021-11-17 00:00:00+00:00,2022-02-07 00:00:00+00:00,-1,82,0.16293568736969957,False,0.014856579281646137,0.4534020962622219,0.2883928004739379,8.80134638014249,BTC
49,2022-02-07 00:00:00+00:00,2022-02-12 00:00:00+00:00,1,5,-0.0019139299796775257,False,0.017742352403783083,0.08229553590714181,0.3513126718992527,1.6295169855128278,BTC
50,2022-02-12 00:00:00+00:00,2022-02-15 00:00:00+00:00,-1,3,-0.002124323504138243,False,0.014492753623188406,0.01982721994051834,0.2752826092312849,0.37660812989296305,BTC
51,2022-02-15 00:00:00+00:00,2022-02-18 00:00:00+00:00,1,3,-0.01930627635064777,False,0.05890727226294848,0.052953617554227936,1.2328712266565702,1.108267093722601,BTC
52,2022-02-18 00:00:00+00:00,2022-02-19 00:00:00+00:00,-1,1,0.003977201400886612,False,0.011172660076015615,0.02641775968902262,0.21028716603217307,0.49722409704821885,BTC
53,2022-02-19 00:00:00+00:00,2022-02-28 00:00:00+00:00,1,9,-0.02215846869414512,False,0.1416951069387593,0.011867349900417237,2.6885234370822886,0.22517113704651454,BTC
54,2022-02-28 00:00:00+00:00,2022-03-01 00:00:00+00:00,-1,1,-0.05934638288628851,False,0.17702803142917817,0.0068379698449776635,2.8387241710032236,0.10964992449399104,BTC
55,2022-03-01 00:00:00+00:00,2022-03-05 00:00:00+00:00,1,4,-0.026938023641175753,False,0.10738037307380373,0.05086316765148882,1.7315304337015416,0.820178960288063,BTC
56,2022-03-05 00:00:00+00:00,2022-03-18 00:00:00+00:00,-1,13,-0.0187167079078149,False,0.08995673142045157,0.05095367220664637,1.316339357493974,0.7456065052093102,BTC
57,2022-03-18 00:00:00+00:00,2022-04-12 00:00:00+00:00,1,25,-0.03181362036353258,False,0.0430680153845778,0.17853885632828914,0.7599049132748738,3.1501928501429535,BTC
58,2022-04-12 00:00:00+00:00,2022-04-13 00:00:00+00:00,-1,1,-0.006819455087091604,False,0.030233688388481672,0.007128103357498647,0.6341623703964017,0.14951450393806562,BTC
59,2022-04-13 00:00:00+00:00,2022-04-15 00:00:00+00:00,1,2,-0.0019315457986012908,False,0.013447094034802116,0.03792494889005941,0.2905096756385641,0.8193268056388968,BTC
60,2022-04-15 00:00:00+00:00,2022-06-07 00:00:00+00:00,-1,53,0.08698293600170418,False,0.07641315866609542,0.3328222587991252,1.6295885163781534,7.0977740012564,BTC
61,2022-06-07 00:00:00+00:00,2022-06-11 00:00:00+00:00,1,4,-0.029061594567051895,False,0.08150836064946497,0.0075826180120658416,1.5893323833651365,0.14785354853463273,BTC
62,2022-06-11 00:00:00+00:00,2022-07-15 00:00:00+00:00,-1,34,0.1077561674064468,False,0.012043593544193685,0.39495902358164503,0.22031435490917858,7.225014874227459,BTC
63,2022-07-15 00:00:00+00:00,2022-08-20 00:00:00+00:00,1,36,-0.016622811556088128,False,0.010413730768856932,0.2245731002108988,0.16587733388229636,3.5771605730454845,BTC
64,2022-08-20 00:00:00+00:00,2022-08-23 00:00:00+00:00,-1,3,-0.010805186008202643,False,0.04704464367175819,0.003937593938026113,0.8799767147197699,0.07365325161480182,BTC
65,2022-08-23 00:00:00+00:00,2022-08-25 00:00:00+00:00,1,2,-0.0013346574679517437,False,0.02394912797493808,0.02518352270070597,0.49774112187547925,0.5233958770834284,BTC
66,2022-08-25 00:00:00+00:00,2022-10-05 00:00:00+00:00,-1,41,-0.0005144559531484432,False,0.07001203470866164,0.15315454532683376,1.5003306445570919,3.28204227549223,BTC
67,2022-10-05 00:00:00+00:00,2022-10-08 00:00:00+00:00,1,3,-0.02093692489967808,False,0.05058771455269751,0.00545418777357013,1.1005936401112397,0.11866209866647702,BTC
68,2022-10-08 00:00:00+00:00,2022-10-18 00:00:00+00:00,-1,10,-0.0038012658874335145,False,0.02187399146555743,0.08212223821647578,0.4838160642109342,1.8164063993830202,BTC
69,2022-10-18 00:00:00+00:00,2022-10-21 00:00:00+00:00,1,3,-0.020084057059541405,False,0.033683714931987616,0.008484898109577133,0.9235301500044208,0.2326364309795447,BTC
70,2022-10-21 00:00:00+00:00,2022-10-23 00:00:00+00:00,-1,2,-0.007527888468439789,False,0.011310921632597271,0.022837239357594324,0.3250154862586303,0.6562203059759745,BTC
71,2022-10-23 00:00:00+00:00,2022-11-03 00:00:00+00:00,1,11,0.037312412236456934,False,0.007559220842819186,0.09861370870690966,0.23249846928288567,3.0330554962479606,BTC
72,2022-11-03 00:00:00+00:00,2022-11-04 00:00:00+00:00,-1,1,-0.00325178239162101,False,0.012904603254204372,0.005665314472122708,0.40470517679658147,0.1776716455270839,BTC
73,2022-11-04 00:00:00+00:00,2022-11-09 00:00:00+00:00,1,5,-0.04942542730996557,False,0.1668193091976614,0.06307024361747947,5.408489347688665,2.0448156895140093,BTC
74,2022-11-09 00:00:00+00:00,2022-12-08 00:00:00+00:00,-1,29,0.03127460727656888,False,0.0022067551526924276,0.16676378547534257,0.04732301214374989,3.576184986158849,BTC
75,2022-12-08 00:00:00+00:00,2022-12-09 00:00:00+00:00,1,1,0.011040530728293045,False,0.0069883527454242065,0.027745424292845343,0.20984364814210069,0.8331292458975198,BTC
76,2022-12-09 00:00:00+00:00,2022-12-10 00:00:00+00:00,-1,1,0.0020447014755473215,False,0.008677973977695251,0.009526022304832713,0.26577130061338666,0.2917435963895247,BTC
77,2022-12-10 00:00:00+00:00,2022-12-17 00:00:00+00:00,1,7,-0.01751202294891878,False,0.03509519915897684,0.07464081298913679,1.103843827858897,2.347665854557609,BTC
78,2022-12-17 00:00:00+00:00,2022-12-18 00:00:00+00:00,-1,1,-0.005395033009085165,False,0.0099794876113595,0.0031460349733218205,0.2880002976909327,0.09079213724674767,BTC
79,2022-12-18 00:00:00+00:00,2022-12-29 00:00:00+00:00,1,11,-0.011944278856638796,False,0.03327767175572519,0.016793893129770907,1.0136589734196246,0.5115526288798653,BTC
80,2022-12-29 00:00:00+00:00,2023-01-05 00:00:00+00:00,-1,7,-0.016727786839422828,False,0.02694237862023088,0.013241429348811899,1.0933004597364628,0.5373267519799958,BTC
81,2023-01-05 00:00:00+00:00,2023-01-06 00:00:00+00:00,1,1,-0.002748873246247539,False,0.006038439387012136,0.0018228130696291277,0.3024842718855315,0.09131039475797742,BTC
82,2023-01-06 00:00:00+00:00,2023-01-09 00:00:00+00:00,-1,3,-0.01884277153130002,False,0.021237770301596504,0.009450896943615592,1.110808668037855,0.4943145206213807,BTC
83,2023-01-09 00:00:00+00:00,2023-01-10 00:00:00+00:00,1,1,0.0009674332604366671,False,0.0015474723644793777,0.0153637727960197,0.08699199040484829,0.8636827424722814,BTC
84,2023-01-10 00:00:00+00:00,2023-01-12 00:00:00+00:00,-1,2,-0.04549651219960003,False,0.049127241594203744,0.0017064945805692162,2.778761694085958,0.09652367236125257,BTC
85,2023-01-12 00:00:00+00:00,2023-02-27 00:00:00+00:00,1,46,0.19107398693138958,False,0.0018566323031718457,0.41324843747386486,0.09937185546677818,22.11814581183871,BTC
86,2023-02-27 00:00:00+00:00,2023-02-28 00:00:00+00:00,-1,1,0.0006340330640461302,False,0.014554921789061967,0.019422135203204006,0.3660778019704096,0.48849541535181706,BTC
87,2023-02-28 00:00:00+00:00,2023-03-02 00:00:00+00:00,1,2,0.0023954098712770447,False,0.02008517887563878,0.02311328790459969,0.5090588249764548,0.5858062432458085,BTC
88,2023-03-02 00:00:00+00:00,2023-03-13 00:00:00+00:00,-1,11,0.03934950807277443,False,0.007226987527413472,0.1735069729633613,0.1876025870788607,4.504000716851692,BTC
89,2023-03-13 00:00:00+00:00,2023-03-16 00:00:00+00:00,1,3,0.03905210742054379,False,0.008287016401197148,0.2048421282440804,0.1913401664050464,4.729630666511548,BTC
90,2023-03-16 00:00:00+00:00,2023-03-17 00:00:00+00:00,-1,1,-0.010079887061306055,False,0.036227766798419034,0.006896409749670619,0.738404644160078,0.14056458449461626,BTC
91,2023-03-17 00:00:00+00:00,2023-04-21 00:00:00+00:00,1,35,0.04290245195059765,False,0.004605768615148304,0.2428372495038094,0.09743326324434633,5.137128595348642,BTC
92,2023-04-21 00:00:00+00:00,2023-04-23 00:00:00+00:00,-1,2,0.0066871293395927315,False,0.004923857328577147,0.040024938097549104,0.13176981972220644,1.0711274770080665,BTC
93,2023-04-23 00:00:00+00:00,2023-04-24 00:00:00+00:00,1,1,-0.004897686237609427,False,0.018969907074426768,3.5961909145309417e-06,0.5032693968106213,9.540652072100431e-05,BTC
94,2023-04-24 00:00:00+00:00,2023-04-25 00:00:00+00:00,-1,1,0.0006636456936773719,False,0.015375689004931825,0.023814186248912125,0.4194014716009197,0.6495777037743496,BTC
95,2023-04-25 00:00:00+00:00,2023-05-09 00:00:00+00:00,1,14,-0.0010955703537791164,False,0.011670151831984778,0.09276116010546416,0.31586336617814764,2.5106659024948517,BTC
96,2023-05-09 00:00:00+00:00,2023-06-21 00:00:00+00:00,-1,43,-0.017032285889451604,False,0.028279307876412727,0.10422345787026657,0.6991693111467816,2.5767901945460747,BTC
97,2023-06-21 00:00:00+00:00,2023-07-20 00:00:00+00:00,1,29,0.023808111960178763,False,0.001915830699949704,0.12581564194467426,0.05675616113421705,3.7272671575856657,BTC
98,2023-07-20 00:00:00+00:00,2023-09-16 00:00:00+00:00,-1,58,0.09394508019427791,False,0.017544446488601963,0.17776922948269808,0.6233294784984375,6.315890397483215,BTC
99,2023-09-16 00:00:00+00:00,2023-09-27 00:00:00+00:00,1,11,-0.014678698772049567,False,0.023545471981226748,0.033428477949389135,0.8254752543985836,1.1719612739736525,BTC
100,2023-09-27 00:00:00+00:00,2023-09-29 00:00:00+00:00,-1,2,-0.031201433659008036,False,0.041966820304630566,0.0060590336070327246,1.7823514489514234,0.25733013009681277,BTC
101,2023-09-29 00:00:00+00:00,2024-01-04 00:00:00+00:00,1,97,0.31389001877131717,False,0.018021753455897026,0.7011084044750813,0.7427511558799406,28.895583279140325,BTC
102,2024-01-04 00:00:00+00:00,2024-01-05 00:00:00+00:00,-1,1,-0.016204484173441048,False,0.04647195416515952,0.005239267669401043,1.1095201291557004,0.12508776628104976,BTC
103,2024-01-05 00:00:00+00:00,2024-01-06 00:00:00+00:00,1,1,-0.0009965965502129687,False,0.04176803990594382,0.008069083314078015,1.0104034714247758,0.1951978069863877,BTC
104,2024-01-06 00:00:00+00:00,2024-01-07 00:00:00+00:00,-1,1,0.0015702685929355764,False,0.001567547241615142,0.01708218749858419,0.03737279067325376,0.4072662058771935,BTC
105,2024-01-07 00:00:00+00:00,2024-01-16 00:00:00+00:00,1,9,-0.00933539703189992,False,0.05884654671529021,0.11535897826724943,1.4547031767846557,2.8517063706033343,BTC
106,2024-01-16 00:00:00+00:00,2024-01-17 00:00:00+00:00,-1,1,-0.006635989063753094,False,0.025261672350934964,0.010937316241326591,0.48794097903638084,0.21125936243195262,BTC
107,2024-01-17 00:00:00+00:00,2024-01-18 00:00:00+00:00,1,1,-0.004275624116476484,False,0.021630769944126306,0.001506966823545777,0.4331890541764945,0.030179301737912265,BTC
108,2024-01-18 00:00:00+00:00,2024-02-10 00:00:00+00:00,-1,23,-0.06470054385754594,False,0.12731339725220533,0.09906646035611946,2.6297807389066454,2.04631307418567,BTC
109,2024-02-10 00:00:00+00:00,2024-04-04 00:00:00+00:00,1,54,0.1893556784894627,False,0.005936399659564291,0.5680712113269136,0.18398922229540163,17.60645953343998,BTC
110,2024-04-04 00:00:00+00:00,2024-04-05 00:00:00+00:00,-1,1,-0.014025857570778028,False,0.05089742754111983,0.013216232971916745,0.9795227302859529,0.25434685464778006,BTC
111,2024-04-05 00:00:00+00:00,2024-04-06 00:00:00+00:00,1,1,-0.004112577295795488,False,0.03685068893369671,0.004339325944409492,0.7241639324195632,0.08527339463334646,BTC
112,2024-04-06 00:00:00+00:00,2024-04-07 00:00:00+00:00,-1,1,-0.006306641853108119,False,0.027752017303175683,0.005539198268502899,0.5475271276902516,0.1092843552426423,BTC
113,2024-04-07 00:00:00+00:00,2024-04-09 00:00:00+00:00,1,2,0.014732263866036342,False,0.001175589536382319,0.05789125361384914,0.024153526005457546,1.1894269695131947,BTC
114,2024-04-09 00:00:00+00:00,2024-04-17 00:00:00+00:00,-1,8,0.046677303461758676,False,0.0019838612469029954,0.16777578740596882,0.043472893182270655,3.676516639385553,BTC
115,2024-04-17 00:00:00+00:00,2024-04-18 00:00:00+00:00,1,1,-0.016753033844868204,False,0.06492589978828511,0.011264800439112412,1.098618224586088,0.1906129156328962,BTC
116,2024-04-18 00:00:00+00:00,2024-04-21 00:00:00+00:00,-1,3,-0.02427240692780937,False,0.06898268698626224,0.027973455011468546,1.0986104819142375,0.4455020851402309,BTC
117,2024-04-21 00:00:00+00:00,2024-04-22 00:00:00+00:00,1,1,-0.0006169816916320723,False,0.010524336951363079,0.012042122002181913,0.17753659642706252,0.20314033690739292,BTC
118,2024-04-22 00:00:00+00:00,2024-05-16 00:00:00+00:00,-1,24,-0.012726411070949375,False,0.03557706824252921,0.1290180951001809,0.6280819288648111,2.277701284337882,BTC
119,2024-05-16 00:00:00+00:00,2024-06-15 00:00:00+00:00,1,30,-0.01139345014102629,False,0.024305104313687476,0.09019363691039278,0.5607981006000805,2.0810616409112512,BTC
120,2024-06-15 00:00:00+00:00,2024-06-17 00:00:00+00:00,-1,2,-0.007093048377618656,False,0.013940099667321413,0.0036144924946660433,0.4152557604728066,0.10767059529095925,BTC
121,2024-06-17 00:00:00+00:00,2024-06-18 00:00:00+00:00,1,1,-0.0033227278002867728,False,0.02338508347636143,0.009406843741373308,0.7699230815323139,0.3097079438767944,BTC
122,2024-06-18 00:00:00+00:00,2024-07-20 00:00:00+00:00,-1,32,0.02555261506185092,False,0.013399606752306562,0.19771603424594686,0.43747477697074233,6.4550982416253495,BTC
123,2024-07-20 00:00:00+00:00,2024-08-06 00:00:00+00:00,1,17,-0.11575492441916786,False,0.26625332630924875,0.0518266371895258,6.825115318442556,1.328519648144242,BTC
124,2024-08-06 00:00:00+00:00,2024-08-09 00:00:00+00:00,-1,3,-0.06017202380158608,False,0.16173330790269444,0.0014406580362978354,2.7374159738542603,0.024383847536191428,BTC
125,2024-08-09 00:00:00+00:00,2024-08-12 00:00:00+00:00,1,3,-0.01515999414923687,False,0.05521263448794841,0.005517371123487216,0.9641772282511775,0.09634975121931841,BTC
126,2024-08-12 00:00:00+00:00,2024-09-03 00:00:00+00:00,-1,22,-0.00606541686245204,False,0.11044398745338044,0.04641261068166443,1.9560716948194155,0.8220130052385055,BTC
127,2024-09-03 00:00:00+00:00,2024-09-06 00:00:00+00:00,1,3,-0.023937844853520383,False,0.060175497064052855,0.01146804123013734,1.3897532084637023,0.2648544319860409,BTC
128,2024-09-06 00:00:00+00:00,2024-09-13 00:00:00+00:00,-1,7,-0.01883580844452231,False,0.043830605015165926,0.06474048769540668,0.9498032167621282,1.4029175149777124,BTC
129,2024-09-13 00:00:00+00:00,2024-09-17 00:00:00+00:00,1,4,0.0006746504417972888,False,0.011200234091261117,0.04303148183210837,0.2648032057135129,1.0173782300350165,BTC
130,2024-09-17 00:00:00+00:00,2024-09-18 00:00:00+00:00,-1,1,-0.019429151842766557,False,0.05427329128499493,0.010280646879887211,1.3664357434809375,0.2588352950444246,BTC
131,2024-09-18 00:00:00+00:00,2024-09-21 00:00:00+00:00,1,3,0.022961411854134032,False,0.01896119838755163,0.06379622103150241,0.47342090466111997,1.5928563193834364,BTC
132,2024-09-21 00:00:00+00:00,2024-09-24 00:00:00+00:00,-1,3,-0.0016034498174543367,False,0.02452050392793441,0.013244016291073897,0.6519249289560886,0.35211773807859753,BTC
133,2024-09-24 00:00:00+00:00,2024-12-20 00:00:00+00:00,1,87,0.22624084876688008,False,0.06953966699314397,0.7119016776721115,1.9825038814619003,20.295579490528002,BTC
134,2024-12-20 00:00:00+00:00,2024-12-24 00:00:00+00:00,-1,4,0.013284283973566395,False,0.021045955022045662,0.052977182596700846,0.4667021173083576,1.174789324647551,BTC
135,2024-12-24 00:00:00+00:00,2024-12-28 00:00:00+00:00,1,4,-0.003123387810909975,False,0.014980850949440875,0.0536458042337691,0.3302901815644733,1.1827554042385753,BTC
136,2024-12-28 00:00:00+00:00,2025-01-07 00:00:00+00:00,-1,10,-0.05097883279179558,False,0.08683636240185284,0.029163293864027634,1.9149790905130368,0.6431303248477442,BTC
137,2025-01-07 00:00:00+00:00,2025-01-09 00:00:00+00:00,1,2,-0.0422281328772951,False,0.09473832554971398,0.005692872605705318,2.754671714392678,0.16552957897011011,BTC
138,2025-01-09 00:00:00+00:00,2025-01-16 00:00:00+00:00,-1,7,-0.03401328629881886,False,0.05941012965444063,0.06425467377999693,1.4826772038143716,1.60358074635189,BTC
139,2025-01-16 00:00:00+00:00,2025-02-03 00:00:00+00:00,1,18,-0.021466180935628337,False,0.04410113478001189,0.09496316942066495,1.1825037556982334,2.5462905898702517,BTC
140,2025-02-03 00:00:00+00:00,2025-02-05 00:00:00+00:00,-1,2,-0.00364682064233868,False,0.04906081534231988,0.06690455590311728,1.1462815317944643,1.5631916487637245,BTC
141,2025-02-05 00:00:00+00:00,2025-02-12 00:00:00+00:00,1,7,-0.013565190555528574,False,0.03131514820913734,0.024588091892428506,0.6431524552334017,0.5049917555716887,BTC
142,2025-02-12 00:00:00+00:00,2025-03-27 00:00:00+00:00,-1,43,0.045481343488703224,False,0.03865085019126437,0.2002624008423568,0.9051119856653321,4.689674312041381,BTC
143,2025-03-27 00:00:00+00:00,2025-03-30 00:00:00+00:00,1,3,-0.02440131200911194,False,0.06069493909556164,0.009768192481507558,1.4824474844735702,0.23858385209457178,BTC
144,2025-03-30 00:00:00+00:00,2025-04-08 00:00:00+00:00,-1,9,0.02253821662594448,False,0.07136760983333881,0.09863482344224962,1.7109991418740993,2.364715571429374,BTC
145,2025-04-08 00:00:00+00:00,2025-04-09 00:00:00+00:00,1,1,-0.018056767241241178,False,0.03714809198888039,0.021381096790497926,0.778740920143387,0.44821507907569386,BTC
146,2025-04-09 00:00:00+00:00,2025-04-13 00:00:00+00:00,-1,4,-0.05165971338777426,False,0.12564303866816784,0.022535351562755913,2.4987770069598314,0.4481809651029823,BTC
147,2025-04-13 00:00:00+00:00,2025-04-17 00:00:00+00:00,1,4,-0.006062936049603836,False,0.026353331503159428,0.014139266851091853,0.5336754188070232,0.28633112885465967,BTC
148,2025-04-17 00:00:00+00:00,2025-04-18 00:00:00+00:00,-1,1,-0.0051831035572549875,False,0.01728181926419812,0.0034527919990475055,0.38170339681603493,0.07626178785852575,BTC
149,2025-04-18 00:00:00+00:00,2025-04-21 00:00:00+00:00,1,3,0.0004859671347185887,False,0.011953129600188423,0.008066890419831597,0.2776666125814566,0.1873907680968451,BTC
150,2025-04-21 00:00:00+00:00,2025-04-22 00:00:00+00:00,-1,1,-0.01394181992723225,False,0.038518278387762034,0.00045572641380901434,1.036992247879673,0.012269103865870098,BTC
151,2019-12-26 00:00:00+00:00,2020-01-11 00:00:00+00:00,-1,16,-0.06604689547024505,False,0.1829521829521829,0.024468255237486025,2.3771415110634706,0.3179218978957267,ETH
152,2020-01-11 00:00:00+00:00,2020-03-09 00:00:00+00:00,1,58,0.1492377336265994,False,0.021339779005524882,0.9958563535911601,0.39562671683765566,18.46258011909058,ETH
153,2020-03-09 00:00:00+00:00,2020-04-10 00:00:00+00:00,-1,32,0.034900948067519984,False,0.6187230630450036,0.5778791219805552,6.336839378880625,5.91852380348878,ETH
154,2020-04-10 00:00:00+00:00,2020-05-28 00:00:00+00:00,1,48,0.04898717823962227,False,0.1262244777528621,0.3424997049451197,1.3250876369142184,3.5955159629032805,ETH
155,2020-05-28 00:00:00+00:00,2020-05-29 00:00:00+00:00,-1,1,-0.020020171180843004,False,0.060114274739520725,0.017861429874681898,1.0832288835740016,0.32185394943253126,ETH
156,2020-05-29 00:00:00+00:00,2020-06-28 00:00:00+00:00,1,30,-0.0008509422122370603,False,0.030546477850399375,0.1550472040668119,0.5659046242599849,2.872407424178471,ETH
157,2020-06-28 00:00:00+00:00,2020-07-10 00:00:00+00:00,-1,12,-0.04533758303097924,False,0.12700280619172627,0.014166742101928104,2.5135573605467627,0.280378992819364,ETH
158,2020-07-10 00:00:00+00:00,2020-07-21 00:00:00+00:00,1,11,-0.015492142248729317,False,0.050287178215776156,0.014668815338209212,1.2247455567600214,0.35725938590781386,ETH
159,2020-07-21 00:00:00+00:00,2020-07-22 00:00:00+00:00,-1,1,-0.026198534086424096,False,0.04592636529254757,0.002160742278523878,1.3943480482331032,0.06560124581170385,ETH
160,2020-07-22 00:00:00+00:00,2020-09-04 00:00:00+00:00,1,44,0.20598632706642986,False,0.01645219091057172,0.9926698159309333,0.5031350139940037,30.357473022568957,ETH
161,2020-09-04 00:00:00+00:00,2020-09-05 00:00:00+00:00,-1,1,-0.002253990819609503,False,0.04981395105078348,0.06676798909910386,0.5752148686878283,0.770987630413776,ETH
162,2020-09-05 00:00:00+00:00,2020-09-06 00:00:00+00:00,1,1,-0.029696982661976592,False,0.20207684319833846,0.025155763239875385,2.2984861594874393,0.2861296362465736,ETH
163,2020-09-06 00:00:00+00:00,2020-10-04 00:00:00+00:00,-1,28,-0.0036754092225605864,False,0.17685530834702096,0.06716440197103182,1.5708669562447715,0.5965686904077159,ETH
164,2020-10-04 00:00:00+00:00,2020-10-05 00:00:00+00:00,1,1,0.005602100770986638,False,0.005900728913571735,0.024817771607080825,0.09024590140376565,0.3795636441393628,ETH
165,2020-10-05 00:00:00+00:00,2020-10-07 00:00:00+00:00,-1,2,0.010966751766874396,False,0.012151151236407951,0.04482866308945865,0.19679210413764436,0.7260157299844459,ETH
166,2020-10-07 00:00:00+00:00,2020-10-08 00:00:00+00:00,1,1,0.0001522036562758998,False,0.02474680757375591,0.0066050198150594455,0.40870462873252855,0.10908486532007054,ETH
167,2020-10-08 00:00:00+00:00,2020-10-12 00:00:00+00:00,-1,4,-0.034675163024897974,False,0.10922351424972895,0.022055592982045135,1.8723917616215338,0.37809358983669134,ETH
168,2020-10-12 00:00:00+00:00,2020-10-16 00:00:00+00:00,1,4,0.0022208100463651727,False,0.02374529234220996,0.056198082213734395,0.4730370992624266,1.119538871595217,ETH
169,2020-10-16 00:00:00+00:00,2020-10-19 00:00:00+00:00,-1,3,-0.001694305866618203,False,0.006064136853533937,0.0452824192993142,0.12415858665032507,0.9271230706203243,ETH
170,2020-10-19 00:00:00+00:00,2020-12-22 00:00:00+00:00,1,64,0.17903892737979224,False,0.03539612466626144,0.7928044621850961,0.7737603316692655,17.330728982145533,ETH
171,2020-12-22 00:00:00+00:00,2020-12-23 00:00:00+00:00,-1,1,-0.015176555778694109,False,0.05018251175638807,0.0325068236377388,0.7917050069510814,0.5128442984083492,ETH
172,2020-12-23 00:00:00+00:00,2021-03-03 00:00:00+00:00,1,70,0.1735666106097771,False,0.1418549905838043,2.2140615191462647,2.2948436677708024,35.817739202246315,ETH
173,2021-03-03 00:00:00+00:00,2021-03-08 00:00:00+00:00,-1,5,-0.03500088150706148,False,0.16861560405845474,0.030081815001211102,1.4476082228887144,0.2582600999375701,ETH
174,2021-03-08 00:00:00+00:00,2021-03-13 00:00:00+00:00,1,5,0.0025109377776691396,False,0.034372955541531885,0.08994748817470742,0.3684005799047618,0.9640342613104875,ETH
175,2021-03-13 00:00:00+00:00,2021-03-14 00:00:00+00:00,-1,1,-0.022683422165137627,False,0.10258339745620781,0.02156225953922064,1.211667352046948,0.2546833753599325,ETH
176,2021-03-14 00:00:00+00:00,2021-03-18 00:00:00+00:00,1,4,-0.014506180979093723,False,0.1106216297650836,0.005683294024748852,1.3771712367476294,0.07075351427641184,ETH
177,2021-03-18 00:00:00+00:00,2021-03-24 00:00:00+00:00,-1,6,0.027791461974023966,False,0.02632861751480194,0.09485860760117652,0.33096234476176667,1.1924145722756494,ETH
178,2021-03-24 00:00:00+00:00,2021-03-25 00:00:00+00:00,1,1,-0.016919633370502552,False,0.0773424068338794,0.04379002354237936,1.0116320846944238,0.5727697729932816,ETH
179,2021-03-25 00:00:00+00:00,2021-03-26 00:00:00+00:00,-1,1,-0.0013818582947544085,False,0.025554481041141303,0.021205857999759787,0.3040926116085822,0.2523449695638858,ETH
180,2021-03-26 00:00:00+00:00,2021-05-24 00:00:00+00:00,1,59,0.15743398632823813,False,0.11765039370078739,1.7585385826771656,1.4507470722947244,21.684540272976054,ETH
181,2021-05-24 00:00:00+00:00,2021-05-25 00:00:00+00:00,-1,1,-0.034861540389186096,False,0.2758569704716616,0.008408732108192723,1.0895544806735298,0.033212036402777555,ETH
182,2021-05-25 00:00:00+00:00,2021-05-28 00:00:00+00:00,1,3,0.00370288445588821,False,0.10141284202818138,0.09954817742245978,0.5017306412858547,0.4925053858872164,ETH
183,2021-05-28 00:00:00+00:00,2021-06-21 00:00:00+00:00,-1,24,0.02848418419133237,False,0.05449235626756893,0.25661284030378045,0.30632675636211737,1.4425395485772046,ETH
184,2021-06-21 00:00:00+00:00,2021-06-22 00:00:00+00:00,1,1,-0.03427656221920313,False,0.16869844384001426,0.0073884157488741985,1.436440352247708,0.06291118210272444,ETH
185,2021-06-22 00:00:00+00:00,2021-07-22 00:00:00+00:00,-1,30,-0.017736219583028637,False,0.2786706070236687,0.09875475522212253,1.9254591874236164,0.682340533775979,ETH
186,2021-07-22 00:00:00+00:00,2021-09-11 00:00:00+00:00,1,51,0.1564088914716607,False,0.02530205613658801,1.0227813719938461,0.29975715581389983,12.11704034775953,ETH
187,2021-09-11 00:00:00+00:00,2021-09-12 00:00:00+00:00,-1,1,-0.004811814119669276,False,0.04340714801983897,0.003296114448072155,0.5227268522602896,0.039693175173428755,ETH
188,2021-09-12 00:00:00+00:00,2021-09-21 00:00:00+00:00,1,9,-0.026582693960773073,False,0.11023405147479665,0.1257242373509058,1.3948146368000567,1.5908152164547964,ETH
189,2021-09-21 00:00:00+00:00,2021-09-24 00:00:00+00:00,-1,3,-0.015324262717135663,False,0.0656909553643975,0.11098128487681055,0.7650921784170114,1.2925814906923556,ETH
190,2021-09-24 00:00:00+00:00,2021-09-25 00:00:00+00:00,1,1,-0.016115946293031563,False,0.13320849335068394,0.0021582505474974393,1.5745476965516585,0.025510899062548408,ETH
191,2021-09-25 00:00:00+00:00,2021-10-06 00:00:00+00:00,-1,11,-0.047652287445179485,False,0.21307285134825749,0.06464664413590894,2.243094870397242,0.6805585738966043,ETH
192,2021-10-06 00:00:00+00:00,2021-10-14 00:00:00+00:00,1,8,0.006491501668539965,False,0.05059357978644768,0.044851093346675606,0.7293273015338074,0.6465469931055173,ETH
193,2021-10-14 00:00:00+00:00,2021-10-15 00:00:00+00:00,-1,1,-0.01632434914782669,False,0.060927133973213615,0.005548399606653703,0.9956348911762417,0.09066863773703268,ETH
194,2021-10-15 00:00:00+00:00,2021-11-19 00:00:00+00:00,1,35,0.0019097899427917998,False,0.042135475556047505,0.28552866356191964,0.7192404593998568,4.873892235509072,ETH
195,2021-11-19 00:00:00+00:00,2021-11-20 00:00:00+00:00,-1,1,-0.025984250337585467,False,0.07787438840138884,0.006148504647649142,1.2177224045721653,0.09614421400611499,ETH
196,2021-11-20 00:00:00+00:00,2021-11-23 00:00:00+00:00,1,3,-0.016091799170454654,False,0.06383925244093308,0.03320647313110248,1.0485895742454403,0.5454318493931674,ETH
197,2021-11-23 00:00:00+00:00,2021-11-24 00:00:00+00:00,-1,1,-0.020325200142901397,False,0.07351642086150484,0.006611901912851115,1.164930470933954,0.1047712323157988,ETH
198,2021-11-24 00:00:00+00:00,2021-11-27 00:00:00+00:00,1,3,-0.019483897593168223,False,0.09913022647281029,0.049968212725966125,1.6372000427118014,0.8252574711066823,ETH
199,2021-11-27 00:00:00+00:00,2021-11-29 00:00:00+00:00,-1,2,-0.016581898121341733,False,0.06444739225770044,0.02031351313894263,0.8991625658812281,0.28341178682666246,ETH
200,2021-11-29 00:00:00+00:00,2021-12-02 00:00:00+00:00,1,3,0.016904852446131557,False,0.0038635199925523347,0.11325001163710822,0.05835108331480441,1.7104249174789163,ETH
201,2021-12-02 00:00:00+00:00,2021-12-25 00:00:00+00:00,-1,23,0.03366394876885341,False,0.015553801677037354,0.2613034321270815,0.25098517114611296,4.2165438389448715,ETH
202,2021-12-25 00:00:00+00:00,2021-12-26 00:00:00+00:00,1,1,0.0037888676942787786,False,0.007416563658838072,0.023107540173053213,0.11430739200336991,0.35614373101850044,ETH
203,2021-12-26 00:00:00+00:00,2022-02-08 00:00:00+00:00,-1,44,0.11393998831047135,False,0.007848319560709086,0.4745802871121946,0.12723590472551624,7.69383200168263,ETH
204,2022-02-08 00:00:00+00:00,2022-02-09 00:00:00+00:00,1,1,-0.0027405878710799847,False,0.03672715107294769,0.03444265664080544,0.5629568240005499,0.5279399034827745,ETH
205,2022-02-09 00:00:00+00:00,2022-02-16 00:00:00+00:00,-1,7,-0.011378767549213603,False,0.053841931414373906,0.09162405344067688,0.8138773183023192,1.3849937576046671,ETH
206,2022-02-16 00:00:00+00:00,2022-02-18 00:00:00+00:00,1,2,-0.028224976159413707,False,0.10482358742732581,0.0009611367798148541,1.6516741033890383,0.015144346496779934,ETH
207,2022-02-18 00:00:00+00:00,2022-02-19 00:00:00+00:00,-1,1,0.010253620194490982,False,0.017690604676906002,0.048706240487062465,0.24827870749446204,0.6835675012753302,ETH
208,2022-02-19 00:00:00+00:00,2022-03-05 00:00:00+00:00,1,14,-0.008547245295809983,False,0.17266399372314167,0.09645631033018291,2.3404752176256474,1.3074735446776864,ETH
209,2022-03-05 00:00:00+00:00,2022-03-19 00:00:00+00:00,-1,14,-0.04083047966489979,False,0.13909741436885786,0.07198931399675608,1.630529772734874,0.8438742037231587,ETH
210,2022-03-19 00:00:00+00:00,2022-04-22 00:00:00+00:00,1,34,-0.0004205748542573642,False,0.041024227200631785,0.2185077024662868,0.6793100567910154,3.6182151353081835,ETH
211,2022-04-22 00:00:00+00:00,2022-07-15 00:00:00+00:00,-1,84,0.2580004369642804,False,0.020692246026075806,0.7054851726254566,0.40663202980434554,13.8637858538918,ETH
212,2022-07-15 00:00:00+00:00,2022-08-26 00:00:00+00:00,1,42,0.08738469513219534,False,0.010284909598410727,0.7015783606172622,0.12269905892706243,8.369835805326987,ETH
213,2022-08-26 00:00:00+00:00,2022-10-20 00:00:00+00:00,-1,55,0.06981574165013121,False,0.05596873967039709,0.3058506870661567,0.8306197546152797,4.539062772109826,ETH
214,2022-10-20 00:00:00+00:00,2022-10-21 00:00:00+00:00,1,1,-0.001824089586726463,False,0.011249951341040948,0.01989178247498926,0.23759891136977224,0.4201143380967232,ETH
215,2022-10-21 00:00:00+00:00,2022-10-24 00:00:00+00:00,-1,3,-0.037258860846602855,False,0.06925596630790824,0.026672905942910656,1.4967167211697885,0.5764381966667439,ETH
216,2022-10-24 00:00:00+00:00,2022-11-10 00:00:00+00:00,1,17,-0.025829412365228125,False,0.21438420465880417,0.23173737018130613,5.032583022105146,5.439941606788718,ETH
217,2022-11-10 00:00:00+00:00,2022-11-11 00:00:00+00:00,-1,1,-0.03457323645823714,False,0.2256125793243697,0.016087299930094716,2.2134615777484496,0.15783082836788295,ETH
218,2022-11-11 00:00:00+00:00,2022-11-12 00:00:00+00:00,1,1,-0.0013599761056466066,False,0.07598154381802644,0.008989300652436872,0.8002005276961882,0.09467092617816873,ETH
219,2022-11-12 00:00:00+00:00,2022-12-08 00:00:00+00:00,-1,26,0.0023578232932040034,False,0.018895890240874028,0.16848770797119453,0.1990298601085785,1.7746761078757598,ETH
220,2022-12-08 00:00:00+00:00,2022-12-09 00:00:00+00:00,1,1,0.01236508745401735,False,0.007986480667516983,0.05157495348667161,0.14898585287148844,0.9621182034875034,ETH
221,2022-12-09 00:00:00+00:00,2022-12-11 00:00:00+00:00,-1,2,0.003043691368119755,False,0.013987325451462489,0.020105803567940127,0.26916066080747314,0.38689965377520974,ETH
222,2022-12-11 00:00:00+00:00,2022-12-17 00:00:00+00:00,1,6,-0.031773272305127054,False,0.08782823016399663,0.06992763927070494,1.791904235255388,1.4266897185177803,ETH
223,2022-12-17 00:00:00+00:00,2022-12-19 00:00:00+00:00,-1,2,-0.005172708744144225,False,0.025553078374206787,0.004398902418110195,0.4596378948886485,0.07912558391875237,ETH
224,2022-12-19 00:00:00+00:00,2022-12-28 00:00:00+00:00,1,9,0.0077064818484551675,False,0.029134424288553465,0.048661677026512716,0.5780351785954941,0.9654613694161007,ETH
225,2022-12-28 00:00:00+00:00,2023-01-05 00:00:00+00:00,-1,8,-0.023644388052079,False,0.0525968182681274,0.027895879599435285,1.3344174635176593,0.7077376564473652,ETH
226,2023-01-05 00:00:00+00:00,2023-01-06 00:00:00+00:00,1,1,-0.003528910091536331,False,0.011278345099849625,0.0028733116309425416,0.3581036220127992,0.09123176255936223,ETH
227,2023-01-06 00:00:00+00:00,2023-01-07 00:00:00+00:00,-1,1,-0.009113414038837482,False,0.02133356779742307,0.014451513891997256,0.7021253432817387,0.47562481103536003,ETH
228,2023-01-07 00:00:00+00:00,2023-01-08 00:00:00+00:00,1,1,-0.0034558456781658606,False,0.006314345625679909,0.001671212575086413,0.2080747149807911,0.05507096076895159,ETH
229,2023-01-08 00:00:00+00:00,2023-01-09 00:00:00+00:00,-1,1,-0.014001274051213406,False,0.025600443160685243,0.0058164839947771425,0.8870387112464443,0.20153738879942829,ETH
230,2023-01-09 00:00:00+00:00,2023-02-12 00:00:00+00:00,1,34,0.11521506294937282,False,0.003752956228434184,0.33136897607878096,0.13187867753040106,11.644287777399832,ETH
231,2023-02-12 00:00:00+00:00,2023-02-16 00:00:00+00:00,-1,4,-0.04211004637523014,False,0.0952427405456377,0.050499138295450906,2.0109175166359874,1.0662188130200396,ETH
232,2023-02-16 00:00:00+00:00,2023-02-27 00:00:00+00:00,1,11,-0.010062575218507418,False,0.07099701492537318,0.04149253731343284,1.5209131887926812,0.8888619796593616,ETH
233,2023-02-27 00:00:00+00:00,2023-02-28 00:00:00+00:00,-1,1,0.0016592115454065832,False,0.014922370755079286,0.020591408664484376,0.3308847393176512,0.45658850057803274,ETH
234,2023-02-28 00:00:00+00:00,2023-03-04 00:00:00+00:00,1,4,-0.019847707647169806,False,0.059873820899179225,0.027649148597329476,1.3416073946463392,0.6195412562080398,ETH
235,2023-03-04 00:00:00+00:00,2023-03-13 00:00:00+00:00,-1,9,3.3028930093889164e-05,False,0.0181214384967429,0.12834159835804337,0.3842177827050298,2.7211484540153905,ETH
236,2023-03-13 00:00:00+00:00,2023-03-16 00:00:00+00:00,1,3,0.01647217138774158,False,0.009548776009016836,0.12650861796031052,0.19946101571813893,2.642593921109228,ETH
237,2023-03-16 00:00:00+00:00,2023-03-17 00:00:00+00:00,-1,1,-0.0056131635827326035,False,0.02617877210102985,0.010795182475557758,0.5096312669969782,0.21015357409622928,ETH
238,2023-03-17 00:00:00+00:00,2023-05-04 00:00:00+00:00,1,48,0.06347596059642004,False,0.006570765772229403,0.2831228775051418,0.1323278597872887,5.70177749987922,ETH
239,2023-05-04 00:00:00+00:00,2023-05-05 00:00:00+00:00,-1,1,0.007228164051608983,False,0.007281833741087965,0.02048573558595923,0.1737275135978755,0.48874171453418547,ETH
240,2023-05-05 00:00:00+00:00,2023-05-09 00:00:00+00:00,1,4,-0.0007734597390726048,False,0.03524809048413495,0.07863527580711356,0.8487689908381874,1.8935262243816353,ETH
241,2023-05-09 00:00:00+00:00,2023-05-29 00:00:00+00:00,-1,20,-0.030550011030421605,False,0.04519804607536259,0.060204490560724425,0.972930990234057,1.2959590005310346,ETH
242,2023-05-29 00:00:00+00:00,2023-06-01 00:00:00+00:00,1,3,-0.013792034279347887,False,0.03320128277683451,0.010396361273554333,1.0275966486609285,0.321772687964536,ETH
243,2023-06-01 00:00:00+00:00,2023-06-05 00:00:00+00:00,-1,4,-0.006978550318479791,False,0.022260310544413863,0.018634800623651707,0.6985694784282928,0.584794310317757,ETH
244,2023-06-05 00:00:00+00:00,2023-06-06 00:00:00+00:00,1,1,-0.03200766560671023,False,0.06012051637773093,0.0007783790653097246,2.0471482667229863,0.02650438569740044,ETH
245,2023-06-06 00:00:00+00:00,2023-06-07 00:00:00+00:00,-1,1,-0.026566189714997246,False,0.04860140439661223,0.00775125274166725,1.473141730941839,0.23494575974893664,ETH
246,2023-06-07 00:00:00+00:00,2023-06-08 00:00:00+00:00,1,1,-0.016738823170074954,False,0.03359068848698533,0.0074020581332370754,1.0083492021790315,0.22220025100182983,ETH
247,2023-06-08 00:00:00+00:00,2023-06-09 00:00:00+00:00,-1,1,-0.004916708776055409,False,0.016436321540318207,0.0021241624847785864,0.47201373238427,0.061001110264941594,ETH
248,2023-06-09 00:00:00+00:00,2023-06-11 00:00:00+00:00,1,2,-0.03191974879129913,False,0.07201318200049873,0.005328086550240077,2.1553403722513815,0.15946858241179362,ETH
249,2023-06-11 00:00:00+00:00,2023-06-22 00:00:00+00:00,-1,11,-0.042188054208042655,False,0.08623132111684859,0.07148242928300512,2.3366524113543847,1.9369944538744588,ETH
250,2023-06-22 00:00:00+00:00,2023-06-26 00:00:00+00:00,1,4,0.0017193594612718707,False,0.015013424702511722,0.026568730769841856,0.4152201420958921,0.7348005124850442,ETH
251,2023-06-26 00:00:00+00:00,2023-07-01 00:00:00+00:00,-1,5,-0.01109831109099157,False,0.025834048897153704,0.04550459102235187,0.7323689051130651,1.2900086872688932,ETH
252,2023-07-01 00:00:00+00:00,2023-07-07 00:00:00+00:00,1,6,-0.029540223136311196,False,0.04600162407352815,0.02306287854102333,1.2551095335493017,0.6292481909260538,ETH
253,2023-07-07 00:00:00+00:00,2023-07-08 00:00:00+00:00,-1,1,-0.00853001289165862,False,0.017719885950932913,0.011426589043917525,0.48257888625781875,0.3111888321295432,ETH
254,2023-07-08 00:00:00+00:00,2023-07-20 00:00:00+00:00,1,12,0.017947915753557208,False,0.015358288770053491,0.08624598930481282,0.4303115063412967,2.416456815554466,ETH
255,2023-07-20 00:00:00+00:00,2023-07-21 00:00:00+00:00,-1,1,-0.0017109798772293743,False,0.021859023602023783,0.006330958120314718,0.6807447695401271,0.1971619000485834,ETH
256,2023-07-21 00:00:00+00:00,2023-07-22 00:00:00+00:00,1,1,-0.0009524369246891623,False,0.0037766587677724446,0.008151024035206544,0.1188385582991995,0.2564848996345528,ETH
257,2023-07-22 00:00:00+00:00,2023-07-27 00:00:00+00:00,-1,5,0.005687481302048769,False,0.007261323009879217,0.03270504114573413,0.23919574079096942,1.0773390102340503,ETH
258,2023-07-27 00:00:00+00:00,2023-07-29 00:00:00+00:00,1,2,-0.0003438438392645944,False,0.00907545778148351,0.007798052357587958,0.31494424410757993,0.270614636132483,ETH
259,2023-07-29 00:00:00+00:00,2023-09-20 00:00:00+00:00,-1,53,0.1135987796979178,False,0.006832533535462426,0.20323050726223585,0.25299025429273325,7.5250765247556775,ETH
260,2023-09-20 00:00:00+00:00,2023-09-21 00:00:00+00:00,1,1,-0.011946659706938922,False,0.02465159605233518,0.0037686683023945683,0.8687642438900887,0.13281429166904654,ETH
261,2023-09-21 00:00:00+00:00,2023-09-29 00:00:00+00:00,-1,8,-0.02291535364669593,False,0.028613714849531385,0.03675382338431174,0.9954585403682975,1.2786493320247916,ETH
262,2023-09-29 00:00:00+00:00,2023-10-06 00:00:00+00:00,1,7,-0.011273960699157808,False,0.030778449637740454,0.07739705713230792,1.167653006371936,2.9362397232011586,ETH
263,2023-10-06 00:00:00+00:00,2023-10-07 00:00:00+00:00,-1,1,-0.014739712030241402,False,0.03312376259131216,0.0003972120677991969,1.0537693001598705,0.012636543977935618,ETH
264,2023-10-07 00:00:00+00:00,2023-10-08 00:00:00+00:00,1,1,-0.0057026513768874765,False,0.009304701610990467,0.00172106572281729,0.30066623695328804,0.05561342814234341,ETH
265,2023-10-08 00:00:00+00:00,2023-10-09 00:00:00+00:00,-1,1,-0.0004140771248805651,False,0.004726974369022414,0.01101531980553277,0.1590204811672953,0.3705671575388127,ETH
266,2023-10-09 00:00:00+00:00,2023-10-11 00:00:00+00:00,1,2,-0.029869519807995955,False,0.053749341307091844,0.0023222754623104884,1.8697255441831802,0.08078271560025287,ETH
267,2023-10-11 00:00:00+00:00,2023-10-21 00:00:00+00:00,-1,10,-0.021386084336277405,False,0.04793571980164523,0.033435659171990435,1.5019501772081016,1.0476257460249327,ETH
268,2023-10-21 00:00:00+00:00,2024-01-04 00:00:00+00:00,1,75,0.23630544402943116,False,0.0074166947365795245,0.5316940504260388,0.24779589074573263,17.76419355372967,ETH
269,2024-01-04 00:00:00+00:00,2024-01-09 00:00:00+00:00,-1,5,-0.02614440754636231,False,0.06751749691230971,0.020340301937667126,1.3135818223394486,0.3957292866013238,ETH
270,2024-01-09 00:00:00+00:00,2024-01-25 00:00:00+00:00,1,16,-0.009130002192889805,False,0.07018544813415073,0.1667789164818476,1.5073138626938336,3.5817705735475083,ETH
271,2024-01-25 00:00:00+00:00,2024-02-01 00:00:00+00:00,-1,7,-0.009420022797546418,False,0.07080398457008362,0.029347271571900337,1.377944061102016,0.5711387405326126,ETH
272,2024-02-01 00:00:00+00:00,2024-02-06 00:00:00+00:00,1,5,0.0025548996953401043,False,0.01971954425942156,0.024539877300613498,0.44876069470517854,0.5584577534108889,ETH
273,2024-02-06 00:00:00+00:00,2024-02-07 00:00:00+00:00,-1,1,-0.01872266414209903,False,0.0396248310392337,0.0013429936153475683,1.0541356209548696,0.03572753174016341,ETH
274,2024-02-07 00:00:00+00:00,2024-02-08 00:00:00+00:00,1,1,0.011459283247645401,False,0.008297705482051084,0.030888714614586855,0.2260949639775856,0.8416522896848633,ETH
275,2024-02-08 00:00:00+00:00,2024-02-12 00:00:00+00:00,-1,4,-0.020328657435883694,False,0.047429688724620715,0.005799803648183724,1.3145937945229131,0.16075133719770468,ETH
276,2024-02-12 00:00:00+00:00,2024-04-02 00:00:00+00:00,1,50,0.1885049799659597,False,0.014384900841945544,0.6354654642671882,0.4435263463179797,19.59316082011764,ETH
277,2024-04-02 00:00:00+00:00,2024-05-16 00:00:00+00:00,-1,44,0.04314742732338055,False,0.0652470255409922,0.20388020031256057,1.1044704733178479,3.451186616896117,ETH
278,2024-05-16 00:00:00+00:00,2024-05-17 00:00:00+00:00,1,1,-0.014018715907459648,False,0.03620663485841369,0.003065338903077206,0.7456758765511885,0.06313067432024526,ETH
279,2024-05-17 00:00:00+00:00,2024-05-18 00:00:00+00:00,-1,1,-0.023501668630842444,False,0.05972370397048138,0.004029600233757475,1.2110611275690657,0.0817111444588048,ETH
280,2024-05-18 00:00:00+00:00,2024-05-19 00:00:00+00:00,1,1,0.0034963177673014052,False,0.0028765758069943417,0.018081333643964727,0.059994291213374476,0.3771069733412171,ETH
281,2024-05-19 00:00:00+00:00,2024-05-21 00:00:00+00:00,-1,2,-0.0802384716887879,False,0.18492819364490531,0.024516352243568244,4.058911665178845,0.5380991732397973,ETH
282,2024-05-21 00:00:00+00:00,2024-06-18 00:00:00+00:00,1,28,-0.02805655188051409,False,0.08278049006792391,0.08612893278280973,1.7341549694409175,1.804300949117323,ETH
283,2024-06-18 00:00:00+00:00,2024-07-21 00:00:00+00:00,-1,33,0.010385861670307538,False,0.03289301222945328,0.2021791905538016,0.7799134222912583,4.7937921684077,ETH
284,2024-07-21 00:00:00+00:00,2024-07-25 00:00:00+00:00,1,4,-0.02774349538686881,False,0.0655113864216176,0.013168260794134214,1.613045232942118,0.324233716615523,ETH
285,2024-07-25 00:00:00+00:00,2024-08-02 00:00:00+00:00,-1,8,0.019959527325396367,False,0.01854395604395616,0.07673112913287577,0.41893414809968177,1.7334645390558274,ETH
286,2024-08-02 00:00:00+00:00,2024-08-04 00:00:00+00:00,1,2,-0.04947647655524229,False,0.10827786748790477,0.004806866416588802,2.3694116020721387,0.10518719403435516,ETH
287,2024-08-04 00:00:00+00:00,2024-09-03 00:00:00+00:00,-1,30,0.048229717806766666,False,0.011275215890059684,0.27221100367340473,0.2119178054650575,5.116208779005763,ETH
288,2024-09-03 00:00:00+00:00,2024-09-04 00:00:00+00:00,1,1,-0.01621989685317813,False,0.051877606692053546,0.006232408524326656,0.9686155524198954,0.11636635170029593,ETH
289,2024-09-04 00:00:00+00:00,2024-09-05 00:00:00+00:00,-1,1,-0.004203242715851497,False,0.026934262907118235,0.04916565252366918,0.4776545945750967,0.871908019320879,ETH
290,2024-09-05 00:00:00+00:00,2024-09-06 00:00:00+00:00,1,1,-0.012690023957697657,False,0.042299575044801904,0.006351875966966957,0.7396057024947743,0.11106219581951998,ETH
291,2024-09-06 00:00:00+00:00,2024-09-25 00:00:00+00:00,-1,19,-0.051796533758345295,False,0.14135095063298095,0.0918191917613216,2.4142311876558917,1.5682438312786084,ETH
292,2024-09-25 00:00:00+00:00,2024-10-03 00:00:00+00:00,1,8,-0.05784248449306726,False,0.1138763197586727,0.028529411764705827,2.515390159637183,0.6301801969475129,ETH
293,2024-10-03 00:00:00+00:00,2024-10-05 00:00:00+00:00,-1,2,-0.010624133184762737,False,0.03258569614896318,0.023237410071942386,0.6400816720022882,0.45645304687851374,ETH
294,2024-10-05 00:00:00+00:00,2024-10-23 00:00:00+00:00,1,18,0.04713066637318221,False,0.034781095393183026,0.14776786084246984,0.715967305561964,3.0417948595366613,ETH
295,2024-10-23 00:00:00+00:00,2024-10-30 00:00:00+00:00,-1,7,-0.003914747903214142,False,0.02290428640084207,0.09197949484701236,0.6180787941580705,2.4820932757904983,ETH
296,2024-10-30 00:00:00+00:00,2024-11-05 00:00:00+00:00,1,6,-0.05149220661753011,False,0.1073323027492347,0.03234594283289378,2.7230449856762426,0.8206239424851044,ETH
297,2024-11-05 00:00:00+00:00,2024-11-07 00:00:00+00:00,-1,2,-0.07327974921336729,False,0.14543020059481854,0.007462344152133327,3.244879729522827,0.16650193133848545,ETH
298,2024-11-07 00:00:00+00:00,2024-12-22 00:00:00+00:00,1,45,0.06565217401047928,False,0.008146953707818885,0.5096437452479164,0.18086952247395416,11.314538432489325,ETH
299,2024-12-22 00:00:00+00:00,2024-12-24 00:00:00+00:00,-1,2,-0.009664798561576711,False,0.03839585330776609,0.03678990891658676,0.5418005661917782,0.5191392237431789,ETH
300,2024-12-24 00:00:00+00:00,2024-12-26 00:00:00+00:00,1,2,0.0068479783925380015,False,0.01892280617644123,0.03691306559399441,0.2766574175857115,0.5396807062961245,ETH
301,2024-12-26 00:00:00+00:00,2025-01-18 00:00:00+00:00,-1,23,-0.0014906850547068702,False,0.07110409300516071,0.17041410639296048,1.1215619190967276,2.6880305215815143,ETH
302,2025-01-18 00:00:00+00:00,2025-01-19 00:00:00+00:00,1,1,-0.017104458277702288,False,0.07105501126028833,0.0059238908184011275,1.2844524910764334,0.10708542836883177,ETH
303,2025-01-19 00:00:00+00:00,2025-01-24 00:00:00+00:00,-1,5,-0.00441147402052829,False,0.045078174615175375,0.05354885535428062,0.7548801975522171,0.8967304211765096,ETH
304,2025-01-24 00:00:00+00:00,2025-01-25 00:00:00+00:00,1,1,-0.0039799656182806275,False,0.019155871391422115,0.027595359929056668,0.3145784038618629,0.45317198591986346,ETH
305,2020-10-13 00:00:00+00:00,2020-11-17 00:00:00+00:00,-1,35,0.013209602925572128,False,0.002478218780251765,0.5067957405614715,0.013280861545068811,2.7159361859664943,SOL
306,2020-11-17 00:00:00+00:00,2020-12-05 00:00:00+00:00,1,18,-0.02236671971038302,False,0.24514991181657844,0.1112874779541447,2.014824241164993,0.9146432346583536,SOL
307,2020-12-05 00:00:00+00:00,2021-01-04 00:00:00+00:00,-1,30,-0.02861661595262519,False,0.2776363537886585,0.4210041705031685,1.9826204255849424,3.00641993134447,SOL
308,2021-01-04 00:00:00+00:00,2021-03-24 00:00:00+00:00,1,79,0.2726995418978159,False,0.23122157394220605,7.351816970643636,2.157082771178741,68.58563175510044,SOL
309,2021-03-24 00:00:00+00:00,2021-03-27 00:00:00+00:00,-1,3,-0.011347127677768985,False,0.08617592985433462,0.12671475038891244,0.8320354971290117,1.2234410526423145,SOL
310,2021-03-27 00:00:00+00:00,2021-05-23 00:00:00+00:00,1,57,0.196749190537115,False,0.003547131494330712,2.9656794719918764,0.0341305660637217,28.53582375066158,SOL
311,2021-05-23 00:00:00+00:00,2021-06-11 00:00:00+00:00,-1,19,-0.03690770611786,False,0.41530824659727766,0.3874459567654124,1.3685374480263193,1.27672471053535,SOL
312,2021-06-11 00:00:00+00:00,2021-06-12 00:00:00+00:00,1,1,-0.013908670712505332,False,0.14553419323436367,0.006595278656607293,0.8893885613916761,0.04030506691256496,SOL
313,2021-06-12 00:00:00+00:00,2021-06-17 00:00:00+00:00,-1,5,-0.011232445542971292,False,0.1542503180133843,0.05480891543609312,0.8337874167830333,0.2962650878565741,SOL
314,2021-06-17 00:00:00+00:00,2021-06-18 00:00:00+00:00,1,1,-0.001657904632721212,False,0.03596542077273986,0.039015046500491514,0.2464923718099605,0.2673932666866289,SOL
315,2021-06-18 00:00:00+00:00,2021-06-20 00:00:00+00:00,-1,2,0.015187931104803654,False,0.005144006722860225,0.11225139422954497,0.03614753412222925,0.7888036158949902,SOL
316,2021-06-20 00:00:00+00:00,2021-06-22 00:00:00+00:00,1,2,-0.037757364948665204,False,0.2631788569315241,0.02273050553327073,1.7463115086992946,0.15082725061622906,SOL
317,2021-06-22 00:00:00+00:00,2021-06-27 00:00:00+00:00,-1,5,-0.016279531496482723,False,0.24125216344344957,0.24381067047934385,1.152046784416719,1.1642643735215747,SOL
318,2021-06-27 00:00:00+00:00,2021-07-02 00:00:00+00:00,1,5,0.015663904848670644,False,0.016633489658895325,0.21461587772866833,0.08826836579669273,1.1388946751171687,SOL
319,2021-07-02 00:00:00+00:00,2021-08-01 00:00:00+00:00,-1,30,-0.035373660840061466,False,0.14623804655079087,0.336891802489926,0.9864172879697384,2.272431190031869,SOL
320,2021-08-01 00:00:00+00:00,2021-08-02 00:00:00+00:00,1,1,-0.01369672653466305,False,0.09768252498570291,0.0029955611230632756,1.1273306319225473,0.03457105366921876,SOL
321,2021-08-02 00:00:00+00:00,2021-08-03 00:00:00+00:00,-1,1,0.005059678316624215,False,0.05251141552511406,0.0340709518791711,0.557376726293138,0.3616424244176224,SOL
322,2021-08-03 00:00:00+00:00,2021-08-04 00:00:00+00:00,1,1,0.005078042648717476,False,0.026028800385611985,0.08001446044465862,0.2699973723233251,0.8299919223272542,SOL
323,2021-08-04 00:00:00+00:00,2021-08-06 00:00:00+00:00,-1,2,-0.019045229338360704,False,0.12195336301851407,0.02692172486524502,1.2916994025168016,0.28514815059162785,SOL
324,2021-08-06 00:00:00+00:00,2021-10-06 00:00:00+00:00,1,61,0.30989093165005205,False,0.04609748923768025,4.785983582448728,0.537511850715236,55.80613902051659,SOL
325,2021-10-06 00:00:00+00:00,2021-10-16 00:00:00+00:00,-1,10,-0.0027320986771930144,False,0.02582779447024186,0.16418707699778448,0.24810427900216062,1.5771968608059814,SOL
326,2021-10-16 00:00:00+00:00,2021-10-17 00:00:00+00:00,1,1,-0.007959475531439456,False,0.04287044524492141,0.01073905265995255,0.46226818983027856,0.1157982476096722,SOL
327,2021-10-17 00:00:00+00:00,2021-10-18 00:00:00+00:00,-1,1,-0.0038394554173081337,False,0.06360742234567432,0.02971728625242575,0.6831421944389324,0.3191629434836333,SOL
328,2021-10-18 00:00:00+00:00,2021-11-27 00:00:00+00:00,1,40,0.045685819068879904,False,0.04404489335021931,0.6224491705710241,0.4807766606289824,6.794409314580093,SOL
329,2021-11-27 00:00:00+00:00,2021-11-30 00:00:00+00:00,-1,3,-0.014037272914837487,False,0.10537721582139342,0.06049692604314448,1.0104377412423327,0.5800910265720765,SOL
330,2021-11-30 00:00:00+00:00,2021-12-01 00:00:00+00:00,1,1,0.004630937994681199,False,0.022910292497858312,0.06914698323338636,0.2469696040929682,0.7453943713276006,SOL
331,2021-12-01 00:00:00+00:00,2021-12-26 00:00:00+00:00,-1,25,0.009931201035081456,False,0.16558573845851496,0.2910453127022246,1.8239260219572542,3.2058625600734874,SOL
332,2021-12-26 00:00:00+00:00,2021-12-27 00:00:00+00:00,1,1,0.006327599987968361,False,0.015025906735751325,0.039637305699481894,0.1801809054414654,0.4753048022852443,SOL
333,2021-12-27 00:00:00+00:00,2022-02-26 00:00:00+00:00,-1,61,0.19122654647788287,False,0.035439838220424624,0.6195652173913043,0.44652899911687394,7.806295127214404,SOL
334,2022-02-26 00:00:00+00:00,2022-02-27 00:00:00+00:00,1,1,-0.0068214339781397775,False,0.0385154817132376,0.0265400798360126,0.3548532693782786,0.24452074024385712,SOL
335,2022-02-27 00:00:00+00:00,2022-03-01 00:00:00+00:00,-1,2,-0.02891239336218365,False,0.14056091342423244,0.06883937479215158,1.2975047788987384,0.6354498956593968,SOL
336,2022-03-01 00:00:00+00:00,2022-03-02 00:00:00+00:00,1,1,-0.0023196896887638795,False,0.05500903433045577,0.02409154788195133,0.5306483342066128,0.23240073030946448,SOL
337,2022-03-02 00:00:00+00:00,2022-03-20 00:00:00+00:00,-1,18,0.0037392806470468395,False,0.07930230199776907,0.21367001318324708,0.7702760193560015,2.0754112183927025,SOL
338,2022-03-20 00:00:00+00:00,2022-03-21 00:00:00+00:00,1,1,-0.011898501070010465,False,0.04918210378073888,0.002816596251760274,0.6364668415163972,0.03644964290622406,SOL
339,2022-03-21 00:00:00+00:00,2022-03-22 00:00:00+00:00,-1,1,-0.0002986814049494193,False,0.0299164596974487,0.02212689094603741,0.3803931419295499,0.28134738044600527,SOL
340,2022-03-22 00:00:00+00:00,2022-04-22 00:00:00+00:00,1,31,0.057873118011463213,False,0.007340485601355071,0.6213438735177865,0.09561414907481583,8.093369972456054,SOL
341,2022-04-22 00:00:00+00:00,2022-04-23 00:00:00+00:00,-1,1,0.002934887054168438,False,0.018094207886714557,0.024781197757891595,0.2146451255768099,0.29397049807258646,SOL
342,2022-04-23 00:00:00+00:00,2022-04-24 00:00:00+00:00,1,1,-0.00014643978947765155,False,0.022388059701492536,0.023582089552238852,0.27202130316552914,0.2865291060010246,SOL
343,2022-04-24 00:00:00+00:00,2022-06-25 00:00:00+00:00,-1,62,0.16727371466222513,False,0.016201172845641543,0.7434648643276016,0.2034804918391612,9.337632386238834,SOL
344,2022-06-25 00:00:00+00:00,2022-06-26 00:00:00+00:00,1,1,0.0009643814366785198,False,0.05180233946049181,0.017187873000716135,0.41718353387121615,0.13842034303561057,SOL
345,2022-06-26 00:00:00+00:00,2022-07-09 00:00:00+00:00,-1,13,0.009649503695621654,False,0.006633499170812631,0.2705520018952855,0.05559485763096029,2.2674759790912997,SOL
346,2022-07-09 00:00:00+00:00,2022-07-23 00:00:00+00:00,1,14,0.01906925490877899,False,0.16797900262467197,0.2440944881889763,1.6215617939241977,2.3563319817960986,SOL
347,2022-07-23 00:00:00+00:00,2022-07-25 00:00:00+00:00,-1,2,-0.0027538500658880237,False,0.039268955297604255,0.04692516670782906,0.4108155056428467,0.49091161051661,SOL
348,2022-07-25 00:00:00+00:00,2022-07-26 00:00:00+00:00,1,1,-0.024586861618948234,False,0.10706428746027856,0.00439990222439518,1.169257969719096,0.048051697385718135,SOL
349,2022-07-26 00:00:00+00:00,2022-07-27 00:00:00+00:00,-1,1,0.0021142392274003906,False,0.004912663755458508,0.05458515283842795,0.047317233650508196,0.525747040561203,SOL
350,2022-07-27 00:00:00+00:00,2022-08-17 00:00:00+00:00,1,21,0.04291329999468607,False,0.016013252346769695,0.3357261181667588,0.15726242369116358,3.2970880553181985,SOL
351,2022-08-17 00:00:00+00:00,2022-09-24 00:00:00+00:00,-1,38,0.056759424368782514,False,0.039015327450069665,0.30562006502554584,0.51293460214829,4.017987716828273,SOL
352,2022-09-24 00:00:00+00:00,2022-10-03 00:00:00+00:00,1,9,-0.014983325632571973,False,0.06060606060606048,0.05169340463458117,0.8025117326505926,0.6844953013784489,SOL
353,2022-10-03 00:00:00+00:00,2022-10-04 00:00:00+00:00,-1,1,-0.009483528589639254,False,0.03745318352059934,0.010923845193508048,0.5342869524147276,0.1558336944542942,SOL
354,2022-10-04 00:00:00+00:00,2022-10-07 00:00:00+00:00,1,3,0.003853378898167037,False,0.0021283064761325717,0.04834296138643954,0.031872205930618985,0.7239543918526267,SOL
355,2022-10-07 00:00:00+00:00,2022-10-30 00:00:00+00:00,-1,23,0.0014303171479382781,False,0.015601560156015696,0.19531953195319526,0.25645471555760185,3.210615765923034,SOL
356,2022-10-30 00:00:00+00:00,2022-11-01 00:00:00+00:00,1,2,-0.004386080185770518,False,0.02921485088253198,0.046561168594035335,0.5122165210732801,0.81634508046054,SOL
357,2022-11-01 00:00:00+00:00,2022-11-05 00:00:00+00:00,-1,4,-0.017265820657775384,False,0.051014136447449406,0.07191149354640443,0.8813974977419621,1.2424518944073415,SOL
358,2022-11-05 00:00:00+00:00,2022-11-07 00:00:00+00:00,1,2,-0.003737443868237407,False,0.04329774614472126,0.150355871886121,0.7286622272149643,2.530354446561553,SOL
359,2022-11-07 00:00:00+00:00,2022-12-08 00:00:00+00:00,-1,31,0.08543873054708521,False,0.01564417177914104,0.7109509202453987,0.21137189940471665,9.605816691182621,SOL
360,2022-12-08 00:00:00+00:00,2022-12-09 00:00:00+00:00,1,1,0.0018677133908019687,False,0.016979313412916214,0.020538296137020778,0.1557509014873387,0.18839737865498912,SOL
361,2022-12-09 00:00:00+00:00,2022-12-12 00:00:00+00:00,-1,3,0.0028736226490981465,False,0.025530358449158755,0.02194586686174109,0.24903345286081432,0.21406887065399552,SOL
362,2022-12-12 00:00:00+00:00,2022-12-13 00:00:00+00:00,1,1,-0.0015765229458902118,False,0.0487095330449053,0.006116664180217736,0.5455941674573513,0.06851259070674152,SOL
363,2022-12-13 00:00:00+00:00,2022-12-16 00:00:00+00:00,-1,3,-0.010505668740174121,False,0.12447384245339752,0.04141611545399881,1.4228389777843435,0.47342045698017704,SOL
364,2022-12-16 00:00:00+00:00,2022-12-17 00:00:00+00:00,1,1,-0.026867153425183372,False,0.14803474793506127,0.008900598120193677,1.8232826157786133,0.109624976898666,SOL
365,2022-12-17 00:00:00+00:00,2022-12-19 00:00:00+00:00,-1,2,-0.002667704896474752,False,0.029414167824168592,0.02810687147642791,0.29599587629683727,0.28284050401697924,SOL
366,2022-12-19 00:00:00+00:00,2022-12-21 00:00:00+00:00,1,2,-0.001619842652833913,False,0.058048346673134445,0.01649284501576527,0.6423753637842097,0.18251333455707408,SOL
367,2022-12-21 00:00:00+00:00,2023-01-09 00:00:00+00:00,-1,19,-0.055223536269480296,False,0.26471789009553365,0.3649873438393076,3.0247174588423427,4.170415496923279,SOL
368,2023-01-09 00:00:00+00:00,2023-02-12 00:00:00+00:00,1,34,0.0886541255310935,False,0.014448669201520888,0.8575181472519876,0.16786392838626707,9.962603673221341,SOL
369,2023-02-12 00:00:00+00:00,2023-02-16 00:00:00+00:00,-1,4,-0.03142451681895881,False,0.1546530651525358,0.05110191511885291,1.7000814781978966,0.5617568543391938,SOL
370,2023-02-16 00:00:00+00:00,2023-02-18 00:00:00+00:00,1,2,-0.006184123530406945,False,0.07702623417986747,0.012488475400217997,0.9530931034165528,0.1545276087149809,SOL
371,2023-02-18 00:00:00+00:00,2023-02-20 00:00:00+00:00,-1,2,-0.015888405603549052,False,0.10947895964745523,0.009288862006394187,1.3321588869959557,0.11302847699452663,SOL
372,2023-02-20 00:00:00+00:00,2023-02-23 00:00:00+00:00,1,3,-0.00642242917804516,False,0.06651108518086356,0.0924234498853256,0.8774630069271916,1.2193179231166087,SOL
373,2023-02-23 00:00:00+00:00,2023-04-02 00:00:00+00:00,-1,38,0.03208850558142612,False,0.02236487885690616,0.33762683785462827,0.271876647238439,4.104330422755108,SOL
374,2023-04-02 00:00:00+00:00,2023-04-03 00:00:00+00:00,1,1,-0.008914689213015478,False,0.04165282983063713,0.010769011812704602,0.5525411762514931,0.14285517882584178,SOL
375,2023-04-03 00:00:00+00:00,2023-04-05 00:00:00+00:00,-1,2,-0.0068415050392148955,False,0.03705690184796909,0.027890194548734662,0.4889192696674786,0.3679760819076291,SOL
376,2023-04-05 00:00:00+00:00,2023-05-09 00:00:00+00:00,1,34,0.0042438979311811955,False,0.051853623535039445,0.24692657259028936,0.7318222688858386,3.4849322435320103,SOL
377,2023-05-09 00:00:00+00:00,2023-06-05 00:00:00+00:00,-1,27,-0.030255301225057853,False,0.08159107446034453,0.10113994664079541,1.1791638267681745,1.4616864321115561,SOL
378,2023-06-05 00:00:00+00:00,2023-06-06 00:00:00+00:00,1,1,-0.041714890712951806,False,0.12377372329696522,0.01068121389933073,2.8560365336497977,0.2464653749408906,SOL
379,2023-06-06 00:00:00+00:00,2023-07-06 00:00:00+00:00,-1,30,0.00941351891394539,False,0.03505525828874334,0.36990548582287347,0.6446926051053156,6.802840513500736,SOL
380,2023-07-06 00:00:00+00:00,2023-08-11 00:00:00+00:00,1,36,0.09833722270734867,False,0.009377798851483104,0.7690848743480321,0.13807440355200482,11.32365248905706,SOL
381,2023-08-11 00:00:00+00:00,2023-09-29 00:00:00+00:00,-1,49,0.05860415652856111,False,0.035995774762330346,0.2963354188673113,0.6163463056730807,5.074074439705932,SOL
382,2023-09-29 00:00:00+00:00,2024-01-20 00:00:00+00:00,1,113,0.5055497659520694,False,0.005865249649087672,5.363444956887909,0.13188126107084772,120.59808651256317,SOL
383,2024-01-20 00:00:00+00:00,2024-02-03 00:00:00+00:00,-1,14,-0.02243718543857697,False,0.13786913970682504,0.15637420402581317,1.3103015993659175,1.4861728307749216,SOL
384,2024-02-03 00:00:00+00:00,2024-02-06 00:00:00+00:00,1,3,-0.015958959511048372,False,0.06421106017362935,0.00637436728686647,0.885969969458473,0.08795210630678126,SOL
385,2024-02-06 00:00:00+00:00,2024-02-09 00:00:00+00:00,-1,3,-0.024931129717872574,False,0.09799696668584279,0.026034203232048577,1.4026071877856714,0.3726213352971013,SOL
386,2024-02-09 00:00:00+00:00,2024-04-12 00:00:00+00:00,1,63,0.17319489568405674,False,0.041287886161453,1.0480913355784391,0.659838486324568,16.749973532034037,SOL
387,2024-04-12 00:00:00+00:00,2024-05-12 00:00:00+00:00,-1,30,0.04112933192769679,False,0.021003263824878056,0.34539731125758716,0.2904126373518808,4.775816984108503,SOL
388,2024-05-12 00:00:00+00:00,2024-05-13 00:00:00+00:00,1,1,-0.004453546384673129,False,0.021719239104261857,0.016511299920883394,0.27688649647238134,0.21049337710919244,SOL
389,2024-05-13 00:00:00+00:00,2024-05-14 00:00:00+00:00,-1,1,-0.009043042055676508,False,0.051728467397673034,0.0389498060879998,0.6751454751845405,0.5083619651335596,SOL
390,2024-05-14 00:00:00+00:00,2024-06-13 00:00:00+00:00,1,30,0.01099719190341859,False,0.04336388783424645,0.2810855887617291,0.5747519986303378,3.725553957350706,SOL
391,2024-06-13 00:00:00+00:00,2024-07-16 00:00:00+00:00,-1,33,-0.01525274095496373,False,0.03014055280235603,0.2262249231502903,0.4802254551988172,3.6044118835363066,SOL
392,2024-07-16 00:00:00+00:00,2024-08-04 00:00:00+00:00,1,19,-0.03652395374229672,False,0.12481323841450402,0.217202154506761,2.0307431712742203,3.533934361880933,SOL
393,2024-08-04 00:00:00+00:00,2024-08-05 00:00:00+00:00,-1,1,0.0078442964512404,False,0.02476554164092787,0.08041781321952034,0.3011874960710578,0.9780056561763082,SOL
394,2024-08-05 00:00:00+00:00,2024-08-06 00:00:00+00:00,1,1,-0.01844990947451027,False,0.21063554388933475,0.007607147247470859,2.438138118867483,0.08805387418203764,SOL
395,2024-08-06 00:00:00+00:00,2024-08-07 00:00:00+00:00,-1,1,-0.03293679950144442,False,0.15205597682017138,0.0032057209789778437,1.4892476352517587,0.03139707157230524,SOL
396,2024-08-07 00:00:00+00:00,2024-08-12 00:00:00+00:00,1,5,0.0014787864068655488,False,0.022795299595366057,0.13430519372540314,0.23940534749412418,1.4105268254790608,SOL
397,2024-08-12 00:00:00+00:00,2024-09-03 00:00:00+00:00,-1,22,0.012870686142984353,False,0.1472380063890538,0.1041472309388516,1.5034954775912361,1.0634814648770912,SOL
398,2024-09-03 00:00:00+00:00,2024-09-04 00:00:00+00:00,1,1,-0.01805735221554329,False,0.05770956141326523,0.019538056575093544,0.8347941619405814,0.28262657287850707,SOL
399,2024-09-04 00:00:00+00:00,2024-09-25 00:00:00+00:00,-1,21,-0.07313273360410708,False,0.20836666509811314,0.05511113202515961,2.8259463528837627,0.7474377078332654,SOL
400,2024-09-25 00:00:00+00:00,2024-12-10 00:00:00+00:00,1,76,0.13166852871560866,False,0.12906647807637894,0.7329351982817329,2.426474275111155,13.77932078460891,SOL
401,2024-12-10 00:00:00+00:00,2024-12-11 00:00:00+00:00,-1,1,0.004127828203617193,False,0.020170782367874472,0.06222017078236795,0.2649812579423056,0.8173792579089886,SOL
402,2024-12-11 00:00:00+00:00,2024-12-16 00:00:00+00:00,1,5,0.016099303359209054,False,0.01006648562599497,0.09869837999812708,0.12960589570504477,1.2707405960289928,SOL
403,2024-12-16 00:00:00+00:00,2025-01-07 00:00:00+00:00,-1,22,0.0024273825606613455,False,0.02091788947861379,0.21858971499933105,0.3125423758927068,3.2660345079960704,SOL
404,2025-01-07 00:00:00+00:00,2025-01-08 00:00:00+00:00,1,1,-0.026006747316224245,False,0.07679611205355096,0.004263903534913477,1.303782296092839,0.07238910658903357,SOL
405,2025-01-08 00:00:00+00:00,2025-01-17 00:00:00+00:00,-1,9,-0.01953126260399749,False,0.07457811649428413,0.1700400851190181,1.1423214031292623,2.6045231195435603,SOL
406,2025-01-17 00:00:00+00:00,2025-02-02 00:00:00+00:00,1,16,0.021727075055193255,False,0.00620794237513033,0.4008150886171927,0.09491711918416725,6.128312931753323,SOL
407,2025-02-02 00:00:00+00:00,2025-02-05 00:00:00+00:00,-1,3,0.0056661312540085456,False,0.03288083047583259,0.1858236648034195,0.3492038157047168,1.9735004213255127,SOL
408,2025-02-05 00:00:00+00:00,2025-02-06 00:00:00+00:00,1,1,-0.013060792358142058,False,0.055356450987989046,0.013463773731111978,0.5197851030558203,0.12642192357788135,SOL
409,2025-02-06 00:00:00+00:00,2025-02-07 00:00:00+00:00,-1,1,0.008116121131437224,False,0.039942865887874365,0.045248176299546014,0.36530485169263577,0.4138255471920404,SOL
410,2025-02-07 00:00:00+00:00,2025-02-13 00:00:00+00:00,1,6,0.009675838022324476,False,0.007653734494589542,0.10266561097915027,0.06873341242297222,0.9219757735357389,SOL
411,2025-02-13 00:00:00+00:00,2025-03-27 00:00:00+00:00,-1,42,0.06948006603524326,False,0.04366834426312848,0.43149814447664075,0.47859624631407033,4.729132641110392,SOL
412,2025-03-27 00:00:00+00:00,2025-03-29 00:00:00+00:00,1,2,-0.013621598305848127,False,0.0712516392248287,0.02098207780853851,0.8863394546628239,0.2610079375694205,SOL
413,2025-03-29 00:00:00+00:00,2025-04-14 00:00:00+00:00,-1,16,-0.0006924946467130193,False,0.052631578947368446,0.26431718061674003,0.6398378979066272,3.213282835302002,SOL
414,2025-04-14 00:00:00+00:00,2025-04-17 00:00:00+00:00,1,3,0.005125759842364409,False,0.03811379579111469,0.060717069368667116,0.4306313598721627,0.6860160109210908,SOL
415,2025-04-17 00:00:00+00:00,2025-04-18 00:00:00+00:00,-1,1,-0.006228648778862897,False,0.03777608530083762,0.014470677837014513,0.4542220350783386,0.1739963440824293,SOL
416,2025-04-18 00:00:00+00:00,2025-04-22 00:00:00+00:00,1,4,0.0029738319842289346,False,0.01780943900267125,0.0630008904719502,0.22578064820769359,0.7986990430347245,SOL
417,2025-04-22 00:00:00+00:00,2025-04-23 00:00:00+00:00,-1,1,-0.02420200468765504,False,0.10150982116681322,0.014951627088830197,1.4347386601617158,0.21132612756172492,SOL
418,2020-03-10 00:00:00+00:00,2020-04-10 00:00:00+00:00,-1,31,0.0355793913905217,False,0.05190186268008926,0.6240882512508288,0.4812072861170568,5.786224196480702,BNB
419,2020-04-10 00:00:00+00:00,2020-05-17 00:00:00+00:00,1,37,0.023248731712798617,False,0.10377672683674148,0.20808632518483985,1.2437106570335075,2.4938075048605124,BNB
420,2020-05-17 00:00:00+00:00,2020-05-18 00:00:00+00:00,-1,1,-0.005496927644134254,False,0.02883118500529282,0.003424870788965671,0.4459878559569115,0.05297911895816445,BNB
421,2020-05-18 00:00:00+00:00,2020-05-25 00:00:00+00:00,1,7,-0.008742026831830601,False,0.034431964647394585,0.06475173387344257,0.5604442326056966,1.0539548402834402,BNB
422,2020-05-25 00:00:00+00:00,2020-05-29 00:00:00+00:00,-1,4,-0.028697427796320427,False,0.07572718154463391,0.010218154463390186,1.2668755075698002,0.17094429448168685,BNB
423,2020-05-29 00:00:00+00:00,2020-05-30 00:00:00+00:00,1,1,-0.0024636603720710123,False,0.02632810671659252,0.006786800842499396,0.5263454738222385,0.13568016658528798,BNB
424,2020-05-30 00:00:00+00:00,2020-05-31 00:00:00+00:00,-1,1,-0.018574708612772182,False,0.04607428302773875,0.004642689233662264,0.9396960064880799,0.09468875575581037,BNB
425,2020-05-31 00:00:00+00:00,2020-06-12 00:00:00+00:00,1,12,-0.04338466594817004,False,0.1057676044426903,0.027682246152111588,2.243049250155899,0.5870667280525347,BNB
426,2020-06-12 00:00:00+00:00,2020-06-13 00:00:00+00:00,-1,1,-0.011289244280361502,False,0.036411804571498826,0.009426406259626778,0.726185680750605,0.1879973082146272,BNB
427,2020-06-13 00:00:00+00:00,2020-06-16 00:00:00+00:00,1,3,-0.007936439372757849,False,0.07444571291233557,0.010755272486931351,1.53179917628077,0.22130109164992356,BNB
428,2020-06-16 00:00:00+00:00,2020-06-19 00:00:00+00:00,-1,3,0.005695685678079385,False,0.017218219562828187,0.030528758090120893,0.36047311522089814,0.6391367291150675,BNB
429,2020-06-19 00:00:00+00:00,2020-06-20 00:00:00+00:00,1,1,-0.007375316336152106,False,0.01663677407384502,0.008473003896344885,0.3581901988397709,0.18242400461356412,BNB
430,2020-06-20 00:00:00+00:00,2020-06-22 00:00:00+00:00,-1,2,-0.0009450359202617868,False,0.02311161217587383,0.017412000501064683,0.5080160758484826,0.38273297855251204,BNB
431,2020-06-22 00:00:00+00:00,2020-06-25 00:00:00+00:00,1,3,-9.073027475344636e-05,False,0.0016894005756475565,0.04279814791640602,0.039387018485596885,0.9978044683018171,BNB
432,2020-06-25 00:00:00+00:00,2020-07-10 00:00:00+00:00,-1,15,-0.02905066258066505,False,0.09309721269564146,0.08330735174908016,2.2771548923138187,2.037695201695415,BNB
433,2020-07-10 00:00:00+00:00,2020-09-04 00:00:00+00:00,1,56,0.10529749109023855,False,0.024815958204702136,0.5381144621230112,0.617212383879992,13.383763271502895,BNB
434,2020-09-04 00:00:00+00:00,2020-09-07 00:00:00+00:00,-1,3,-0.03345070125500915,False,0.14918723070896986,0.1240697218958088,1.7429193776323635,1.4494774213719746,BNB
435,2020-09-07 00:00:00+00:00,2020-09-08 00:00:00+00:00,1,1,-0.005394799481390791,False,0.13943034965639448,0.01845528806673292,1.4921486993930786,0.19750387310627532,BNB
436,2020-09-08 00:00:00+00:00,2020-09-09 00:00:00+00:00,-1,1,-0.007152724574745936,False,0.04455754978123052,0.051254576301455475,0.43994136128235867,0.5060648123769008,BNB
437,2020-09-09 00:00:00+00:00,2020-10-11 00:00:00+00:00,1,32,0.060752216469583425,False,0.04227782571182055,0.4366695427092321,0.43367911822222,4.479285749638071,BNB
438,2020-10-11 00:00:00+00:00,2020-10-14 00:00:00+00:00,-1,3,-0.026321049868877316,False,0.11784618639585312,0.018547903663740022,1.8169732598148254,0.2859748457997021,BNB
439,2020-10-14 00:00:00+00:00,2020-11-02 00:00:00+00:00,1,19,-0.026304655186630457,False,0.10355300111031282,0.0596303311344785,1.7333572094704375,0.9981426251948978,BNB
440,2020-11-02 00:00:00+00:00,2020-11-06 00:00:00+00:00,-1,4,0.011790858903306166,False,0.0246079529543545,0.09944693363203588,0.48233789794406406,1.9492488877085175,BNB
441,2020-11-06 00:00:00+00:00,2020-11-08 00:00:00+00:00,1,2,0.001327306024486985,False,0.03138414920096681,0.07910970022726457,0.5969508152536065,1.5047277446565037,BNB
442,2020-11-08 00:00:00+00:00,2020-11-24 00:00:00+00:00,-1,16,-0.053004631691145984,False,0.12861666906578373,0.025874478192025378,2.237848209585735,0.4501994579440814,BNB
443,2020-11-24 00:00:00+00:00,2020-11-27 00:00:00+00:00,1,3,-0.01833936673840013,False,0.14982455010784534,0.14035991372372286,3.277980153995925,3.0709053440958836,BNB
444,2020-11-27 00:00:00+00:00,2020-11-29 00:00:00+00:00,-1,2,-0.00918551245846107,False,0.05180833746195775,0.035211267605633714,0.6851408229586126,0.46565240358184207,BNB
445,2020-11-29 00:00:00+00:00,2020-12-05 00:00:00+00:00,1,6,-0.004013499491906925,False,0.014090784421283524,0.09709270433351622,0.19862023971666987,1.368594936441879,BNB
446,2020-12-05 00:00:00+00:00,2020-12-06 00:00:00+00:00,-1,1,-0.007632966249744422,False,0.034505320431144286,0.012293811770377866,0.5017652214328595,0.1787726387739845,BNB
447,2020-12-06 00:00:00+00:00,2020-12-09 00:00:00+00:00,1,3,-0.024006598341161083,False,0.07689979825151308,0.014189643577673189,1.171989882251825,0.21625698745530003,BNB
448,2020-12-09 00:00:00+00:00,2020-12-10 00:00:00+00:00,-1,1,-0.005984892174766438,False,0.02567992198504708,0.02726911546935394,0.3919222511758284,0.4161762301515501,BNB
449,2020-12-10 00:00:00+00:00,2020-12-11 00:00:00+00:00,1,1,-0.0059140521723047386,False,0.025930662119920445,0.003232452401250267,0.4079879537015136,0.05085877231073521,BNB
450,2020-12-11 00:00:00+00:00,2020-12-13 00:00:00+00:00,-1,2,-0.006808719063542377,False,0.01931407942238268,0.034404332129963876,0.3110272572172601,0.5540354693982216,BNB
451,2020-12-13 00:00:00+00:00,2020-12-23 00:00:00+00:00,1,10,0.06135846784437288,False,0.004935728996520111,0.26766564874653803,0.0858059836366518,4.653277011892695,BNB
452,2020-12-23 00:00:00+00:00,2020-12-25 00:00:00+00:00,-1,2,0.009898911202247175,False,0.029021385748799443,0.11116413636770364,0.46736331672016007,1.7901984392765042,BNB
453,2020-12-25 00:00:00+00:00,2021-03-20 00:00:00+00:00,1,85,0.4461184393284133,False,0.023350972188038298,9.767905488555256,0.3329187506649902,139.26267676038498,BNB
454,2021-03-20 00:00:00+00:00,2021-03-21 00:00:00+00:00,-1,1,-0.0004314511608755757,False,0.045351508420684444,0.0050927264152378585,0.4075363713648805,0.045764106110162094,BNB
455,2021-03-21 00:00:00+00:00,2021-03-22 00:00:00+00:00,1,1,-6.850891762728566e-05,False,0.026860160706989565,0.014334246326589242,0.25252358664872643,0.13476223518479238,BNB
456,2021-03-22 00:00:00+00:00,2021-03-24 00:00:00+00:00,-1,2,0.004708144556453324,False,0.04815897180312043,0.048525214081826744,0.4744162575037484,0.47802412712176695,BNB
457,2021-03-24 00:00:00+00:00,2021-03-25 00:00:00+00:00,1,1,-0.004296938036865941,False,0.06123119528738059,0.051448442034937925,0.611435192227083,0.5137477375343578,BNB
458,2021-03-25 00:00:00+00:00,2021-03-27 00:00:00+00:00,-1,2,-0.005349459417070079,False,0.0270618349244169,0.10289453772719225,0.26030754826826025,0.9897416387606074,BNB
459,2021-03-27 00:00:00+00:00,2021-05-19 00:00:00+00:00,1,53,0.11698966694826979,False,0.024636181156692978,1.716487893614352,0.24539664997730465,17.097632792212522,BNB
460,2021-05-19 00:00:00+00:00,2021-06-17 00:00:00+00:00,-1,29,0.05214345942108058,False,0.016466329602014416,0.5846235564911176,0.13668406969175786,4.852856032293899,BNB
461,2021-06-17 00:00:00+00:00,2021-06-18 00:00:00+00:00,1,1,0.0022393268071232543,False,0.0042621817762931065,0.04348577352839525,0.03225664110522207,0.32910491938435554,BNB
462,2021-06-18 00:00:00+00:00,2021-06-19 00:00:00+00:00,-1,1,0.007384309282538463,False,0.012484040289402849,0.07220882394665908,0.10048180380329441,0.5811958879076868,BNB
463,2021-06-19 00:00:00+00:00,2021-06-22 00:00:00+00:00,1,3,-0.037535923508370705,False,0.20425190771697502,0.024733513465364124,1.6074916885745925,0.194656283846872,BNB
464,2021-06-22 00:00:00+00:00,2021-07-20 00:00:00+00:00,-1,28,-0.004000700950839528,False,0.25565050123922617,0.16768394184885135,1.6275379090048618,1.0675198005381328,BNB
465,2021-07-20 00:00:00+00:00,2021-07-22 00:00:00+00:00,1,2,0.015273692644514562,False,0.09501552074785027,0.06682841545652414,1.1354396976095538,0.7986025360956428,BNB
466,2021-07-22 00:00:00+00:00,2021-07-24 00:00:00+00:00,-1,2,-0.005918557371763195,False,0.0282185143481079,0.04101409219640353,0.33167478898515135,0.4820714587184428,BNB
467,2021-07-24 00:00:00+00:00,2021-09-11 00:00:00+00:00,1,49,0.11874419919398724,False,0.02362415210345171,0.7369599358438871,0.2984203822502071,9.309280806970758,BNB
468,2021-09-11 00:00:00+00:00,2021-09-13 00:00:00+00:00,-1,2,-0.009931937884638233,False,0.05055060042852165,0.009691564103841713,0.5294330522300755,0.10150293608550934,BNB
469,2021-09-13 00:00:00+00:00,2021-09-14 00:00:00+00:00,1,1,-0.01138563859323195,False,0.0842158345940494,0.007972528396128985,0.9792490943798305,0.0927033645092966,BNB
470,2021-09-14 00:00:00+00:00,2021-09-15 00:00:00+00:00,-1,1,-0.010612947952116817,False,0.03873715860686539,0.00816837885241806,0.42947766053493014,0.09056255972470212,BNB
471,2021-09-15 00:00:00+00:00,2021-09-17 00:00:00+00:00,1,2,0.0063177904560135405,False,0.009993241286086672,0.05409384957033896,0.11909169661335711,0.6446485316679577,BNB
472,2021-09-17 00:00:00+00:00,2021-10-06 00:00:00+00:00,-1,19,-0.014168370701079836,False,0.04633795849136615,0.2483921882729864,0.5964424856757018,3.197198560734415,BNB
473,2021-10-06 00:00:00+00:00,2021-10-11 00:00:00+00:00,1,5,-0.024904166028681354,False,0.09172588602724852,0.01993844204046531,1.404900414973683,0.305382991757171,BNB
474,2021-10-11 00:00:00+00:00,2021-10-12 00:00:00+00:00,-1,1,-0.006914714964659015,False,0.0503835684236574,0.010789408562237103,0.7611113760528764,0.16298848720975237,BNB
475,2021-10-12 00:00:00+00:00,2021-12-04 00:00:00+00:00,1,53,0.11096366218617569,False,0.05133539771627643,0.6202583704277143,0.7975845367136383,9.636790733647947,BNB
476,2021-12-04 00:00:00+00:00,2022-02-08 00:00:00+00:00,-1,66,0.09586836849437531,False,0.03614093452290941,0.4359930776080783,0.5300873009381071,6.394809563943721,BNB
477,2022-02-08 00:00:00+00:00,2022-02-09 00:00:00+00:00,1,1,-0.01883599245675679,False,0.06208011081611448,0.02846588941475249,0.9982327708598068,0.45772443528082796,BNB
478,2022-02-09 00:00:00+00:00,2022-02-19 00:00:00+00:00,-1,10,0.0027949222158567275,False,0.08667941363926071,0.043217139775457165,1.2712602249458105,0.6338325160009792,BNB
479,2022-02-19 00:00:00+00:00,2022-02-21 00:00:00+00:00,1,2,-0.016094188775662627,False,0.060868911228659464,0.018676828198250117,0.9854083948013986,0.30235965985463004,BNB
480,2022-02-21 00:00:00+00:00,2022-03-01 00:00:00+00:00,-1,8,-0.018293874527460185,False,0.04485814204201836,0.15064026715048257,0.7121458040573282,2.3914908038947447,BNB
481,2022-03-01 00:00:00+00:00,2022-03-05 00:00:00+00:00,1,4,-0.017334708838006002,False,0.0606826801517067,0.0856131479140329,0.8970891588685199,1.2656432883036708,BNB
482,2022-03-05 00:00:00+00:00,2022-03-20 00:00:00+00:00,-1,15,-0.028414336798074098,False,0.08645902954150508,0.040101590696430954,1.2374186003621412,0.5739418369026633,BNB
483,2022-03-20 00:00:00+00:00,2022-04-22 00:00:00+00:00,1,33,0.006437806078405962,False,0.03645142728478145,0.15083435490730784,0.7482264660416449,3.0961272228998493,BNB
484,2022-04-22 00:00:00+00:00,2022-06-09 00:00:00+00:00,-1,48,0.12008286056559268,False,0.023055823263399767,0.4652679961450071,0.528868246122743,10.672595217576658,BNB
485,2022-06-09 00:00:00+00:00,2022-06-11 00:00:00+00:00,1,2,-0.0031060717219627805,False,0.02109206965933527,0.03829875806563526,0.3131781760971628,0.5686656355448507,BNB
486,2022-06-11 00:00:00+00:00,2022-07-12 00:00:00+00:00,-1,31,0.07578046795721287,False,0.015450763799070214,0.36040130038102564,0.23961981577160424,5.589321947070658,BNB
487,2022-07-12 00:00:00+00:00,2022-07-13 00:00:00+00:00,1,1,-0.008625443516342483,False,0.024530896508894118,0.012154549083972765,0.39811170415124847,0.1972560704112862,BNB
488,2022-07-13 00:00:00+00:00,2022-07-15 00:00:00+00:00,-1,2,-0.03044976313220348,False,0.08927517814187803,0.019062315617482943,1.4582139532917524,0.31136240995553577,BNB
489,2022-07-15 00:00:00+00:00,2022-08-27 00:00:00+00:00,1,43,0.045375428337025424,False,0.019919483351505493,0.4128155665520421,0.3506130965303928,7.266179625779338,BNB
490,2022-08-27 00:00:00+00:00,2022-08-30 00:00:00+00:00,-1,3,-0.010617578569523382,False,0.025993555316863554,0.02635159326888655,0.4676061647204633,0.47404702098383206,BNB
491,2022-08-30 00:00:00+00:00,2022-08-31 00:00:00+00:00,1,1,-0.006348663650669095,False,0.03291201288470304,0.022163089527677544,0.6367227163792797,0.42877178666817184,BNB
492,2022-08-31 00:00:00+00:00,2022-09-29 00:00:00+00:00,-1,29,-0.006825265244634301,False,0.06602231540046899,0.08926160187619929,1.2526831360603257,1.6936168125853293,BNB
493,2022-09-29 00:00:00+00:00,2022-10-08 00:00:00+00:00,1,9,0.0005239738494741788,False,0.016307244111273073,0.059970867232742364,0.356935089574113,1.312650176908711,BNB
494,2022-10-08 00:00:00+00:00,2022-10-14 00:00:00+00:00,-1,6,0.02226484108093879,False,0.001523958037992451,0.09625744258576702,0.0376312275878894,2.376893351830688,BNB
495,2022-10-14 00:00:00+00:00,2022-10-15 00:00:00+00:00,1,1,-0.006460123988429102,False,0.014775239498894588,0.019344141488577746,0.38648032418230843,0.5059904493658663,BNB
496,2022-10-15 00:00:00+00:00,2022-10-17 00:00:00+00:00,-1,2,-0.009903069922376304,False,0.01648718900854065,0.007872261418492404,0.43123552448991437,0.20590525043212185,BNB
497,2022-10-17 00:00:00+00:00,2022-10-21 00:00:00+00:00,1,4,-0.011712994533099872,False,0.01913260622085116,0.013183504094597976,0.5437128776310537,0.3746505241258113,BNB
498,2022-10-21 00:00:00+00:00,2022-10-24 00:00:00+00:00,-1,3,-0.02475904468195644,False,0.029166666666666573,0.02124255952380966,0.9194861092760185,0.6696767454038414,BNB
499,2022-10-24 00:00:00+00:00,2022-10-25 00:00:00+00:00,1,1,-0.00667157707136652,False,0.015776302905015856,0.0059841148950059014,0.5369685573527475,0.2036777286510383,BNB
500,2022-10-25 00:00:00+00:00,2022-10-26 00:00:00+00:00,-1,1,-0.03395977057292069,False,0.05740456900956142,0.008174585796657212,1.9783776506191062,0.28172701445561416,BNB
501,2022-10-26 00:00:00+00:00,2022-11-10 00:00:00+00:00,1,15,0.03249468564812842,False,0.0846359667652444,0.4079355020419659,2.773865897449179,13.369710546482366,BNB
502,2022-11-10 00:00:00+00:00,2022-11-11 00:00:00+00:00,-1,1,-0.032380602985936924,False,0.17038120966531603,0.01654660063034657,1.842672689008754,0.17895147673482803,BNB
503,2022-11-11 00:00:00+00:00,2022-11-17 00:00:00+00:00,1,6,-0.021926683123438345,False,0.11933912585571352,0.0068457082675093504,1.3713099924904604,0.0786631214666358,BNB
504,2022-11-17 00:00:00+00:00,2022-11-19 00:00:00+00:00,-1,2,-0.002578418239364319,False,0.01133603238866391,0.032278248067721685,0.13235774397075312,0.37687578396867155,BNB
505,2022-11-19 00:00:00+00:00,2022-11-21 00:00:00+00:00,1,2,-0.009650003370845987,False,0.04574829311037268,0.0022271714922049496,0.5888602524925279,0.02866757813411419,BNB
506,2022-11-21 00:00:00+00:00,2022-11-24 00:00:00+00:00,-1,3,-0.036163699488471805,False,0.1440687592291091,0.05675665442429294,1.9395904855543658,0.7641119941776597,BNB
507,2022-11-24 00:00:00+00:00,2022-11-28 00:00:00+00:00,1,4,0.009183154158546966,False,0.016884987771784717,0.06536232369593618,0.2469814245313118,0.9560729350408476,BNB
508,2022-11-28 00:00:00+00:00,2022-12-08 00:00:00+00:00,-1,10,0.020072372593370063,False,0.005953930244664185,0.08901613742842274,0.09871534511803798,1.4758753237319913,BNB
509,2022-12-08 00:00:00+00:00,2022-12-09 00:00:00+00:00,1,1,0.0074156125389492865,False,0.006091120343637636,0.028061404126470065,0.12095812220270441,0.5572463780090052,BNB
510,2022-12-09 00:00:00+00:00,2022-12-11 00:00:00+00:00,-1,2,0.002186860106253891,False,0.006061858510711744,0.020114348694633792,0.1259506879349955,0.41792728269338103,BNB
511,2022-12-11 00:00:00+00:00,2022-12-13 00:00:00+00:00,1,2,-0.017472985027179422,False,0.057563448251918156,0.012012637572475216,1.2898426204523965,0.269171017295859,BNB
512,2022-12-13 00:00:00+00:00,2023-01-11 00:00:00+00:00,-1,29,-0.016443445977338603,False,0.02683421452886226,0.2071775186499601,0.5854889030570911,4.520353595667484,BNB
513,2023-01-11 00:00:00+00:00,2023-02-14 00:00:00+00:00,1,34,0.02910782362551586,False,0.01122662623637267,0.2207782831564509,0.3360941904280118,6.60949218217926,BNB
514,2023-02-14 00:00:00+00:00,2023-02-16 00:00:00+00:00,-1,2,-0.037347700949983645,False,0.08022717997551344,0.015099986396408643,1.5886888151155378,0.2990156142057224,BNB
515,2023-02-16 00:00:00+00:00,2023-02-25 00:00:00+00:00,1,9,-0.021793358158358415,False,0.06010842841833195,0.03416755973018985,1.246677873581542,0.708651712093548,BNB
516,2023-02-25 00:00:00+00:00,2023-03-14 00:00:00+00:00,-1,17,-0.018652227434726193,False,0.03770149945384127,0.12445797888186429,0.8467211099143374,2.7951460696030854,BNB
517,2023-03-14 00:00:00+00:00,2023-03-16 00:00:00+00:00,1,2,-0.0032148557046904895,False,0.025622706459260177,0.0383853473191959,0.6249320239672307,0.9362099522550918,BNB
518,2023-03-16 00:00:00+00:00,2023-03-17 00:00:00+00:00,-1,1,-0.036601179984798414,False,0.08448911660085497,0.011454492053650069,1.9943891046294793,0.2703864718906704,BNB
519,2023-03-17 00:00:00+00:00,2023-04-14 00:00:00+00:00,1,28,0.01457545122790268,False,0.09609481841665402,0.050812946360735356,2.2339699148597556,1.1812769442269146,BNB
520,2023-04-14 00:00:00+00:00,2023-04-16 00:00:00+00:00,-1,2,-0.01996198651670176,False,0.03691047900504867,0.005079423716291028,1.2784899191012382,0.17593897969282837,BNB
521,2023-04-16 00:00:00+00:00,2023-04-21 00:00:00+00:00,1,5,-0.025340525753103783,False,0.05457054570545705,0.05481054810548117,1.8868750312750617,1.8951735470805637,BNB
522,2023-04-21 00:00:00+00:00,2023-04-23 00:00:00+00:00,-1,2,-0.02416999606951485,False,0.060096229441177436,0.008207805276895543,1.6475522550625858,0.2250189108170261,BNB
523,2023-04-23 00:00:00+00:00,2023-05-09 00:00:00+00:00,1,16,-0.017441548435625606,False,0.06575854378880114,0.03993128804773673,1.7487439947372578,1.0619091627070887,BNB
524,2023-05-09 00:00:00+00:00,2023-07-11 00:00:00+00:00,-1,63,0.15078288389055527,False,0.013299314303938816,0.2983575187370436,0.40427833749165376,9.069601552120881,BNB
525,2023-07-11 00:00:00+00:00,2023-07-17 00:00:00+00:00,1,6,0.000791782641091105,False,0.020043094686343892,0.06264991665650281,0.49146372100005997,1.5361979595559658,BNB
526,2023-07-17 00:00:00+00:00,2023-07-18 00:00:00+00:00,-1,1,-0.005213629702919979,False,0.012690670083915478,0.01616303583977511,0.2942138565787208,0.37471536782501624,BNB
527,2023-07-18 00:00:00+00:00,2023-07-19 00:00:00+00:00,1,1,-0.007680422207684108,False,0.028807933450805234,0.01012170634758021,0.6900389620511057,0.2424461218017397,BNB
528,2023-07-19 00:00:00+00:00,2023-07-21 00:00:00+00:00,-1,2,-0.005871483071737605,False,0.019876912840984702,0.0026197604790418974,0.4714608487843585,0.06213814534187106,BNB
529,2023-07-21 00:00:00+00:00,2023-07-22 00:00:00+00:00,1,1,0.0009834784849772692,False,0.002963816737331737,0.011237805129049478,0.07677617279407412,0.2911096551775304,BNB
530,2023-07-22 00:00:00+00:00,2023-07-23 00:00:00+00:00,-1,1,0.00523790732374826,False,0.004920452681646781,0.015171395768410647,0.13401102125762132,0.4132006488776586,BNB
531,2023-07-23 00:00:00+00:00,2023-07-30 00:00:00+00:00,1,7,0.003286001947266218,False,0.02516270778924675,0.014964971189321451,0.7005289393227321,0.4166242950502595,BNB
532,2023-07-30 00:00:00+00:00,2023-08-02 00:00:00+00:00,-1,3,-0.01829804312069261,False,0.02402736564457638,0.023244312561819927,0.844564591480552,0.8170401879846126,BNB
533,2023-08-02 00:00:00+00:00,2023-08-08 00:00:00+00:00,1,6,-0.019373072250555637,False,0.05272925323758419,0.003872997942469875,1.9089183764627569,0.14021129620537587,BNB
534,2023-08-08 00:00:00+00:00,2023-08-10 00:00:00+00:00,-1,2,-0.007915092195567457,False,0.027359894197388015,0.002397090428169997,1.0544753780791576,0.09238606031509429,BNB
535,2023-08-10 00:00:00+00:00,2023-08-11 00:00:00+00:00,1,1,-0.010437215476065477,False,0.014596145961459623,0.00036900369003691434,0.5840156158699775,0.014764439727050545,BNB
536,2023-08-11 00:00:00+00:00,2023-09-19 00:00:00+00:00,-1,39,0.08952856871322308,False,0.002776281440351334,0.16031989392118687,0.11315593839506535,6.534333218664423,BNB
537,2023-09-19 00:00:00+00:00,2023-09-21 00:00:00+00:00,1,2,-0.00884476684592849,False,0.014861799157368433,0.01851937589703227,0.5633644892331087,0.7020118245895417,BNB
538,2023-09-21 00:00:00+00:00,2023-09-30 00:00:00+00:00,-1,9,-0.00602272094191947,False,0.015066001212743218,0.03913428797984975,0.5696101915996482,1.4795756989229145,BNB
539,2023-09-30 00:00:00+00:00,2023-10-03 00:00:00+00:00,1,3,-0.003990353096747122,False,0.0096649783931974,0.030295989963291584,0.4148377484120009,1.300356788291453,BNB
540,2023-10-03 00:00:00+00:00,2023-10-20 00:00:00+00:00,-1,17,0.013470863121722666,False,0.025337680484396823,0.06180717279925469,1.0403772114613499,2.537831911046342,BNB
541,2023-10-20 00:00:00+00:00,2023-11-28 00:00:00+00:00,1,39,0.10228705147500626,False,0.0032651902328222496,0.2891349611962901,0.1319055089506897,11.680328401285754,BNB
542,2023-11-28 00:00:00+00:00,2023-11-29 00:00:00+00:00,-1,1,-0.004569052773844031,False,0.019919092428106595,0.013411309471462417,0.3826236373539052,0.2576163562758066,BNB
543,2023-11-29 00:00:00+00:00,2023-11-30 00:00:00+00:00,1,1,-0.005019537626147064,False,0.01467194914885282,0.007662501632635252,0.29215244072838725,0.1525781292824802,BNB
544,2023-11-30 00:00:00+00:00,2023-12-12 00:00:00+00:00,-1,12,-0.04236517242425114,False,0.09224816427032488,0.019346612144396102,1.8939174001142982,0.39719907342721295,BNB
545,2023-12-12 00:00:00+00:00,2023-12-14 00:00:00+00:00,1,2,0.012712957583555166,False,0.01001500223006122,0.04257389611969347,0.25098382405672826,1.0669352844516795,BNB
546,2023-12-14 00:00:00+00:00,2023-12-15 00:00:00+00:00,-1,1,-0.004281934388310541,False,0.009251171285634813,0.025252124195981947,0.230940982744452,0.6303796782209132,BNB
547,2023-12-15 00:00:00+00:00,2023-12-16 00:00:00+00:00,1,1,-0.02127627439359837,False,0.04334769036235033,0.0008693246927727462,1.0981840744568976,0.02202374625164232,BNB
548,2023-12-16 00:00:00+00:00,2023-12-20 00:00:00+00:00,-1,4,-0.022160398040909392,False,0.04031895317930887,0.051277857288898054,0.978661211576779,1.244666490179802,BNB
549,2023-12-20 00:00:00+00:00,2024-01-25 00:00:00+00:00,1,36,0.10106117815566877,False,0.008361402813552547,0.3383396076877354,0.21622803237915703,8.74954948082112,BNB
550,2024-01-25 00:00:00+00:00,2024-02-05 00:00:00+00:00,-1,11,-0.022742213496128535,False,0.06903144310539062,0.018606397869652947,1.454317357562206,0.39198959439733433,BNB
551,2024-02-05 00:00:00+00:00,2024-02-06 00:00:00+00:00,1,1,-0.008562137714853762,False,0.017655552638487962,0.007285376739301556,0.5259380986545006,0.2170227842031532,BNB
552,2024-02-06 00:00:00+00:00,2024-02-07 00:00:00+00:00,-1,1,-0.004641259908204079,False,0.0083684787301165,0.0012951217082322797,0.2509577560492019,0.03883870034094684,BNB
553,2024-02-07 00:00:00+00:00,2024-04-11 00:00:00+00:00,1,64,0.3550624044388637,False,0.006836872873798571,1.1339300459094364,0.21716015019764637,36.017112447273526,BNB
554,2024-04-11 00:00:00+00:00,2024-04-12 00:00:00+00:00,-1,1,0.0025644740788272145,False,0.013966526236414574,0.029064144386341688,0.28378737495730266,0.5905575302808677,BNB
555,2024-04-12 00:00:00+00:00,2024-04-13 00:00:00+00:00,1,1,-0.006057433794169666,False,0.06864511862445231,0.04488716210630731,1.3954888474975295,0.912512577301491,BNB
556,2024-04-13 00:00:00+00:00,2024-04-17 00:00:00+00:00,-1,4,0.03267979777539915,False,0.007190860215053717,0.17842741935483877,0.13155953685370372,3.2643978537064084,BNB
557,2024-04-17 00:00:00+00:00,2024-04-18 00:00:00+00:00,1,1,-0.002919883737191728,False,0.047030808155975545,0.018380711415389186,0.6726328014392825,0.2628802246131374,BNB
558,2024-04-18 00:00:00+00:00,2024-04-21 00:00:00+00:00,-1,3,-0.025866446508453107,False,0.07502715660935674,0.019702588305802328,1.0708212762189362,0.2812041893615409,BNB
559,2024-04-21 00:00:00+00:00,2024-04-27 00:00:00+00:00,1,6,0.01911654880027277,False,0.007801953118151455,0.08596174413100263,0.12273027699985892,1.3522394340006783,BNB
560,2024-04-27 00:00:00+00:00,2024-04-30 00:00:00+00:00,-1,3,0.0004053530153259948,False,0.01595059166150597,0.03243677506820425,0.3086658001775629,0.6276960343589909,BNB
561,2024-04-30 00:00:00+00:00,2024-05-02 00:00:00+00:00,1,2,-0.026104716571313254,False,0.09569369916641361,0.019675340015524227,2.013257675026636,0.41394083037930696,BNB
562,2024-05-02 00:00:00+00:00,2024-05-04 00:00:00+00:00,-1,2,-0.024191572857103615,False,0.05054768901950306,0.03640573515005798,0.9244270753981101,0.6657959626898318,BNB
563,2024-05-04 00:00:00+00:00,2024-05-05 00:00:00+00:00,1,1,-0.0016970860405331628,False,0.007926361544362017,0.011011676468081542,0.1532455925571372,0.21289602750948747,BNB
564,2024-05-05 00:00:00+00:00,2024-05-06 00:00:00+00:00,-1,1,-0.006773009901584121,False,0.017168849823865517,0.013304148568692454,0.3465698114147192,0.268557084940885,BNB
565,2024-05-06 00:00:00+00:00,2024-05-08 00:00:00+00:00,1,2,-0.014334354959982833,False,0.027435932111704486,0.01807086347961332,0.5760787814776912,0.37943821158327706,BNB
566,2024-05-08 00:00:00+00:00,2024-05-12 00:00:00+00:00,-1,4,-0.01595990936327045,False,0.05754870975584341,0.0038724690028826766,1.2102359008997134,0.08143711704907616,BNB
567,2024-05-12 00:00:00+00:00,2024-05-20 00:00:00+00:00,1,8,-0.015807457995882897,False,0.054558046044963865,0.011333885107173685,1.3095842963718143,0.27205296063947165,BNB
568,2024-05-20 00:00:00+00:00,2024-05-22 00:00:00+00:00,-1,2,-0.0445734795761493,False,0.10200066166356157,0.010987097560550827,2.7517782336656817,0.2964103901404966,BNB
569,2024-05-22 00:00:00+00:00,2024-05-24 00:00:00+00:00,1,2,-0.01825937402731767,False,0.06670220671383795,0.012745953280992515,1.7609243264460168,0.3364905046175602,BNB
570,2024-05-24 00:00:00+00:00,2024-05-25 00:00:00+00:00,-1,1,-0.001655348638944269,False,0.009972317646666475,0.018477137044324996,0.2473620773312559,0.45832304629269044,BNB
571,2024-05-25 00:00:00+00:00,2024-06-19 00:00:00+00:00,1,25,0.02886153226823103,False,0.044209474648239044,0.20422945633169612,1.1218214673674536,5.182350394448909,BNB
572,2024-06-19 00:00:00+00:00,2024-07-20 00:00:00+00:00,-1,31,0.011024927047520464,False,0.03259133389974503,0.23087510620220902,0.7439790529847728,5.2703041673118545,BNB
573,2024-07-20 00:00:00+00:00,2024-07-26 00:00:00+00:00,1,6,-0.017621662155436816,False,0.06824575885712358,0.020940379723378005,1.5494086912762117,0.4754171817468092,BNB
574,2024-07-26 00:00:00+00:00,2024-07-27 00:00:00+00:00,-1,1,-0.009077089956124974,False,0.021298209969523887,0.0009458086664099157,0.5141378647792699,0.022831780179345906,BNB
575,2024-07-27 00:00:00+00:00,2024-07-30 00:00:00+00:00,1,3,-0.0068859789511142525,False,0.014491257056312748,0.028569461654963553,0.3681838093548371,0.7258730683242677,BNB
576,2024-07-30 00:00:00+00:00,2024-07-31 00:00:00+00:00,-1,1,-0.013708394960860482,False,0.0244751592800194,0.013282038784249547,0.6382888225876003,0.34638291012399763,BNB
577,2024-07-31 00:00:00+00:00,2024-08-06 00:00:00+00:00,1,6,-0.1151408147145898,False,0.32472719855865656,0.00849848726926607,8.682698482738473,0.2272362858607295,BNB
578,2024-08-06 00:00:00+00:00,2024-08-23 00:00:00+00:00,-1,17,-0.09362724199542685,False,0.26992675570874625,0.0016372253339077788,4.131405441758275,0.025058803956394666,BNB
579,2024-08-23 00:00:00+00:00,2024-08-25 00:00:00+00:00,1,2,-0.0020433161069292904,False,0.015408373369938066,0.025857927247769478,0.34102063463390053,0.5722918668076785,BNB
580,2024-08-25 00:00:00+00:00,2024-09-01 00:00:00+00:00,-1,7,0.03597604463051584,False,0.005806040349396146,0.10321658081077817,0.13209926448164008,2.3483878145682615,BNB
581,2024-09-01 00:00:00+00:00,2024-09-06 00:00:00+00:00,1,5,-0.029082835716890666,False,0.07002233357731369,0.010716363568117265,1.5654639081777086,0.23958185247104213,BNB
582,2024-09-06 00:00:00+00:00,2024-09-10 00:00:00+00:00,-1,4,-0.018561499598280264,False,0.05001194077376213,0.06264925967202678,1.05632369351359,1.3232419368009487,BNB
583,2024-09-10 00:00:00+00:00,2024-09-11 00:00:00+00:00,1,1,-0.002471921230654371,False,0.010252259544044125,0.010695496328843285,0.22283836624579373,0.2324723557639446,BNB
584,2024-09-11 00:00:00+00:00,2024-09-12 00:00:00+00:00,-1,1,-0.01430989372090391,False,0.036154827732879494,0.020803526545763982,0.8149936863493208,0.4689482387764044,BNB
585,2024-09-12 00:00:00+00:00,2024-09-17 00:00:00+00:00,1,5,0.0009370219522412885,False,0.007296792805022917,0.0594867733846182,0.16531168883820913,1.3476960679187298,BNB
586,2024-09-17 00:00:00+00:00,2024-09-22 00:00:00+00:00,-1,5,-0.05772089967681035,False,0.10767384742298958,0.008980632581509954,2.628851821746192,0.21926171384579796,BNB
587,2024-09-22 00:00:00+00:00,2024-10-22 00:00:00+00:00,1,30,0.013239798730925248,False,0.09436653197052539,0.051071343678902384,2.550080279466401,1.3801082188979688,BNB
588,2024-10-22 00:00:00+00:00,2024-10-29 00:00:00+00:00,-1,7,-0.0026346301079956612,False,0.010455289441159754,0.05678591709256105,0.3419831710866397,1.8574165841766401,BNB
589,2024-10-29 00:00:00+00:00,2024-11-04 00:00:00+00:00,1,6,-0.05627051720937581,False,0.0909257196068975,0.018973344197415847,2.985576745487974,0.6229961716535792,BNB
590,2024-11-04 00:00:00+00:00,2024-11-07 00:00:00+00:00,-1,3,-0.047549937865280695,False,0.06735630535336522,0.026103481659435525,2.0625502952661923,0.7993274500685549,BNB
591,2024-11-07 00:00:00+00:00,2024-12-23 00:00:00+00:00,1,46,0.07693999983813528,False,0.009162855841109775,0.33983564232800656,0.27703085691822016,10.274630621502705,BNB
592,2024-12-23 00:00:00+00:00,2024-12-24 00:00:00+00:00,-1,1,-0.028756641975185918,False,0.07481108700001542,0.01806793172968898,1.169774610907425,0.2825170527062986,BNB
593,2024-12-24 00:00:00+00:00,2025-01-01 00:00:00+00:00,1,8,0.005508846615999748,False,0.017653840611039057,0.053826199740596666,0.28556434205191267,0.8706798510725668,BNB
594,2025-01-01 00:00:00+00:00,2025-01-07 00:00:00+00:00,-1,6,-0.019842478494878274,False,0.06249643935509599,0.008061300062667306,1.2252958800007026,0.15804864814958838,BNB
595,2025-01-07 00:00:00+00:00,2025-01-09 00:00:00+00:00,1,2,-0.023881758223255344,False,0.0768008111700305,0.004343596278483541,1.8630243550759178,0.10536640866352899,BNB
596,2025-01-09 00:00:00+00:00,2025-01-16 00:00:00+00:00,-1,7,-0.018475884687681316,False,0.027663949158147506,0.05557233029950104,0.6169362579675902,1.2393236159276162,BNB
597,2025-01-16 00:00:00+00:00,2025-01-21 00:00:00+00:00,1,5,-0.028456258060971303,False,0.06212379965844508,0.0227190010918559,1.6247536343518594,0.5941809708321476,BNB
598,2025-01-21 00:00:00+00:00,2025-01-24 00:00:00+00:00,-1,3,-0.0069815137830240605,False,0.0313250541854607,0.01102747349305853,0.7561650848770489,0.2661955628389083,BNB
599,2025-01-24 00:00:00+00:00,2025-01-25 00:00:00+00:00,1,1,-0.010235988073240897,False,0.016605807685619946,0.0023474178403755934,0.43676758978935354,0.06174201531053686,BNB
600,2025-01-25 00:00:00+00:00,2025-03-03 00:00:00+00:00,-1,37,0.0471479553130853,False,0.07419980601357906,0.2666137612791347,1.995783248321422,7.171221962972318,BNB
601,2025-03-03 00:00:00+00:00,2025-03-04 00:00:00+00:00,1,1,-0.03342660458454837,False,0.09066123522524974,0.0005773579458887522,1.6389651700190653,0.010437421921225654,BNB
602,2025-03-04 00:00:00+00:00,2025-03-05 00:00:00+00:00,-1,1,-0.005794653246773253,False,0.02181616063364126,0.05247342458139379,0.3480074166676226,0.837046501395616,BNB
603,2025-03-05 00:00:00+00:00,2025-03-09 00:00:00+00:00,1,4,0.005048896294171338,False,0.011579307982185665,0.047995889003083415,0.18485985198055002,0.7662386172329936,BNB
604,2025-03-09 00:00:00+00:00,2025-03-25 00:00:00+00:00,-1,16,-0.031471305715864324,False,0.085678137651822,0.14563090418353566,1.53301575618894,2.605734401098462,BNB
605,2025-03-25 00:00:00+00:00,2025-03-30 00:00:00+00:00,1,5,-0.024623107469119974,False,0.06313424864117637,0.012708536240535232,1.420201088560019,0.285877750844748,BNB
606,2025-03-30 00:00:00+00:00,2025-04-01 00:00:00+00:00,-1,2,-0.0029874349382020067,False,0.01694352710798374,0.0267345956620588,0.3857964782484122,0.6087346978043068,BNB
607,2025-04-01 00:00:00+00:00,2025-04-03 00:00:00+00:00,1,2,-0.012898378280940464,False,0.0341531184360683,0.022195392223343133,0.8022454259522287,0.5213624027253698,BNB
608,2025-04-03 00:00:00+00:00,2025-04-05 00:00:00+00:00,-1,2,-0.007942990961033847,False,0.033283622559652906,0.020065075921908947,0.7819928253932819,0.47142541001305943,BNB
609,2025-04-05 00:00:00+00:00,2025-04-11 00:00:00+00:00,1,6,-0.02008958657139474,False,0.14761474642044703,0.0023584905660376824,3.5496833056179398,0.056714486809305145,BNB
610,2025-04-11 00:00:00+00:00,2025-04-27 00:00:00+00:00,-1,16,-0.03393603594389075,False,0.0735042143339276,0.003911455719205924,1.5047849364494943,0.08007567592125832,BNB
611,2025-04-27 00:00:00+00:00,2025-04-30 00:00:00+00:00,1,3,-0.008589238926045833,False,0.018643565334826473,0.005961988207780238,0.6220178361610719,0.19891383099850668,BNB
612,2020-02-04 00:00:00+00:00,2020-02-27 00:00:00+00:00,1,23,-0.023165232291792404,False,0.1282352941176471,0.36313725490196086,2.02819030535519,5.743437990088397,XRP
613,2020-02-27 00:00:00+00:00,2020-04-10 00:00:00+00:00,-1,43,0.05653168172492002,False,0.08027923211169284,0.5567190226876091,0.787066673226779,5.458136277377012,XRP
614,2020-04-10 00:00:00+00:00,2020-05-25 00:00:00+00:00,1,45,-0.009012608253408674,False,0.1227272727272728,0.19393939393939388,1.6729386957721468,2.6436562106028965,XRP
615,2020-05-25 00:00:00+00:00,2020-06-08 00:00:00+00:00,-1,14,-0.027428872788213016,False,0.11960478419136762,0.20488819552782106,2.1198113836445867,3.6313290658955095,XRP
616,2020-06-08 00:00:00+00:00,2020-06-12 00:00:00+00:00,1,4,-0.04370066973780247,False,0.09685349065880038,0.01327433628318588,1.7251458695627127,0.23644131207204766,XRP
617,2020-06-12 00:00:00+00:00,2020-07-09 00:00:00+00:00,-1,27,-0.057130572420951396,False,0.10047846889952154,0.10738968633705474,1.7350897671152519,1.8544345659115384,XRP
618,2020-07-09 00:00:00+00:00,2020-08-30 00:00:00+00:00,1,52,0.12427008350757451,False,0.08657587548638138,0.6040856031128403,2.1421457383932476,14.946882062271971,XRP
619,2020-08-30 00:00:00+00:00,2020-10-05 00:00:00+00:00,-1,36,0.030641305725196657,False,0.11240875912408756,0.20000000000000004,1.6860302746330063,2.9998200990223634,XRP
620,2020-10-05 00:00:00+00:00,2020-10-16 00:00:00+00:00,1,11,-0.009840698765245771,False,0.0330511890366787,0.0503829101168884,0.6877652113419988,1.0484225782652448,XRP
621,2020-10-16 00:00:00+00:00,2020-10-20 00:00:00+00:00,-1,4,-0.0006094904147571885,False,0.0150406504065041,0.03536585365853653,0.34968029058001604,0.8222212237962506,XRP
622,2020-10-20 00:00:00+00:00,2020-11-02 00:00:00+00:00,1,13,-0.019966416458325045,False,0.18599918599918597,0.07488807488807489,4.711955715519137,1.897155036445342,XRP
623,2020-11-02 00:00:00+00:00,2020-11-07 00:00:00+00:00,-1,5,-0.05428603647639671,False,0.09174311926605488,0.05212677231025859,1.944597258067271,1.104884805720043,XRP
624,2020-11-07 00:00:00+00:00,2020-11-08 00:00:00+00:00,1,1,-0.022178511649060446,False,0.057573415765069434,0.035935085007728094,1.2248003264911878,0.7644726870045709,XRP
625,2020-11-08 00:00:00+00:00,2020-11-12 00:00:00+00:00,-1,4,-0.015086227279848392,False,0.06425702811244986,0.014056224899598405,1.2284188541289793,0.2687166243407142,XRP
626,2020-11-12 00:00:00+00:00,2020-12-22 00:00:00+00:00,1,40,0.30730027285648065,False,0.014453124999999926,2.062109375,0.2940040493377458,41.947226390647785,XRP
627,2020-12-22 00:00:00+00:00,2021-01-21 00:00:00+00:00,-1,30,0.04910965307572551,False,0.01455745341614919,0.6686723602484472,0.11200762307267685,5.1448834864715804,XRP
628,2021-01-21 00:00:00+00:00,2021-01-22 00:00:00+00:00,1,1,-0.014314270356151215,False,0.12263513513513513,0.04290540540540537,0.7558953312709776,0.26445924813061733,XRP
629,2021-01-22 00:00:00+00:00,2021-01-26 00:00:00+00:00,-1,4,0.001248242128430548,False,0.06520119225037242,0.11065573770491814,0.36388330039123123,0.6175619440925488,XRP
630,2021-01-26 00:00:00+00:00,2021-02-28 00:00:00+00:00,1,33,0.10251145052616348,False,0.08887229275578787,1.8293502613890966,0.5777748651371032,11.892937244986008,XRP
631,2021-02-28 00:00:00+00:00,2021-03-02 00:00:00+00:00,-1,2,-0.003994371647759009,False,0.043109378582893924,0.09974776427424899,0.23496628301839767,0.5436719846436315,XRP
632,2021-03-02 00:00:00+00:00,2021-03-11 00:00:00+00:00,1,9,0.0035511339101459653,False,0.05293853746074463,0.11036339165545093,0.31414864024181444,0.654920046605818,XRP
633,2021-03-11 00:00:00+00:00,2021-03-21 00:00:00+00:00,-1,10,-0.03193156819467486,False,0.19021856740965165,0.08764336723652896,1.6190228822346435,0.7459661744084539,XRP
634,2021-03-21 00:00:00+00:00,2021-03-22 00:00:00+00:00,1,1,-0.004296064391933922,False,0.05944919278252611,0.04064577397910748,0.6503597505014072,0.4446549092885038,XRP
635,2021-03-22 00:00:00+00:00,2021-03-24 00:00:00+00:00,-1,2,-0.013385510965694012,False,0.16190108191653807,0.03129829984544048,1.7294811807902082,0.3343388440191089,XRP
636,2021-03-24 00:00:00+00:00,2021-05-11 00:00:00+00:00,1,48,0.17689916794790383,False,0.18469369205598984,2.593892019632794,1.92824870369281,27.0808865679062,XRP
637,2021-05-11 00:00:00+00:00,2021-05-17 00:00:00+00:00,-1,6,-0.006680659356822646,False,0.16111870012222299,0.14745848012078513,1.0106124837367394,0.9249291406265298,XRP
638,2021-05-17 00:00:00+00:00,2021-05-20 00:00:00+00:00,1,3,-0.03695480470899502,False,0.4269461490726057,0.17692891125973947,2.7793413828082314,1.1517748689092258,XRP
639,2021-05-20 00:00:00+00:00,2021-05-21 00:00:00+00:00,-1,1,-0.012152195081820149,False,0.1967290603138589,0.14747589336358483,0.7795783965633549,0.5844028345213043,XRP
640,2021-05-21 00:00:00+00:00,2021-05-22 00:00:00+00:00,1,1,-0.015411514138858029,False,0.26776187653484634,0.033787788974511006,1.1545235275898917,0.14568465765603014,XRP
641,2021-05-22 00:00:00+00:00,2021-07-29 00:00:00+00:00,-1,68,0.010898210082968974,False,0.09375310358526175,0.494984606217102,0.3374415769650309,1.7815771394001199,XRP
642,2021-07-29 00:00:00+00:00,2021-09-11 00:00:00+00:00,1,44,0.11343782073387144,False,0.05109289617486337,0.9371584699453551,0.6930894902978126,12.712817923644373,XRP
643,2021-09-11 00:00:00+00:00,2021-10-09 00:00:00+00:00,-1,28,-0.006640354862348627,False,0.07161803713527841,0.1872868510799546,0.5871280548206411,1.5353864608206478,XRP
644,2021-10-09 00:00:00+00:00,2021-11-07 00:00:00+00:00,1,29,0.010863838487115956,False,0.1250822291138051,0.18428719105347235,1.71156336945656,2.521694791513383,XRP
645,2021-11-07 00:00:00+00:00,2021-11-08 00:00:00+00:00,-1,1,-0.020731593559594568,False,0.07536030560861261,0.005209237714881061,1.1263362939881505,0.07785734751070171,XRP
646,2021-11-08 00:00:00+00:00,2021-11-17 00:00:00+00:00,1,9,-0.04298615995060951,False,0.15415472779369638,0.10724519033974622,2.408297444730951,1.6754485674973678,XRP
647,2021-11-17 00:00:00+00:00,2021-11-20 00:00:00+00:00,-1,3,-0.0014035011206935135,False,0.06791655178751939,0.06764084183439031,0.8817529141523994,0.8781734029988745,XRP
648,2021-11-20 00:00:00+00:00,2021-11-22 00:00:00+00:00,1,2,-0.01081700029505764,False,0.03237641016234074,0.011097862973493532,0.40868412286672,0.1400871922574305,XRP
649,2021-11-22 00:00:00+00:00,2021-11-25 00:00:00+00:00,-1,3,0.007914727873605948,False,0.015121444097911363,0.050184292599943434,0.19896283866139988,0.6603079208075221,XRP
650,2021-11-25 00:00:00+00:00,2021-11-26 00:00:00+00:00,1,1,0.00310110096110165,False,0.009584664536741234,0.03233614096233914,0.1308877664713376,0.4415809495093615,XRP
651,2021-11-26 00:00:00+00:00,2022-01-02 00:00:00+00:00,-1,37,0.06267406240971887,False,0.003063080310136969,0.4482626591365942,0.04363982766463879,6.3864160297967985,XRP
652,2022-01-02 00:00:00+00:00,2022-01-06 00:00:00+00:00,1,4,-0.03271480824339063,False,0.16844951216645113,0.01974844245915133,2.2744549092910624,0.26664928455052295,XRP
653,2022-01-06 00:00:00+00:00,2022-02-08 00:00:00+00:00,-1,33,-0.025190380811763512,False,0.08668048717284264,0.2915263021508164,1.0739060531905484,3.611791658712611,XRP
654,2022-02-08 00:00:00+00:00,2022-02-12 00:00:00+00:00,1,4,-0.018259157860388498,False,0.09786926688335144,0.10424942819309017,1.5837490029302306,1.6869946328875511,XRP
655,2022-02-12 00:00:00+00:00,2022-02-13 00:00:00+00:00,-1,1,-0.016581672023533854,False,0.12353328938694794,0.016875411997363116,1.5555179218715047,0.2124933767337795,XRP
656,2022-02-13 00:00:00+00:00,2022-03-08 00:00:00+00:00,1,23,-0.02356555780318895,False,0.2449525662855753,0.04536609097543177,3.169574135419222,0.5870164610284855,XRP
657,2022-03-08 00:00:00+00:00,2022-03-12 00:00:00+00:00,-1,4,-0.030350318897214165,False,0.13153503893214685,0.008759733036707415,1.5135562538178553,0.10079708667074466,XRP
658,2022-03-12 00:00:00+00:00,2022-03-13 00:00:00+00:00,1,1,-0.0055669316241688475,False,0.030903426791277316,0.057320872274143356,0.40519148123326787,0.7515648442229961,XRP
659,2022-03-13 00:00:00+00:00,2022-03-18 00:00:00+00:00,-1,5,-0.003766624399757744,False,0.024703934801986467,0.05704826181077289,0.3134545903126153,0.723853899278617,XRP
660,2022-03-18 00:00:00+00:00,2022-03-20 00:00:00+00:00,1,2,0.009101533829286267,False,0.021813138317992663,0.04274366410288732,0.32207644272467545,0.6311208906570224,XRP
661,2022-03-20 00:00:00+00:00,2022-03-21 00:00:00+00:00,-1,1,0.004829171101402355,False,0.0034179687499998946,0.029663085937499983,0.055411626735180575,0.48089376059461736,XRP
662,2022-03-21 00:00:00+00:00,2022-04-07 00:00:00+00:00,1,17,-0.03376904726828124,False,0.06147540983606556,0.13313462493790357,1.0131551575213789,2.194146118914986,XRP
663,2022-04-07 00:00:00+00:00,2022-04-08 00:00:00+00:00,-1,1,-0.014772994757712637,False,0.04202344882097225,0.010011856145435451,0.7331936754109595,0.1746793709443048,XRP
664,2022-04-08 00:00:00+00:00,2022-04-09 00:00:00+00:00,1,1,-0.016366149127100094,False,0.05273189326556541,0.00825921219822103,0.960159629127217,0.15038644793558714,XRP
665,2022-04-09 00:00:00+00:00,2022-06-10 00:00:00+00:00,-1,62,0.18394665778152477,False,0.06016432547044791,0.5553935860058309,1.0421624287343683,9.620490614153608,XRP
666,2022-06-10 00:00:00+00:00,2022-06-11 00:00:00+00:00,1,1,-0.016804808298866988,False,0.06200000000000011,0.02924999999999997,0.9148821491399585,0.43161778810231793,XRP
667,2022-06-11 00:00:00+00:00,2022-07-12 00:00:00+00:00,-1,31,0.055717806378242085,False,0.019417475728155387,0.2474416163736552,0.26639573512230086,3.394745651626069,XRP
668,2022-07-12 00:00:00+00:00,2022-07-13 00:00:00+00:00,1,1,-0.004297160950932358,False,0.022878932316491848,0.010486177311725534,0.32850238323868214,0.15056359231773078,XRP
669,2022-07-13 00:00:00+00:00,2022-07-15 00:00:00+00:00,-1,2,-0.02694555913037914,False,0.07161207450224787,0.03532434168272321,1.0567667200166906,0.5212750636853638,XRP
670,2022-07-15 00:00:00+00:00,2022-07-23 00:00:00+00:00,1,8,0.027362202465549452,False,0.01918465227817751,0.1438848920863309,0.298840607598585,2.2413045569893812,XRP
671,2022-07-23 00:00:00+00:00,2022-07-28 00:00:00+00:00,-1,5,-0.0025289390185250023,False,0.02516778523489935,0.09088366890380306,0.40827281001410104,1.4743184806064735,XRP
672,2022-07-28 00:00:00+00:00,2022-08-20 00:00:00+00:00,1,23,-0.047192009510141034,False,0.10189309576837421,0.141425389755011,1.7354040531141255,2.408702893393373,XRP
673,2022-08-20 00:00:00+00:00,2022-08-23 00:00:00+00:00,-1,3,-0.012011417710545858,False,0.042502244836875154,0.009577970667464773,0.7206102116577466,0.16239103361301246,XRP
674,2022-08-23 00:00:00+00:00,2022-08-25 00:00:00+00:00,1,2,0.0016014501443665373,False,0.033178114086146744,0.025611175785797365,0.6220783070309636,0.4802007984098643,XRP
675,2022-08-25 00:00:00+00:00,2022-09-17 00:00:00+00:00,-1,23,-0.01609765050788374,False,0.0741169658367111,0.09669947886508393,1.4359230159603185,1.8734308098857264,XRP
676,2022-09-17 00:00:00+00:00,2022-10-21 00:00:00+00:00,1,34,0.07337505950768435,False,0.043649676147564105,0.5736412278231482,0.8545942927895128,11.2310230607241,XRP
677,2022-10-21 00:00:00+00:00,2022-10-26 00:00:00+00:00,-1,5,-0.011181134636419761,False,0.059838637382339764,0.027341999103540987,0.8146608660730715,0.37224204367383756,XRP
678,2022-10-26 00:00:00+00:00,2022-10-28 00:00:00+00:00,1,2,4.466906515254883e-05,False,0.009124484032152904,0.04801216597870956,0.1391752240147863,0.7323267739825695,XRP
679,2022-10-28 00:00:00+00:00,2022-10-31 00:00:00+00:00,-1,3,0.00268986581312776,False,0.048568950563746695,0.017346053772766712,0.7781850566316834,0.27792323451131606,XRP
680,2022-10-31 00:00:00+00:00,2022-11-02 00:00:00+00:00,1,2,0.004302866139486015,False,0.02315421581476627,0.02075141983398866,0.39468414750058584,0.35372635860901597,XRP
681,2022-11-02 00:00:00+00:00,2022-12-08 00:00:00+00:00,-1,36,0.035811627221052786,False,0.10079861860565513,0.3287286855169437,1.837210144967442,5.991586832516944,XRP
682,2022-12-08 00:00:00+00:00,2022-12-09 00:00:00+00:00,1,1,0.009124207495090948,False,0.002349869451697159,0.034464751958224515,0.0394617784093423,0.578772750003679,XRP
683,2022-12-09 00:00:00+00:00,2022-12-10 00:00:00+00:00,-1,1,0.0039548120203557295,False,0.0025393600812595248,0.028186896901980698,0.04507558487752621,0.5003389921405405,XRP
684,2022-12-10 00:00:00+00:00,2022-12-16 00:00:00+00:00,1,6,-0.01127530057721991,False,0.04915079773546064,0.0270200720535255,0.8898370240140657,0.48917742157841343,XRP
685,2022-12-16 00:00:00+00:00,2023-01-14 00:00:00+00:00,-1,29,-0.03277939856526801,False,0.024099576271186432,0.21398305084745758,0.4731394272123054,4.201062166896075,XRP
686,2023-01-14 00:00:00+00:00,2023-02-11 00:00:00+00:00,1,28,-0.0058134594274473145,False,0.05731327800829878,0.12344398340248956,1.2716434255769817,2.7389243012427276,XRP
687,2023-02-11 00:00:00+00:00,2023-02-16 00:00:00+00:00,-1,5,-0.02909618486302583,False,0.054783748361729945,0.05504587155963307,1.095330090557009,1.1005709043874274,XRP
688,2023-02-16 00:00:00+00:00,2023-02-17 00:00:00+00:00,1,1,-0.021284449290759674,False,0.04386839481555335,0.008723828514456638,0.9540658631648515,0.189729006879374,XRP
689,2023-02-17 00:00:00+00:00,2023-03-14 00:00:00+00:00,-1,25,0.01621844868169279,False,0.06590257879656157,0.09611878093253462,1.3575264398707012,1.979949629692844,XRP
690,2023-03-14 00:00:00+00:00,2023-03-15 00:00:00+00:00,1,1,-0.0007577761785729242,False,0.020687802256851115,0.040569586243954875,0.40716382353745406,0.7984641214825415,XRP
691,2023-03-15 00:00:00+00:00,2023-03-20 00:00:00+00:00,-1,5,-0.021223828408381253,False,0.07545649838882926,0.045918367346938785,1.4643752443728941,0.8911322661486293,XRP
692,2023-03-20 00:00:00+00:00,2023-03-21 00:00:00+00:00,1,1,-0.018564518976636774,False,0.04093264248704673,0.013989637305699522,0.8053065653131731,0.27523135776526186,XRP
693,2023-03-21 00:00:00+00:00,2023-03-22 00:00:00+00:00,-1,1,-0.1330139416469376,False,0.31984998660594693,0.0021430484864720678,6.050862284152568,0.040541790848594585,XRP
694,2023-03-22 00:00:00+00:00,2023-04-25 00:00:00+00:00,1,34,-0.014203942722220537,False,0.13101832126118448,0.2475500639113763,2.2854842016535137,4.318264459059161,XRP
695,2023-04-25 00:00:00+00:00,2023-05-20 00:00:00+00:00,-1,25,-0.013385971317472852,False,0.056882327399044724,0.11702127659574468,0.8758119135031673,1.8017657304511725,XRP
696,2023-05-20 00:00:00+00:00,2023-05-21 00:00:00+00:00,1,1,0.0005488407553536916,False,0.012202954399486272,0.010490259045172253,0.2658751421165398,0.22855933269667114,XRP
697,2023-05-21 00:00:00+00:00,2023-05-23 00:00:00+00:00,-1,2,0.00788893643291984,False,0.004269854824935956,0.0412040990606319,0.09678459161315496,0.9339713090669436,XRP
698,2023-05-23 00:00:00+00:00,2023-05-24 00:00:00+00:00,1,1,0.0034164488760074297,False,0.007368877329865537,0.012353706111833633,0.16866225738866067,0.2827573138574659,XRP
699,2023-05-24 00:00:00+00:00,2023-05-29 00:00:00+00:00,-1,5,-0.023373958510756562,False,0.046246504624650506,0.0522693052269305,1.1100367774895372,1.2545997066509635,XRP
700,2023-05-29 00:00:00+00:00,2023-06-27 00:00:00+00:00,1,29,0.006425515040629243,False,0.05871369294605808,0.17427385892116176,1.515573680821876,4.498522586185073,XRP
701,2023-06-27 00:00:00+00:00,2023-07-14 00:00:00+00:00,-1,17,-0.48962771950371875,False,1.0154553049289892,0.07978279030910612,18.317258605319637,1.4391593556627116,XRP
702,2023-07-14 00:00:00+00:00,2023-08-11 00:00:00+00:00,1,28,-0.025657237186619594,False,0.2702967868530783,0.04966887417218541,4.124196687404198,0.7578492097997727,XRP
703,2023-08-11 00:00:00+00:00,2023-09-30 00:00:00+00:00,-1,50,0.027373656776964593,False,0.01279823036814662,0.3550323905830305,0.20239032349392275,5.614457492479564,XRP
704,2023-09-30 00:00:00+00:00,2023-10-13 00:00:00+00:00,1,13,-0.04504528738502903,False,0.09518326616772219,0.050853962771061155,2.5966241827013006,1.3873092911609748,XRP
705,2023-10-13 00:00:00+00:00,2023-10-20 00:00:00+00:00,-1,7,-0.05691546303142834,False,0.08574979287489642,0.015948632974316455,2.1745634441709782,0.4044477903409783,XRP
706,2023-10-20 00:00:00+00:00,2023-11-30 00:00:00+00:00,1,41,0.11616905741382783,False,0.021182360870402483,0.4509917196225688,0.5816534232106159,12.383930155993282,XRP
707,2023-12-01 00:00:00+00:00,2023-12-04 00:00:00+00:00,1,3,0.01202564756370226,False,0.005276174773289516,0.046661170651277804,0.10408265335771201,0.9204809656322388,XRP
708,2023-12-04 00:00:00+00:00,2023-12-09 00:00:00+00:00,-1,5,-0.04311159582742707,False,0.08466966003848614,0.10375240538806942,1.9261998317551712,2.3603244150484817,XRP
709,2023-12-09 00:00:00+00:00,2023-12-10 00:00:00+00:00,1,1,-0.01258474930909277,False,0.03209986625055738,0.0425026006836082,0.6747307632826164,0.8933935106427198,XRP
710,2023-12-10 00:00:00+00:00,2023-12-11 00:00:00+00:00,-1,1,-0.003178943511179669,False,0.020039471686655687,0.018369515712767574,0.3962553051966395,0.36323402976358343,XRP
711,2023-12-11 00:00:00+00:00,2023-12-12 00:00:00+00:00,1,1,-0.03686787778878306,False,0.11658109332527944,0.001812141347025036,2.35800205154442,0.03665288163022348,XRP
712,2023-12-12 00:00:00+00:00,2023-12-15 00:00:00+00:00,-1,3,-0.010081239660956191,False,0.03134593633866533,0.0420100177734691,0.5388733239979147,0.7222013620590626,XRP
713,2023-12-15 00:00:00+00:00,2023-12-18 00:00:00+00:00,1,3,-0.018355557414600068,False,0.03733586457838942,0.02024996044929605,0.6634437250535007,0.3598338847747817,XRP
714,2023-12-18 00:00:00+00:00,2023-12-19 00:00:00+00:00,-1,1,-0.002382348030742647,False,0.00622236777468483,0.05256263304404784,0.1160369683192088,0.980207021854363,XRP
715,2023-12-19 00:00:00+00:00,2023-12-24 00:00:00+00:00,1,5,0.0034500202992195517,False,0.025134649910233342,0.0331320385180349,0.4670443527005983,0.6156493740144258,XRP
716,2023-12-24 00:00:00+00:00,2023-12-26 00:00:00+00:00,-1,2,-0.02764170998034475,False,0.048064516129032335,0.03225806451612906,1.047360528312952,0.7029265290690947,XRP
717,2023-12-26 00:00:00+00:00,2023-12-31 00:00:00+00:00,1,5,-0.0255543184485957,False,0.08272769444873991,0.019328900572135387,1.8153274307411822,0.42414192307036735,XRP
718,2023-12-31 00:00:00+00:00,2024-01-02 00:00:00+00:00,-1,2,-0.008449273525472114,False,0.01690276883451395,0.026078557630392775,0.352447340687993,0.5437758970614712,XRP
719,2024-01-02 00:00:00+00:00,2024-01-04 00:00:00+00:00,1,2,-0.04742452142589495,False,0.23655402189433597,0.017927970807551923,5.150445424762907,0.3903422756527213,XRP
720,2024-01-04 00:00:00+00:00,2024-02-16 00:00:00+00:00,-1,43,-0.0034585612529384213,False,0.07282720714531087,0.16867055994503616,1.1267310832967563,2.6095517070693766,XRP
721,2024-02-16 00:00:00+00:00,2024-02-18 00:00:00+00:00,1,2,-0.01563289069101516,False,0.041599999999999956,0.030577777777777766,1.0745058706722888,0.7898077339984351,XRP
722,2024-02-18 00:00:00+00:00,2024-02-19 00:00:00+00:00,-1,1,-0.008943721695302397,False,0.023636363636363452,0.004909090909090974,0.5770333413728794,0.11984538628513901,XRP
723,2024-02-19 00:00:00+00:00,2024-03-31 00:00:00+00:00,1,41,0.08297216165445057,False,0.07710238479469236,0.3367401828940292,1.950888443628936,8.520391853802671,XRP
724,2024-03-31 00:00:00+00:00,2024-04-01 00:00:00+00:00,-1,1,-0.003772487455529033,False,0.015119832716744351,0.001125944989544851,0.21381777430729954,0.0159226002143742,XRP
725,2024-04-01 00:00:00+00:00,2024-04-02 00:00:00+00:00,1,1,-0.009826777541974174,False,0.05510560584405282,0.007622677465459608,0.8352608770808706,0.11554040950974354,XRP
726,2024-04-02 00:00:00+00:00,2024-05-12 00:00:00+00:00,-1,40,0.07098542333783298,False,0.052984464431725234,0.32968111201962397,0.7826481414487482,4.869810657903327,XRP
727,2024-05-12 00:00:00+00:00,2024-05-13 00:00:00+00:00,1,1,-0.0072718547805073926,False,0.021158789796322013,0.005339133873838095,0.4098178504694496,0.10341198095957745,XRP
728,2024-05-13 00:00:00+00:00,2024-05-14 00:00:00+00:00,-1,1,-0.0067034338820355635,False,0.02605732611745843,0.025656444177189885,0.5158451101850562,0.5079090315668254,XRP
729,2024-05-14 00:00:00+00:00,2024-05-19 00:00:00+00:00,1,5,0.015574375198722653,False,0.017821782178217838,0.047722772277227744,0.3565186239682145,0.9546776486259961,XRP
730,2024-05-19 00:00:00+00:00,2024-05-23 00:00:00+00:00,-1,4,-0.009370689550732619,False,0.07005758157389631,0.029558541266794566,1.6712242919067803,0.7051192902839556,XRP
731,2024-05-23 00:00:00+00:00,2024-06-01 00:00:00+00:00,1,9,-0.014152773263071544,False,0.05823216995447649,0.04286798179059172,1.3838151892828607,1.0187043412961752,XRP
732,2024-06-01 00:00:00+00:00,2024-06-05 00:00:00+00:00,-1,4,-0.01109360555552169,False,0.025101370921027245,0.018729484456458854,0.6360383983145005,0.4745824972038981,XRP
733,2024-06-05 00:00:00+00:00,2024-06-08 00:00:00+00:00,1,3,-0.04250051236530947,False,0.14923954372623577,0.01406844106463871,4.372884391968541,0.41222094905180934,XRP
734,2024-06-08 00:00:00+00:00,2024-07-14 00:00:00+00:00,-1,36,0.014737549928431726,False,0.13409500901984356,0.2359190218480658,3.1003644745935732,5.454602371594378,XRP
735,2024-07-14 00:00:00+00:00,2024-08-14 00:00:00+00:00,1,31,0.03592344426364528,False,0.1788772597526165,0.25271170313986685,3.4487147320818132,4.872226770430479,XRP
736,2024-08-14 00:00:00+00:00,2024-08-24 00:00:00+00:00,-1,10,-0.01836380147576316,False,0.06799653078924547,0.04509973980919345,0.8622285851279806,0.5718863064624363,XRP
737,2024-08-24 00:00:00+00:00,2024-08-26 00:00:00+00:00,1,2,-0.006373653871515668,False,0.026044226044226085,0.03374283374283366,0.46994317100478156,0.6088571901068215,XRP
738,2024-08-26 00:00:00+00:00,2024-08-31 00:00:00+00:00,-1,5,0.018343641650893694,False,0.003502334889926602,0.08972648432288204,0.06494546035759631,1.6638408415422388,XRP
739,2024-08-31 00:00:00+00:00,2024-09-05 00:00:00+00:00,1,5,-0.006510805578826161,False,0.06072374227714031,0.0102383053839365,1.1081102751244845,0.1868325463872687,XRP
740,2024-09-05 00:00:00+00:00,2024-09-13 00:00:00+00:00,-1,8,-0.00868322412117194,False,0.054878048780487736,0.09953371592539453,1.0814767975138684,1.9615020347065284,XRP
741,2024-09-13 00:00:00+00:00,2024-09-17 00:00:00+00:00,1,4,0.018084945566409865,False,0.013157894736842037,0.06667852062588901,0.2800381515047684,1.4191122542471437,XRP
742,2024-09-17 00:00:00+00:00,2024-09-25 00:00:00+00:00,-1,8,-0.004522692631905008,False,0.045555365978502065,0.04180174031735193,0.9976169082268239,0.9154162641032622,XRP
743,2024-09-25 00:00:00+00:00,2024-10-03 00:00:00+00:00,1,8,-0.034361579017802145,False,0.10864782535115931,0.12726349636148257,2.711451316654452,3.1760302026855887,XRP
744,2024-10-03 00:00:00+00:00,2024-10-05 00:00:00+00:00,-1,2,0.001629080872261279,False,0.01152630600483358,0.0581892545082729,0.18584379684581198,0.9382114260119242,XRP
745,2024-10-05 00:00:00+00:00,2024-10-08 00:00:00+00:00,1,3,-0.004694838164067239,False,0.01536155863619351,0.022480329711502246,0.2487321888140748,0.36399832509376073,XRP
746,2024-10-08 00:00:00+00:00,2024-11-07 00:00:00+00:00,-1,30,-0.010511606584226564,False,0.07251041272245362,0.0802726240060583,1.326390107314578,1.4683796488286707,XRP
747,2024-11-07 00:00:00+00:00,2024-12-30 00:00:00+00:00,1,53,0.3815567348424757,False,0.007563180225050714,4.3790813503043715,0.2091230367399255,121.08223827241709,XRP
748,2024-12-30 00:00:00+00:00,2025-01-03 00:00:00+00:00,-1,4,-0.03593939859605077,False,0.17165248972570007,0.0472139921628596,1.7610811329277716,0.4843953672975051,XRP
749,2025-01-03 00:00:00+00:00,2025-01-05 00:00:00+00:00,1,2,0.0011014591622913825,False,0.0025806451612902233,0.044953173777315336,0.031619203827860494,0.5507861311950109,XRP
750,2025-01-05 00:00:00+00:00,2025-01-07 00:00:00+00:00,-1,2,-0.00026835910594942905,False,0.015907776216841574,0.038550533013800396,0.21090649117170984,0.5111058604239086,XRP
751,2025-01-07 00:00:00+00:00,2025-01-08 00:00:00+00:00,1,1,-0.01673131855388778,False,0.06745474084483748,0.02062494833429778,0.9556501069369921,0.2921993893146815,XRP
752,2025-01-08 00:00:00+00:00,2025-01-12 00:00:00+00:00,-1,4,-0.03532493068047161,False,0.1471495285928276,0.03145651599259852,1.9217812059769035,0.410823886547159,XRP
753,2025-01-12 00:00:00+00:00,2025-02-09 00:00:00+00:00,1,28,-0.01459996241868309,False,0.3153992469236442,0.3214937308334305,4.543839542719239,4.631640503729325,XRP
754,2025-02-09 00:00:00+00:00,2025-03-03 00:00:00+00:00,-1,22,-0.0776654666096479,False,0.24343438521030647,0.19306009346953965,2.1915589683604493,1.738055940249163,XRP
755,2025-03-03 00:00:00+00:00,2025-03-04 00:00:00+00:00,1,1,-0.02389870982997415,False,0.21930302205281788,0.009937380887557818,2.642986127068166,0.11976287230041924,XRP
756,2025-03-04 00:00:00+00:00,2025-03-06 00:00:00+00:00,-1,2,-0.005614712251555309,False,0.06424979044425808,0.07313495389773683,0.558441367964017,0.6356687456602815,XRP
757,2025-03-06 00:00:00+00:00,2025-03-08 00:00:00+00:00,1,2,-0.005779607413689717,False,0.062329863891113044,0.05860688550840667,0.5814375533678912,0.546708142665761,XRP
758,2025-03-08 00:00:00+00:00,2025-03-25 00:00:00+00:00,-1,17,-0.01157316640500667,False,0.08575264306091632,0.20490015103205234,0.778990817456006,1.8613459649976176,XRP
759,2025-03-25 00:00:00+00:00,2025-03-30 00:00:00+00:00,1,5,-0.029829635870045234,False,0.15875025525832143,0.01286501939963237,2.1799385799486966,0.17666083166550975,XRP
760,2025-03-30 00:00:00+00:00,2025-04-27 00:00:00+00:00,-1,28,-0.014740243771945197,False,0.07855636278415737,0.244012186547926,1.0127436270295032,3.1457895717873523,XRP
761,2020-08-08 00:00:00+00:00,2020-08-11 00:00:00+00:00,-1,3,-0.0007563013654756608,False,0.019736842105263174,0.0326086956521739,0.22343095483430742,0.3691467949436379,DOGE
762,2020-08-11 00:00:00+00:00,2020-08-28 00:00:00+00:00,1,17,-0.038925752563880874,False,0.10784593437945789,0.06704707560627673,1.3651955897770638,0.8487327079301852,DOGE
763,2020-08-28 00:00:00+00:00,2020-08-29 00:00:00+00:00,-1,1,-0.008478914745372233,False,0.022222222222222185,0.010015649452269142,0.3449809160015819,0.15548435650775505,DOGE
764,2020-08-29 00:00:00+00:00,2020-08-30 00:00:00+00:00,1,1,0.001516028572695385,False,0.008294930875576072,0.011059907834101384,0.136044123233872,0.18139216431182859,DOGE
765,2020-08-30 00:00:00+00:00,2020-10-20 00:00:00+00:00,-1,51,0.10672505136357137,False,0.0229147571035747,0.23006416131988994,0.39726901471088993,3.9885809076973344,DOGE
766,2020-10-21 00:00:00+00:00,2020-10-22 00:00:00+00:00,-1,1,-0.013710910015058796,False,0.02737085582112563,0.0,0.9626546216835493,0.0,DOGE
767,2020-10-22 00:00:00+00:00,2020-10-24 00:00:00+00:00,1,2,0.004453062517871053,False,0.0015226494099733906,0.027027027027026983,0.054379120968088605,0.9652293971835478,DOGE
768,2020-10-24 00:00:00+00:00,2020-10-27 00:00:00+00:00,-1,3,-0.00944065142295855,False,0.10094517958412093,0.013610586011342157,3.648038899495123,0.4918704134150731,DOGE
769,2020-10-27 00:00:00+00:00,2020-10-28 00:00:00+00:00,1,1,-0.0013198256762832392,False,0.021356313225927223,0.014612214312476573,0.6731266018237896,0.46056030651101554,DOGE
770,2020-10-28 00:00:00+00:00,2020-11-06 00:00:00+00:00,-1,9,0.011997936934596427,False,0.008985398727068406,0.08086858854361663,0.28074091388226946,2.526668224940456,DOGE
771,2020-11-06 00:00:00+00:00,2021-03-05 00:00:00+00:00,1,119,0.9126161947573778,False,0.012903225806451679,32.66223908918406,0.3959558022852887,1002.2922389318588,DOGE
772,2021-03-05 00:00:00+00:00,2021-03-06 00:00:00+00:00,-1,1,0.00037196528439283055,False,0.02246044920898416,0.03998079961599233,0.12774645271613833,0.22739551111269884,DOGE
773,2021-03-06 00:00:00+00:00,2021-03-07 00:00:00+00:00,1,1,0.0012381055391135448,False,0.009953563496870592,0.06519281243690699,0.05878892775639765,0.38504958970671,DOGE
774,2021-03-07 00:00:00+00:00,2021-03-16 00:00:00+00:00,-1,9,-0.006266823139171589,False,0.25662674258786566,0.010406440212055815,1.6230390013063198,0.06581565957860398,DOGE
775,2021-03-16 00:00:00+00:00,2021-03-19 00:00:00+00:00,1,3,-0.00035614074847218865,False,0.03030833917309032,0.04139803784162586,0.2527888614237046,0.34528328297353555,DOGE
776,2021-03-19 00:00:00+00:00,2021-03-20 00:00:00+00:00,-1,1,-0.0009536122274805734,False,0.04445644035035784,0.01770943981054203,0.421488355533834,0.16790194186365376,DOGE
777,2021-03-20 00:00:00+00:00,2021-03-25 00:00:00+00:00,1,5,-0.011505636833865499,False,0.13193765752790496,0.04125302196389072,1.3087944775427276,0.40922150915760885,DOGE
778,2021-03-25 00:00:00+00:00,2021-03-26 00:00:00+00:00,-1,1,0.0002699307729309592,False,0.018881471706900597,0.03760770006985955,0.18405561900144085,0.3665979338384298,DOGE
779,2021-03-26 00:00:00+00:00,2021-04-06 00:00:00+00:00,1,11,0.016954350654941764,False,0.000604158952271506,0.37299994153300453,0.006058508587898262,3.7404450278636343,DOGE
780,2021-04-06 00:00:00+00:00,2021-04-07 00:00:00+00:00,-1,1,-0.009220181697660064,False,0.09163684779895144,0.034318049429974226,1.1397828299902537,0.42684929085359713,DOGE
781,2021-04-07 00:00:00+00:00,2021-05-29 00:00:00+00:00,1,52,0.22458756505256972,False,0.1150193948797517,10.546594259115594,1.4748531727755956,135.23526202946317,DOGE
782,2021-05-29 00:00:00+00:00,2021-08-08 00:00:00+00:00,-1,71,-0.025467039376429326,False,0.43600616808018505,0.48814572089437164,1.4684004100026902,1.6439982485993867,DOGE
783,2021-08-08 00:00:00+00:00,2021-09-08 00:00:00+00:00,1,31,-0.011969123128964086,False,0.22787661296480108,0.34465908223257224,3.023272915444751,4.572643303842387,DOGE
784,2021-09-08 00:00:00+00:00,2021-10-09 00:00:00+00:00,-1,31,-0.0008082672162554771,False,0.06466512702078536,0.24077191059615605,0.5598785522270635,2.084632551300641,DOGE
785,2021-10-09 00:00:00+00:00,2021-10-11 00:00:00+00:00,1,2,-0.01862495782167132,False,0.07896352695566745,0.03524499570182982,0.9528169639852329,0.4252853322920093,DOGE
786,2021-10-11 00:00:00+00:00,2021-10-18 00:00:00+00:00,-1,7,-0.010518776433427947,False,0.0749530177876841,0.05777719505266382,0.8580879388289938,0.661453209989464,DOGE
787,2021-10-18 00:00:00+00:00,2021-11-17 00:00:00+00:00,1,30,0.026448278502976787,False,0.11772119989916821,0.4326527182589699,1.5635075748566623,5.74625303564379,DOGE
788,2021-11-17 00:00:00+00:00,2022-01-03 00:00:00+00:00,-1,47,0.06736151239465551,False,0.020705683498837894,0.46883583350940206,0.20829550541944414,4.716405372711711,DOGE
789,2022-01-03 00:00:00+00:00,2022-01-04 00:00:00+00:00,1,1,-0.007578234852494275,False,0.040885371867652946,0.0001720282126268837,0.5422674974693131,0.0022816304241347293,DOGE
790,2022-01-04 00:00:00+00:00,2022-01-15 00:00:00+00:00,-1,11,-0.02415983892195259,False,0.2630713194689225,0.2016801785924098,3.5202346764295815,2.6987417695807854,DOGE
791,2022-01-15 00:00:00+00:00,2022-01-19 00:00:00+00:00,1,4,-0.03037381861774516,False,0.11808057648214876,0.06343487280270767,1.3746096957980016,0.7384634611730355,DOGE
792,2022-01-19 00:00:00+00:00,2022-02-07 00:00:00+00:00,-1,19,0.010965463568012255,False,0.027639713904715778,0.27554855133955625,0.3051084509544553,3.0417171448222606,DOGE
793,2022-02-07 00:00:00+00:00,2022-02-10 00:00:00+00:00,1,3,0.012331048970604278,False,0.017799142523060883,0.12407431466805253,0.24866441368107176,1.7333906209155057,DOGE
794,2022-02-10 00:00:00+00:00,2022-02-20 00:00:00+00:00,-1,10,0.03707617629830684,False,0.008980719713621722,0.14689442944168826,0.12037838397883319,1.968986294590865,DOGE
795,2022-02-20 00:00:00+00:00,2022-02-21 00:00:00+00:00,1,1,-0.010674202808003694,False,0.04418555089862899,0.0014917951268025003,0.5930963569860017,0.020024153531680574,DOGE
796,2022-02-21 00:00:00+00:00,2022-03-24 00:00:00+00:00,-1,31,-0.002187784868375124,False,0.03924152573394834,0.222197818288308,0.5256177320347669,2.9762123446371564,DOGE
797,2022-03-24 00:00:00+00:00,2022-04-22 00:00:00+00:00,1,29,0.058611019041958604,False,0.02087666589631013,0.38279023187735906,0.36941877073673485,6.773586242770563,DOGE
798,2022-04-22 00:00:00+00:00,2022-04-23 00:00:00+00:00,-1,1,-0.000503852425494731,False,0.014464023494860498,0.012041116005873532,0.19123198884702586,0.1591982039132577,DOGE
799,2022-04-23 00:00:00+00:00,2022-04-24 00:00:00+00:00,1,1,-0.005634218953690438,False,0.02399647758127244,0.0034490350040360914,0.33287014387021036,0.047843720984403204,DOGE
800,2022-04-24 00:00:00+00:00,2022-04-26 00:00:00+00:00,-1,2,-0.05730339289302483,False,0.27841291190316064,0.08675184936112985,3.9684297205620624,1.2365396955374555,DOGE
801,2022-04-26 00:00:00+00:00,2022-04-27 00:00:00+00:00,1,1,-0.025017229277539445,False,0.14591107456833854,0.05546771235215989,1.9466606047162456,0.7400179238561537,DOGE
802,2022-04-27 00:00:00+00:00,2022-07-11 00:00:00+00:00,-1,75,0.15949191530001866,False,0.057784561709550694,0.6437708969326937,0.5986966296217352,6.670007608251219,DOGE
803,2022-07-11 00:00:00+00:00,2022-07-14 00:00:00+00:00,1,3,-0.021101260128617856,False,0.14725568942436412,0.0002974862412614328,1.8642335202986693,0.0037661283238368494,DOGE
804,2022-07-14 00:00:00+00:00,2022-07-15 00:00:00+00:00,-1,1,-0.0028563337510756955,False,0.014867485455720706,0.040077569489334136,0.17633034669279302,0.47532528238926885,DOGE
805,2022-07-15 00:00:00+00:00,2022-07-24 00:00:00+00:00,1,9,0.02425335025406831,False,0.0137776353732779,0.2332585709708427,0.16903646292658198,2.8618266281523432,DOGE
806,2022-07-24 00:00:00+00:00,2022-07-29 00:00:00+00:00,-1,5,-0.0042045991621508195,False,0.042365401588702674,0.11738746690203003,0.5880223252555903,1.6293118595623606,DOGE
807,2022-07-29 00:00:00+00:00,2022-08-02 00:00:00+00:00,1,4,-0.00391722190145207,False,0.03458755426917496,0.07887120115774256,0.5007767821944611,1.1419386874308912,DOGE
808,2022-08-02 00:00:00+00:00,2022-08-06 00:00:00+00:00,-1,4,-0.008857147458748438,False,0.027769657994738368,0.049546916106401495,0.38861590281609626,0.6933725844981911,DOGE
809,2022-08-06 00:00:00+00:00,2022-08-07 00:00:00+00:00,1,1,-0.006854653779652561,False,0.020773638968481473,0.02191977077363902,0.3282684534200567,0.3463798163673694,DOGE
810,2022-08-07 00:00:00+00:00,2022-08-08 00:00:00+00:00,-1,1,-0.0019747847534214097,False,0.019962115692845842,0.019670697945504738,0.31753645000230163,0.31290088138912475,DOGE
811,2022-08-08 00:00:00+00:00,2022-08-26 00:00:00+00:00,1,18,0.04679013003154214,False,0.054716981132075605,0.2997097242380261,0.8974961897948733,4.915993718637689,DOGE
812,2022-08-26 00:00:00+00:00,2022-10-01 00:00:00+00:00,-1,36,0.025479092815274662,False,0.008705745792222915,0.1909460243760882,0.11374724935571039,2.494856335868567,DOGE
813,2022-10-01 00:00:00+00:00,2022-10-02 00:00:00+00:00,1,1,-0.007901801590928884,False,0.02384428223844292,0.02854825628548241,0.41719733372542145,0.49950156963043185,DOGE
814,2022-10-02 00:00:00+00:00,2022-10-05 00:00:00+00:00,-1,3,-0.03863342825441562,False,0.09709379128137378,0.030548216644650007,1.678778196673477,0.5281870176608744,DOGE
815,2022-10-05 00:00:00+00:00,2022-10-08 00:00:00+00:00,1,3,-0.01968375575369424,False,0.07035404953654453,0.01610697462391742,1.3118237861460187,0.3003311475841875,DOGE
816,2022-10-08 00:00:00+00:00,2022-10-12 00:00:00+00:00,-1,4,0.012900510105461201,False,0.005133964383121994,0.0794160115514199,0.0899936387882622,1.3920891000059583,DOGE
817,2022-10-12 00:00:00+00:00,2022-10-13 00:00:00+00:00,1,1,-0.0035588726360514518,False,0.019099817306095303,0.012788573326689916,0.34957352851355994,0.23406227561342738,DOGE
818,2022-10-13 00:00:00+00:00,2022-10-14 00:00:00+00:00,-1,1,0.0007428343592133517,False,0.0073603211776514365,0.08146537303445968,0.1378495589773195,1.5257439823171397,DOGE
819,2022-10-14 00:00:00+00:00,2022-10-15 00:00:00+00:00,1,1,-0.007852624883186731,False,0.02584759986572675,0.024504867405169453,0.4606393631183759,0.4367100455537838,DOGE
820,2022-10-15 00:00:00+00:00,2022-10-17 00:00:00+00:00,-1,2,-0.002584807479699085,False,0.019453924914675805,0.012116040955631438,0.3435114649385529,0.21394135097050251,DOGE
821,2022-10-17 00:00:00+00:00,2022-10-21 00:00:00+00:00,1,4,0.003167236129685955,False,0.012572205232755767,0.039415562351342096,0.24206227866278138,0.7588979547265519,DOGE
822,2022-10-21 00:00:00+00:00,2022-10-26 00:00:00+00:00,-1,5,-0.0364264219817064,False,0.08233709378683289,0.04007408654655666,1.704841560556257,0.8297592871418994,DOGE
823,2022-10-26 00:00:00+00:00,2022-11-27 00:00:00+00:00,1,32,0.20790455342805708,False,0.006826480393713284,1.5223051277980628,0.15352284316406364,34.2355940255862,DOGE
824,2022-11-27 00:00:00+00:00,2022-12-07 00:00:00+00:00,-1,10,-0.021176094785373318,False,0.258158901643034,0.001350438892640053,2.201890732609215,0.011518172969184613,DOGE
825,2022-12-07 00:00:00+00:00,2022-12-17 00:00:00+00:00,1,10,-0.06830962952208217,False,0.2637834598481822,0.010587295245705208,2.704113149108757,0.10853312904412332,DOGE
826,2022-12-17 00:00:00+00:00,2022-12-19 00:00:00+00:00,-1,2,-0.009307190375108972,False,0.05750165234633188,0.002643754130865722,0.5084386664783207,0.023376490412795367,DOGE
827,2022-12-19 00:00:00+00:00,2022-12-20 00:00:00+00:00,1,1,-0.022967881128044067,False,0.11360448807854139,0.01351523651663911,1.1396708891151164,0.13558374213939722,DOGE
828,2022-12-20 00:00:00+00:00,2023-01-14 00:00:00+00:00,-1,25,-0.0683290892471168,False,0.1960729312762972,0.08106591865357654,1.7536910864281547,0.7250596909552757,DOGE
829,2023-01-14 00:00:00+00:00,2023-02-11 00:00:00+00:00,1,28,-0.008390856681889965,False,0.09523246184786452,0.18123743049804805,1.6200498328107347,3.083125893001304,DOGE
830,2023-02-11 00:00:00+00:00,2023-02-15 00:00:00+00:00,-1,4,-0.011886285295544724,False,0.06980198019801988,0.019430693069306955,0.8996908722397834,0.2504458633717128,DOGE
831,2023-02-15 00:00:00+00:00,2023-02-20 00:00:00+00:00,1,5,0.015412675574708561,False,0.011605647284039228,0.1012203876525484,0.16674309919705518,1.4542748651619464,DOGE
832,2023-02-20 00:00:00+00:00,2023-02-22 00:00:00+00:00,-1,2,0.006250385200161891,False,0.022058823529411662,0.03308823529411773,0.3388230234558677,0.5082345351838051,DOGE
833,2023-02-22 00:00:00+00:00,2023-02-23 00:00:00+00:00,1,1,-0.0005187484374106977,False,0.031008659021764567,0.062017318043529134,0.48390187914377897,0.9678037582875579,DOGE
834,2023-02-23 00:00:00+00:00,2023-04-01 00:00:00+00:00,-1,37,0.05260983730802568,False,0.010994152046783582,0.26970760233918134,0.16628314003656888,4.079243839620526,DOGE
835,2023-04-01 00:00:00+00:00,2023-04-30 00:00:00+00:00,1,29,0.049369691090164564,False,0.030949284785435544,0.36840052015604696,0.49896580742405844,5.939370304337656,DOGE
836,2023-04-30 00:00:00+00:00,2023-05-01 00:00:00+00:00,-1,1,0.008380026181202285,False,0.002453084754078153,0.028823745860419536,0.03796938199709538,0.4461402384658899,DOGE
837,2023-05-01 00:00:00+00:00,2023-05-02 00:00:00+00:00,1,1,-0.003902949199456125,False,0.028312570781426977,0.0065433496917076455,0.44349814951574373,0.10249735011030643,DOGE
838,2023-05-02 00:00:00+00:00,2023-07-04 00:00:00+00:00,-1,63,0.0804817616916099,False,0.034666666666666617,0.3323174603174603,0.5561462967646333,5.331263218436071,DOGE
839,2023-07-04 00:00:00+00:00,2023-07-05 00:00:00+00:00,1,1,0.0020703640234510075,False,0.011836913634370965,0.0504164839982463,0.22988350880509054,0.9791334634290816,DOGE
840,2023-07-05 00:00:00+00:00,2023-07-09 00:00:00+00:00,-1,4,0.02094707623229455,False,0.009146341463414715,0.07084785133565615,0.17616813250754793,1.3646039470425801,DOGE
841,2023-07-09 00:00:00+00:00,2023-08-17 00:00:00+00:00,1,39,0.026898047015753077,False,0.040803897685749116,0.2769488428745432,0.7959177000332489,5.402142896867457,DOGE
842,2023-08-17 00:00:00+00:00,2023-09-15 00:00:00+00:00,-1,29,0.0357959580322468,False,0.021593447505584406,0.18093819806403574,0.37816883231722914,3.1687940087271422,DOGE
843,2023-09-15 00:00:00+00:00,2023-09-16 00:00:00+00:00,1,1,0.003435016867770256,False,0.011446074480090315,0.014509108495889054,0.2901492634028356,0.3677948409331699,DOGE
844,2023-09-16 00:00:00+00:00,2023-09-20 00:00:00+00:00,-1,4,-0.0038334704416570966,False,0.012007684918347753,0.025776496958053157,0.3141717214617055,0.6744219620711274,DOGE
845,2023-09-20 00:00:00+00:00,2023-09-21 00:00:00+00:00,1,1,-0.001852359262204689,False,0.022509578544061326,0.005747126436781596,0.6469881422798239,0.16518846185867792,DOGE
846,2023-09-21 00:00:00+00:00,2023-10-02 00:00:00+00:00,-1,11,-0.013691820555490702,False,0.015497683335996142,0.058316024924109394,0.4511436571780492,1.6976024213400878,DOGE
847,2023-10-02 00:00:00+00:00,2023-10-03 00:00:00+00:00,1,1,-0.020276144290977762,False,0.0449580497071395,0.01598860218458124,1.6044907373058122,0.5706111424925578,DOGE
848,2023-10-03 00:00:00+00:00,2023-10-23 00:00:00+00:00,-1,20,0.004075782218947848,False,0.005003227888960584,0.09005810200129118,0.1615760505305356,2.908368909549662,DOGE
849,2023-10-23 00:00:00+00:00,2024-01-03 00:00:00+00:00,1,72,0.21276667173093147,False,0.006486135884546855,0.7444462461488567,0.2226777157747188,25.557834828043056,DOGE
850,2024-01-03 00:00:00+00:00,2024-02-05 00:00:00+00:00,-1,33,0.047781916521684155,False,0.01173889193636864,0.19275918815139867,0.20870336778520557,3.427026328958929,DOGE
851,2024-02-05 00:00:00+00:00,2024-02-06 00:00:00+00:00,1,1,-0.0006785632369396321,False,0.013030148185999067,0.02593254982115488,0.2701372815834337,0.5376261584454586,DOGE
852,2024-02-06 00:00:00+00:00,2024-02-10 00:00:00+00:00,-1,4,-0.020737484966462775,False,0.050057463925424504,0.008044949559443309,1.0526284849971879,0.16917243508883553,DOGE
853,2024-02-10 00:00:00+00:00,2024-02-14 00:00:00+00:00,1,4,-0.004981482106058612,False,0.026602917739365024,0.027338482285153804,0.6674619120674024,0.6859170801429958,DOGE
854,2024-02-14 00:00:00+00:00,2024-02-15 00:00:00+00:00,-1,1,-0.032850813092118916,False,0.0738594327990135,0.007151664611590764,1.873734527550358,0.1814300544205725,DOGE
855,2024-02-15 00:00:00+00:00,2024-02-18 00:00:00+00:00,1,3,-0.014155928318230851,False,0.043234400560878815,0.03189997663005371,1.0762805437406595,0.7941205093005377,DOGE
856,2024-02-18 00:00:00+00:00,2024-02-20 00:00:00+00:00,-1,2,-0.03720128994485565,False,0.08731013036718097,0.009209424709963004,2.0256655450322643,0.2136660917362818,DOGE
857,2024-02-20 00:00:00+00:00,2024-04-18 00:00:00+00:00,1,58,0.1884031313304458,False,0.08581964465303393,1.562297463403732,2.0644753557313145,37.582591078749324,DOGE
858,2024-04-18 00:00:00+00:00,2024-04-20 00:00:00+00:00,-1,2,-0.011343286572672709,False,0.0656404692479828,0.05919848104699253,0.4412834634330596,0.39797568551349133,DOGE
859,2024-04-20 00:00:00+00:00,2024-04-22 00:00:00+00:00,1,2,0.0021137191406287153,False,0.03666730658475706,0.06085621040506827,0.2717850395421964,0.4510777881407154,DOGE
860,2024-04-22 00:00:00+00:00,2024-05-16 00:00:00+00:00,-1,24,-0.006100851842568579,False,0.07650964274423015,0.24110022130888403,0.6076258664681827,1.9147747345811417,DOGE
861,2024-05-16 00:00:00+00:00,2024-05-17 00:00:00+00:00,1,1,-0.009853359051044064,False,0.04315064081921803,0.026019192374573428,0.5186884142618069,0.3127613721817482,DOGE
862,2024-05-17 00:00:00+00:00,2024-05-21 00:00:00+00:00,-1,4,-0.03067155024165532,False,0.1118759607030674,0.015571743634298111,1.3117392980433003,0.18257781149587388,DOGE
863,2024-05-21 00:00:00+00:00,2024-06-03 00:00:00+00:00,1,13,-0.016065988022901528,False,0.09461742698527636,0.05581704079169672,1.2857550068913581,0.7584970544480255,DOGE
864,2024-06-03 00:00:00+00:00,2024-06-04 00:00:00+00:00,-1,1,-0.002947281481843065,False,0.041035755185138134,0.008270772362896016,0.5998280565548632,0.12089557729012684,DOGE
865,2024-06-04 00:00:00+00:00,2024-06-11 00:00:00+00:00,1,7,-0.034106853536782486,False,0.13970077646613208,0.047598005176440826,2.099904256879245,0.7154667011689788,DOGE
866,2024-06-11 00:00:00+00:00,2024-07-17 00:00:00+00:00,-1,36,0.05408420508766916,False,0.04172423321359484,0.3714423873998342,0.6351558072290269,5.654358899785568,DOGE
867,2024-07-17 00:00:00+00:00,2024-07-18 00:00:00+00:00,1,1,-0.00767224659061203,False,0.03599486932820272,0.023328523328523407,0.5727899474792791,0.3712291196357918,DOGE
868,2024-07-18 00:00:00+00:00,2024-07-20 00:00:00+00:00,-1,2,-0.01024199830870444,False,0.035162668419323084,0.03853105488005258,0.5481922395513096,0.6007059821251493,DOGE
869,2024-07-20 00:00:00+00:00,2024-07-26 00:00:00+00:00,1,6,0.00015217103834100945,False,0.04313850570129973,0.14600111633840995,0.6931027688462378,2.3457877444685047,DOGE
870,2024-07-26 00:00:00+00:00,2024-07-27 00:00:00+00:00,-1,1,-0.022599034023140816,False,0.07806008309364015,0.0014381591562799586,1.1125638118767855,0.020497593258732953,DOGE
871,2024-07-27 00:00:00+00:00,2024-08-04 00:00:00+00:00,1,8,-0.0701232738875399,False,0.21608527131782948,0.03443649373881921,3.270170308672453,0.5211516669909171,DOGE
872,2024-08-04 00:00:00+00:00,2024-08-09 00:00:00+00:00,-1,5,2.885259028522337e-05,False,0.01202924030720825,0.25594522069029335,0.1516837574082115,3.227363638393188,DOGE
873,2024-08-09 00:00:00+00:00,2024-08-10 00:00:00+00:00,1,1,-0.0085493267852878,False,0.05474350619122996,0.0034447444372031964,0.5968559849765446,0.03755726436076842,DOGE
874,2024-08-10 00:00:00+00:00,2024-09-03 00:00:00+00:00,-1,24,0.009336744075861995,False,0.11196762381961847,0.09597224898824433,1.2111277018212456,1.0381094587039241,DOGE
875,2024-09-03 00:00:00+00:00,2024-09-06 00:00:00+00:00,1,3,-0.0027648294912021396,False,0.07277682446754828,0.0168567679418592,1.1306892727971143,0.26189335444815093,DOGE
876,2024-09-06 00:00:00+00:00,2024-09-13 00:00:00+00:00,-1,7,-0.017705055781283296,False,0.06658534105926604,0.09667581579749929,1.0717074752448321,1.5560210823783753,DOGE
877,2024-09-13 00:00:00+00:00,2024-09-17 00:00:00+00:00,1,4,-0.011461105643288989,False,0.04266095256647507,0.05600467517288405,0.7600872498665999,0.9978314353271595,DOGE
878,2024-09-17 00:00:00+00:00,2024-09-24 00:00:00+00:00,-1,7,-0.0326961087287827,False,0.10923694779116468,0.009538152610441693,1.9727746507948483,0.1722551395455047,DOGE
879,2024-09-24 00:00:00+00:00,2024-12-19 00:00:00+00:00,1,86,0.33207050298508484,False,0.06481481481481474,3.490740740740741,1.3228616620775129,71.24554951474613,DOGE
880,2024-12-19 00:00:00+00:00,2025-01-16 00:00:00+00:00,-1,28,-0.037044645469760475,False,0.11327077747989271,0.26748212689901707,1.0918511110954139,2.578340715500957,DOGE
881,2025-01-16 00:00:00+00:00,2025-01-30 00:00:00+00:00,1,14,-0.03857293066686267,False,0.2095094653197953,0.12700927056012884,2.79160992685378,1.692335665870333,DOGE
882,2025-01-30 00:00:00+00:00,2025-04-26 00:00:00+00:00,-1,86,0.11730421641307517,False,0.05536000988020255,0.5991416574039767,0.5945108186696092,6.4341787151610506,DOGE
883,2020-02-29 00:00:00+00:00,2020-04-10 00:00:00+00:00,-1,41,0.08666150784138243,False,0.07198364008179964,0.6417177914110429,0.514327431990434,4.585112163596536,ADA
884,2020-04-10 00:00:00+00:00,2020-08-23 00:00:00+00:00,1,135,0.32743924008564906,False,0.14289670451398517,3.29880919412905,1.7855929262586159,41.220897165877155,ADA
885,2020-08-23 00:00:00+00:00,2020-10-02 00:00:00+00:00,-1,40,0.06701313734044798,False,0.024670658682634804,0.39728542914171655,0.3116701325404018,5.01899863922665,ADA
886,2020-10-02 00:00:00+00:00,2020-10-03 00:00:00+00:00,1,1,-0.012057247450414539,False,0.08609609303274511,0.024074262980720056,1.0526601026212827,0.29434571589884034,ADA
887,2020-10-03 00:00:00+00:00,2020-10-04 00:00:00+00:00,-1,1,-0.001222722192623078,False,0.026270456503014617,0.0083979328165375,0.29696297393111587,0.09493078674847193,ADA
888,2020-10-04 00:00:00+00:00,2020-10-09 00:00:00+00:00,1,5,0.007308883876475443,False,0.042242950573603506,0.06776026589471418,0.5012965775418652,0.8041102462092854,ADA
889,2020-10-09 00:00:00+00:00,2020-10-10 00:00:00+00:00,-1,1,-0.01419120225899716,False,0.06533707281603827,0.015061805339150235,0.86145689459026,0.1985870424731113,ADA
890,2020-10-10 00:00:00+00:00,2020-10-29 00:00:00+00:00,1,19,-0.019067475359134504,False,0.06377097729516296,0.1292201382033564,0.8809612005855963,1.7851055906602857,ADA
891,2020-10-29 00:00:00+00:00,2020-10-31 00:00:00+00:00,-1,2,0.020856075319673678,False,0.02218395461912477,0.09734602917341985,0.3404154747666076,1.4937866267155733,ADA
892,2020-10-31 00:00:00+00:00,2020-11-01 00:00:00+00:00,1,1,-0.0025939241094865735,False,0.013821922211507548,0.02314368370298949,0.2009840547992234,0.33653144059405005,ADA
893,2020-11-01 00:00:00+00:00,2020-11-02 00:00:00+00:00,-1,1,-0.02427319911931355,False,0.061887848455494464,0.005812076202777017,0.9264645517939363,0.0870071057336936,ADA
894,2020-11-02 00:00:00+00:00,2020-11-03 00:00:00+00:00,1,1,-0.023504295652408202,False,0.07004683363877008,0.018020769700671898,1.1074693019581563,0.284915794253769,ADA
895,2020-11-03 00:00:00+00:00,2020-11-04 00:00:00+00:00,-1,1,-0.005379484079726415,False,0.020813008130081356,0.047154471544715366,0.30063514690065596,0.6811265046967956,ADA
896,2020-11-04 00:00:00+00:00,2020-11-08 00:00:00+00:00,1,4,0.03834159007290299,False,0.021060508873209316,0.2208680778276673,0.30886655975071414,3.2391792509897233,ADA
897,2020-11-08 00:00:00+00:00,2020-11-09 00:00:00+00:00,-1,1,-0.013881397917638642,False,0.06992110453648914,0.015384615384615441,0.9628279947870241,0.21184931902225151,ADA
898,2020-11-09 00:00:00+00:00,2020-11-10 00:00:00+00:00,1,1,-0.0030305129994119837,False,0.04987344145495458,0.013780819349395323,0.7135574765432932,0.19716719746590966,ADA
899,2020-11-10 00:00:00+00:00,2020-11-14 00:00:00+00:00,-1,4,-0.0018500578160005163,False,0.03406832592031803,0.029336613986940527,0.48595729965539614,0.41846323025881343,ADA
900,2020-11-14 00:00:00+00:00,2020-11-15 00:00:00+00:00,1,1,-0.007482589215840985,False,0.04667981591058503,0.009955856109702314,0.7517756337384631,0.16033846514341588,ADA
901,2020-11-15 00:00:00+00:00,2020-11-18 00:00:00+00:00,-1,3,-0.017513065306684075,False,0.08467741935483865,0.05366743471582179,1.342565078853065,0.8509000896585756,ADA
902,2020-11-18 00:00:00+00:00,2020-11-20 00:00:00+00:00,1,2,-0.012435518922808112,False,0.07559730074776576,0.02024439175633777,1.2332910474076157,0.3302661188473956,ADA
903,2020-11-20 00:00:00+00:00,2020-11-21 00:00:00+00:00,-1,1,-0.03970233614420119,False,0.12711144663584042,0.0032084552231763054,1.9892060300847894,0.05021010023970409,ADA
904,2020-11-21 00:00:00+00:00,2020-12-22 00:00:00+00:00,1,31,0.06664431634138747,False,0.021262234222072178,0.5553493081336484,0.3464254355720149,9.04830244815479,ADA
905,2020-12-22 00:00:00+00:00,2020-12-25 00:00:00+00:00,-1,3,0.00011498476042461355,False,0.055871769708864844,0.1768400392541709,0.6002248983873261,1.8997750589472429,ADA
906,2020-12-25 00:00:00+00:00,2020-12-27 00:00:00+00:00,1,2,0.0060990041764151,False,0.029133189627016734,0.09367038996668621,0.2793784708969477,0.8982706889377208,ADA
907,2020-12-27 00:00:00+00:00,2020-12-29 00:00:00+00:00,-1,2,-0.024403945305785532,False,0.14026236125126124,0.056634712411705444,1.3977790394371987,0.5643909970389422,ADA
908,2020-12-29 00:00:00+00:00,2021-03-27 00:00:00+00:00,1,88,0.33576781292555596,False,0.047273962520523106,7.413066862933816,0.4953222722243068,77.67187108770548,ADA
909,2021-03-27 00:00:00+00:00,2021-04-02 00:00:00+00:00,-1,6,0.007559916288541928,False,0.020648312611012406,0.05817051509769096,0.17491637355619735,0.4927751599110084,ADA
910,2021-04-02 00:00:00+00:00,2021-04-24 00:00:00+00:00,1,22,-0.024470299936926128,False,0.23712939311937817,0.3209074125591159,2.5046851090804694,3.3895925218588028,ADA
911,2021-04-24 00:00:00+00:00,2021-04-27 00:00:00+00:00,-1,3,-0.02211768597200823,False,0.08153384081611521,0.11962957209189937,0.6609536354942843,0.9697764731222904,ADA
912,2021-04-27 00:00:00+00:00,2021-06-07 00:00:00+00:00,1,41,0.09103680214008218,False,0.19234993861859528,0.9952994766427603,1.680091000158956,8.693497409875246,ADA
913,2021-06-07 00:00:00+00:00,2021-06-10 00:00:00+00:00,-1,3,0.0032262010974563916,False,0.03841336116910217,0.1649269311064719,0.26228830583250534,1.126129139172174,ADA
914,2021-06-10 00:00:00+00:00,2021-06-11 00:00:00+00:00,1,1,-0.009050800914995261,False,0.07475429975429972,0.00577395577395582,0.5237544982606889,0.040454332651195704,ADA
915,2021-06-11 00:00:00+00:00,2021-06-17 00:00:00+00:00,-1,6,0.004823448500878761,False,0.050485943513143394,0.1155175787619854,0.3438046265201294,0.7866640743761595,ADA
916,2021-06-17 00:00:00+00:00,2021-06-18 00:00:00+00:00,1,1,-0.0007703421214748246,False,0.01960255978443914,0.03637588413607279,0.1568651748584582,0.2910900152012639,ADA
917,2021-06-18 00:00:00+00:00,2021-06-21 00:00:00+00:00,-1,3,0.006282213536529033,False,0.007967589466576509,0.1187035786630656,0.06621971977870748,0.986561587889574,ADA
918,2021-06-21 00:00:00+00:00,2021-06-22 00:00:00+00:00,1,1,-0.03727118716784644,False,0.18248738081884464,0.007501402131239592,1.5780300631868098,0.06486715972377682,ADA
919,2021-06-22 00:00:00+00:00,2021-08-06 00:00:00+00:00,-1,45,-0.04328229729044818,False,0.27440115932145603,0.14755775296223683,1.8657914684108952,1.0033193637214226,ADA
920,2021-08-06 00:00:00+00:00,2021-09-17 00:00:00+00:00,1,42,0.18161374486572496,False,0.018244753731881516,1.2392730943967691,0.3006870718138597,20.42413964079509,ADA
921,2021-09-17 00:00:00+00:00,2021-10-19 00:00:00+00:00,-1,32,0.03234734765944385,False,0.01670456894769485,0.21137068430845563,0.1570226789631399,1.9868810268801265,ADA
922,2021-10-19 00:00:00+00:00,2021-10-21 00:00:00+00:00,1,2,0.010507120422279588,False,0.01704065345976893,0.037555159139986895,0.26601593846761323,0.5862610214162318,ADA
923,2021-10-21 00:00:00+00:00,2021-10-26 00:00:00+00:00,-1,5,0.010735766699633892,False,0.04989965334792918,0.046113847837985854,0.8396107791925561,0.7759108754695395,ADA
924,2021-10-26 00:00:00+00:00,2021-10-28 00:00:00+00:00,1,2,-0.05600840067737929,False,0.16929885860703478,0.028185418122524935,3.107295118934481,0.5173124785237626,ADA
925,2021-10-28 00:00:00+00:00,2021-11-10 00:00:00+00:00,-1,13,-0.06419178201707085,False,0.243517356754496,0.00402551233793394,3.491653986414893,0.057719484103466764,ADA
926,2021-11-10 00:00:00+00:00,2021-11-11 00:00:00+00:00,1,1,-0.028196254280114255,False,0.15574925162880784,0.027645712273287635,2.7149454038695606,0.48190664602320227,ADA
927,2021-11-11 00:00:00+00:00,2022-01-13 00:00:00+00:00,-1,63,0.11641007409961378,False,0.027038626609442153,0.49241773962804003,0.3760830423313812,6.849089056638146,ADA
928,2022-01-13 00:00:00+00:00,2022-01-14 00:00:00+00:00,1,1,-0.01551138064192926,False,0.0659198292943149,0.03155006858710553,0.8328155402907498,0.398596108301005,ADA
929,2022-01-14 00:00:00+00:00,2022-01-15 00:00:00+00:00,-1,1,-0.012098397798333235,False,0.06277917648014288,0.00982701210103143,0.7321368420764222,0.11460356777651637,ADA
930,2022-01-15 00:00:00+00:00,2022-01-21 00:00:00+00:00,1,6,0.008508227321525166,False,0.03220562050011619,0.2667802121235581,0.3983699615057452,3.29995886381922,ADA
931,2022-01-21 00:00:00+00:00,2022-02-08 00:00:00+00:00,-1,18,-0.004594263286106941,False,0.018608349900596313,0.2736381709741551,0.17965532077459836,2.6418545247239176,ADA
932,2022-02-08 00:00:00+00:00,2022-02-09 00:00:00+00:00,1,1,-0.0055528772694220276,False,0.05476250104349268,0.053844227397946406,0.68286633767976,0.6714158350662287,ADA
933,2022-02-09 00:00:00+00:00,2022-03-22 00:00:00+00:00,-1,41,0.04598505951269578,False,0.0420747806830765,0.3649603951963205,0.5015397630424067,4.350400576187666,ADA
934,2022-03-22 00:00:00+00:00,2022-04-20 00:00:00+00:00,1,29,0.015642830851313284,False,0.04756709578878461,0.360244381409557,0.7543526591812694,5.713010276643469,ADA
935,2022-04-20 00:00:00+00:00,2022-06-07 00:00:00+00:00,-1,48,0.07064628067574226,False,0.02341944969544212,0.5789750052509978,0.3660910875176881,9.050494015627875,ADA
936,2022-06-07 00:00:00+00:00,2022-06-08 00:00:00+00:00,1,1,0.0011642100155125168,False,0.061935271890915175,0.059799572860193835,0.6077341433787891,0.5867777936071055,ADA
937,2022-06-08 00:00:00+00:00,2022-06-09 00:00:00+00:00,-1,1,-0.007982852641818933,False,0.09042033235581622,0.009286412512219027,0.8824149158103196,0.09062639675889832,ADA
938,2022-06-09 00:00:00+00:00,2022-06-13 00:00:00+00:00,1,4,-0.048331733403381545,False,0.23719550281074325,0.027482823235477922,2.419773542398418,0.28036875803958067,ADA
939,2022-06-13 00:00:00+00:00,2022-06-16 00:00:00+00:00,-1,3,-0.018674973835311026,False,0.10130718954248373,0.11008986928104576,0.7898718383913161,0.8583486308324982,ADA
940,2022-06-16 00:00:00+00:00,2022-06-17 00:00:00+00:00,1,1,-0.01955066614335322,False,0.1266604303086997,0.023012160898035507,1.0229209719038366,0.1858482711139907,ADA
941,2022-06-17 00:00:00+00:00,2022-06-24 00:00:00+00:00,-1,7,-0.0031616504874463014,False,0.07504729871767911,0.11709060332142111,0.5314876831759942,0.8292398866359364,ADA
942,2022-06-24 00:00:00+00:00,2022-06-28 00:00:00+00:00,1,4,0.0016105031977721924,False,0.009591326105087674,0.09674728940783986,0.08104946652535334,0.8175424449513816,ADA
943,2022-06-28 00:00:00+00:00,2022-07-17 00:00:00+00:00,-1,19,0.009888282218130111,False,0.025144270403957107,0.17291838417147573,0.2397379025182191,1.6486893460064433,ADA
944,2022-07-17 00:00:00+00:00,2022-07-18 00:00:00+00:00,1,1,-0.007979884583631433,False,0.03604981428883552,0.017697181559973775,0.49734786364363176,0.24415258760687342,ADA
945,2022-07-18 00:00:00+00:00,2022-07-20 00:00:00+00:00,-1,2,-0.047712076050688015,False,0.17564245810055867,0.0049162011173185145,2.4137525067575027,0.06756050273367163,ADA
946,2022-07-20 00:00:00+00:00,2022-07-23 00:00:00+00:00,1,3,-0.01933212945753388,False,0.0769081375024277,0.06525538939599915,1.1159556007844484,0.9468714188474092,ADA
947,2022-07-23 00:00:00+00:00,2022-07-24 00:00:00+00:00,-1,1,-0.021583448775356583,False,0.07440414507772018,0.020518134715025834,0.9835040399528076,0.2712169915190185,ADA
948,2022-07-24 00:00:00+00:00,2022-07-26 00:00:00+00:00,1,2,-0.02466889961882608,False,0.08359133126934987,0.03850619195046424,1.162344218186886,0.5354317116184937,ADA
949,2022-07-26 00:00:00+00:00,2022-07-28 00:00:00+00:00,-1,2,-0.022642381728341803,False,0.07878660206446174,0.05097956604171055,1.015290891252047,0.6569529296336777,ADA
950,2022-07-28 00:00:00+00:00,2022-08-20 00:00:00+00:00,1,23,-0.04798209420842684,False,0.1283757338551859,0.16399217221135026,1.7557812395554502,2.2429034737004074,ADA
951,2022-08-20 00:00:00+00:00,2022-09-17 00:00:00+00:00,-1,28,-0.020358009868443952,False,0.165702846975089,0.05916370106761568,2.1026463513926403,0.7507435294905268,ADA
952,2022-09-17 00:00:00+00:00,2022-09-19 00:00:00+00:00,1,2,-0.019333059390149152,False,0.07800969850305708,0.033733923676997714,1.294718483800161,0.5598782632649355,ADA
953,2022-09-19 00:00:00+00:00,2022-09-24 00:00:00+00:00,-1,5,-0.01197961465820354,False,0.07798882681564243,0.07553072625698323,1.1827396520059115,1.1454613248653243,ADA
954,2022-09-24 00:00:00+00:00,2022-09-27 00:00:00+00:00,1,3,-0.011697406664671174,False,0.055447260125622726,0.016244314489928538,0.8352732816806242,0.24470896924237043,ADA
955,2022-09-27 00:00:00+00:00,2022-11-06 00:00:00+00:00,-1,40,0.019115337917934086,False,0.0360178970917226,0.26331096196868015,0.5674191868424088,4.1481514466677964,ADA
956,2022-11-06 00:00:00+00:00,2022-11-07 00:00:00+00:00,1,1,-0.01974648451740255,False,0.05936180197090578,0.01102768653214449,1.0787836737112322,0.20040645321908154,ADA
957,2022-11-07 00:00:00+00:00,2022-11-08 00:00:00+00:00,-1,1,-0.0021025348050461743,False,0.034843205574912925,0.011697361871577855,0.5852835785261271,0.19648805850519888,ADA
958,2022-11-08 00:00:00+00:00,2022-11-09 00:00:00+00:00,1,1,-0.026235316558816637,False,0.16117850953206236,0.027977222084674506,2.7646634965037205,0.47988782658206053,ADA
959,2022-11-09 00:00:00+00:00,2023-01-10 00:00:00+00:00,-1,62,0.03533260432002988,False,0.018279569892473195,0.3577956989247312,0.2488802976869624,4.871465826784493,ADA
960,2023-01-10 00:00:00+00:00,2023-02-25 00:00:00+00:00,1,46,0.05471848775847161,False,0.034090909090909186,0.3320707070707069,0.6968180361206014,6.787523833322873,ADA
961,2023-02-25 00:00:00+00:00,2023-03-29 00:00:00+00:00,-1,32,-0.009041297920599108,False,0.05880743982494535,0.187636761487965,0.9501582119840388,3.031667597307209,ADA
962,2023-03-29 00:00:00+00:00,2023-05-02 00:00:00+00:00,1,34,0.014990902523187497,False,0.003533568904593703,0.2568632780646914,0.05576454621929087,4.053653552094532,ADA
963,2023-05-02 00:00:00+00:00,2023-05-03 00:00:00+00:00,-1,1,-0.006663503697847057,False,0.020962732919254646,0.013716356107660524,0.3879215750274792,0.2538252281044014,ADA
964,2023-05-03 00:00:00+00:00,2023-05-07 00:00:00+00:00,1,4,-0.017986243032013804,False,0.047266223811957116,0.014052120592743866,0.9092612749224422,0.27032091957153415,ADA
965,2023-05-07 00:00:00+00:00,2023-06-05 00:00:00+00:00,-1,29,-0.006705147389673388,False,0.020607661822985398,0.08110964332893,0.39636328932640147,1.560045254143663,ADA
966,2023-06-05 00:00:00+00:00,2023-06-06 00:00:00+00:00,1,1,-0.04537722456519048,False,0.08163265306122462,0.004770739464616931,2.425698855688848,0.14176162143635848,ADA
967,2023-06-06 00:00:00+00:00,2023-07-09 00:00:00+00:00,-1,33,0.07012150595541809,False,0.01623469097123322,0.3827969239532897,0.40371165394939057,9.519095840490923,ADA
968,2023-07-09 00:00:00+00:00,2023-08-11 00:00:00+00:00,1,33,0.06768690120913412,False,0.04407713498622582,0.3068181818181819,0.7859962919881377,5.471271063761187,ADA
969,2023-08-11 00:00:00+00:00,2023-10-02 00:00:00+00:00,-1,52,0.0296279664523991,False,0.004388926401080242,0.21708305199189742,0.10617704930026924,5.2516802076980635,ADA
970,2023-10-02 00:00:00+00:00,2023-10-12 00:00:00+00:00,1,10,-0.05206246583943739,False,0.08276899924755453,0.013544018058690717,2.7306514306626695,0.4468338704720724,ADA
971,2023-10-12 00:00:00+00:00,2023-10-16 00:00:00+00:00,-1,4,0.0011029799103053333,False,0.006857603872529162,0.025010084711577292,0.21518183132023916,0.7847807965797067,ADA
972,2023-10-16 00:00:00+00:00,2023-10-17 00:00:00+00:00,1,1,0.013074269178737575,False,0.0008093889113718251,0.0534196681505463,0.028665572744345717,1.8919278011270244,ADA
973,2023-10-17 00:00:00+00:00,2023-10-20 00:00:00+00:00,-1,3,0.012503966933048201,False,0.0023894862604539606,0.05137395459976103,0.08069076243113567,1.7348513922694464,ADA
974,2023-10-20 00:00:00+00:00,2024-01-06 00:00:00+00:00,1,78,0.42883855667268805,False,0.006885378695828299,1.760226812474686,0.22785529528405454,58.25053607673511,ADA
975,2024-01-06 00:00:00+00:00,2024-02-11 00:00:00+00:00,-1,36,-0.027626897463621354,False,0.1414048059149723,0.17301293900184844,1.5150085368784576,1.8536575039454068,ADA
976,2024-02-11 00:00:00+00:00,2024-03-20 00:00:00+00:00,1,38,0.052494858763146954,False,0.037889775199419926,0.47153734590282814,0.7472001211682104,9.298887632337381,ADA
977,2024-03-20 00:00:00+00:00,2024-03-21 00:00:00+00:00,-1,1,-0.021934798971085558,False,0.09870439822707118,0.02983293556085912,0.872431850961633,0.2636883832785588,ADA
978,2024-03-21 00:00:00+00:00,2024-03-29 00:00:00+00:00,1,8,0.003342571650997814,False,0.06407251132989535,0.06922956711986249,0.6118354136934542,0.6610807030882927,ADA
979,2024-03-29 00:00:00+00:00,2024-05-16 00:00:00+00:00,-1,48,0.10777696301507356,False,0.02808040509436872,0.3934325609943225,0.35673944294120347,4.998250992902955,ADA
980,2024-05-16 00:00:00+00:00,2024-05-19 00:00:00+00:00,1,3,0.02600561167856233,False,0.00906277630415572,0.08443854995579124,0.15503228351394566,1.4444471293250363,ADA
981,2024-05-19 00:00:00+00:00,2024-05-23 00:00:00+00:00,-1,4,-0.004997111796175003,False,0.059970948329529025,0.04503008923013073,1.14871600184667,0.8625307003485364,ADA
982,2024-05-23 00:00:00+00:00,2024-05-24 00:00:00+00:00,1,1,-0.014637473136853034,False,0.0870374198883606,0.010957204879057207,1.6651685007140407,0.20962928868846467,ADA
983,2024-05-24 00:00:00+00:00,2024-05-28 00:00:00+00:00,-1,4,-0.0034700460403576288,False,0.020609703735508796,0.0249033920137398,0.35737509946918006,0.431828245191926,ADA
984,2024-05-28 00:00:00+00:00,2024-05-31 00:00:00+00:00,1,3,-0.021521034661861956,False,0.054405803285683854,0.0023469170044804564,1.0979553157891666,0.04736277832815965,ADA
985,2024-05-31 00:00:00+00:00,2024-06-04 00:00:00+00:00,-1,4,-0.012462325280355312,False,0.03737690241718901,0.013876454789615003,0.7754521088902995,0.28789239970777425,ADA
986,2024-06-04 00:00:00+00:00,2024-06-07 00:00:00+00:00,1,3,-0.0007655437045708677,False,0.015512344330347379,0.01791566528293639,0.36221710981714006,0.4183352535916261,ADA
987,2024-06-07 00:00:00+00:00,2024-06-08 00:00:00+00:00,-1,1,0.010915397312809962,False,0.07001090512540886,0.08004362050163578,1.788315230897282,2.0445847032377054,ADA
988,2024-06-08 00:00:00+00:00,2024-06-09 00:00:00+00:00,1,1,-0.01753063119611068,False,0.03850434008457597,0.00022256843979533608,0.8015935981957165,0.004633489006913722,ADA
989,2024-06-09 00:00:00+00:00,2024-06-10 00:00:00+00:00,-1,1,-0.01060028250920999,False,0.021759047182776017,0.011452130096197903,0.44635948259207914,0.23492604346951534,ADA
990,2024-06-10 00:00:00+00:00,2024-06-12 00:00:00+00:00,1,2,-0.03175426744690256,False,0.07385723936050438,0.01621256473767166,1.5770161211196647,0.34617427048968175,ADA
991,2024-06-12 00:00:00+00:00,2024-07-13 00:00:00+00:00,-1,31,0.02141593870860783,False,0.05431688804554088,0.2509487666034155,1.0790998659605386,4.985535625267458,ADA
992,2024-07-13 00:00:00+00:00,2024-07-30 00:00:00+00:00,1,17,-0.013062850602693549,False,0.08431419649291381,0.09632476579389855,1.4139783108103314,1.6153997226066727,ADA
993,2024-07-30 00:00:00+00:00,2024-08-02 00:00:00+00:00,-1,3,0.009632769379884136,False,0.011417225117895242,0.08736659220650274,0.19372450947868167,1.4824136377499122,ADA
994,2024-08-02 00:00:00+00:00,2024-08-04 00:00:00+00:00,1,2,-0.030039756696865757,False,0.11136595310907241,0.006625891946992842,1.8824793976618057,0.11200106256111389,ADA
995,2024-08-04 00:00:00+00:00,2024-09-03 00:00:00+00:00,-1,30,0.02609934200436218,False,0.10068587105624145,0.24554183813443065,1.5145565197581212,3.693537016848822,ADA
996,2024-09-03 00:00:00+00:00,2024-09-04 00:00:00+00:00,1,1,-0.02115143934094175,False,0.05567133075320035,0.010717475439118928,0.9596078529435743,0.18473734067363176,ADA
997,2024-09-04 00:00:00+00:00,2024-09-09 00:00:00+00:00,-1,5,-0.025853570650953422,False,0.07102451288497803,0.04745443117536142,1.1479046492318548,0.7669628408584513,ADA
998,2024-09-09 00:00:00+00:00,2024-09-17 00:00:00+00:00,1,8,-0.014307338344351956,False,0.037485242030696544,0.07703659976387253,0.6363397967798664,1.3077534406263416,ADA
999,2024-09-17 00:00:00+00:00,2024-09-25 00:00:00+00:00,-1,8,-0.07805122278207859,False,0.1860606060606061,0.009393939393939368,3.4831985023639764,0.17586181363726866,ADA
1000,2024-09-25 00:00:00+00:00,2024-10-10 00:00:00+00:00,1,15,-0.055464154005646374,False,0.14499484004127974,0.07223942208462339,3.1672356605748213,1.577982179645819,ADA
1001,2024-10-10 00:00:00+00:00,2024-10-14 00:00:00+00:00,-1,4,-0.012958553331148624,False,0.058910162002945396,0.024742268041237168,1.1117496499415096,0.4669348529754359,ADA
1002,2024-10-14 00:00:00+00:00,2024-10-18 00:00:00+00:00,1,4,-0.006687446675234167,False,0.0264140109101349,0.06574791846109669,0.5573254126284419,1.3872556466512314,ADA
1003,2024-10-18 00:00:00+00:00,2024-10-21 00:00:00+00:00,-1,3,-0.03149003555597634,False,0.06616146895948702,0.002040221509764016,1.3430149158803633,0.04141455687737005,ADA
1004,2024-10-21 00:00:00+00:00,2024-10-22 00:00:00+00:00,1,1,-0.006133296569882223,False,0.0320723684210526,0.022478070175438555,0.7317869391907251,0.5128763163558924,ADA
1005,2024-10-22 00:00:00+00:00,2024-10-30 00:00:00+00:00,-1,8,0.009752842730312412,False,0.023275145469659236,0.13549459684123025,0.5163615871639737,3.0059620967045544,ADA
1006,2024-10-30 00:00:00+00:00,2024-11-01 00:00:00+00:00,1,2,-0.020337013562348388,False,0.044918585064570506,0.022178551375631562,0.9296732672238163,0.4590261756917567,ADA
1007,2024-11-01 00:00:00+00:00,2024-11-02 00:00:00+00:00,-1,1,-0.02177948899825618,False,0.05971896955503505,0.023126463700234245,1.182626629445784,0.4579779594422415,ADA
1008,2024-11-02 00:00:00+00:00,2024-11-03 00:00:00+00:00,1,1,-0.011952947465182487,False,0.03468531468531459,0.0181818181818182,0.6873978917952305,0.3603295400539528,ADA
1009,2024-11-03 00:00:00+00:00,2024-11-07 00:00:00+00:00,-1,4,-0.021053141452305243,False,0.05140723721998843,0.08098793796668582,0.9889207858938016,1.5579645900673325,ADA
1010,2024-11-07 00:00:00+00:00,2024-12-21 00:00:00+00:00,1,44,0.22844665539470196,False,0.004955947136563942,2.6591409691629955,0.09555281125758387,51.269391729207385,ADA
1011,2024-12-21 00:00:00+00:00,2025-01-07 00:00:00+00:00,-1,17,-0.04334190517884783,False,0.17920353982300877,0.12663295406658248,1.5042233494976018,1.0629491276285241,ADA
1012,2025-01-07 00:00:00+00:00,2025-01-08 00:00:00+00:00,1,1,-0.022974307302742622,False,0.09796926454445662,0.053787047200878124,1.290265569502842,0.7083810969819522,ADA
1013,2025-01-08 00:00:00+00:00,2025-01-16 00:00:00+00:00,-1,8,-0.023653615712606928,False,0.10163834951456303,0.11680825242718451,1.1301384754705404,1.2988158598691297,ADA
1014,2025-01-16 00:00:00+00:00,2025-01-31 00:00:00+00:00,1,15,-0.02880770463639516,False,0.20394308565051608,0.08462754580117174,2.422966698438004,1.0054262177740918,ADA
1015,2025-01-31 00:00:00+00:00,2025-03-03 00:00:00+00:00,-1,31,-0.10426403420749242,False,0.19987488270253373,0.4690856010843499,2.4104434637914545,5.657060586122976,ADA
1016,2025-03-03 00:00:00+00:00,2025-03-11 00:00:00+00:00,1,8,-0.03280980140485619,False,0.41972477064220176,0.036785462244177905,4.958217380159971,0.4345474248690021,ADA
1017,2025-03-11 00:00:00+00:00,2025-03-25 00:00:00+00:00,-1,14,-0.00907416119047673,False,0.14641419412554058,0.036678097510064046,0.8648175521699882,0.21664472284502706,ADA
1018,2025-03-25 00:00:00+00:00,2025-03-31 00:00:00+00:00,1,6,-0.015221608700472945,False,0.11097444307776418,0.05794724613912805,1.227887520982204,0.6411629419907071,ADA
1019,2025-03-31 00:00:00+00:00,2025-04-26 00:00:00+00:00,-1,26,-0.028963624922674597,False,0.12865143030119583,0.2268805812017556,1.446974852978827,2.551782711312069,ADA
1020,2020-10-22 00:00:00+00:00,2020-10-23 00:00:00+00:00,1,1,0.01069961327789313,False,0.0,0.13262291356278869,0.0,1.106386058077991,AVAX
1021,2020-10-23 00:00:00+00:00,2020-11-18 00:00:00+00:00,-1,26,0.006115985225992792,False,0.03601255017764046,0.3088174225995478,0.326360169866814,2.798627311875184,AVAX
1022,2020-11-18 00:00:00+00:00,2020-11-19 00:00:00+00:00,1,1,-0.006199179637352576,False,0.08883862413228295,0.0070977302862492075,1.0200591029133452,0.08149725931968003,AVAX
1023,2020-11-19 00:00:00+00:00,2020-11-25 00:00:00+00:00,-1,6,-0.03315442410749156,False,0.15974500546797898,0.052279213677949306,1.7749889682217548,0.5808947032417155,AVAX
1024,2020-11-25 00:00:00+00:00,2020-11-26 00:00:00+00:00,1,1,-0.01437736781568144,False,0.08592433039895121,0.03364394081288629,1.016610408059828,0.39805699083977386,AVAX
1025,2020-11-26 00:00:00+00:00,2020-11-30 00:00:00+00:00,-1,4,0.020475707317095942,False,0.011225398081297567,0.18754326970626065,0.12214276580861505,2.0406451071769784,AVAX
1026,2020-11-30 00:00:00+00:00,2020-12-05 00:00:00+00:00,1,5,-0.011498313698188465,False,0.06809406809406815,0.05327105327105322,0.6720689301608811,0.5257700234763744,AVAX
1027,2020-12-05 00:00:00+00:00,2020-12-06 00:00:00+00:00,-1,1,-0.007608525956784128,False,0.05150032523544222,0.010379252806923197,0.5201247325101219,0.10482469897375794,AVAX
1028,2020-12-06 00:00:00+00:00,2020-12-08 00:00:00+00:00,1,2,-0.019111606680903354,False,0.08816743572841139,0.009997802680729506,0.9420972338933039,0.10682971748821254,AVAX
1029,2020-12-08 00:00:00+00:00,2021-01-02 00:00:00+00:00,-1,25,-0.036601749269394364,False,0.1389012290833703,0.18308899748260027,1.4381747521778694,1.895692178670275,AVAX
1030,2021-01-02 00:00:00+00:00,2021-01-03 00:00:00+00:00,1,1,-0.00962861590194872,False,0.09816370652144173,0.07960920609726053,1.090309595256352,0.8842237559522507,AVAX
1031,2021-01-03 00:00:00+00:00,2021-01-05 00:00:00+00:00,-1,2,-0.005126383895036868,False,0.10873038516405135,0.08701854493580591,1.0830091963710626,0.8667483728501018,AVAX
1032,2021-01-05 00:00:00+00:00,2021-03-09 00:00:00+00:00,1,63,0.40036091034209637,False,0.03851703851703859,15.833028083028083,0.3630569656067788,149.2402155905171,AVAX
1033,2021-03-09 00:00:00+00:00,2021-03-10 00:00:00+00:00,-1,1,-0.04029098217132328,False,0.3597346859149435,0.06983612953570033,1.8746385533556327,0.3639279334762739,AVAX
1034,2021-03-10 00:00:00+00:00,2021-03-11 00:00:00+00:00,1,1,-0.01365571571317929,False,0.1682848084867292,0.04449477585218107,1.0798003485327794,0.28550096057459545,AVAX
1035,2021-03-11 00:00:00+00:00,2021-03-24 00:00:00+00:00,-1,13,0.006108336186463282,False,0.33059941382244495,0.09743513553667663,1.7824052622562916,0.5253152033793375,AVAX
1036,2021-03-24 00:00:00+00:00,2021-03-25 00:00:00+00:00,1,1,-0.011834229036222076,False,0.14168062093878028,0.07298347603551232,0.8166176498829277,0.42066158579414914,AVAX
1037,2021-03-25 00:00:00+00:00,2021-03-27 00:00:00+00:00,-1,2,-0.012298267253746335,False,0.11987855693418209,0.05897114178168131,0.6159198999633374,0.3029857939217506,AVAX
1038,2021-03-27 00:00:00+00:00,2021-04-07 00:00:00+00:00,1,11,0.01059151706996296,False,0.08972736400016969,0.22556810950690787,0.5318952552068595,1.3371462374898107,AVAX
1039,2021-04-07 00:00:00+00:00,2021-04-10 00:00:00+00:00,-1,3,7.227370252878875e-05,False,0.040260559873906296,0.09298778070601064,0.3262983496741675,0.7536348098303468,AVAX
1040,2021-04-10 00:00:00+00:00,2021-04-17 00:00:00+00:00,1,7,0.020517693938209645,False,0.021970817484171946,0.29609770156807735,0.18795799740648966,2.53308421789467,AVAX
1041,2021-04-17 00:00:00+00:00,2021-04-22 00:00:00+00:00,-1,5,0.05864977767093684,False,0.04447610092285512,0.4454592034954759,0.41066425082848734,4.113089193574501,AVAX
1042,2021-04-22 00:00:00+00:00,2021-04-23 00:00:00+00:00,1,1,-0.0133111681292323,False,0.11410294612762036,0.07645690712712905,0.6547038548087172,0.438697102236929,AVAX
1043,2021-04-23 00:00:00+00:00,2021-05-01 00:00:00+00:00,-1,8,-0.06100975196076177,False,0.37887776387150596,0.19423863162286187,2.0031946208964952,1.0269744470123428,AVAX
1044,2021-05-01 00:00:00+00:00,2021-05-05 00:00:00+00:00,1,4,-0.007979336398647495,False,0.09198488737072522,0.14135971041230933,0.7145932818337717,1.0981662561099388,AVAX
1045,2021-05-05 00:00:00+00:00,2021-05-06 00:00:00+00:00,-1,1,-0.021516583623518458,False,0.17529388927456313,0.019546556733050197,1.2115762816356246,0.13509965819923905,AVAX
1046,2021-05-06 00:00:00+00:00,2021-05-13 00:00:00+00:00,1,7,-0.011135160267641773,False,0.16776228250468544,0.2483990419731276,1.3149778411978486,1.9470361936707337,AVAX
1047,2021-05-13 00:00:00+00:00,2021-05-15 00:00:00+00:00,-1,2,-0.01695363673092365,False,0.15355237633365673,0.08329291949563523,0.9207969979377882,0.4994769345308011,AVAX
1048,2021-05-15 00:00:00+00:00,2021-05-20 00:00:00+00:00,1,5,-0.05525088565795489,False,0.5407515465867034,0.08031445011751354,3.6057760317567555,0.535543395234692,AVAX
1049,2021-05-20 00:00:00+00:00,2021-05-21 00:00:00+00:00,-1,1,-0.009126184438360666,False,0.2253680634201587,0.09848418851816358,0.7630123721944961,0.3334308027699564,AVAX
1050,2021-05-21 00:00:00+00:00,2021-05-22 00:00:00+00:00,1,1,-0.012844990206502625,False,0.26892334745424024,0.06806010710574706,0.9855398163313072,0.24942403138835179,AVAX
1051,2021-05-22 00:00:00+00:00,2021-07-24 00:00:00+00:00,-1,63,0.0707907544320643,False,0.016257175660160862,0.5726291618828933,0.05099159251301839,1.7960852176407383,AVAX
1052,2021-07-24 00:00:00+00:00,2021-08-04 00:00:00+00:00,1,11,0.03422681346216126,False,0.029769959404600817,0.2713576905728461,0.29831348840430366,2.719172645818621,AVAX
1053,2021-08-04 00:00:00+00:00,2021-08-05 00:00:00+00:00,-1,1,-0.027967953222336923,False,0.09669980119284304,0.013041749502982085,1.1532541454019036,0.1555375656627563,AVAX
1054,2021-08-05 00:00:00+00:00,2021-10-11 00:00:00+00:00,1,67,0.3077849904887409,False,0.06099073466112207,4.807251769169038,0.7757518156414204,61.144275583803946,AVAX
1055,2021-10-11 00:00:00+00:00,2021-10-12 00:00:00+00:00,-1,1,0.003498988967203177,False,0.048856879954699936,0.049688561721404303,0.388490274316595,0.3951034734809843,AVAX
1056,2021-10-12 00:00:00+00:00,2021-10-14 00:00:00+00:00,1,2,-0.0013346225867924546,False,0.07794882914137034,0.03209019947961832,0.6165374421285329,0.2538179177608419,AVAX
1057,2021-10-14 00:00:00+00:00,2021-10-26 00:00:00+00:00,-1,12,-0.059383051517367946,False,0.27100935768147555,0.03334241846097927,2.2605789623287724,0.2781201740444708,AVAX
1058,2021-10-26 00:00:00+00:00,2021-10-28 00:00:00+00:00,1,2,-0.03275736835084045,False,0.19762726921037935,0.04705342942701978,2.445877933060268,0.5823434446581524,AVAX
1059,2021-10-28 00:00:00+00:00,2021-11-03 00:00:00+00:00,-1,6,-0.02423148854443232,False,0.10559389461719564,0.02422667857432812,1.0471269260628184,0.24024502132642225,AVAX
1060,2021-11-03 00:00:00+00:00,2021-12-06 00:00:00+00:00,1,33,0.08505524833338023,False,0.00987821779258673,1.1820540795565124,0.12439494034055892,14.88543275651367,AVAX
1061,2021-12-06 00:00:00+00:00,2021-12-07 00:00:00+00:00,-1,1,-0.013057075114783396,False,0.09903261310316865,0.10791866998783523,0.5946238367263491,0.6479785960582521,AVAX
1062,2021-12-07 00:00:00+00:00,2021-12-10 00:00:00+00:00,1,3,-0.014222485515710764,False,0.1034527308549465,0.040179580762895246,0.6570443404599452,0.25518674977588884,AVAX
1063,2021-12-10 00:00:00+00:00,2021-12-23 00:00:00+00:00,-1,13,-0.058161683103085164,False,0.4903168395663067,0.1158583706062807,3.097543546459354,0.731927437964833,AVAX
1064,2021-12-23 00:00:00+00:00,2021-12-28 00:00:00+00:00,1,5,-0.004728491276572886,False,0.06404244923150766,0.07275174228721816,0.5707755035541554,0.6483966937042068,AVAX
1065,2021-12-28 00:00:00+00:00,2022-01-01 00:00:00+00:00,-1,4,0.005426720207488298,False,0.02601293179182625,0.1369961696594863,0.2546392484423176,1.3410484431643042,AVAX
1066,2022-01-01 00:00:00+00:00,2022-01-09 00:00:00+00:00,1,8,-0.058962178272822914,False,0.27705097752603686,0.07386259820939163,2.7106495583998034,0.72266707378693,AVAX
1067,2022-01-09 00:00:00+00:00,2022-01-10 00:00:00+00:00,-1,1,-0.015379424767310731,False,0.09446001550480054,0.017353449818116744,0.7707476428525791,0.14159568438768955,AVAX
1068,2022-01-10 00:00:00+00:00,2022-01-13 00:00:00+00:00,1,3,0.01682410924772076,False,0.10557545902373482,0.08420286609941784,0.9234778123120808,0.736529864941587,AVAX
1069,2022-01-13 00:00:00+00:00,2022-02-11 00:00:00+00:00,-1,29,0.01193757522666065,False,0.014077163712200148,0.4496871741397289,0.13571759377125328,4.335423134359498,AVAX
1070,2022-02-11 00:00:00+00:00,2022-02-12 00:00:00+00:00,1,1,-0.024040363504851194,False,0.12331321996708731,0.016785518376302808,1.3698047133814508,0.18645918251544658,AVAX
1071,2022-02-12 00:00:00+00:00,2022-02-16 00:00:00+00:00,-1,4,-0.031235206350052284,False,0.14649369722188244,0.0695141353567494,1.4030224187403986,0.6657616824098117,AVAX
1072,2022-02-16 00:00:00+00:00,2022-03-05 00:00:00+00:00,1,17,-0.035617749969146795,False,0.30765920826161786,0.06153184165232373,3.4177388730453555,0.6835477746090728,AVAX
1073,2022-03-05 00:00:00+00:00,2022-03-19 00:00:00+00:00,-1,14,-0.03878271039219601,False,0.14787430683918673,0.13546342751518342,1.2596805509302709,1.1539573618343362,AVAX
1074,2022-03-19 00:00:00+00:00,2022-04-15 00:00:00+00:00,1,27,-0.03747675574909516,False,0.15282314512365835,0.20928604759682684,1.7518519844079772,2.3991011145251235,AVAX
1075,2022-04-15 00:00:00+00:00,2022-07-11 00:00:00+00:00,-1,87,0.2361728272368538,False,0.058861830967573844,0.8214611277510092,0.6661730431297256,9.296945920491842,AVAX
1076,2022-07-11 00:00:00+00:00,2022-08-19 00:00:00+00:00,1,39,0.0484611138844356,False,0.14733542319749218,0.6138975966562173,1.4004366858672894,5.835152857780371,AVAX
1077,2022-08-19 00:00:00+00:00,2022-08-23 00:00:00+00:00,-1,4,0.017306360460542666,False,0.009511993382961142,0.1315136476426799,0.10569567407436396,1.4613575806803338,AVAX
1078,2022-08-23 00:00:00+00:00,2022-08-25 00:00:00+00:00,1,2,0.005485170570494133,False,0.03325942350332594,0.05277161862527706,0.35746221954381396,0.5671733883428505,AVAX
1079,2022-08-25 00:00:00+00:00,2022-10-29 00:00:00+00:00,-1,65,0.0379025917898829,False,0.028708133971291874,0.3775554588951717,0.33025027686433406,4.34329151997336,AVAX
1080,2022-10-29 00:00:00+00:00,2022-11-10 00:00:00+00:00,1,12,-0.08683992201607243,False,0.3495633187772926,0.12445414847161577,7.084115947699695,2.522139968887463,AVAX
1081,2022-11-10 00:00:00+00:00,2022-12-08 00:00:00+00:00,-1,28,-0.026293029490659377,False,0.2397729040286203,0.11207030642401623,2.06393001241166,0.9646847706406758,AVAX
1082,2022-12-08 00:00:00+00:00,2022-12-09 00:00:00+00:00,1,1,0.0029200735556536603,False,0.01613998039067806,0.019232219624405987,0.2559473615030006,0.3049840055292746,AVAX
1083,2022-12-09 00:00:00+00:00,2022-12-11 00:00:00+00:00,-1,2,-0.002210335481463202,False,0.01574039537486015,0.00559492726594549,0.26053007022046115,0.09260547519684537,AVAX
1084,2022-12-11 00:00:00+00:00,2022-12-12 00:00:00+00:00,1,1,-0.013284436852428323,False,0.042884700994212745,0.0013355097195430095,0.7858438406154659,0.02447264555549989,AVAX
1085,2022-12-12 00:00:00+00:00,2022-12-14 00:00:00+00:00,-1,2,-0.021779579742107202,False,0.11270428615479493,0.04085723095898854,2.015023856064968,0.7304806044558358,AVAX
1086,2022-12-14 00:00:00+00:00,2022-12-17 00:00:00+00:00,1,3,-0.0505789381358922,False,0.15854545454545452,0.03163636363636367,2.722362656726488,0.5432237411357906,AVAX
1087,2022-12-17 00:00:00+00:00,2023-01-12 00:00:00+00:00,-1,26,-0.15088323159292236,False,0.35745688197497477,0.10948596550557999,4.92245819544183,1.5077065664846658,AVAX
1088,2023-01-12 00:00:00+00:00,2023-02-25 00:00:00+00:00,1,44,0.04001837074515063,False,0.0880161636570273,0.43951256471776745,1.7356100751524361,8.666844858777706,AVAX
1089,2023-02-25 00:00:00+00:00,2023-04-01 00:00:00+00:00,-1,35,0.0025871004579555096,False,0.014254624591947795,0.24570184983677903,0.1732406030411065,2.986086119594028,AVAX
1090,2023-04-01 00:00:00+00:00,2023-04-22 00:00:00+00:00,1,21,-0.0035333743944197557,False,0.06779661016949148,0.21971751412429374,1.0778042033929378,3.492983789162614,AVAX
1091,2023-04-22 00:00:00+00:00,2023-04-23 00:00:00+00:00,-1,1,-0.005369579978139875,False,0.025115234605838595,0.006854981680652385,0.3552690955023111,0.0969675648900421,AVAX
1092,2023-04-23 00:00:00+00:00,2023-04-24 00:00:00+00:00,1,1,-0.006905843355345577,False,0.04556550040683476,0.002499128211089112,0.6820529623220942,0.037408517066134676,AVAX
1093,2023-04-24 00:00:00+00:00,2023-04-25 00:00:00+00:00,-1,1,-0.0019581534132187316,False,0.02453659695817492,0.01806083650190126,0.366642714415767,0.2698774459622127,AVAX
1094,2023-04-25 00:00:00+00:00,2023-04-27 00:00:00+00:00,1,2,0.004655504323821309,False,0.04333944303198726,0.07816472535919111,0.6680692144032306,1.2048942720887719,AVAX
1095,2023-04-27 00:00:00+00:00,2023-04-28 00:00:00+00:00,-1,1,-0.010863310071399583,False,0.043804974660686134,0.004135842022485087,0.6474119303671448,0.06112532853200575,AVAX
1096,2023-04-28 00:00:00+00:00,2023-04-29 00:00:00+00:00,1,1,-0.0038102994583074823,False,0.028850496838301674,0.005250677506775066,0.4492837144744472,0.08176787758536916,AVAX
1097,2023-04-29 00:00:00+00:00,2023-07-09 00:00:00+00:00,-1,71,0.1082888790047039,False,0.01733181299885987,0.44937286202964655,0.27654756946896947,7.170223495244746,AVAX
1098,2023-07-09 00:00:00+00:00,2023-07-25 00:00:00+00:00,1,16,-0.015000581866135735,False,0.07254456099171122,0.17354947553729932,1.3506040094042226,3.2310708657739093,AVAX
1099,2023-07-25 00:00:00+00:00,2023-07-26 00:00:00+00:00,-1,1,-0.007822056348974692,False,0.0382471944423238,0.005343919383159042,0.6464394064092664,0.09032087514700377,AVAX
1100,2023-07-26 00:00:00+00:00,2023-08-01 00:00:00+00:00,1,6,-0.02047871795168437,False,0.049441068347212895,0.009903218546027433,0.8666010835435787,0.17358322158991196,AVAX
1101,2023-08-01 00:00:00+00:00,2023-08-04 00:00:00+00:00,-1,3,0.01475191770456125,False,0.011791347805716194,0.03795096048727151,0.2387613686059498,0.7684637426654974,AVAX
1102,2023-08-04 00:00:00+00:00,2023-08-05 00:00:00+00:00,1,1,-0.002522814462696683,False,0.01680604696043741,0.013830813766484448,0.3485793399318271,0.2868691218577731,AVAX
1103,2023-08-05 00:00:00+00:00,2023-10-05 00:00:00+00:00,-1,61,0.10859892963936811,False,0.03637390112105819,0.3059117670779901,0.7723079553753741,6.495264023811065,AVAX
1104,2023-10-05 00:00:00+00:00,2023-10-13 00:00:00+00:00,1,8,-0.03986989816856843,False,0.12059056678557277,0.1773682124455013,2.76521134010991,4.067155545436923,AVAX
1105,2023-10-13 00:00:00+00:00,2023-10-16 00:00:00+00:00,-1,3,-0.0036716462816819557,False,0.02569169960474308,0.009442248572683387,0.43224752556959517,0.15886020170506546,AVAX
1106,2023-10-16 00:00:00+00:00,2023-10-18 00:00:00+00:00,1,2,-0.004334154972234033,False,0.0209309931320179,0.0709691485882481,0.40282096027600955,1.3658148184358432,AVAX
1107,2023-10-18 00:00:00+00:00,2023-10-20 00:00:00+00:00,-1,2,0.0010777237120778741,False,0.011317437644214895,0.05142292055818061,0.21230878676313503,0.9646651670402698,AVAX
1108,2023-10-20 00:00:00+00:00,2024-01-08 00:00:00+00:00,1,80,0.4168752572556395,False,0.00651286013908812,4.52378849762667,0.12362087717677175,85.86622317934484,AVAX
1109,2024-01-08 00:00:00+00:00,2024-01-12 00:00:00+00:00,-1,4,-0.03806699255484618,False,0.24139981565724136,0.07397496506407406,1.9961779925592904,0.6117121376385665,AVAX
1110,2024-01-12 00:00:00+00:00,2024-01-13 00:00:00+00:00,1,1,-0.01890070906506926,False,0.13253625031798527,0.007300941236326609,1.2174502493396995,0.06706491776592945,AVAX
1111,2024-01-13 00:00:00+00:00,2024-02-03 00:00:00+00:00,-1,21,-0.011858365228243734,False,0.054134543126722154,0.24281221297559083,0.4454465877783494,1.997982535618674,AVAX
1112,2024-02-03 00:00:00+00:00,2024-02-06 00:00:00+00:00,1,3,-0.017164380746552185,False,0.07230488833274397,0.02331274992519244,0.9558142284469568,0.30817637087247596,AVAX
1113,2024-02-06 00:00:00+00:00,2024-02-10 00:00:00+00:00,-1,4,-0.030843751878721265,False,0.11838980596582684,0.026469736461048405,1.5613011533737962,0.34907760620930817,AVAX
1114,2024-02-10 00:00:00+00:00,2024-04-10 00:00:00+00:00,1,60,0.07005974512472586,False,0.11092109763477075,0.7227498750295983,1.738960498118136,11.33087852082621,AVAX
1115,2024-04-10 00:00:00+00:00,2024-05-16 00:00:00+00:00,-1,36,0.058952933513170415,False,0.03333333333333327,0.38645161290322577,0.40132655475198226,4.652798831543958,AVAX
1116,2024-05-16 00:00:00+00:00,2024-05-17 00:00:00+00:00,1,1,-0.0022116490330095595,False,0.02700675168792198,0.010185238617346689,0.3593292656762625,0.13551627220483037,AVAX
1117,2024-05-17 00:00:00+00:00,2024-05-18 00:00:00+00:00,-1,1,-0.016681157593504175,False,0.09117826351998623,0.005834712183227395,1.2509639522149696,0.08005213447793987,AVAX
1118,2024-05-18 00:00:00+00:00,2024-05-19 00:00:00+00:00,1,1,0.005734025381785233,False,0.0023619884647074576,0.033781928041746886,0.03346003279288504,0.47855628296801683,AVAX
1119,2024-05-19 00:00:00+00:00,2024-05-21 00:00:00+00:00,-1,2,-0.024338788505957644,False,0.08242437268282192,0.05644511310515284,1.2367762618677327,0.8469579290039464,AVAX
1120,2024-05-21 00:00:00+00:00,2024-06-02 00:00:00+00:00,1,12,-0.03135950383859547,False,0.12215852442671976,0.042946161515453794,1.8376993794257417,0.6460632586718152,AVAX
1121,2024-06-02 00:00:00+00:00,2024-06-05 00:00:00+00:00,-1,3,-0.003891813370366322,False,0.01478438277298017,0.03719851317738453,0.24360432882676364,0.6129250693164826,AVAX
1122,2024-06-05 00:00:00+00:00,2024-06-08 00:00:00+00:00,1,3,-0.028081807002847445,False,0.14946668513644548,0.03163873112619485,2.600064594412871,0.5503751189656175,AVAX
1123,2024-06-08 00:00:00+00:00,2024-07-17 00:00:00+00:00,-1,39,0.05106417354804956,False,0.014471132328807979,0.35049977621960315,0.21391544207253207,5.181164325826881,AVAX
1124,2024-07-17 00:00:00+00:00,2024-07-19 00:00:00+00:00,1,2,-0.010312123201884908,False,0.051687801393106005,0.03611359171280583,0.7586651274122246,0.5300694152133774,AVAX
1125,2024-07-19 00:00:00+00:00,2024-07-20 00:00:00+00:00,-1,1,-0.01302213435027311,False,0.04738550040563464,0.018917324286451737,0.6898114673067258,0.2753877686601938,AVAX
1126,2024-07-20 00:00:00+00:00,2024-07-26 00:00:00+00:00,1,6,0.004530987839225135,False,0.06838851783430441,0.17233906494244716,1.0359502882704286,2.6105947264414806,AVAX
1127,2024-07-26 00:00:00+00:00,2024-07-27 00:00:00+00:00,-1,1,-0.014612624102451585,False,0.059216809933142246,0.00235103960032327,0.7630388145537279,0.03029434499468901,AVAX
1128,2024-07-27 00:00:00+00:00,2024-07-29 00:00:00+00:00,1,2,-0.012549453133099658,False,0.057331056355208694,0.028125326734743616,0.7903260640910621,0.3877161907121488,AVAX
1129,2024-07-29 00:00:00+00:00,2024-08-02 00:00:00+00:00,-1,4,0.01702490281284235,False,0.053365964130474564,0.12400920480695474,0.7294377039698808,1.6950314886911304,AVAX
1130,2024-08-02 00:00:00+00:00,2024-08-03 00:00:00+00:00,1,1,-0.026282153741710477,False,0.09167704764870759,0.007785736530675913,1.2302122037610301,0.10447662027694671,AVAX
1131,2024-08-03 00:00:00+00:00,2024-09-01 00:00:00+00:00,-1,29,-0.0034008945045237156,False,0.18655925376298488,0.26851812592749635,2.2448202008639475,3.2310105300162246,AVAX
1132,2024-09-01 00:00:00+00:00,2024-09-06 00:00:00+00:00,1,5,-0.018250118360880332,False,0.10256297726674272,0.0015360308961643175,1.4088562838745393,0.02109968760616563,AVAX
1133,2024-09-06 00:00:00+00:00,2024-09-08 00:00:00+00:00,-1,2,-0.007245833804771952,False,0.03872448023974518,0.04218954860460776,0.5227156019496084,0.5694882192945587,AVAX
1134,2024-09-08 00:00:00+00:00,2024-10-23 00:00:00+00:00,1,45,0.08605607955931807,False,0.003718325376423041,0.41603929489533614,0.05235929040881641,5.858422826853161,AVAX
1135,2024-10-23 00:00:00+00:00,2024-10-30 00:00:00+00:00,-1,7,0.01115961730897667,False,0.0022078251112960996,0.13493068876904707,0.04185921655074034,2.558215726248528,AVAX
1136,2024-10-30 00:00:00+00:00,2024-11-02 00:00:00+00:00,1,3,-0.032504237533462564,False,0.09296959321150773,0.001079310729837356,1.7479316469227313,0.02029224089702123,AVAX
1137,2024-11-02 00:00:00+00:00,2024-11-07 00:00:00+00:00,-1,5,-0.03806720322565522,False,0.10317684575949626,0.09893836031162961,1.8271523226250834,1.7520932483388414,AVAX
1138,2024-11-07 00:00:00+00:00,2024-12-21 00:00:00+00:00,1,44,0.13095401226377354,False,0.018032361980227417,1.068352649313141,0.3087983107667589,18.29519026807651,AVAX
1139,2024-12-21 00:00:00+00:00,2025-01-17 00:00:00+00:00,-1,27,-0.01272205513162656,False,0.13121626710179482,0.18157399271996996,1.0650451386588529,1.4737844820967079,AVAX
1140,2025-01-17 00:00:00+00:00,2025-01-20 00:00:00+00:00,1,3,-0.03003659259271724,False,0.1285015229440257,0.04411544415039686,1.6465708376444377,0.5652789333821083,AVAX
1141,2025-01-20 00:00:00+00:00,2025-03-26 00:00:00+00:00,-1,65,0.09015258618725537,False,0.1357581536218066,0.5719453714349814,1.4936001826164003,6.292496534695615,AVAX
1142,2025-03-26 00:00:00+00:00,2025-03-28 00:00:00+00:00,1,2,-0.009234313480053104,False,0.05561380515508954,0.014853647881170811,0.7344147071090911,0.1961516106968507,AVAX
1143,2025-03-28 00:00:00+00:00,2025-04-08 00:00:00+00:00,-1,11,0.0629258645782045,False,0.007998909239649065,0.33409080579920925,0.10716781978705883,4.476083200310664,AVAX
1144,2025-04-08 00:00:00+00:00,2025-04-09 00:00:00+00:00,1,1,-0.007889518725478177,False,0.04563170834082864,0.0629010013791449,0.4684239131085847,0.6456986660327274,AVAX
1145,2025-04-09 00:00:00+00:00,2025-04-12 00:00:00+00:00,-1,3,-0.04321271818539888,False,0.21193530395984372,0.03482679556299195,2.088116176431262,0.34313488045449475,AVAX
1146,2025-04-12 00:00:00+00:00,2025-04-17 00:00:00+00:00,1,5,-0.0033714115353769857,False,0.0344809543742151,0.09920468815403939,0.39576112297458915,1.1386389820331146,AVAX
1147,2025-04-17 00:00:00+00:00,2025-04-18 00:00:00+00:00,-1,1,-0.003936529146351301,False,0.04327179596627894,0.003414790310532497,0.5192450583622465,0.04097618216422171,AVAX
1148,2025-04-18 00:00:00+00:00,2025-04-19 00:00:00+00:00,1,1,-0.00010904144430603309,False,0.010873562010821071,0.015601197667699775,0.13683056608828842,0.19632211656145698,AVAX
1149,2025-04-19 00:00:00+00:00,2025-04-20 00:00:00+00:00,-1,1,-0.011008045239035215,False,0.06831776681708467,0.0023087417357540393,0.9036888955886871,0.030539409681952904,AVAX
1150,2025-04-20 00:00:00+00:00,2025-04-21 00:00:00+00:00,1,1,-0.005350500415712068,False,0.03379261792215632,0.007241275269033587,0.4686216494332698,0.10041892487855907,AVAX
1151,2025-04-21 00:00:00+00:00,2025-04-24 00:00:00+00:00,-1,3,-0.03754740299113165,False,0.18387973936688726,0.004514904314812014,2.5786949563154375,0.06331617080238867,AVAX
1152,2020-02-15 00:00:00+00:00,2020-03-12 00:00:00+00:00,1,26,-0.029350061044452317,False,0.25237020316027087,0.11805869074492113,3.597984314102135,1.6831357748438451,LINK
1153,2020-03-12 00:00:00+00:00,2020-04-10 00:00:00+00:00,-1,29,0.019003195435574907,False,0.009174311926605542,0.6424639580602882,0.077811950237102,5.44905971517532,LINK
1154,2020-04-10 00:00:00+00:00,2020-05-17 00:00:00+00:00,1,37,0.028955371443703984,False,0.11228493812254764,0.2752792031391486,1.1761740153876372,2.883523392563235,LINK
1155,2020-05-17 00:00:00+00:00,2020-05-18 00:00:00+00:00,-1,1,-0.0021473669007442448,False,0.024448578262025,0.002125963327132609,0.3274836952262108,0.028476843063148766,LINK
1156,2020-05-18 00:00:00+00:00,2020-05-28 00:00:00+00:00,1,10,0.0071518769279883074,False,0.011366640232619536,0.10362146444620669,0.16044390325642496,1.462651397128349,LINK
1157,2020-05-28 00:00:00+00:00,2020-05-29 00:00:00+00:00,-1,1,-0.017526966171980424,False,0.053409385532797386,0.007000259268861844,0.8690377224045819,0.1139030024510868,LINK
1158,2020-05-29 00:00:00+00:00,2020-09-06 00:00:00+00:00,1,100,0.32819621798624543,False,0.0956973293768545,4.0187932739861525,1.6346014958466855,68.64481527261074,LINK
1159,2020-09-06 00:00:00+00:00,2020-10-14 00:00:00+00:00,-1,38,-0.022247835386185463,False,0.2529245283018869,0.3104716981132075,1.2599503711812774,1.5466231523899971,LINK
1160,2020-10-14 00:00:00+00:00,2020-10-16 00:00:00+00:00,1,2,-0.004824842653523753,False,0.04800872885979257,0.030369158028732628,0.49131861472918326,0.310796244923387,LINK
1161,2020-10-16 00:00:00+00:00,2020-10-17 00:00:00+00:00,-1,1,0.0029784636198071377,False,0.012834821428571418,0.04566592261904775,0.1369710532440095,0.4873390372667312,LINK
1162,2020-10-17 00:00:00+00:00,2020-12-09 00:00:00+00:00,1,53,0.044090723165891216,False,0.0793005671077505,0.5513232514177694,0.8557071991253516,5.9491538647177284,LINK
1163,2020-12-09 00:00:00+00:00,2020-12-14 00:00:00+00:00,-1,5,-0.017288080080301336,False,0.09410795220436749,0.05867325916769672,0.9743694281714188,0.6074877695779775,LINK
1164,2020-12-14 00:00:00+00:00,2020-12-16 00:00:00+00:00,1,2,-0.005320856440946745,False,0.047832470442778885,0.007186461633567728,0.5639970332618799,0.08473622632205925,LINK
1165,2020-12-16 00:00:00+00:00,2021-01-04 00:00:00+00:00,-1,19,-0.013449096609150162,False,0.14615505830444378,0.36794831389851873,1.799237658215467,4.529617177286377,LINK
1166,2021-01-04 00:00:00+00:00,2021-03-13 00:00:00+00:00,1,68,0.11877094305688347,False,0.10102777170347688,1.7024564472629202,0.9835208759246958,16.57367502027216,LINK
1167,2021-03-13 00:00:00+00:00,2021-03-24 00:00:00+00:00,-1,11,0.013267661410182301,False,0.10942838023456483,0.07089775648927558,0.9595577275054195,0.6216896380651469,LINK
1168,2021-03-24 00:00:00+00:00,2021-03-25 00:00:00+00:00,1,1,-0.01774457611656526,False,0.12450563390791732,0.04167599432878147,1.2533430742973686,0.419533777042302,LINK
1169,2021-03-25 00:00:00+00:00,2021-03-26 00:00:00+00:00,-1,1,-0.006665278655716223,False,0.0722097137343197,0.017328723062077875,0.6436249251955815,0.15445564741608925,LINK
1170,2021-03-26 00:00:00+00:00,2021-03-31 00:00:00+00:00,1,5,0.019325159503028506,False,0.006298658111967504,0.12163060913109823,0.058541218409699204,1.1304636523959837,LINK
1171,2021-03-31 00:00:00+00:00,2021-04-02 00:00:00+00:00,-1,2,-0.01908874739537892,False,0.11968419163825592,0.06025479992822532,1.375966011400308,0.6927277160842922,LINK
1172,2021-04-02 00:00:00+00:00,2021-05-20 00:00:00+00:00,1,48,0.0209897831338795,False,0.35094828445212073,0.7627129903344737,4.330744042795102,9.41197004114177,LINK
1173,2021-05-20 00:00:00+00:00,2021-06-21 00:00:00+00:00,-1,32,0.00514653901329447,False,0.3464512933826053,0.4293115928225837,1.2725674380552827,1.5769257157955763,LINK
1174,2021-06-21 00:00:00+00:00,2021-06-22 00:00:00+00:00,1,1,-0.029373639477212606,False,0.21534836444280162,0.010672703751617153,1.2865934601634001,0.06376380375407588,LINK
1175,2021-06-22 00:00:00+00:00,2021-07-30 00:00:00+00:00,-1,38,-0.030423722485501785,False,0.2257952973720608,0.22988704472106966,1.0550960340860187,1.0742159469038106,LINK
1176,2021-07-30 00:00:00+00:00,2021-09-11 00:00:00+00:00,1,43,0.09019861438641437,False,0.028454864697376674,0.8790539144804793,0.33960452030437543,10.491375943050924,LINK
1177,2021-09-11 00:00:00+00:00,2021-09-13 00:00:00+00:00,-1,2,-0.020795501542814107,False,0.12883063752414864,0.005378991628470755,0.9974017644914526,0.04164394312195994,LINK
1178,2021-09-13 00:00:00+00:00,2021-09-14 00:00:00+00:00,1,1,-0.01545648611508843,False,0.1480676492562658,0.017999049106839554,1.32856508501157,0.1614998841871854,LINK
1179,2021-09-14 00:00:00+00:00,2021-09-15 00:00:00+00:00,-1,1,-0.025356364524791786,False,0.14475342973674454,0.008750463477938343,1.1493805868376208,0.06948099858956842,LINK
1180,2021-09-15 00:00:00+00:00,2021-09-18 00:00:00+00:00,1,3,-0.017806762447472643,False,0.11125174439360001,0.04309869211047283,0.9937063634605852,0.3849597580734124,LINK
1181,2021-09-18 00:00:00+00:00,2021-09-19 00:00:00+00:00,-1,1,-0.0043244849812361635,False,0.06134726224783859,0.012896253602305494,0.5192602468891631,0.10915746822449837,LINK
1182,2021-09-19 00:00:00+00:00,2021-09-20 00:00:00+00:00,1,1,-0.006821316539858126,False,0.052577863804328696,0.014288228048565981,0.46795449610958395,0.12716835704182877,LINK
1183,2021-09-20 00:00:00+00:00,2021-09-24 00:00:00+00:00,-1,4,0.011308501629115956,False,0.002008105443791293,0.24049801015006023,0.017740285939936085,2.124641154297447,LINK
1184,2021-09-24 00:00:00+00:00,2021-09-25 00:00:00+00:00,1,1,-0.013538041412243781,False,0.16054143385535538,0.003344613205319796,1.2907001528576854,0.02688958651786758,LINK
1185,2021-09-25 00:00:00+00:00,2021-10-09 00:00:00+00:00,-1,14,-0.023417877918111913,False,0.21374209915294318,0.055037193103151784,1.5376839572359582,0.39594356573366085,LINK
1186,2021-10-09 00:00:00+00:00,2021-10-11 00:00:00+00:00,1,2,-0.007684236521024174,False,0.036539189700870875,0.058614161302536855,0.3871312222352106,0.6210146445804202,LINK
1187,2021-10-11 00:00:00+00:00,2021-10-19 00:00:00+00:00,-1,8,-0.00042509072392452854,False,0.1253081829922122,0.07963839862247095,1.3207001633698732,0.8393581612922216,LINK
1188,2021-10-19 00:00:00+00:00,2021-11-19 00:00:00+00:00,1,31,0.0024372108792389594,False,0.014029224312140551,0.49137260997979165,0.16733140522994192,5.86077088013125,LINK
1189,2021-11-19 00:00:00+00:00,2022-01-02 00:00:00+00:00,-1,44,0.05637404271300031,False,0.10215843598146682,0.43372132444343997,0.986529099264924,4.188383498870331,LINK
1190,2022-01-02 00:00:00+00:00,2022-01-21 00:00:00+00:00,1,19,-0.01058745165504937,False,0.03399884259259268,0.3836323302469135,0.36761408438272436,4.148042611722786,LINK
1191,2022-01-21 00:00:00+00:00,2022-03-22 00:00:00+00:00,-1,60,0.04833049926068529,False,0.01646498710573285,0.4352311049394962,0.1404212328175307,3.711857648212831,LINK
1192,2022-03-22 00:00:00+00:00,2022-04-14 00:00:00+00:00,1,23,-0.02375097843894541,False,0.09915921526758312,0.22274122514346728,1.4130701285774827,3.1741777181639543,LINK
1193,2022-04-14 00:00:00+00:00,2022-06-08 00:00:00+00:00,-1,55,0.12789199720344663,False,0.030450412349333926,0.6109818848241347,0.43864518945469205,8.801334495817748,LINK
1194,2022-06-08 00:00:00+00:00,2022-06-12 00:00:00+00:00,1,4,-0.03759913274174955,False,0.20404411764705888,0.11121323529411764,2.2284016961627375,1.2145793028634737,LINK
1195,2022-06-12 00:00:00+00:00,2022-06-16 00:00:00+00:00,-1,4,-0.00966246853906303,False,0.04673295454545451,0.24886363636363634,0.3582183228482375,1.9075942298787616,LINK
1196,2022-06-16 00:00:00+00:00,2022-06-17 00:00:00+00:00,1,1,-0.02041144825005157,False,0.15261647766088263,0.025003415767181285,1.1091044307933873,0.18170645553732293,LINK
1197,2022-06-17 00:00:00+00:00,2022-06-24 00:00:00+00:00,-1,7,-0.01690905900169723,False,0.19040125885129816,0.15169158143194342,1.1769982063389357,0.9377076619096981,LINK
1198,2022-06-24 00:00:00+00:00,2022-06-27 00:00:00+00:00,1,3,-0.007769644882501756,False,0.04352183249821049,0.07301360057265566,0.3307348978776802,0.5548513089395285,LINK
1199,2022-06-27 00:00:00+00:00,2022-07-12 00:00:00+00:00,-1,15,0.020588261651365108,False,0.0847153742716271,0.12296429105035105,0.6568728758685966,0.95345040007029,LINK
1200,2022-07-12 00:00:00+00:00,2022-07-13 00:00:00+00:00,1,1,-0.004744654852788141,False,0.020367610531544848,0.032786885245901704,0.215808643711203,0.3473992801204757,LINK
1201,2022-07-13 00:00:00+00:00,2022-07-17 00:00:00+00:00,-1,4,-0.031235066668189808,False,0.11253153910849446,0.04507989907485293,1.2115893796714217,0.48536017003279824,LINK
1202,2022-07-17 00:00:00+00:00,2022-07-18 00:00:00+00:00,1,1,-0.012139570442453665,False,0.043372763117986116,0.017743403093721563,0.5477553141889087,0.2240817194409168,LINK
1203,2022-07-18 00:00:00+00:00,2022-07-19 00:00:00+00:00,-1,1,-0.03380452849021994,False,0.1262411347517731,0.00315208825847117,1.5595138762678225,0.03893917294051907,LINK
1204,2022-07-19 00:00:00+00:00,2022-07-23 00:00:00+00:00,1,4,-0.010364485361293304,False,0.05644817289918957,0.07777619792407219,0.7412563594029102,1.0213280317213889,LINK
1205,2022-07-23 00:00:00+00:00,2022-07-25 00:00:00+00:00,-1,2,-0.013328892702721125,False,0.06917404129793502,0.02610619469026556,0.854303185738063,0.32241292937236193,LINK
1206,2022-07-25 00:00:00+00:00,2022-07-26 00:00:00+00:00,1,1,-0.02811545427074915,False,0.09843463545339168,0.0073332393174445915,1.314696267425673,0.09794298840420407,LINK
1207,2022-07-26 00:00:00+00:00,2022-07-27 00:00:00+00:00,-1,1,0.0031835190922372583,False,0.0029571984435797865,0.055097276264591453,0.034762269919786315,0.6476759764002251,LINK
1208,2022-07-27 00:00:00+00:00,2022-08-22 00:00:00+00:00,1,26,0.022964439802773056,False,0.024459523433801384,0.49960549155751943,0.2901688333611231,5.926932428524642,LINK
1209,2022-08-22 00:00:00+00:00,2022-08-23 00:00:00+00:00,-1,1,0.0011322351742850691,False,0.0009892594686264219,0.05737704918032783,0.011861954583067758,0.6879933658178744,LINK
1210,2022-08-23 00:00:00+00:00,2022-08-26 00:00:00+00:00,1,3,0.0030863568210179482,False,0.038231949971574655,0.04832291074474144,0.4658247416807871,0.5887747664366855,LINK
1211,2022-08-26 00:00:00+00:00,2022-09-17 00:00:00+00:00,-1,22,-0.01918986889445588,False,0.16657303370786503,0.13132022471910118,2.160447085729946,1.703219245495364,LINK
1212,2022-09-17 00:00:00+00:00,2022-09-21 00:00:00+00:00,1,4,-0.026820306063934284,False,0.11145955834313338,0.06350450803606426,1.5413275410456333,0.8781772390951672,LINK
1213,2022-09-21 00:00:00+00:00,2022-09-24 00:00:00+00:00,-1,3,-0.022169698277067402,False,0.08834641092705617,0.05376344086021507,1.0682167578409563,0.6500661190808447,LINK
1214,2022-09-24 00:00:00+00:00,2022-10-03 00:00:00+00:00,1,9,-0.017894255283539166,False,0.04902619207521829,0.1466756212222969,0.6300320917225857,1.8849179292083933,LINK
1215,2022-10-03 00:00:00+00:00,2022-10-05 00:00:00+00:00,-1,2,-0.027766556497797388,False,0.1017450042217844,0.01365043625105538,1.3285178006517824,0.1782382111524513,LINK
1216,2022-10-05 00:00:00+00:00,2022-10-08 00:00:00+00:00,1,3,-0.005551719840433705,False,0.03252980819077246,0.028771384136858414,0.4749179394497856,0.42004694246156193,LINK
1217,2022-10-08 00:00:00+00:00,2022-10-12 00:00:00+00:00,-1,4,0.022017781390859584,False,0.017368421052631654,0.07092105263157891,0.26847331920189776,1.096266053407744,LINK
1218,2022-10-12 00:00:00+00:00,2022-10-13 00:00:00+00:00,1,1,2.340301639165601e-05,False,0.006733062140552554,0.01977837003787348,0.10682976499200764,0.31381243466402803,LINK
1219,2022-10-13 00:00:00+00:00,2022-10-18 00:00:00+00:00,-1,5,-0.012766296557292396,False,0.032063847661719415,0.11957434892187063,0.5316688983488073,1.98273030213922,LINK
1220,2022-10-18 00:00:00+00:00,2022-10-21 00:00:00+00:00,1,3,-0.039675464309955215,False,0.09952218430034131,0.005870307167235515,1.7094005096728158,0.10082883664736808,LINK
1221,2022-10-21 00:00:00+00:00,2022-10-30 00:00:00+00:00,-1,9,-0.061280294810928754,False,0.15026296018031554,0.03305785123966952,2.393278732920717,0.5265213212425593,LINK
1222,2022-10-30 00:00:00+00:00,2022-11-02 00:00:00+00:00,1,3,0.0009729277043639922,False,0.019127472815406773,0.090658980741517,0.35985909515613074,1.7056335195071395,LINK
1223,2022-11-02 00:00:00+00:00,2022-11-04 00:00:00+00:00,-1,2,-0.0026728258935887154,False,0.04544270833333336,0.045312499999999985,0.8362606903944909,0.8338645279578297,LINK
1224,2022-11-04 00:00:00+00:00,2022-11-10 00:00:00+00:00,1,6,-0.013509940297433897,False,0.2544064282011405,0.22861586314152413,4.3631897339531776,3.920869429797965,LINK
1225,2022-11-10 00:00:00+00:00,2022-11-11 00:00:00+00:00,-1,1,-0.025104140856517302,False,0.2064868336544638,0.02328195247270385,1.5174121879314957,0.17109235400471706,LINK
1226,2022-11-11 00:00:00+00:00,2022-11-13 00:00:00+00:00,1,2,-0.019595691559853433,False,0.14339255968906156,0.018045530260966117,1.1617518553730468,0.1462030408504318,LINK
1227,2022-11-13 00:00:00+00:00,2022-12-01 00:00:00+00:00,-1,18,-0.045221195494881676,False,0.23510672188595094,0.12042051608792599,1.6681478935150789,0.854417213751625,LINK
1228,2022-12-01 00:00:00+00:00,2022-12-02 00:00:00+00:00,1,1,-3.384947116165019e-05,False,0.03091573180276547,0.0186537959822593,0.4050804415363386,0.24441562506200973,LINK
1229,2022-12-02 00:00:00+00:00,2022-12-08 00:00:00+00:00,-1,6,0.02813654319617124,False,0.00599114352696018,0.12346965355561337,0.08064216491920624,1.661929833552327,LINK
1230,2022-12-08 00:00:00+00:00,2022-12-09 00:00:00+00:00,1,1,0.004449333942109134,False,0.01555911007706852,0.027046677330231198,0.21343355557973162,0.3710153396058878,LINK
1231,2022-12-09 00:00:00+00:00,2022-12-11 00:00:00+00:00,-1,2,0.00555604978407346,False,0.007288838073460077,0.04430470201514929,0.1048419546206916,0.6372746261257696,LINK
1232,2022-12-11 00:00:00+00:00,2022-12-17 00:00:00+00:00,1,6,-0.05011816823523682,False,0.15776415645067138,0.02802101576182126,2.386785095031283,0.4239248272395971,LINK
1233,2022-12-17 00:00:00+00:00,2022-12-19 00:00:00+00:00,-1,2,-0.0034350858901074375,False,0.029376804211241305,0.01799966038376632,0.3836188373029382,0.23504969222029706,LINK
1234,2022-12-19 00:00:00+00:00,2022-12-20 00:00:00+00:00,1,1,-0.009326592478397238,False,0.04875588433086752,0.019838601210490827,0.6935541201666379,0.282204779929872,LINK
1235,2022-12-20 00:00:00+00:00,2023-01-14 00:00:00+00:00,-1,25,-0.07055390347652364,False,0.1441410300725891,0.0701693743518838,1.9980255825159512,0.9726599358530876,LINK
1236,2023-01-14 00:00:00+00:00,2023-02-14 00:00:00+00:00,1,31,-0.0038938210857498417,False,0.05782621858916132,0.18422646079321836,1.3564816617511393,4.3215659223851794,LINK
1237,2023-02-14 00:00:00+00:00,2023-02-16 00:00:00+00:00,-1,2,-0.04106492962049736,False,0.09647411852963238,0.023555888972243064,1.4924896552391416,0.36441815843319647,LINK
1238,2023-02-16 00:00:00+00:00,2023-03-04 00:00:00+00:00,1,16,-0.014315072208533263,False,0.0942178272215355,0.15478643043537973,1.5788593324334033,2.593840331854876,LINK
1239,2023-03-04 00:00:00+00:00,2023-03-07 00:00:00+00:00,-1,3,0.004784154521708088,False,0.00848432556801843,0.03623813632441757,0.12037066056450045,0.5141255332585425,LINK
1240,2023-03-07 00:00:00+00:00,2023-03-08 00:00:00+00:00,1,1,0.0008893741665719366,False,0.027725083904859116,0.017510579308332132,0.43504331518663225,0.27476419906524235,LINK
1241,2023-03-08 00:00:00+00:00,2023-03-14 00:00:00+00:00,-1,6,0.006412482980340969,False,0.009736956837668969,0.1444557477110886,0.1566572071704135,2.324138267572996,LINK
1242,2023-03-14 00:00:00+00:00,2023-03-16 00:00:00+00:00,1,2,-0.011722240790380659,False,0.057100591715976354,0.06538461538461542,0.8523620524320027,0.9760207957900134,LINK
1243,2023-03-16 00:00:00+00:00,2023-04-01 00:00:00+00:00,-1,16,-0.054771390104580174,False,0.1792755616689592,0.01574201436649851,2.428207065154606,0.21321852319771856,LINK
1244,2023-04-01 00:00:00+00:00,2023-04-21 00:00:00+00:00,1,20,0.007222389047199504,False,0.07502637130801687,0.16086497890295368,1.209816190836989,2.5939819908982913,LINK
1245,2023-04-21 00:00:00+00:00,2023-04-23 00:00:00+00:00,-1,2,0.014398789497206214,False,0.012782956058588561,0.06737683089214384,0.2155501973585872,1.1361291652442194,LINK
1246,2023-04-23 00:00:00+00:00,2023-04-24 00:00:00+00:00,1,1,-0.004707095603390664,False,0.04449714046589482,0.0,0.7325784977099896,0.0,LINK
1247,2023-04-24 00:00:00+00:00,2023-04-25 00:00:00+00:00,-1,1,0.0002461462368937802,False,0.026412429378531114,0.013418079096045163,0.437805321682738,0.2224144682345451,LINK
1248,2023-04-25 00:00:00+00:00,2023-04-27 00:00:00+00:00,1,2,-0.0038658080607564226,False,0.05293701344656766,0.061571125265392726,0.8973903198954964,1.0437561207340642,LINK
1249,2023-04-27 00:00:00+00:00,2023-07-02 00:00:00+00:00,-1,66,0.05923937167706191,False,0.04358388110888821,0.3299514146899114,0.6920013083881973,5.238790233010981,LINK
1250,2023-07-02 00:00:00+00:00,2023-08-17 00:00:00+00:00,1,46,0.04078442606350122,False,0.0761304214087973,0.30421408797293154,1.3806629638729782,5.517073419274245,LINK
1251,2023-08-17 00:00:00+00:00,2023-09-16 00:00:00+00:00,-1,30,0.008914704029007459,False,0.015678154119213115,0.17896760834196124,0.2846370171845119,3.2491584037099983,LINK
1252,2023-09-16 00:00:00+00:00,2023-09-18 00:00:00+00:00,1,2,-0.019342974494194833,False,0.05000000000000008,0.009433962264150882,1.213449292624167,0.2289526967215391,LINK
1253,2023-09-18 00:00:00+00:00,2023-09-19 00:00:00+00:00,-1,1,-0.03727592415131729,False,0.11348095083034843,0.00830348420709869,2.695280989530049,0.1972156821607359,LINK
1254,2023-09-19 00:00:00+00:00,2023-12-10 00:00:00+00:00,1,82,0.3205266330822415,False,0.007317073170731715,1.6463414634146343,0.1635115419063497,36.79009692892865,LINK
1255,2023-12-10 00:00:00+00:00,2023-12-11 00:00:00+00:00,-1,1,-0.003349827740510969,False,0.015978777222530716,0.025356283546178023,0.2292689800361777,0.36382065943964786,LINK
1256,2023-12-11 00:00:00+00:00,2023-12-14 00:00:00+00:00,1,3,-0.030334848041990246,False,0.16568986568986563,0.005921855921856002,2.4743733697982297,0.08843559943641548,LINK
1257,2023-12-14 00:00:00+00:00,2023-12-15 00:00:00+00:00,-1,1,-0.011750419589494793,False,0.05516074450084599,0.05015228426395937,0.6819098251338509,0.6199940864100413,LINK
1258,2023-12-15 00:00:00+00:00,2023-12-18 00:00:00+00:00,1,3,-0.025673877761598792,False,0.09563747480657955,0.0014303361289903283,1.204803420130222,0.018018813897257086,LINK
1259,2023-12-18 00:00:00+00:00,2023-12-19 00:00:00+00:00,-1,1,-0.013452022518131905,False,0.04682488774855677,0.02786686622478797,0.5815315494480797,0.34608650811902464,LINK
1260,2023-12-19 00:00:00+00:00,2023-12-31 00:00:00+00:00,1,12,0.01419520705884393,False,0.05118593238822255,0.20549345692475465,0.6681885600374917,2.682541289631204,LINK
1261,2023-12-31 00:00:00+00:00,2024-01-11 00:00:00+00:00,-1,11,-0.001616976341754299,False,0.05974967061923584,0.20513833992094854,0.7988348908966223,2.7426371006086887,LINK
1262,2024-01-11 00:00:00+00:00,2024-01-12 00:00:00+00:00,1,1,-0.0014104965833905583,False,0.03210187703123964,0.0410559129800358,0.3884537527754509,0.4968034565454629,LINK
1263,2024-01-12 00:00:00+00:00,2024-01-14 00:00:00+00:00,-1,2,0.011338643292815614,False,0.019041278295605833,0.09700399467376825,0.23143769728813626,1.1790374998210307,LINK
1264,2024-01-14 00:00:00+00:00,2024-01-19 00:00:00+00:00,1,5,0.004520247653247435,False,0.011637630662020894,0.14257839721254364,0.13603452829926574,1.6666266161694498,LINK
1265,2024-01-19 00:00:00+00:00,2024-01-20 00:00:00+00:00,-1,1,-0.028508928329879005,False,0.12093086739916742,0.013512591278236565,1.4641821734107183,0.16360500583257492,LINK
1266,2024-01-20 00:00:00+00:00,2024-01-23 00:00:00+00:00,1,3,-0.025954773655755936,False,0.10055207493331672,0.027665777557223593,1.2819285350506078,0.3527082829318775,LINK
1267,2024-01-23 00:00:00+00:00,2024-01-31 00:00:00+00:00,-1,8,-0.020368582208617758,False,0.08305351881038853,0.07489892414171177,1.0001203359448811,0.9019237023001281,LINK
1268,2024-01-31 00:00:00+00:00,2024-03-17 00:00:00+00:00,1,46,0.050671691230753366,False,0.025588007237012197,0.47971051951408616,0.39873657095628734,7.475303794897653,LINK
1269,2024-03-17 00:00:00+00:00,2024-03-22 00:00:00+00:00,-1,5,-0.005618123599655197,False,0.07606177606177614,0.10275785990071702,0.8284304999886177,1.1191921838134828,LINK
1270,2024-03-22 00:00:00+00:00,2024-03-24 00:00:00+00:00,1,2,-0.006403322644252588,False,0.06140350877192984,0.007093350660602135,0.6856155859251595,0.07920250595784481,LINK
1271,2024-03-24 00:00:00+00:00,2024-03-26 00:00:00+00:00,-1,2,-0.020740096469964872,False,0.07926761809934726,0.0051996902312201375,0.9234249680906251,0.060573584787520306,LINK
1272,2024-03-26 00:00:00+00:00,2024-03-28 00:00:00+00:00,1,2,-0.002232109189644809,False,0.019076098164570066,0.07058156320890904,0.25308192147117886,0.9364031094433591,LINK
1273,2024-03-28 00:00:00+00:00,2024-05-12 00:00:00+00:00,-1,45,0.1361281067913471,False,0.026818534817499202,0.3936836655449133,0.3600409478600821,5.285234300247258,LINK
1274,2024-05-12 00:00:00+00:00,2024-05-13 00:00:00+00:00,1,1,0.006684888286832092,False,0.002180615083840884,0.021580569967666805,0.033604938975065855,0.3325730167532399,LINK
1275,2024-05-13 00:00:00+00:00,2024-05-16 00:00:00+00:00,-1,3,-0.011529000229817024,False,0.028337392074385678,0.052911224263892005,0.46607642304417485,0.8702520711527952,LINK
1276,2024-05-16 00:00:00+00:00,2024-06-14 00:00:00+00:00,1,29,0.029782815568144366,False,0.024024240675275966,0.38813938388283664,0.405997674715982,6.559361831747693,LINK
1277,2024-06-14 00:00:00+00:00,2024-07-17 00:00:00+00:00,-1,33,0.01687327392889589,False,0.02120351410264889,0.27293744633066913,0.32223132265599874,4.147849922786855,LINK
1278,2024-07-17 00:00:00+00:00,2024-07-18 00:00:00+00:00,1,1,-0.010874102102965232,False,0.03366434255933515,0.020776110993731948,0.5606763693617066,0.3460241191667437,LINK
1279,2024-07-18 00:00:00+00:00,2024-07-20 00:00:00+00:00,-1,2,-0.008750635728935101,False,0.02949745083758189,0.028841951930080174,0.4782371542539878,0.4676096619372342,LINK
1280,2024-07-20 00:00:00+00:00,2024-07-24 00:00:00+00:00,1,4,-0.004288247720795742,False,0.04207234738113855,0.06644872432662928,0.7160596351467781,1.1309387818618875,LINK
1281,2024-07-24 00:00:00+00:00,2024-07-28 00:00:00+00:00,-1,4,0.007379490491300133,False,0.004029066839341028,0.10338873300237424,0.0674347150551689,1.730422955969215,LINK
1282,2024-07-28 00:00:00+00:00,2024-07-29 00:00:00+00:00,1,1,-0.006731451996844194,False,0.026216675282475475,0.007237279373753709,0.4380060937895328,0.12091435828555976,LINK
1283,2024-07-29 00:00:00+00:00,2024-08-02 00:00:00+00:00,-1,4,0.011366004426281424,False,0.0446616541353383,0.08924812030075197,0.756730376196529,1.5121867955307773,LINK
1284,2024-08-02 00:00:00+00:00,2024-08-03 00:00:00+00:00,1,1,-0.030366291509052318,False,0.08635551758950066,0.005513706608682125,1.4234600531797952,0.0908863882875585,LINK
1285,2024-08-03 00:00:00+00:00,2024-09-03 00:00:00+00:00,-1,31,0.03329482071577046,False,0.06471378210508652,0.3399362095014269,0.9519747413624391,5.000645528557554,LINK
1286,2024-09-03 00:00:00+00:00,2024-09-06 00:00:00+00:00,1,3,-0.022929167609991592,False,0.08776496838973603,0.01106359241353661,1.341823517057788,0.16914936284944526,LINK
1287,2024-09-06 00:00:00+00:00,2024-09-09 00:00:00+00:00,-1,3,-0.011803161997259289,False,0.04271030835245974,0.07434387785650144,0.625245972683307,1.0883370318903396,LINK
1288,2024-09-09 00:00:00+00:00,2024-09-10 00:00:00+00:00,1,1,0.005312233773467398,False,0.007635801275855464,0.04581480765513244,0.11649232908946142,0.6989539745367632,LINK
1289,2024-09-10 00:00:00+00:00,2024-09-11 00:00:00+00:00,-1,1,-0.002203006897411846,False,0.019464489175845052,0.019844284086593205,0.3063283662184835,0.31230550507152643,LINK
1290,2024-09-11 00:00:00+00:00,2024-09-19 00:00:00+00:00,1,8,0.012129717279465128,False,0.04015495086923648,0.09155328798185952,0.6528550607888624,1.4885095385986118,LINK
1291,2024-09-19 00:00:00+00:00,2024-09-25 00:00:00+00:00,-1,6,-0.04455431224461836,False,0.12267009457350109,0.004774584519327849,2.2603145387934194,0.08797631438417432,LINK
1292,2024-09-25 00:00:00+00:00,2024-10-11 00:00:00+00:00,1,16,-0.05456459917302493,False,0.15688534035723095,0.06807144620956472,3.076605328018184,1.3349174219680195,LINK
1293,2024-10-11 00:00:00+00:00,2024-10-15 00:00:00+00:00,-1,4,-0.029484601312621792,False,0.07504974888657251,0.005780346820809243,1.305579901087454,0.10055602773527102,LINK
1294,2024-10-15 00:00:00+00:00,2024-10-18 00:00:00+00:00,1,3,-0.010717893116552739,False,0.038652482269503546,0.03714539007092203,0.7461067477191115,0.7170154295741011,LINK
1295,2024-10-18 00:00:00+00:00,2024-10-19 00:00:00+00:00,-1,1,-0.018619808341218243,False,0.043620204951482715,0.0044436383422507926,0.826029198555302,0.08414850463453094,LINK
1296,2024-10-19 00:00:00+00:00,2024-10-20 00:00:00+00:00,1,1,-0.0031718969552409202,False,0.016460546943041287,0.010712419439122201,0.32666867003594796,0.2125938963726029,LINK
1297,2024-10-20 00:00:00+00:00,2024-10-21 00:00:00+00:00,-1,1,-0.022135114356091886,False,0.054650551760378405,0.012348922753547034,1.1152270506151105,0.2519984200909142,LINK
1298,2024-10-21 00:00:00+00:00,2024-10-23 00:00:00+00:00,1,2,-0.0006673220080530848,False,0.03606913250396596,0.030391583869082323,0.7523459378698872,0.6339211143162916,LINK
1299,2024-10-23 00:00:00+00:00,2024-10-30 00:00:00+00:00,-1,7,0.004141906873507074,False,0.009769539078156237,0.10646292585170343,0.20124357248806252,2.193038930959673,LINK
1300,2024-10-30 00:00:00+00:00,2024-11-03 00:00:00+00:00,1,4,-0.017929790208374277,False,0.06195965417867434,0.0567892863197152,1.1775221418735902,1.0792610602671757,LINK
1301,2024-11-03 00:00:00+00:00,2024-11-06 00:00:00+00:00,-1,3,0.009870198301035853,False,0.0037550290567724466,0.10058113544926241,0.06549969386257516,1.7544560856046998,LINK
1302,2024-11-06 00:00:00+00:00,2024-12-31 00:00:00+00:00,1,55,0.21772451010769123,False,0.0034167513159110543,1.8577892695539753,0.055339257712954,30.08959963970768,LINK
1303,2024-12-31 00:00:00+00:00,2025-01-07 00:00:00+00:00,-1,7,-0.029996680857621735,False,0.2053575769361661,0.042880062229568666,1.7282722862662598,0.36087503704707324,LINK
1304,2025-01-07 00:00:00+00:00,2025-01-08 00:00:00+00:00,1,1,-0.023103625815808982,False,0.11164763184413835,0.0007977830030232577,1.277327009942173,0.00912719563328459,LINK
1305,2025-01-08 00:00:00+00:00,2025-01-17 00:00:00+00:00,-1,9,-0.022496637097431722,False,0.11255087243298884,0.17027646535996635,1.1326167073243754,1.7135182105821791,LINK
1306,2025-01-17 00:00:00+00:00,2025-02-02 00:00:00+00:00,1,16,-0.002673728990690939,False,0.0369758852922007,0.18183793178361932,0.4438115942219913,2.1825517295170798,LINK
1307,2025-02-02 00:00:00+00:00,2025-03-26 00:00:00+00:00,-1,52,0.07300369215373513,False,0.01524323853490708,0.48438656852924517,0.1567950778718883,4.9824995888318115,LINK
1308,2025-03-26 00:00:00+00:00,2025-03-27 00:00:00+00:00,1,1,-0.003400595720294167,False,0.031890070002592745,0.03668654394607201,0.41424953550448723,0.4765553599502823,LINK
1309,2025-03-27 00:00:00+00:00,2025-03-28 00:00:00+00:00,-1,1,-0.004859673336312867,False,0.03621809592546418,0.00531461190210613,0.46842129383818093,0.0687357333349501,LINK
1310,2025-03-28 00:00:00+00:00,2025-03-29 00:00:00+00:00,1,1,-0.021883259751634215,False,0.09811126152259397,0.0044478824211951805,1.3357118320559236,0.06055460999465166,LINK
1311,2025-03-29 00:00:00+00:00,2025-04-26 00:00:00+00:00,-1,28,-0.01871706043430531,False,0.07757652344846956,0.2909295141814097,0.9430583364137578,3.5366821231661634,LINK
1312,2020-02-07 00:00:00+00:00,2020-02-28 00:00:00+00:00,1,21,-0.0535087078816575,False,0.22516286644951142,0.1506514657980455,3.644514941447288,2.4384638848743143,LTC
1313,2020-02-28 00:00:00+00:00,2020-04-10 00:00:00+00:00,-1,42,0.07398845427304201,False,0.03625768857235343,0.6167044350922629,0.3056944391880507,5.1995348808324815,LTC
1314,2020-04-10 00:00:00+00:00,2020-04-22 00:00:00+00:00,1,12,-0.02463152943755116,False,0.18171996542783067,0.003457216940362934,2.263343472426967,0.04306004228160606,LTC
1315,2020-04-23 00:00:00+00:00,2020-05-07 00:00:00+00:00,1,14,0.01630707710547039,False,0.021276595744680864,0.2165909634233804,0.2901179123757102,2.95333515294824,LTC
1316,2020-05-07 00:00:00+00:00,2020-05-08 00:00:00+00:00,-1,1,-0.017769246951852974,False,0.07452725250278074,0.014682981090100192,1.1239508969476504,0.22143510208521033,LTC
1317,2020-05-08 00:00:00+00:00,2020-05-17 00:00:00+00:00,1,9,-0.03138695698263137,False,0.17704156995146655,0.038404726735598235,2.7471368159222376,0.5959224082215105,LTC
1318,2020-05-17 00:00:00+00:00,2020-05-18 00:00:00+00:00,-1,1,-0.0037353365062306218,False,0.02912621359223313,0.003698566805362843,0.435664798465634,0.05532251409087276,LTC
1319,2020-05-18 00:00:00+00:00,2020-05-22 00:00:00+00:00,1,4,-0.008518053477862109,False,0.04784798534798526,0.06707875457875458,0.7499158163874509,1.051317388524036,LTC
1320,2020-05-22 00:00:00+00:00,2020-06-02 00:00:00+00:00,-1,11,-0.051708415259918566,False,0.1444288389513109,0.025514981273408153,2.2260619866338884,0.393258924705175,LTC
1321,2020-06-02 00:00:00+00:00,2020-06-03 00:00:00+00:00,1,1,-0.017213142710652492,False,0.09673418768085985,0.034725093013641996,1.8552972949768542,0.6660041571711783,LTC
1322,2020-06-03 00:00:00+00:00,2020-06-04 00:00:00+00:00,-1,1,-0.008734273942524714,False,0.0341304347826087,0.015652173913043455,0.5613932837088453,0.25745424475819617,LTC
1323,2020-06-04 00:00:00+00:00,2020-06-06 00:00:00+00:00,1,2,-0.0031371537078840363,False,0.01971174226367104,0.020347604917337874,0.33690442827836253,0.347772313061536,LTC
1324,2020-06-06 00:00:00+00:00,2020-06-08 00:00:00+00:00,-1,2,0.0011002510396164117,False,0.009820666097352555,0.03757472245943649,0.17558547027332919,0.6718052775675315,LTC
1325,2020-06-08 00:00:00+00:00,2020-06-12 00:00:00+00:00,1,4,-0.03143225407519843,False,0.10229466009007084,0.013296161269568892,1.9267669438625017,0.2504393092651458,LTC
1326,2020-06-12 00:00:00+00:00,2020-06-13 00:00:00+00:00,-1,1,-0.013327001056064491,False,0.04996530187369891,0.010640758732361642,0.8789002046940805,0.18717319174040317,LTC
1327,2020-06-13 00:00:00+00:00,2020-06-16 00:00:00+00:00,1,3,-0.00923412227451845,False,0.06836461126005351,0.010947274352100134,1.2392599011214558,0.19844357893775058,LTC
1328,2020-06-16 00:00:00+00:00,2020-06-19 00:00:00+00:00,-1,3,0.0023773696158591096,False,0.030178326474622777,0.019433013260173784,0.5703580760748357,0.36727603383606894,LTC
1329,2020-06-19 00:00:00+00:00,2020-06-20 00:00:00+00:00,1,1,-0.00630894871092003,False,0.019797421731123376,0.008287292817679546,0.40085371919361934,0.16779923129035212,LTC
1330,2020-06-20 00:00:00+00:00,2020-06-22 00:00:00+00:00,-1,2,-0.00231518999060225,False,0.023082303567265143,0.015621356959664297,0.47611729979785145,0.3222207988530916,LTC
1331,2020-06-22 00:00:00+00:00,2020-06-25 00:00:00+00:00,1,3,-0.005359594196020995,False,0.022537174721189566,0.039498141263940585,0.49217546559286873,0.8625755582555455,LTC
1332,2020-06-25 00:00:00+00:00,2020-07-10 00:00:00+00:00,-1,15,-0.027764616495422396,False,0.07807737397420864,0.0869871043376319,1.7377196665562964,1.9360180068840431,LTC
1333,2020-07-10 00:00:00+00:00,2020-07-11 00:00:00+00:00,1,1,-0.0009720980315483469,False,0.020734730673878626,0.007212080234392615,0.4862933437525556,0.1691455108704553,LTC
1334,2020-07-11 00:00:00+00:00,2020-07-13 00:00:00+00:00,-1,2,-0.005195452403836681,False,0.02366997294860228,0.015103697024346297,0.5690129763190259,0.36308447060357085,LTC
1335,2020-07-13 00:00:00+00:00,2020-07-16 00:00:00+00:00,1,3,-0.018089053253931123,False,0.049799017418490486,0.020098258150960217,1.2512101690516386,0.5049727139670274,LTC
1336,2020-07-16 00:00:00+00:00,2020-07-23 00:00:00+00:00,-1,7,-0.024675373368574068,False,0.041733917454461665,0.05925755130274384,1.0116825282998005,1.4364774020610411,LTC
1337,2020-07-23 00:00:00+00:00,2020-08-28 00:00:00+00:00,1,36,0.07932982620837238,False,0.022873639795691784,0.5340883855207639,0.5922021972321319,13.82763382857549,LTC
1338,2020-08-28 00:00:00+00:00,2020-08-31 00:00:00+00:00,-1,3,-0.04095295026026934,False,0.12304131054131061,0.014066951566951553,1.5602058903133524,0.1783737559113671,LTC
1339,2020-08-31 00:00:00+00:00,2020-09-03 00:00:00+00:00,1,3,-0.024864405577396498,False,0.1077948880774726,0.02397205905699314,1.597775966131263,0.3553227848097502,LTC
1340,2020-09-03 00:00:00+00:00,2020-10-12 00:00:00+00:00,-1,39,0.01828827939470303,False,0.010673093475641202,0.28541917713892245,0.14023418511121405,3.7501335308773216,LTC
1341,2020-10-12 00:00:00+00:00,2020-10-17 00:00:00+00:00,1,5,-0.03310970006059158,False,0.09918827954860421,0.021183923975450412,1.9781227896094853,0.4224733303157985,LTC
1342,2020-10-17 00:00:00+00:00,2020-10-19 00:00:00+00:00,-1,2,-0.0001188721393771202,False,0.008617065994115252,0.028583438419503983,0.1630854016251586,0.5409662102688138,LTC
1343,2020-10-19 00:00:00+00:00,2021-01-28 00:00:00+00:00,1,101,0.28519325529956885,False,0.02420033670033682,2.926978114478114,0.48941544643969537,59.193734300258164,LTC
1344,2021-01-28 00:00:00+00:00,2021-01-29 00:00:00+00:00,-1,1,-0.01808018853294849,False,0.11120189557970422,0.013318081542609652,0.8048538813169619,0.09639322751995916,LTC
1345,2021-01-29 00:00:00+00:00,2021-01-31 00:00:00+00:00,1,2,-0.000685469065276228,False,0.039946039121636905,0.09443153713557666,0.3174390851112495,0.7504188503567978,LTC
1346,2021-01-31 00:00:00+00:00,2021-02-09 00:00:00+00:00,-1,9,-0.04654693521717632,False,0.27302680844690735,0.0581848135390145,2.274430840530376,0.4847045428118763,LTC
1347,2021-02-09 00:00:00+00:00,2021-03-16 00:00:00+00:00,1,35,0.04082744025776516,False,0.08765130284419544,0.47874306839186687,0.9464525165813296,5.169433507232303,LTC
1348,2021-03-16 00:00:00+00:00,2021-03-24 00:00:00+00:00,-1,8,0.024417195820804125,False,0.03845770648600179,0.09699113280860815,0.3975873713055505,1.0027235905853715,LTC
1349,2021-03-24 00:00:00+00:00,2021-03-25 00:00:00+00:00,1,1,-0.01687220843889698,False,0.0779074143771171,0.0607559546212161,0.9343748784337526,0.7286705401174176,LTC
1350,2021-03-25 00:00:00+00:00,2021-03-27 00:00:00+00:00,-1,2,-0.01412560045909848,False,0.044507521998296926,0.04609707635537896,0.48269487373841036,0.49993397637192505,LTC
1351,2021-03-27 00:00:00+00:00,2021-05-16 00:00:00+00:00,1,50,0.13600112472251918,False,0.03153079562163041,1.254206828949518,0.3715569908991111,14.779497508458446,LTC
1352,2021-05-16 00:00:00+00:00,2021-05-17 00:00:00+00:00,-1,1,0.0024148248309320813,False,0.07888955462352702,0.0679382198255776,0.5915036037703106,0.5093919220654878,LTC
1353,2021-05-17 00:00:00+00:00,2021-05-20 00:00:00+00:00,1,3,-0.06755508065156512,False,0.5619697840267686,0.07564132896204412,4.120067075548776,0.5545624655727526,LTC
1354,2021-05-20 00:00:00+00:00,2021-06-21 00:00:00+00:00,-1,32,0.01459672733239396,False,0.20956119595611958,0.36545493654549366,0.7900685886767218,1.3778050112001545,LTC
1355,2021-06-21 00:00:00+00:00,2021-06-22 00:00:00+00:00,1,1,-0.03919835100628693,False,0.19984503131658812,0.0036805062310324346,1.5537200411026795,0.02861455326101831,LTC
1356,2021-06-22 00:00:00+00:00,2021-07-30 00:00:00+00:00,-1,38,-0.0316628077489169,False,0.19953353707576002,0.1658356120315265,1.1957485289449443,0.9938063146652462,LTC
1357,2021-07-30 00:00:00+00:00,2021-08-02 00:00:00+00:00,1,3,-0.004000549870329624,False,0.03904095056227443,0.05933941580026887,0.5897913812306267,0.8964401609646709,LTC
1358,2021-08-02 00:00:00+00:00,2021-08-03 00:00:00+00:00,-1,1,-0.0032580736196089633,False,0.04078431372549019,0.0106951871657754,0.6161691882228547,0.16158282907941995,LTC
1359,2021-08-03 00:00:00+00:00,2021-08-04 00:00:00+00:00,1,1,-0.008233322600509588,False,0.04138662893526703,0.013371064732932543,0.6403383118419473,0.2068785315181694,LTC
1360,2021-08-04 00:00:00+00:00,2021-08-05 00:00:00+00:00,-1,1,-0.011768301251234401,False,0.04390525707683429,0.02130271519352967,0.6728569496345589,0.3264684212865028,LTC
1361,2021-08-05 00:00:00+00:00,2021-09-11 00:00:00+00:00,1,37,0.10536688155485038,False,0.04585933665240881,0.6329850641609983,0.7237987681669855,9.990415107405743,LTC
1362,2021-09-11 00:00:00+00:00,2021-09-14 00:00:00+00:00,-1,3,-0.005820226042300874,False,0.35748736793752867,0.01975195222783646,3.522027156981682,0.1945996373276097,LTC
1363,2021-09-14 00:00:00+00:00,2021-09-18 00:00:00+00:00,1,4,-0.000274168531224194,False,0.0180014490330492,0.08978431700384543,0.15850333572630151,0.7905537890249847,LTC
1364,2021-09-18 00:00:00+00:00,2021-09-19 00:00:00+00:00,-1,1,-0.0019538305609482693,False,0.03193025322079076,0.012438916037316798,0.31051496311076043,0.12096582910749673,LTC
1365,2021-09-19 00:00:00+00:00,2021-09-20 00:00:00+00:00,1,1,-0.007962133160286907,False,0.04913151364764266,0.002315963606286275,0.5015295567653618,0.023641123887930424,LTC
1366,2021-09-20 00:00:00+00:00,2021-10-09 00:00:00+00:00,-1,19,-0.008232936555440698,False,0.06539928282770795,0.20547555353178892,0.6694592373631815,2.103348865866913,LTC
1367,2021-10-09 00:00:00+00:00,2021-10-11 00:00:00+00:00,1,2,-0.0029958049865642907,False,0.012211745995683322,0.04668862887651936,0.15904568340956357,0.6080723337798182,LTC
1368,2021-10-11 00:00:00+00:00,2021-10-16 00:00:00+00:00,-1,5,-0.027646979637447788,False,0.10608227956743142,0.04840647708416781,1.429191870734858,0.6521555138304702,LTC
1369,2021-10-16 00:00:00+00:00,2021-11-27 00:00:00+00:00,1,42,0.04692954696707558,False,0.10460339197303282,0.5590435057410723,1.5257763601311944,8.154375773631665,LTC
1370,2021-11-27 00:00:00+00:00,2021-11-28 00:00:00+00:00,-1,1,0.000324578168901058,False,0.027444166198190855,0.02606429192006948,0.2563119618682212,0.24342476825473477,LTC
1371,2021-11-28 00:00:00+00:00,2021-12-04 00:00:00+00:00,1,6,-0.010715732794881777,False,0.0870880106617459,0.1273771080014352,0.8409897538728206,1.2300527006321116,LTC
1372,2021-12-04 00:00:00+00:00,2022-01-15 00:00:00+00:00,-1,42,0.05874561441772261,False,0.006544641906991539,0.35883792699797806,0.06303891097766495,3.4563773628729755,LTC
1373,2022-01-15 00:00:00+00:00,2022-01-16 00:00:00+00:00,1,1,0.005538871285092313,False,0.005114029025570012,0.043123704215618584,0.07548607327260776,0.636531212460926,LTC
1374,2022-01-16 00:00:00+00:00,2022-02-08 00:00:00+00:00,-1,23,0.01390465170568189,False,0.04222011385199234,0.3484006505828137,0.6488582708185712,5.354382616819068,LTC
1375,2022-02-08 00:00:00+00:00,2022-02-10 00:00:00+00:00,1,2,0.005447460872220016,False,0.049978143668949336,0.040288503569867413,0.7317261928123068,0.5898609105323711,LTC
1376,2022-02-10 00:00:00+00:00,2022-02-19 00:00:00+00:00,-1,9,0.05331721223126376,False,0.027079165475850184,0.18512432123463854,0.3968712625782971,2.713175306966676,LTC
1377,2022-02-19 00:00:00+00:00,2022-02-21 00:00:00+00:00,1,2,-0.010858400130042615,False,0.0558751743375174,0.02083333333333334,0.7042264732471732,0.26257430125752657,LTC
1378,2022-02-21 00:00:00+00:00,2022-03-01 00:00:00+00:00,-1,8,-0.013162796532535725,False,0.058264724509183005,0.17379896860580846,0.7440569212107591,2.219461716841412,LTC
1379,2022-03-01 00:00:00+00:00,2022-03-02 00:00:00+00:00,1,1,-0.002820223071225465,False,0.033972892096461885,0.020947016370357292,0.4023139933864229,0.248058887113908,LTC
1380,2022-03-02 00:00:00+00:00,2022-03-03 00:00:00+00:00,-1,1,0.004905696804473376,False,0.018388558230434462,0.03162476681176147,0.22127466916362987,0.3805496725712642,LTC
1381,2022-03-03 00:00:00+00:00,2022-03-05 00:00:00+00:00,1,2,-0.023914123964952023,False,0.10321059314347913,0.02475965898784681,1.2520869538847696,0.3003688386735857,LTC
1382,2022-03-05 00:00:00+00:00,2022-03-20 00:00:00+00:00,-1,15,-0.048477706676308116,False,0.16143097809929646,0.04756713903478344,1.7771751203394803,0.5236611772639348,LTC
1383,2022-03-20 00:00:00+00:00,2022-04-12 00:00:00+00:00,1,23,-0.053224129861712384,False,0.1276905925735357,0.1502444044250064,2.140039844802854,2.5180321075181995,LTC
1384,2022-04-12 00:00:00+00:00,2022-07-10 00:00:00+00:00,-1,89,0.15529064707027537,False,0.12380394454208155,0.6066198008201523,1.917771410628546,9.396777424475681,LTC
1385,2022-07-10 00:00:00+00:00,2022-07-14 00:00:00+00:00,1,4,-0.023757929616081752,False,0.1452358926919518,0.018131359851988972,1.8959212256332847,0.23668825491982515,LTC
1386,2022-07-14 00:00:00+00:00,2022-07-15 00:00:00+00:00,-1,1,-0.010520830629578891,False,0.045252525252525294,0.03191919191919188,0.564252830269666,0.39799976420806715,LTC
1387,2022-07-15 00:00:00+00:00,2022-07-24 00:00:00+00:00,1,9,0.026113902899655234,False,0.013257945018522123,0.20354844999025146,0.17175412867079554,2.6369310342986845,LTC
1388,2022-07-24 00:00:00+00:00,2022-07-25 00:00:00+00:00,-1,1,-0.012825833136824128,False,0.0625444207533759,0.0003553660270078736,0.924591209072016,0.005253359142455463,LTC
1389,2022-07-25 00:00:00+00:00,2022-07-26 00:00:00+00:00,1,1,-0.02653758283876431,False,0.07714726555803189,0.01131493228184474,1.1879587900422106,0.1742339558728585,LTC
1390,2022-07-26 00:00:00+00:00,2022-07-27 00:00:00+00:00,-1,1,7.667765673135293e-06,False,0.0035230854811792644,0.037641386983126295,0.04889334468344186,0.5223867879336221,LTC
1391,2022-07-27 00:00:00+00:00,2022-08-20 00:00:00+00:00,1,24,-0.0077784300265483775,False,0.016344725111441354,0.22232540861812775,0.23360710055730613,3.1775874928078935,LTC
1392,2022-08-20 00:00:00+00:00,2022-08-23 00:00:00+00:00,-1,3,-0.02016425368759384,False,0.06468952734012966,0.03169601482854496,0.919306243471734,0.4504337181480424,LTC
1393,2022-08-23 00:00:00+00:00,2022-08-25 00:00:00+00:00,1,2,-0.005462854389940452,False,0.05805210701171534,0.009617065920615567,0.8874487890755913,0.14701711867216236,LTC
1394,2022-08-25 00:00:00+00:00,2022-09-13 00:00:00+00:00,-1,19,-0.025128380010406962,False,0.14695975890799515,0.08509129586952663,2.2795516193344523,1.3198851354409356,LTC
1395,2022-09-13 00:00:00+00:00,2022-09-14 00:00:00+00:00,1,1,-0.01203912006637199,False,0.05004074979625102,0.099918500407498,0.7951684907894433,1.587746856201723,LTC
1396,2022-09-14 00:00:00+00:00,2022-09-17 00:00:00+00:00,-1,3,0.016107526466473888,False,0.03556910569105694,0.07621951219512195,0.4950276613433054,1.060773560021368,LTC
1397,2022-09-17 00:00:00+00:00,2022-09-19 00:00:00+00:00,1,2,-0.01827477535426035,False,0.07029153997495975,0.04435700232516552,0.9608626237924064,0.6063458796450819,LTC
1398,2022-09-19 00:00:00+00:00,2022-09-24 00:00:00+00:00,-1,5,-0.01633163133180937,False,0.05513307984790872,0.05019011406844107,0.7042998367842433,0.6411557134863461,LTC
1399,2022-09-24 00:00:00+00:00,2022-09-26 00:00:00+00:00,1,2,-0.01601473392460267,False,0.05452898550724647,0.013405797101449181,0.7417939370824371,0.18236794466478362,LTC
1400,2022-09-26 00:00:00+00:00,2022-10-05 00:00:00+00:00,-1,9,-0.02064830664036228,False,0.06153553057725275,0.03048199657077541,0.8406471446275103,0.41641963820557865,LTC
1401,2022-10-05 00:00:00+00:00,2022-10-06 00:00:00+00:00,1,1,-0.005389263005050934,False,0.03602461984069518,0.0005430847212165303,0.6471017926518075,0.009755303406811527,LTC
1402,2022-10-06 00:00:00+00:00,2022-10-24 00:00:00+00:00,-1,18,-0.006161455724787496,False,0.00806008426451727,0.11595530316907868,0.14667276314816538,2.110087706199755,LTC
1403,2022-10-24 00:00:00+00:00,2022-10-25 00:00:00+00:00,1,1,-0.018054841722026677,False,0.03556214113724767,0.0035191702167067553,0.9385779758138203,0.0928801121899081,LTC
1404,2022-10-25 00:00:00+00:00,2022-10-26 00:00:00+00:00,-1,1,-0.03922383018035706,False,0.0819203657839588,0.004572299485616346,2.0973109208435736,0.11705921418661912,LTC
1405,2022-10-26 00:00:00+00:00,2022-11-02 00:00:00+00:00,1,7,-0.0087618426347933,False,0.044178143444822016,0.030584868538722963,1.1085757496168003,0.7674755189654778,LTC
1406,2022-11-02 00:00:00+00:00,2022-11-03 00:00:00+00:00,-1,1,-0.05807320689511283,False,0.14347984017435522,0.008899382491827134,3.5111387082655874,0.21777948950001838,LTC
1407,2022-11-03 00:00:00+00:00,2022-11-10 00:00:00+00:00,1,7,-0.04064372961146876,False,0.22213101296995558,0.20357905105893953,5.032443065016757,4.612142942070056,LTC
1408,2022-11-10 00:00:00+00:00,2022-11-11 00:00:00+00:00,-1,1,-0.040699607994990394,False,0.21090047393364927,0.020339652448657212,2.1125117978447627,0.20373475203933597,LTC
1409,2022-11-11 00:00:00+00:00,2022-12-21 00:00:00+00:00,1,40,0.0036236052607957906,False,0.11779283000165211,0.4042623492483066,1.2891192902776043,4.424228475889617,LTC
1410,2022-12-21 00:00:00+00:00,2023-01-08 00:00:00+00:00,-1,18,-0.06436719354094607,False,0.19251908396946563,0.019694656488549712,2.766947346404153,0.28305805526259914,LTC
1411,2023-01-08 00:00:00+00:00,2023-03-01 00:00:00+00:00,1,52,0.09869044900374262,False,0.017417496071241465,0.3863279203771608,0.3689590773122309,8.183678782489341,LTC
1412,2023-03-01 00:00:00+00:00,2023-03-25 00:00:00+00:00,-1,24,0.03140509405350003,False,0.049061433447098915,0.30674061433447103,1.0314496036501142,6.448802304560288,LTC
1413,2023-03-25 00:00:00+00:00,2023-03-26 00:00:00+00:00,1,1,-0.005983716604406988,False,0.038070794567425965,0.00823441343171849,0.5241553406259569,0.11337067760729902,LTC
1414,2023-03-26 00:00:00+00:00,2023-04-02 00:00:00+00:00,-1,7,-0.004963883419780709,False,0.036640052499179634,0.06485836158810025,0.5063458650473629,0.8963077551435433,LTC
1415,2023-04-02 00:00:00+00:00,2023-04-21 00:00:00+00:00,1,19,-0.011494663039649853,False,0.06550643173710952,0.11966273916333361,1.028008069653656,1.8778959292188053,LTC
1416,2023-04-21 00:00:00+00:00,2023-04-26 00:00:00+00:00,-1,5,-0.004732458441367501,False,0.017409625194056255,0.07407407407407414,0.29117568936359495,1.2388876464642193,LTC
1417,2023-04-26 00:00:00+00:00,2023-04-27 00:00:00+00:00,1,1,-0.01187010326480666,False,0.07672015827654434,0.03209496592657729,1.4019983855669065,0.5865093532744079,LTC
1418,2023-04-27 00:00:00+00:00,2023-04-28 00:00:00+00:00,-1,1,-0.007105295817916946,False,0.02963551720222566,0.012149426592483175,0.4896685793218194,0.20074535627369375,LTC
1419,2023-04-28 00:00:00+00:00,2023-04-30 00:00:00+00:00,1,2,0.0048863587468650285,False,0.023634336677814987,0.021516164994425782,0.4067326602949496,0.37028020489115476,LTC
1420,2023-04-30 00:00:00+00:00,2023-05-18 00:00:00+00:00,-1,18,-0.012301583858001577,False,0.04338752196836543,0.1761862917398946,0.8136938979677392,3.3042152211145766,LTC
1421,2023-05-18 00:00:00+00:00,2023-05-25 00:00:00+00:00,1,7,-0.04091367371777842,False,0.10369817755515298,0.003836725993818602,2.105556802806226,0.0779034377194491,LTC
1422,2023-05-25 00:00:00+00:00,2023-05-29 00:00:00+00:00,-1,4,-0.028201480331844178,False,0.07660020986358876,0.03847499125568377,1.519960936796628,0.7634506988476198,LTC
1423,2023-05-29 00:00:00+00:00,2023-06-11 00:00:00+00:00,1,13,-0.07494396456915825,False,0.20671552006999896,0.06704582740894668,4.694061508976658,1.5224654523823749,LTC
1424,2023-06-11 00:00:00+00:00,2023-06-24 00:00:00+00:00,-1,13,-0.06159708367267872,False,0.20884680243870793,0.08924633545206913,3.098453736974005,1.3240597335640492,LTC
1425,2023-06-24 00:00:00+00:00,2023-06-26 00:00:00+00:00,1,2,-0.012323468750437935,False,0.054569362261669994,0.028161297392066548,1.0403751682603348,0.5369004382387653,LTC
1426,2023-06-26 00:00:00+00:00,2023-07-01 00:00:00+00:00,-1,5,-0.08715877779814558,False,0.26863301191151434,0.09245604083947823,4.825376924051037,1.6607610612760135,LTC
1427,2023-07-01 00:00:00+00:00,2023-07-29 00:00:00+00:00,1,28,-0.03233480491201654,False,0.20080986563592854,0.05880728879072336,3.385533770555555,0.991455581752979,LTC
1428,2023-07-29 00:00:00+00:00,2023-09-16 00:00:00+00:00,-1,49,0.13122042473155987,False,0.052631578947368446,0.39818360870992453,1.0725400499685447,8.114289484065557,LTC
1429,2023-09-16 00:00:00+00:00,2023-09-18 00:00:00+00:00,1,2,-0.017047111891594535,False,0.05376670716889438,0.0182260024301337,1.2036034447281097,0.4080011677044442,LTC
1430,2023-09-18 00:00:00+00:00,2023-09-20 00:00:00+00:00,-1,2,-0.026905467651634794,False,0.07698362720403013,0.010547858942065518,1.6668307197990329,0.2283796691749195,LTC
1431,2023-09-20 00:00:00+00:00,2023-09-21 00:00:00+00:00,1,1,-0.019429034142314717,False,0.06067816775728731,0.008774538964901896,1.3288639100815471,0.19216414385983277,LTC
1432,2023-09-21 00:00:00+00:00,2023-09-24 00:00:00+00:00,-1,3,-0.004629195421302951,False,0.020930232558139448,0.025116279069767402,0.4239208559767683,0.5087050271721233,LTC
1433,2023-09-24 00:00:00+00:00,2023-09-25 00:00:00+00:00,1,1,-0.01200992032329469,False,0.02844403444034453,0.0004612546125459244,0.6426472705667531,0.010421307090267081,LTC
1434,2023-09-25 00:00:00+00:00,2023-09-29 00:00:00+00:00,-1,4,-0.014224808343712207,False,0.031313926042486374,0.016522423288748974,0.7088458146083012,0.37401412328578443,LTC
1435,2023-09-29 00:00:00+00:00,2023-10-12 00:00:00+00:00,1,13,-0.037479072294315074,False,0.06382325866830321,0.055998772629640856,1.5406375427902026,1.3517613055731301,LTC
1436,2023-10-12 00:00:00+00:00,2023-10-23 00:00:00+00:00,-1,11,-0.037918768323250154,False,0.0788361508452536,0.03202210663198969,2.0814711879252723,0.845463554683051,LTC
1437,2023-10-23 00:00:00+00:00,2023-11-22 00:00:00+00:00,1,30,0.01921893168542648,False,0.010884562317951985,0.17905871531503897,0.30492100512677084,5.016165267437523,LTC
1438,2023-11-22 00:00:00+00:00,2023-11-23 00:00:00+00:00,-1,1,-0.019875303306219033,False,0.044582136920054444,0.0033247695330209893,0.7595927113343942,0.056647592031717195,LTC
1439,2023-11-24 00:00:00+00:00,2023-11-28 00:00:00+00:00,1,4,-0.003890728444398276,False,0.023590333716916004,0.04042002301495976,0.4402271060334418,0.7542915658255928,LTC
1440,2023-11-28 00:00:00+00:00,2023-11-29 00:00:00+00:00,-1,1,-0.005037636763130066,False,0.015746893961282916,0.020658769141866404,0.3202531390017745,0.4201486135527832,LTC
1441,2023-11-29 00:00:00+00:00,2023-11-30 00:00:00+00:00,1,1,0.000779057512195319,False,0.009027081243731331,0.009743516263074832,0.18859755199364622,0.2035656116756763,LTC
1442,2023-11-30 00:00:00+00:00,2023-12-02 00:00:00+00:00,-1,2,-0.013969185313977499,False,0.03155790375553325,0.013280022847351232,0.6916160756142985,0.2910420589689159,LTC
1443,2023-12-02 00:00:00+00:00,2023-12-05 00:00:00+00:00,1,3,0.009544299791572886,False,0.006145251396648013,0.049441340782123,0.14455124242619444,1.162980450428936,LTC
1444,2023-12-05 00:00:00+00:00,2023-12-06 00:00:00+00:00,-1,1,-0.012890155359523512,False,0.02014250479583446,0.02562345848177589,0.511350660955024,0.6504936979495903,LTC
1445,2023-12-06 00:00:00+00:00,2023-12-07 00:00:00+00:00,1,1,-0.01809182448781616,False,0.029712288249529362,0.008335574079053571,0.7599796777008218,0.21320696840475759,LTC
1446,2023-12-07 00:00:00+00:00,2023-12-08 00:00:00+00:00,-1,1,-0.014487650256399856,False,0.02954168967421315,0.008282716731087719,0.7373200677685512,0.2067252526453862,LTC
1447,2023-12-08 00:00:00+00:00,2023-12-14 00:00:00+00:00,1,6,-0.000799998555045964,False,0.06236501079913613,0.0751889848812096,1.598171959649893,1.9268003929112354,LTC
1448,2023-12-14 00:00:00+00:00,2023-12-15 00:00:00+00:00,-1,1,0.0007106506567811021,False,0.012296761852712198,0.029922120508266127,0.259470107207008,0.6313772608703815,LTC
1449,2023-12-15 00:00:00+00:00,2024-01-03 00:00:00+00:00,1,19,-0.003994347040194924,False,0.06768050417865458,0.06740649404027951,1.4353938035547316,1.429582492609167,LTC
1450,2024-01-03 00:00:00+00:00,2024-01-13 00:00:00+00:00,-1,10,0.014779886954759486,False,0.05750273822562963,0.2308324205914568,1.3076313850656174,5.249205988620566,LTC
1451,2024-01-13 00:00:00+00:00,2024-01-14 00:00:00+00:00,1,1,-0.006042139284880749,False,0.02685667306111274,0.008906549739654582,0.43186388288983857,0.14322016524407666,LTC
1452,2024-01-14 00:00:00+00:00,2024-01-22 00:00:00+00:00,-1,8,-0.0014537793885820369,False,0.011390470898736038,0.08153910265314614,0.18633317097391552,1.3338728214839908,LTC
1453,2024-01-22 00:00:00+00:00,2024-01-23 00:00:00+00:00,1,1,-0.029642556167792922,False,0.07189633551623237,0.013236728438066085,1.3958562922790796,0.2569890460591338,LTC
1454,2024-01-23 00:00:00+00:00,2024-02-01 00:00:00+00:00,-1,9,0.004635223401949376,False,0.040380047505938224,0.06205463182897862,0.7030172493692349,1.0803720964571337,LTC
1455,2024-02-01 00:00:00+00:00,2024-02-06 00:00:00+00:00,1,5,0.005697148153607151,False,0.016336930455635543,0.03702038369304555,0.3473233886072481,0.7870539173026604,LTC
1456,2024-02-06 00:00:00+00:00,2024-02-07 00:00:00+00:00,-1,1,-0.005974778272954118,False,0.016400709219858145,0.0023640661938535874,0.40600111556323865,0.058522683324434784,LTC
1457,2024-02-07 00:00:00+00:00,2024-02-08 00:00:00+00:00,1,1,0.0017816889017219719,False,0.008055067369654322,0.007908611599296896,0.2091722052005201,0.20536907419687236,LTC
1458,2024-02-08 00:00:00+00:00,2024-02-12 00:00:00+00:00,-1,4,-0.027459372344675475,False,0.06558810668998688,0.004372540445999084,1.7861009798200949,0.11907339865467187,LTC
1459,2024-02-12 00:00:00+00:00,2024-02-14 00:00:00+00:00,1,2,-0.02629365814665832,False,0.04751921733053797,0.027253668763102767,1.4233277468010195,0.8163203253711763,LTC
1460,2024-02-14 00:00:00+00:00,2024-02-15 00:00:00+00:00,-1,1,-0.007929702239707577,False,0.026533275337103063,0.007684500507467031,0.6952755204648403,0.20136394854992706,LTC
1461,2024-02-15 00:00:00+00:00,2024-02-17 00:00:00+00:00,1,2,0.004643158891506508,False,0.02046365197481386,0.017029192902117886,0.54734371028688,0.4554818288401325,LTC
1462,2024-02-17 00:00:00+00:00,2024-02-20 00:00:00+00:00,-1,3,-0.006592942620534107,False,0.01670678182075615,0.03695313606116381,0.45810499050442793,1.0132661230648727,LTC
1463,2024-02-20 00:00:00+00:00,2024-04-09 00:00:00+00:00,1,49,0.19896055640300211,False,0.06067825112107621,0.5835201793721974,1.778991372614992,17.10789855789568,LTC
1464,2024-04-09 00:00:00+00:00,2024-04-12 00:00:00+00:00,-1,3,0.009915027130936753,False,0.001741654571843317,0.09550072568940485,0.02207046236890594,1.2101970198949619,LTC
1465,2024-04-12 00:00:00+00:00,2024-04-13 00:00:00+00:00,1,1,-0.03344291260967292,False,0.20131512392513903,0.007587253414264037,2.5986658961927787,0.09793966945450175,LTC
1466,2024-04-13 00:00:00+00:00,2024-04-17 00:00:00+00:00,-1,4,0.01459851177150441,False,0.0068532930653967174,0.18074108491113952,0.06871818379762153,1.8122965082898048,LTC
1467,2024-04-17 00:00:00+00:00,2024-04-18 00:00:00+00:00,1,1,0.0003027544859680089,False,0.04605757196495628,0.011264080100125048,0.42989859133553254,0.10513824244618881,LTC
1468,2024-04-18 00:00:00+00:00,2024-05-12 00:00:00+00:00,-1,24,-0.0029099935415196595,False,0.1053025577043044,0.07061759201497206,1.0198334293438451,0.6839167310528644,LTC
1469,2024-05-12 00:00:00+00:00,2024-05-15 00:00:00+00:00,1,3,-0.016227337792956792,False,0.037123540258143774,0.014382298709280907,0.7010645829598786,0.2716044907493577,LTC
1470,2024-05-15 00:00:00+00:00,2024-05-16 00:00:00+00:00,-1,1,-0.023205033361914807,False,0.052203734281722335,0.006985901181252345,1.0228106505935897,0.13687247149062565,LTC
1471,2024-05-16 00:00:00+00:00,2024-05-19 00:00:00+00:00,1,3,0.006637295332299984,False,0.013224945401601594,0.028512496966755573,0.268197310880798,0.5782235601558458,LTC
1472,2024-05-19 00:00:00+00:00,2024-05-21 00:00:00+00:00,-1,2,-0.03018826515925728,False,0.06335003579098071,0.025292293008828327,1.4638554294875734,0.5844394558406102,LTC
1473,2024-05-21 00:00:00+00:00,2024-05-25 00:00:00+00:00,1,4,-0.018314816660770925,False,0.10116161046577195,0.01127777151234916,2.367768710577771,0.2639652966084472,LTC
1474,2024-05-25 00:00:00+00:00,2024-05-26 00:00:00+00:00,-1,1,-0.00037070124218804146,False,0.011287477954144715,0.0068195179306290215,0.24469595206259323,0.14783713770448173,LTC
1475,2024-05-26 00:00:00+00:00,2024-06-08 00:00:00+00:00,1,13,-0.0377410156308912,False,0.12233854840606993,0.017644982943183153,2.771112764658112,0.39967972567184284,LTC
1476,2024-06-08 00:00:00+00:00,2024-07-17 00:00:00+00:00,-1,39,0.07383012865667635,False,0.006987771400049941,0.29598203144497126,0.1685825609959361,7.140675619327835,LTC
1477,2024-07-17 00:00:00+00:00,2024-07-18 00:00:00+00:00,1,1,-0.010708909572433868,False,0.028563618969523075,0.014213475468087905,0.6273927757179065,0.3121954482041228,LTC
1478,2024-07-18 00:00:00+00:00,2024-07-22 00:00:00+00:00,-1,4,-0.01598192292141172,False,0.03911946158160413,0.024116657319125056,0.841154013673843,0.5185608973186401,LTC
1479,2024-07-22 00:00:00+00:00,2024-07-26 00:00:00+00:00,1,4,-0.03342678855143707,False,0.0907369844489521,0.008519269776876205,2.096035186609144,0.19679615015853194,LTC
1480,2024-07-26 00:00:00+00:00,2024-08-02 00:00:00+00:00,-1,7,-0.0059467897423688635,False,0.11618438272502558,0.042314962919877804,2.437571986686113,0.8877765308205972,LTC
1481,2024-08-02 00:00:00+00:00,2024-08-04 00:00:00+00:00,1,2,-0.03491215192181471,False,0.10080529191832045,0.005752085130859814,2.054815778573566,0.11725054371318237,LTC
1482,2024-08-04 00:00:00+00:00,2024-08-05 00:00:00+00:00,-1,1,0.014188606419859022,False,0.009130300216651024,0.06886412875270818,0.1633003114583938,1.23167184066079,LTC
1483,2024-08-05 00:00:00+00:00,2024-08-06 00:00:00+00:00,1,1,-0.04562036903249567,False,0.21131047741108627,0.00224287087471965,3.5505612059878,0.03768601734937784,LTC
1484,2024-08-06 00:00:00+00:00,2024-09-01 00:00:00+00:00,-1,26,-0.05195759958640451,False,0.21556031406138482,0.016595289079229116,2.744395374937614,0.21128209426258107,LTC
1485,2024-09-01 00:00:00+00:00,2024-09-10 00:00:00+00:00,1,9,-0.027290447125482543,False,0.08238373883584839,0.054819833692639396,1.733111331755601,1.153247914214944,LTC
1486,2024-09-10 00:00:00+00:00,2024-09-19 00:00:00+00:00,-1,9,-0.030868097100436406,False,0.08732486151840978,0.021342456826327832,1.7152080980040258,0.4192019791763584,LTC
1487,2024-09-19 00:00:00+00:00,2024-09-21 00:00:00+00:00,1,2,0.0028938835912083933,False,0.008023453170806912,0.024841845394229276,0.1939846950866114,0.6006064597873975,LTC
1488,2024-09-21 00:00:00+00:00,2024-09-22 00:00:00+00:00,-1,1,-0.014486586764352724,False,0.028181957420738077,0.007658140603461479,0.7201487464350501,0.1956925941399604,LTC
1489,2024-09-22 00:00:00+00:00,2024-10-02 00:00:00+00:00,1,10,-0.027312507899396796,False,0.07304295764107173,0.07019907199521026,1.921510558281438,1.8466976472008065,LTC
1490,2024-10-02 00:00:00+00:00,2024-10-05 00:00:00+00:00,-1,3,-0.013288732548562335,False,0.028409090909090863,0.02351641414141417,0.6436560179624841,0.5328041482022801,LTC
1491,2024-10-05 00:00:00+00:00,2024-10-26 00:00:00+00:00,1,21,0.03303863036160987,False,0.025735860687317026,0.17414085375250418,0.6251511787976826,4.2300648625232355,LTC
1492,2024-10-26 00:00:00+00:00,2024-10-28 00:00:00+00:00,-1,2,-0.017648696315670214,False,0.03488372093023264,0.012499999999999992,0.795341506952066,0.28499737332448943,LTC
1493,2024-10-28 00:00:00+00:00,2024-11-04 00:00:00+00:00,1,7,-0.028594802372787515,False,0.08177339901477836,0.04686840253342714,1.9729391790842914,1.1307895811274844,LTC
1494,2024-11-04 00:00:00+00:00,2024-11-05 00:00:00+00:00,-1,1,0.00854243947581584,False,0.013469021251122504,0.03636635737803042,0.2954848346887455,0.7978090536596053,LTC
1495,2024-11-05 00:00:00+00:00,2024-11-06 00:00:00+00:00,1,1,-0.0021138331700472114,False,0.010987334045475337,0.026552723943232028,0.23482304241522975,0.5674890191701377,LTC
1496,2024-11-06 00:00:00+00:00,2024-11-07 00:00:00+00:00,-1,1,-0.044606640431410216,False,0.09606853296619246,0.0007648768548265468,2.0775144407596957,0.016540720069746558,LTC
1497,2024-11-07 00:00:00+00:00,2024-12-28 00:00:00+00:00,1,51,0.13969359768692244,False,0.016469594594594617,1.0736204954954953,0.35899828356993896,23.402392382802738,LTC
1498,2024-12-28 00:00:00+00:00,2025-01-07 00:00:00+00:00,-1,10,-0.03414727490218046,False,0.16782729805013932,0.037803422204536384,1.5677798522214936,0.35314543203566506,LTC
1499,2025-01-07 00:00:00+00:00,2025-01-08 00:00:00+00:00,1,1,-0.02838047043377633,False,0.10502763885232955,0.007984557339650755,1.4772572021907517,0.11230610309052458,LTC
1500,2025-01-08 00:00:00+00:00,2025-01-16 00:00:00+00:00,-1,8,-0.04252431861350581,False,0.15622869387357546,0.1027564040128567,1.899555873636512,1.2493961637696511,LTC
1501,2025-01-16 00:00:00+00:00,2025-02-03 00:00:00+00:00,1,18,-0.0037482940904851694,False,0.11356251068924236,0.20788438515478025,1.6124325534860569,2.9516743505456358,LTC
1502,2025-02-03 00:00:00+00:00,2025-02-06 00:00:00+00:00,-1,3,0.010732304496938077,False,0.003301540719002196,0.26898385913426276,0.03159236531590025,2.573900207542656,LTC
1503,2025-02-06 00:00:00+00:00,2025-02-07 00:00:00+00:00,1,1,-0.004158516122471575,False,0.03775045978124098,0.06146549220791786,0.31805942599872283,0.5178659884850987,LTC
1504,2025-02-07 00:00:00+00:00,2025-02-09 00:00:00+00:00,-1,2,-0.007371942835084114,False,0.06447484988679986,0.010532532729599442,0.5405113118122192,0.08829726773115706,LTC
1505,2025-02-09 00:00:00+00:00,2025-02-15 00:00:00+00:00,1,6,0.04600447156738156,False,0.023131332441215843,0.2788185815331675,0.21604502918287682,2.6041460749026903,LTC
1506,2025-02-15 00:00:00+00:00,2025-02-16 00:00:00+00:00,-1,1,-0.01855060771500953,False,0.0813906913402228,0.004646318993831598,0.8929876431009331,0.0509776410431633,LTC
1507,2025-02-16 00:00:00+00:00,2025-02-25 00:00:00+00:00,1,9,-0.039176819223814885,False,0.19189653883531446,0.04746953726545559,2.2652667628251075,0.5603601068928481,LTC
1508,2025-02-25 00:00:00+00:00,2025-02-26 00:00:00+00:00,-1,1,-3.291566594053059e-05,False,0.021536315284680432,0.07576946551573806,0.21707470201478402,0.7637162593151715,LTC
1509,2025-02-26 00:00:00+00:00,2025-02-28 00:00:00+00:00,1,2,0.02502466186276228,False,0.005763688760807011,0.15317439524932325,0.058083461348490954,1.543611987958356,LTC
1510,2025-02-28 00:00:00+00:00,2025-03-02 00:00:00+00:00,-1,2,0.0047336318498972935,False,0.03312041637094857,0.10062297926031075,0.3640850608491029,1.106125089627278,LTC
1511,2025-03-02 00:00:00+00:00,2025-03-09 00:00:00+00:00,1,7,-0.04457498116070673,False,0.24476819059884095,0.04893754024468769,2.630571261403165,0.52594124529205,LTC
1512,2025-03-09 00:00:00+00:00,2025-04-27 00:00:00+00:00,-1,49,0.0517291948188086,False,0.003909304143862449,0.38408913213448,0.03419296592429951,3.359458902062378,LTC
1513,2025-04-27 00:00:00+00:00,2025-04-28 00:00:00+00:00,1,1,-0.007966060785899448,False,0.028505747126436828,0.00620689655172421,0.5257462226431273,0.11447700009164982,LTC
1514,2025-04-28 00:00:00+00:00,2025-04-29 00:00:00+00:00,-1,1,-0.0018946843797636515,False,0.03211062932145781,0.019922653228641778,0.5961857634298214,0.3698962765805474,LTC
