,entry,exit,direction,bars,return,open,mae,mfe,mae_atr,mfe_atr,symbol
0,2020-01-29 16:00:00+00:00,2020-01-29 17:00:00+00:00,1,1,0.0061252105695696925,False,0.0026729854147969916,0.008826017058037405,0.2816453896148476,0.9299740280277692,BTC
1,2020-02-06 08:00:00+00:00,2020-02-06 09:00:00+00:00,1,1,-0.00041858728347694417,False,0.0029768696193341695,0.0034228814438336274,0.39845495614700527,0.4581537823292976,BTC
2,2020-02-10 00:00:00+00:00,2020-02-10 01:00:00+00:00,1,1,0.001610266558346442,False,0.00011113974298188911,0.004541976399033015,0.022062228894278682,0.9016227702110774,BTC
3,2020-02-10 08:00:00+00:00,2020-02-10 09:00:00+00:00,1,1,-0.0069716976427219406,False,0.008579294128486127,0.0011346259189418365,1.0453292000746115,0.1382465254680199,BTC
4,2020-02-10 16:00:00+00:00,2020-02-10 17:00:00+00:00,1,1,-0.005759603178600012,False,0.005055252256175982,0.0029818999483434967,0.620925377445389,0.3662601304747069,BTC
5,2020-02-12 08:00:00+00:00,2020-02-12 09:00:00+00:00,1,1,-0.009191229036924816,False,0.013176580837798003,0.0006546351349135576,1.6541204438844872,0.08217954060125922,BTC
6,2020-02-12 16:00:00+00:00,2020-02-12 17:00:00+00:00,1,1,0.0009598004827218635,False,0.0016477989491651543,0.005912519496211099,0.19952704929564874,0.7159293126019329,BTC
7,2020-02-13 00:00:00+00:00,2020-02-13 01:00:00+00:00,1,1,0.0016907796966246307,False,0.0012388793412759095,0.0053201211993435405,0.17055851120758037,0.732429641024934,BTC
8,2020-03-13 16:00:00+00:00,2020-03-13 17:00:00+00:00,-1,1,0.0005285314883157584,False,0.042045738205418744,0.03364503926726691,0.45374544721486665,0.3630875337305957,BTC
9,2020-07-28 08:00:00+00:00,2020-07-28 09:00:00+00:00,1,1,-0.017068138208613973,False,0.017052910548156136,0.002820892591348631,0.9281536414784597,0.15353518236585942,BTC
10,2020-07-28 16:00:00+00:00,2020-07-28 17:00:00+00:00,1,1,-0.018565410875166895,False,0.0264279579080113,0.0025445429361392142,1.561743778472186,0.1503681863503393,BTC
11,2020-08-10 16:00:00+00:00,2020-08-10 17:00:00+00:00,1,1,-0.00529256455091012,False,0.008951621014516988,0.003124685687464433,0.8873603087724138,0.30974524635801864,BTC
12,2020-08-18 08:00:00+00:00,2020-08-18 09:00:00+00:00,1,1,-0.0030402784438022055,False,0.0010671610908178824,0.0019909478671441883,0.14146692178798118,0.26392760064872034,BTC
13,2020-08-19 00:00:00+00:00,2020-08-19 01:00:00+00:00,1,1,0.0017584738131844373,False,0.0024906381601884887,0.004760555113834344,0.28429973421194715,0.5434047286346904,BTC
14,2020-11-23 08:00:00+00:00,2020-11-23 09:00:00+00:00,1,1,0.005270007191430049,False,0.0001087642915468521,0.011670246148201804,0.00970751788153019,1.0416021798544661,BTC
15,2020-11-24 00:00:00+00:00,2020-11-24 01:00:00+00:00,1,1,-0.001712609733288971,False,0.008388609117471576,0.0008475650457212788,0.8055782159569892,0.08139370041900933,BTC
16,2021-01-03 00:00:00+00:00,2021-01-03 01:00:00+00:00,1,1,0.0058172081739420265,False,0.006207781326096856,0.01048884919243568,0.2761692611479376,0.4666236743214025,BTC
17,2021-01-03 08:00:00+00:00,2021-01-03 09:00:00+00:00,1,1,-0.0031154222644074843,False,0.019500908557146215,0.007881124058082686,0.9585855118502038,0.3874040697659532,BTC
18,2021-01-03 16:00:00+00:00,2021-01-03 17:00:00+00:00,1,1,-0.026940729537627092,False,0.025803462445058867,0.010330806434974357,1.1548795602840176,0.4623734980685561,BTC
19,2021-01-04 00:00:00+00:00,2021-01-04 01:00:00+00:00,1,1,-0.006051129693872403,False,0.01807709866090968,0.0033420532677367115,0.7813911093277565,0.14446182760269496,BTC
20,2021-01-04 08:00:00+00:00,2021-01-04 09:00:00+00:00,1,1,-0.003372167157865212,False,0.019902083414889117,0.01417112349308311,0.8591443600306051,0.6117470503249518,BTC
21,2021-01-04 16:00:00+00:00,2021-01-04 17:00:00+00:00,1,1,-0.014741098506913807,False,0.031405254298235645,0.005718805556202772,1.002092076535145,0.18247805544557927,BTC
22,2021-01-06 08:00:00+00:00,2021-01-06 09:00:00+00:00,1,1,-0.0053680615234539325,False,0.019624057529952946,0.009854081139769207,0.8368940623247954,0.420240410677158,BTC
23,2021-01-06 16:00:00+00:00,2021-01-06 17:00:00+00:00,1,1,-0.0003100651902538485,False,0.00679267418743353,0.015477483933607521,0.2932355566291064,0.6681534387275313,BTC
24,2021-01-07 00:00:00+00:00,2021-01-07 01:00:00+00:00,1,1,0.00829824909327908,False,0.008789996002572265,0.01673705615516971,0.37219137728499035,0.7086906501738909,BTC
25,2021-01-07 08:00:00+00:00,2021-01-07 09:00:00+00:00,1,1,0.00896503653543106,False,0.015424866636464302,0.014559981618483844,0.7283339650818307,0.6874956778323035,BTC
26,2021-01-07 16:00:00+00:00,2021-01-07 17:00:00+00:00,1,1,0.0005432041207718519,False,0.0018432783209418474,0.015774908008939364,0.0936905903392712,0.8018107884814936,BTC
27,2021-01-08 08:00:00+00:00,2021-01-08 09:00:00+00:00,1,1,-0.008348745565337445,False,0.013236236121148465,0.0022968883450496026,0.4826900820068616,0.08376136640998516,BTC
28,2021-01-09 00:00:00+00:00,2021-01-09 01:00:00+00:00,1,1,-0.009500704889929849,False,0.015320187916351573,0.010057279986849426,0.5460306863195898,0.3584540557669257,BTC
29,2021-01-10 00:00:00+00:00,2021-01-10 01:00:00+00:00,1,1,0.011205448669076513,False,0.00026111195823013935,0.01720000279050939,0.013861047382396933,0.9130568177443632,BTC
30,2021-01-10 08:00:00+00:00,2021-01-10 09:00:00+00:00,1,1,-0.006900658827606571,False,0.009878049107222354,0.004130142980352281,0.5978243957129789,0.24995828676656573,BTC
31,2021-01-10 16:00:00+00:00,2021-01-10 17:00:00+00:00,1,1,-0.012567701331722091,False,0.01261234045766936,0.0022860811116984536,0.6535762696027714,0.1184655909034454,BTC
32,2021-01-16 00:00:00+00:00,2021-01-16 01:00:00+00:00,1,1,0.009820412436430993,False,0.0003915088025543955,0.018959745603620126,0.01621105058912787,0.7850587091067434,BTC
33,2021-01-19 00:00:00+00:00,2021-01-19 01:00:00+00:00,1,1,-0.00021966927668377466,False,0.0069384515327832064,0.00848096566454582,0.42142167183845086,0.5151095618770924,BTC
34,2021-01-19 16:00:00+00:00,2021-01-19 17:00:00+00:00,1,1,-0.00137015991237277,False,0.0026508649289607193,0.015638711831611665,0.17471376453750626,1.0307195160220104,BTC
35,2021-01-20 00:00:00+00:00,2021-01-20 01:00:00+00:00,1,1,0.010548773873767391,False,0.008079456064648908,0.014180980595987387,0.4919024025355656,0.8633821843524758,BTC
36,2021-01-30 00:00:00+00:00,2021-01-30 01:00:00+00:00,1,1,-0.001430168941050923,False,0.0013945406026084788,0.018078253599791035,0.04001515305012195,0.5187400663139058,BTC
37,2021-02-03 00:00:00+00:00,2021-02-03 01:00:00+00:00,1,1,0.01650571598689857,False,0.002649274477341399,0.022316884322525477,0.20000547841466246,1.6848005609938164,BTC
38,2021-02-07 00:00:00+00:00,2021-02-07 01:00:00+00:00,1,1,0.007881130224710865,False,0.014001183198580184,0.010611844113332335,1.0384524680560954,0.7870688893802921,BTC
39,2021-02-07 08:00:00+00:00,2021-02-07 09:00:00+00:00,1,1,0.010271711991234393,False,7.629995406629917e-05,0.013836663817793752,0.005027448434074724,0.911705841698676,BTC
40,2021-02-08 00:00:00+00:00,2021-02-08 01:00:00+00:00,1,1,-0.003521530016667061,False,0.0037542552301524108,0.008666319169610746,0.2528581777513721,0.5836975748051619,BTC
41,2021-02-09 00:00:00+00:00,2021-02-09 01:00:00+00:00,1,1,0.0062529675077049075,False,0.004665959977025367,0.02610711600875926,0.2023527174202192,1.1322098548614754,BTC
42,2021-02-09 08:00:00+00:00,2021-02-09 09:00:00+00:00,1,1,-0.011009143060463356,False,0.016215523687106822,0.011588367736135963,0.7340345895709002,0.5245752723826407,BTC
43,2021-02-09 16:00:00+00:00,2021-02-09 17:00:00+00:00,1,1,-0.00867749778800049,False,0.015496062091004308,0.008095948886929804,0.6697651191030902,0.3499201370427423,BTC
44,2021-02-10 00:00:00+00:00,2021-02-10 01:00:00+00:00,1,1,-0.0002538974048353635,False,0.007698439362529951,0.010656333252603586,0.3756513855278396,0.5199841373656533,BTC
45,2021-02-10 08:00:00+00:00,2021-02-10 09:00:00+00:00,1,1,-0.00014634682726443393,False,0.005867569211415336,0.005850644354992576,0.3393115581060477,0.3383328224155755,BTC
46,2021-02-10 16:00:00+00:00,2021-02-10 17:00:00+00:00,1,1,0.006438086019698549,False,0.011875287743111867,0.012968148470490508,0.5700236329200915,0.6224818516657724,BTC
47,2021-02-11 00:00:00+00:00,2021-02-11 01:00:00+00:00,1,1,-0.013840579710144917,False,0.01808316610925304,0.005548717948717962,1.0075210981396365,0.309152189787099,BTC
48,2021-02-12 00:00:00+00:00,2021-02-12 01:00:00+00:00,1,1,-0.000503250734859416,False,0.0036664425727644372,0.025359231680427616,0.20236784484942127,1.3996927431311006,BTC
49,2021-02-12 08:00:00+00:00,2021-02-12 09:00:00+00:00,1,1,-0.005789997172912242,False,0.00482292725945489,0.008468604557940561,0.2814815190956862,0.4942549508530602,BTC
50,2021-02-12 16:00:00+00:00,2021-02-12 17:00:00+00:00,1,1,0.011518440620397908,False,0.00035830083422279185,0.021594687207831902,0.021293728990616996,1.2833668613643041,BTC
51,2021-02-13 00:00:00+00:00,2021-02-13 01:00:00+00:00,1,1,0.0013535893034907842,False,0.00124638336624011,0.007073325896839659,0.08275283623742494,0.46962900456611717,BTC
52,2021-02-13 08:00:00+00:00,2021-02-13 09:00:00+00:00,1,1,0.007146082964652826,False,0.007997882482003118,0.011579804491009172,0.5996837072832636,0.8682573296631565,BTC
53,2021-02-13 16:00:00+00:00,2021-02-13 17:00:00+00:00,1,1,-4.1667899143681174e-05,False,0.0046667208461505716,0.007120711960856704,0.3451665086947941,0.5266720183140066,BTC
54,2021-02-14 16:00:00+00:00,2021-02-14 17:00:00+00:00,1,1,0.006223826045970897,False,0.002804642146457048,0.011719287379480555,0.21386435776099813,0.8936390947398761,BTC
55,2021-02-15 00:00:00+00:00,2021-02-15 01:00:00+00:00,1,1,0.0023459289149095246,False,0.003189997535721234,0.009141672597857472,0.26803128842671575,0.768105384829069,BTC
56,2021-02-15 08:00:00+00:00,2021-02-15 09:00:00+00:00,1,1,0.005469761631709675,False,0.0027578294615603926,0.011323952667586245,0.17404837419070482,0.7146618667605095,BTC
57,2021-02-16 16:00:00+00:00,2021-02-16 17:00:00+00:00,1,1,-0.01876803082394531,False,0.018884485323237832,0.006933270685508392,1.1722572238278082,0.4303838048389704,BTC
58,2021-02-17 00:00:00+00:00,2021-02-17 01:00:00+00:00,1,1,-0.0030479941282175846,False,0.0014711998103986601,0.009676421411140338,0.10005507154619936,0.6580853462321135,BTC
59,2021-02-17 08:00:00+00:00,2021-02-17 09:00:00+00:00,1,1,-0.003774652387011954,False,0.009407309050070516,0.004269513112946261,0.6377152845518453,0.2894274818897281,BTC
60,2021-02-18 00:00:00+00:00,2021-02-18 01:00:00+00:00,1,1,0.00043762642579259204,False,9.464577000469259e-05,0.008533063369366371,0.007388393025524466,0.6661219606693354,BTC
61,2021-02-18 08:00:00+00:00,2021-02-18 09:00:00+00:00,1,1,-0.005112590935388139,False,0.0066816738266104,0.005941188960967052,0.5957800221012273,0.529753738707741,BTC
62,2021-02-18 16:00:00+00:00,2021-02-18 17:00:00+00:00,1,1,0.006711366410713598,False,0.0025867321776011022,0.009994650009174742,0.21566725861809163,0.8332980070341096,BTC
63,2021-02-19 00:00:00+00:00,2021-02-19 01:00:00+00:00,1,1,-0.0031989158641952376,False,0.0019232967258623905,0.008057970116060426,0.1791361108207769,0.7505203998378708,BTC
64,2021-02-20 00:00:00+00:00,2021-02-20 01:00:00+00:00,1,1,0.004616152031726318,False,0.010314780524997246,0.013318667740397604,0.778925795428255,1.0057658365674835,BTC
65,2021-02-20 08:00:00+00:00,2021-02-20 09:00:00+00:00,1,1,-0.0017598314630324556,False,0.0004243089431923393,0.008761880243636883,0.03335802881625286,0.6888354778779802,BTC
66,2021-02-20 16:00:00+00:00,2021-02-20 17:00:00+00:00,1,1,0.008810414042231863,False,0.0,0.014644724656873725,0.0,1.0455160150659328,BTC
67,2021-02-21 00:00:00+00:00,2021-02-21 01:00:00+00:00,1,1,-0.00258210977857698,False,0.00631127228532229,0.004565662107740605,0.41053638141849086,0.29698772541480234,BTC
68,2021-02-21 08:00:00+00:00,2021-02-21 09:00:00+00:00,1,1,0.005119784009266135,False,0.004492977375062851,0.010750423536600147,0.3510295980085376,0.8399145015551033,BTC
69,2021-02-22 00:00:00+00:00,2021-02-22 01:00:00+00:00,1,1,-0.02278477834094687,False,0.02008143345423513,0.0018167449823379186,1.7038128720562198,0.15414205829505082,BTC
70,2021-02-22 08:00:00+00:00,2021-02-22 09:00:00+00:00,1,1,-0.01849872137481145,False,0.017524008261295427,0.0037010136142848773,1.2209638628164847,0.25786360126376817,BTC
71,2021-03-12 08:00:00+00:00,2021-03-12 09:00:00+00:00,1,1,-0.004834112820835848,False,0.007311686303604134,0.007767619866361742,0.5148490067808422,0.5469533575689903,BTC
72,2021-03-15 00:00:00+00:00,2021-03-15 01:00:00+00:00,1,1,0.006009681127534674,False,0.004524610956632075,0.016140353729992205,0.3680052784781481,1.3127615669221826,BTC
73,2021-03-15 16:00:00+00:00,2021-03-15 17:00:00+00:00,1,1,-0.0010313002638575072,False,0.009409137786322339,0.008422809164875264,0.5166215923600127,0.4624658690010704,BTC
74,2021-04-01 08:00:00+00:00,2021-04-01 09:00:00+00:00,1,1,-0.0018226922484899364,False,0.003922152058034439,0.012079970190693267,0.42772763020339155,1.3173729488657866,BTC
75,2021-04-02 16:00:00+00:00,2021-04-02 17:00:00+00:00,1,1,-0.004919358530521455,False,0.005216830555026125,0.0023886752877737066,0.7070406588358377,0.3237388163940371,BTC
76,2021-04-03 00:00:00+00:00,2021-04-03 01:00:00+00:00,1,1,0.005138157980246463,False,0.0003892846107560998,0.008587300038487988,0.05446986146758351,1.2015605820340944,BTC
77,2021-04-03 16:00:00+00:00,2021-04-03 17:00:00+00:00,1,1,-0.0015437923107201699,False,0.0041096141639300615,0.005322239871323542,0.5929467687637469,0.7679078396179532,BTC
78,2021-04-04 00:00:00+00:00,2021-04-04 01:00:00+00:00,1,1,-0.008289635798941663,False,0.010145332123326238,0.003160253891465121,1.0397969452467875,0.3238949994544243,BTC
79,2021-04-10 16:00:00+00:00,2021-04-10 17:00:00+00:00,1,1,-0.001513502349521366,False,0.0021120671513407156,0.005590200644722344,0.2540750572514826,0.6724836130108341,BTC
80,2021-04-11 00:00:00+00:00,2021-04-11 01:00:00+00:00,1,1,0.004295203351083999,False,0.0022133481792399254,0.011072423433245115,0.22910109602663076,1.146093672934243,BTC
81,2021-04-12 00:00:00+00:00,2021-04-12 01:00:00+00:00,1,1,-0.005616302180488565,False,0.006709912764477354,0.006642014837694044,0.8670439743265991,0.8582703150625919,BTC
82,2021-04-12 16:00:00+00:00,2021-04-12 17:00:00+00:00,1,1,-0.002923120850748959,False,0.004580759544830442,0.0020775631337994547,0.5030077181654797,0.22813471893685025,BTC
83,2021-04-14 00:00:00+00:00,2021-04-14 01:00:00+00:00,1,1,-0.0058854567526984225,False,0.005234902091462743,0.005346293015317759,0.568453543018431,0.5805493882165188,BTC
84,2021-04-14 16:00:00+00:00,2021-04-14 17:00:00+00:00,1,1,0.004275042442609623,False,0.003668159400676193,0.010256527226555914,0.29132038731574794,0.8145598807957972,BTC
85,2021-04-15 00:00:00+00:00,2021-04-15 01:00:00+00:00,1,1,-0.006173306029203866,False,0.0038099560292038214,0.007296518039768891,0.3008652916520958,0.5761927463867865,BTC
86,2021-04-16 00:00:00+00:00,2021-04-16 01:00:00+00:00,1,1,0.0008518607252355268,False,0.00138457171187945,0.005811089383553202,0.16327935311938344,0.6852883872497426,BTC
87,2021-04-16 08:00:00+00:00,2021-04-16 09:00:00+00:00,1,1,-0.004884966227777076,False,0.004722210074947743,0.0036479755605145574,0.46630636523499686,0.36022840938698986,BTC
88,2021-04-16 16:00:00+00:00,2021-04-16 17:00:00+00:00,1,1,0.00015749217652085323,False,0.004941887543983104,0.004541044833040081,0.4515061922153833,0.4148839573942919,BTC
89,2021-04-17 00:00:00+00:00,2021-04-17 01:00:00+00:00,1,1,-0.0009827533678276796,False,0.0036382775845600138,0.005866209781835242,0.3918328880148119,0.6317753022121909,BTC
90,2022-11-10 08:00:00+00:00,2022-11-10 09:00:00+00:00,-1,1,-0.006880922369246489,False,0.011977657636130111,0.0167926162669135,0.47223054490001637,0.6620648686852565,BTC
91,2022-11-10 16:00:00+00:00,2022-11-10 17:00:00+00:00,-1,1,-0.015092537141879971,False,0.025391070369863725,0.006344917225338582,0.9466648216141917,0.2365599340944286,BTC
92,2020-01-29 08:00:00+00:00,2020-01-29 09:00:00+00:00,1,1,0.0007003983616673996,False,0.0021881838074397485,0.002580934747236761,0.2338974795747655,0.27587907847281473,ETH
93,2020-01-29 16:00:00+00:00,2020-01-29 17:00:00+00:00,1,1,0.007767251120615886,False,0.0030795551753635135,0.01180496150556027,0.30143018230125607,1.1554823654881614,ETH
94,2020-01-31 16:00:00+00:00,2020-01-31 17:00:00+00:00,1,1,-0.009646614872364023,False,0.013596004439511592,0.0041065482796892845,1.0447728817295643,0.3155640540734247,ETH
95,2020-02-06 08:00:00+00:00,2020-02-06 09:00:00+00:00,1,1,-0.0010746394115960887,False,0.004680485242143422,0.005349125991021132,0.3559414023737843,0.4067901741414737,ETH
96,2020-02-10 00:00:00+00:00,2020-02-10 01:00:00+00:00,1,1,0.0011554233729882861,False,0.003717634709587099,0.005773268019594217,0.42582746474621536,0.6612850040764909,ETH
97,2020-02-10 08:00:00+00:00,2020-02-10 09:00:00+00:00,1,1,-0.007388067675868148,False,0.014336598397150485,0.0010685663401603254,1.2667541030107436,0.09441645488279195,ETH
98,2020-02-10 16:00:00+00:00,2020-02-10 17:00:00+00:00,1,1,-0.009255347016287765,False,0.008099158761410428,0.005190621084660805,0.6426260231000267,0.4118487219867557,ETH
99,2020-02-11 00:00:00+00:00,2020-02-11 01:00:00+00:00,1,1,-0.010657077523203173,False,0.012868224005739158,0.003945657534860761,1.1099188539395863,0.34032355103373846,ETH
100,2020-02-11 08:00:00+00:00,2020-02-11 09:00:00+00:00,1,1,0.00822183645500223,False,0.0011877569666515274,0.009867519415258093,0.10612494221951638,0.8816533661312999,ETH
101,2020-02-11 16:00:00+00:00,2020-02-11 17:00:00+00:00,1,1,0.011911157601115763,False,0.003617503486750279,0.01891562064156208,0.30291391659921774,1.5839113229405195,ETH
102,2020-02-12 00:00:00+00:00,2020-02-12 01:00:00+00:00,1,1,0.04452919547984484,False,0.0,0.05114690504300892,0.0,4.283208242083597,ETH
103,2020-02-12 08:00:00+00:00,2020-02-12 09:00:00+00:00,1,1,-0.007792081138019219,False,0.011340815121086811,0.003465249064776625,0.7589327697370399,0.2318961240863244,ETH
104,2020-02-12 16:00:00+00:00,2020-02-12 17:00:00+00:00,1,1,0.030276424809370366,False,0.0027120509393915486,0.040523543746560926,0.17644155020598679,2.6363947574257027,ETH
105,2020-02-13 00:00:00+00:00,2020-02-13 01:00:00+00:00,1,1,0.02207285365384626,False,0.0034179687500000937,0.027080829326923,0.16484479847557337,1.306078018691042,ETH
106,2020-02-13 08:00:00+00:00,2020-02-13 09:00:00+00:00,1,1,-0.01541433236983376,False,0.03825218664364277,0.009046886144374882,1.9407497195378447,0.4589996883303489,ETH
107,2020-02-13 16:00:00+00:00,2020-02-13 17:00:00+00:00,1,1,-0.014194179347023116,False,0.013886837051263078,0.008273009307135504,0.5732464871658772,0.3415085455456312,ETH
108,2020-02-14 00:00:00+00:00,2020-02-14 01:00:00+00:00,1,1,-0.0011157926102502533,False,0.015271156138259917,0.0052517878426697265,0.7517180194891647,0.2585176603609006,ETH
109,2020-02-14 08:00:00+00:00,2020-02-14 09:00:00+00:00,1,1,0.010527894156560347,False,0.0013686651712730747,0.014218910390449795,0.07849958247464034,0.8155234401533078,ETH
110,2020-02-16 00:00:00+00:00,2020-02-16 01:00:00+00:00,1,1,0.0033419043307681318,False,0.024445450430058704,0.005620944620491962,1.3350936351366607,0.30698912289408153,ETH
111,2020-02-16 08:00:00+00:00,2020-02-16 09:00:00+00:00,1,1,0.0025059406673078504,False,0.006880224901975132,0.007620034031219954,0.4159887961978298,0.4607187742836291,ETH
112,2020-03-13 16:00:00+00:00,2020-03-13 17:00:00+00:00,-1,1,-0.0011512240636385605,False,0.0409683426443202,0.039106145251396635,0.2862169971027238,0.2732071335980551,ETH
113,2020-07-28 08:00:00+00:00,2020-07-28 09:00:00+00:00,1,1,-0.00999303163834294,False,0.008955979619608164,0.0036710022469064467,0.5098511773951059,0.20898493490399644,ETH
114,2020-07-28 16:00:00+00:00,2020-07-28 17:00:00+00:00,1,1,-0.019409494260006217,False,0.025659323611542162,0.00446788706174371,1.4438398665109546,0.2514062161760292,ETH
115,2020-07-29 00:00:00+00:00,2020-07-29 01:00:00+00:00,1,1,-0.010080186627155551,False,0.009772705778506245,0.0070300431890546276,0.6061917664484309,0.4360669803806538,ETH
116,2020-07-31 08:00:00+00:00,2020-07-31 09:00:00+00:00,1,1,0.0014936088844089046,False,0.0024013518721650775,0.012243929916100902,0.2015055181504331,1.0274293703225745,ETH
117,2020-08-02 08:00:00+00:00,2020-08-02 09:00:00+00:00,1,1,-0.01443101923238691,False,0.01853312302839105,0.004390115667718233,0.48657732220626493,0.11526016001198232,ETH
118,2020-08-10 16:00:00+00:00,2020-08-10 17:00:00+00:00,1,1,-0.008915870051343923,False,0.009715091110439982,0.0026427061310782527,0.9283895604722198,0.25254120168285954,ETH
119,2020-08-14 08:00:00+00:00,2020-08-14 09:00:00+00:00,1,1,0.0001966903073285412,False,0.00101654846335699,0.01134751773049648,0.06756201954428115,0.7541806832849887,ETH
120,2020-08-14 16:00:00+00:00,2020-08-14 17:00:00+00:00,1,1,0.008944132110427595,False,0.007136158825278481,0.01932709681846263,0.49803001560365423,1.3488312922599022,ETH
121,2020-08-15 00:00:00+00:00,2020-08-15 01:00:00+00:00,1,1,-0.0003922705314009609,False,0.005241090146750421,0.0056512624191049545,0.38074556016730565,0.41054303878910586,ETH
122,2020-08-18 00:00:00+00:00,2020-08-18 01:00:00+00:00,1,1,0.002260919514988513,False,0.0016924396633667062,0.007349361277907904,0.11987936631723292,0.5205720427748636,ETH
123,2020-08-18 08:00:00+00:00,2020-08-18 09:00:00+00:00,1,1,0.0004948392508082638,False,0.00044193240760123214,0.004349545274812189,0.037016452142674273,0.364319818456852,ETH
124,2020-11-07 16:00:00+00:00,2020-11-07 17:00:00+00:00,1,1,0.010396133633097614,False,0.017227143909133446,0.015330372882868822,0.9860508252744605,0.8774830530616029,ETH
125,2020-11-23 08:00:00+00:00,2020-11-23 09:00:00+00:00,1,1,0.0013238760276564248,False,0.0,0.011317120154105537,0.0,0.5392024274386871,ETH
126,2020-11-23 16:00:00+00:00,2020-11-23 17:00:00+00:00,1,1,0.007800219143490897,False,0.014811178631277825,0.012424462988980537,0.6821652408157517,0.5722391848671587,ETH
127,2020-11-25 00:00:00+00:00,2020-11-25 01:00:00+00:00,1,1,-0.008019131705738718,False,0.0070824803539590525,0.0022617711153668438,0.43138757810695355,0.13776246666818592,ETH
128,2020-11-26 00:00:00+00:00,2020-11-26 01:00:00+00:00,1,1,0.008494476311799176,False,0.011969322030923563,0.013583951982309288,0.6623458649984999,0.751694574059889,ETH
129,2020-12-17 00:00:00+00:00,2020-12-17 01:00:00+00:00,1,1,0.010802006898714512,False,0.0006741925368453277,0.018485418626528815,0.059339864033673834,1.6270162719932568,ETH
130,2020-12-18 00:00:00+00:00,2020-12-18 01:00:00+00:00,1,1,-0.005876029356885203,False,0.020245055355143645,0.0027522079860678905,0.9256882649543002,0.1258424138993162,ETH
131,2021-01-03 00:00:00+00:00,2021-01-03 01:00:00+00:00,1,1,-0.00041363500399995627,False,0.004709555882428811,0.005845010451343156,0.2771620716335611,0.34398470808220055,ETH
132,2021-01-04 00:00:00+00:00,2021-01-04 01:00:00+00:00,1,1,-0.0036913245735737494,False,0.026860768791316453,0.01811801191544927,0.7975886235448697,0.5379860977651674,ETH
133,2021-01-04 08:00:00+00:00,2021-01-04 09:00:00+00:00,1,1,-0.025566093963813326,False,0.06035236429983275,0.03167287517105078,1.436447884595864,0.7538467641880078,ETH
134,2021-01-04 16:00:00+00:00,2021-01-04 17:00:00+00:00,1,1,-0.03032674535867625,False,0.0554845897482689,0.008634351079053783,1.0826709284622438,0.16848211263416246,ETH
135,2021-01-05 08:00:00+00:00,2021-01-05 09:00:00+00:00,1,1,0.022338611876829888,False,0.0,0.041806919353874865,0.0,0.8342471786896384,ETH
136,2021-01-06 00:00:00+00:00,2021-01-06 01:00:00+00:00,1,1,-0.02046544881184794,False,0.0329522650709622,0.011259522923117517,0.8999246818030183,0.3074969979156109,ETH
137,2021-01-06 08:00:00+00:00,2021-01-06 09:00:00+00:00,1,1,0.0015502485290106618,False,0.01263764554972404,0.01775955050089889,0.36336337872597907,0.5106307380809701,ETH
138,2021-01-06 16:00:00+00:00,2021-01-06 17:00:00+00:00,1,1,0.024789860139860224,False,0.0,0.04790209790209786,0.0,1.5207316152432795,ETH
139,2021-01-07 00:00:00+00:00,2021-01-07 01:00:00+00:00,1,1,-0.01054628110304796,False,0.019527642169151652,0.011446101068742479,0.5842549416914873,0.3424602445387565,ETH
140,2021-01-07 08:00:00+00:00,2021-01-07 09:00:00+00:00,1,1,0.007252166296071661,False,0.022976888349841632,0.012145407991375305,0.8085544053215018,0.4273956937219987,ETH
141,2021-01-07 16:00:00+00:00,2021-01-07 17:00:00+00:00,1,1,0.008757675812369423,False,0.009363982962974787,0.023338172188811068,0.3744429694277743,0.9332369067680292,ETH
142,2021-01-08 00:00:00+00:00,2021-01-08 01:00:00+00:00,1,1,-0.03623393963100592,False,0.0357096290501336,0.006633418084620983,1.1261087654546393,0.2091858820356205,ETH
143,2021-01-08 08:00:00+00:00,2021-01-08 09:00:00+00:00,1,1,-0.007331583256829432,False,0.018212043768453947,0.0017616554598914136,0.47834084551994993,0.04627002729144171,ETH
144,2021-01-09 00:00:00+00:00,2021-01-09 01:00:00+00:00,1,1,-0.01736238166022383,False,0.027601999359810985,0.015241425159431655,0.7551907428629833,0.41700541465850444,ETH
145,2021-01-10 00:00:00+00:00,2021-01-10 01:00:00+00:00,1,1,0.010220681896309137,False,0.0,0.015117659926872643,0.0,0.6164308217821677,ETH
146,2021-01-10 08:00:00+00:00,2021-01-10 09:00:00+00:00,1,1,-0.014728842022941276,False,0.01992892067755355,0.005097233248503193,0.8995243826684517,0.23007194746583742,ETH
147,2021-01-10 16:00:00+00:00,2021-01-10 17:00:00+00:00,1,1,-0.0056676252269368226,False,0.005691611193246718,0.0180553534084554,0.2088241310660985,0.6624474790347088,ETH
148,2021-01-11 00:00:00+00:00,2021-01-11 01:00:00+00:00,1,1,-0.0287709752297371,False,0.03812521860790489,0.005198893446532452,1.2474195304838238,0.17010266324779308,ETH
149,2021-01-11 08:00:00+00:00,2021-01-11 09:00:00+00:00,1,1,0.03230077925276364,False,0.02126031997761086,0.05059937497084753,0.4033082403603403,0.9598700727136857,ETH
150,2021-01-17 00:00:00+00:00,2021-01-17 01:00:00+00:00,1,1,0.0036432986877636205,False,0.02267129467805794,0.009169315309017283,0.81517199425757,0.329693083371292,ETH
151,2021-01-17 08:00:00+00:00,2021-01-17 09:00:00+00:00,1,1,0.011183442398417443,False,0.015032381338879566,0.013079355416899193,0.5471878553107916,0.4760965197782888,ETH
152,2021-01-18 08:00:00+00:00,2021-01-18 09:00:00+00:00,1,1,0.0013579537297147234,False,0.0038502183155704837,0.007520213646156797,0.17245451591794891,0.3368366927929291,ETH
153,2021-01-19 00:00:00+00:00,2021-01-19 01:00:00+00:00,1,1,-8.538468238182594e-06,False,0.005922453859492172,0.014259812033349426,0.35189711203676216,0.8472816828585652,ETH
154,2021-01-19 08:00:00+00:00,2021-01-19 09:00:00+00:00,1,1,-0.003391782103131613,False,0.0099081507196066,0.010342084327764485,0.4761721754438804,0.4970264313027333,ETH
155,2021-01-19 16:00:00+00:00,2021-01-19 17:00:00+00:00,1,1,0.0026833726985248333,False,0.0065193003746481125,0.01869007217796844,0.28062503899640223,0.8045191864734512,ETH
156,2021-01-20 00:00:00+00:00,2021-01-20 01:00:00+00:00,1,1,0.02625766435835934,False,0.007407624075875044,0.03208020416669722,0.27728718231852634,1.2008478468226973,ETH
157,2021-01-20 08:00:00+00:00,2021-01-20 09:00:00+00:00,1,1,-0.017283465185595516,False,0.01608518515819159,0.0025363137449255636,0.5857251267916505,0.09235720168713005,ETH
158,2021-01-25 16:00:00+00:00,2021-01-25 17:00:00+00:00,1,1,-0.021801949860724208,False,0.03203342618384401,0.006267409470752089,1.4401013482983644,0.28175895944968,ETH
159,2021-01-29 08:00:00+00:00,2021-01-29 09:00:00+00:00,1,1,0.04712532426627396,False,0.016446694343460293,0.05752927693743895,0.765387491901723,2.6772668152354018,ETH
160,2021-01-30 00:00:00+00:00,2021-01-30 01:00:00+00:00,1,1,-0.011035668854333224,False,0.01012308337976397,0.01979753833240465,0.3869013479508114,0.7566562458852147,ETH
161,2021-01-31 08:00:00+00:00,2021-01-31 09:00:00+00:00,1,1,0.0006409711864532778,False,0.005216565377737361,0.0067674361657130595,0.36443800164064144,0.47278443456081304,ETH
162,2021-01-31 16:00:00+00:00,2021-01-31 17:00:00+00:00,1,1,0.00010016162971520216,False,0.0103686987283097,0.007448690189381218,0.670600852339376,0.4817478181879137,ETH
163,2021-02-02 16:00:00+00:00,2021-02-02 17:00:00+00:00,1,1,0.04744088490618874,False,0.0028843461215346668,0.05572668720246423,0.16192662123572305,3.1284852063988273,ETH
164,2021-02-03 00:00:00+00:00,2021-02-03 01:00:00+00:00,1,1,0.002321669350243437,False,0.00046166224789946674,0.014278553810032641,0.022138108965413805,0.6847000844302569,ETH
165,2021-02-03 08:00:00+00:00,2021-02-03 09:00:00+00:00,1,1,-0.013648047320070064,False,0.022024612326813565,0.0034653433400230315,1.2254561674535576,0.1928127635284339,ETH
166,2021-02-03 16:00:00+00:00,2021-02-03 17:00:00+00:00,1,1,0.00232134941334402,False,0.011625728949438627,0.011900450793571618,0.599584435030196,0.613752917920285,ETH
167,2021-02-04 00:00:00+00:00,2021-02-04 01:00:00+00:00,1,1,0.006825034381752658,False,0.00096038415366141,0.012887154861944795,0.04971435104822468,0.6671044481284036,ETH
168,2021-02-04 08:00:00+00:00,2021-02-04 09:00:00+00:00,1,1,-0.014854582925261161,False,0.017202117368550637,0.015832196739829323,0.877429821976437,0.8075541672748631,ETH
169,2021-02-04 16:00:00+00:00,2021-02-04 17:00:00+00:00,1,1,0.027586464901960678,False,0.009772336769759467,0.03336618152415601,0.4101744461613162,1.4004792660789047,ETH
170,2021-02-05 00:00:00+00:00,2021-02-05 01:00:00+00:00,1,1,0.01062730165413519,False,0.002218045112781932,0.018107769423558955,0.09377273743686708,0.765545794329236,ETH
171,2021-02-05 08:00:00+00:00,2021-02-05 09:00:00+00:00,1,1,0.0003260690369036736,False,0.008136813681368104,0.008760876087608706,0.40296454805456167,0.4338703835985684,ETH
172,2021-02-05 16:00:00+00:00,2021-02-05 17:00:00+00:00,1,1,-0.010108858380509188,False,0.02076505237102061,0.01257706676445649,1.0730561603745254,0.64993329801934,ETH
173,2021-02-06 00:00:00+00:00,2021-02-06 01:00:00+00:00,1,1,0.0037941096546514467,False,0.0005229031583351292,0.015658044574589126,0.027888181611550242,0.8350961049235534,ETH
174,2021-02-06 08:00:00+00:00,2021-02-06 09:00:00+00:00,1,1,0.014064408265243293,False,0.0007403029271816602,0.022597149833730297,0.04016059829745488,1.2258698754505262,ETH
175,2021-02-06 16:00:00+00:00,2021-02-06 17:00:00+00:00,1,1,0.011219519059345418,False,0.009611658011006968,0.012974545801458438,0.5686943174231011,0.7676667709135597,ETH
176,2021-02-07 00:00:00+00:00,2021-02-07 01:00:00+00:00,1,1,0.0026754891802732066,False,0.002751080781735617,0.009622828015768149,0.16492950578488008,0.5768962799748352,ETH
177,2021-02-07 08:00:00+00:00,2021-02-07 09:00:00+00:00,1,1,0.004134342688303852,False,0.0020146968769136336,0.010275566442131031,0.11322737343502991,0.5774940201336839,ETH
178,2021-02-09 00:00:00+00:00,2021-02-09 01:00:00+00:00,1,1,-0.0020185755622261345,False,0.009848428751260225,0.012183799363184363,0.4673919491813416,0.5782252049154982,ETH
179,2021-02-09 08:00:00+00:00,2021-02-09 09:00:00+00:00,1,1,0.027700282713301036,False,0.00022802287069398244,0.037600971377429175,0.011897681438247295,1.961927669166534,ETH
180,2021-02-09 16:00:00+00:00,2021-02-09 17:00:00+00:00,1,1,-0.01120439283566236,False,0.016652485023613783,0.007943623685818595,0.8044519159526352,0.383742323419111,ETH
181,2021-02-10 00:00:00+00:00,2021-02-10 01:00:00+00:00,1,1,0.00735849523365285,False,0.0055286058764731924,0.016495462477199463,0.3121475304166902,0.9313410994352977,ETH
182,2021-02-10 08:00:00+00:00,2021-02-10 09:00:00+00:00,1,1,-0.007358566918749568,False,0.011856467389210264,0.017212243976815478,0.7036414271241371,1.021488738448087,ETH
183,2021-02-10 16:00:00+00:00,2021-02-10 17:00:00+00:00,1,1,0.00549971373081422,False,0.013605600797449048,0.01383294374136535,0.595429353038876,0.6053786867014819,ETH
184,2021-02-12 00:00:00+00:00,2021-02-12 01:00:00+00:00,1,1,0.0024797621442782984,False,0.0006035812487424984,0.013150247021214749,0.04045303997517344,0.881351880199902,ETH
185,2021-02-13 00:00:00+00:00,2021-02-13 01:00:00+00:00,1,1,0.006322612561364861,False,0.0002495822210647592,0.013499142739327707,0.017119538177433564,0.9259437170750333,ETH
186,2021-02-13 08:00:00+00:00,2021-02-13 09:00:00+00:00,1,1,0.008977546644659254,False,0.0060709364294924805,0.013187822708733364,0.41974801388712357,0.9118135980793162,ETH
187,2021-02-13 16:00:00+00:00,2021-02-13 17:00:00+00:00,1,1,-0.004941999813111785,False,0.01004248956999235,0.004325910942301098,0.6694977106765551,0.28839337619182115,ETH
188,2021-02-14 08:00:00+00:00,2021-02-14 09:00:00+00:00,1,1,-0.0024283017634108657,False,0.0036183708612157906,0.006201364518168205,0.2902059274781993,0.49737100221415703,ETH
189,2021-02-14 16:00:00+00:00,2021-02-14 17:00:00+00:00,1,1,0.00304810577533235,False,0.005530163519779918,0.006728273169000083,0.43360494401445615,0.5275454333897077,ETH
190,2021-02-15 00:00:00+00:00,2021-02-15 01:00:00+00:00,1,1,0.0019540228100621186,False,0.0,0.007024878159670476,0.0,0.6159757452952183,ETH
191,2021-02-16 08:00:00+00:00,2021-02-16 09:00:00+00:00,1,1,0.005414228546020406,False,0.002356602934637622,0.00729768786127161,0.15914865788165658,0.4928353485816338,ETH
192,2021-02-16 16:00:00+00:00,2021-02-16 17:00:00+00:00,1,1,-0.01576418744740279,False,0.01388701175834577,0.005107672207955994,0.9227065566663657,0.33937341723292175,ETH
193,2021-02-17 00:00:00+00:00,2021-02-17 01:00:00+00:00,1,1,-0.01122004573145917,False,0.011236836648340229,0.0027237419506700783,0.7891919625990687,0.19129540839060266,ETH
194,2021-02-17 16:00:00+00:00,2021-02-17 17:00:00+00:00,1,1,-9.975139439955655e-05,False,0.005340159322108736,0.009439062603437949,0.3868266093704564,0.683740008918226,ETH
195,2021-02-18 00:00:00+00:00,2021-02-18 01:00:00+00:00,1,1,0.010873213070178394,False,0.0002648849102094262,0.015211961986312533,0.02012970687816434,1.1560203092888492,ETH
196,2021-02-18 08:00:00+00:00,2021-02-18 09:00:00+00:00,1,1,-0.005082892849825837,False,0.0065875529919782955,0.007323005479121058,0.4979196338083933,0.5535087476307058,ETH
197,2021-02-18 16:00:00+00:00,2021-02-18 17:00:00+00:00,1,1,0.004745521252544614,False,0.0011146055186055967,0.007786539960962581,0.08258402013522816,0.5769249857333907,ETH
198,2021-02-19 00:00:00+00:00,2021-02-19 01:00:00+00:00,1,1,-0.00728848234785652,False,0.006701832830223665,0.007510585908121492,0.5404437674719038,0.6056625772283108,ETH
199,2021-02-19 16:00:00+00:00,2021-02-19 17:00:00+00:00,1,1,0.005709506214628128,False,0.0005120539570391949,0.017471901685640234,0.049366343910296574,1.6844394922119208,ETH
200,2021-02-20 00:00:00+00:00,2021-02-20 01:00:00+00:00,1,1,-0.01194422898222176,False,0.01618519539666484,0.0035331719919533913,1.5517250124836346,0.3387361856904393,ETH
201,2021-02-20 08:00:00+00:00,2021-02-20 09:00:00+00:00,1,1,0.0005678156981442994,False,0.0003267054021994127,0.014123725848931491,0.023411532683562834,1.0120985667819338,ETH
202,2021-02-20 16:00:00+00:00,2021-02-20 17:00:00+00:00,1,1,0.010004312624926782,False,0.0011356982777766561,0.014022088069615767,0.0764454924554852,0.9438470135170562,ETH
203,2021-02-21 00:00:00+00:00,2021-02-21 01:00:00+00:00,1,1,0.0004337018913809272,False,0.015449863677673394,0.006466170126085151,0.7482702662694193,0.31317058473345216,ETH
204,2021-02-22 00:00:00+00:00,2021-02-22 01:00:00+00:00,1,1,-0.02575416737692208,False,0.023703320842486057,0.0019382349140715854,1.607045672293826,0.1314090988029189,ETH
205,2021-03-10 00:00:00+00:00,2021-03-10 01:00:00+00:00,1,1,-0.0028307655185206677,False,0.0039021838350299445,0.004953798356919022,0.2957843340538507,0.3754963912475714,ETH
206,2021-03-11 00:00:00+00:00,2021-03-11 01:00:00+00:00,1,1,-0.010616028495102414,False,0.014915405164737286,0.006967943009795182,0.8759430805456403,0.4092092301653515,ETH
207,2021-03-12 08:00:00+00:00,2021-03-12 09:00:00+00:00,1,1,-0.0022219156526459226,False,0.0105447763271442,0.006191019680984266,0.7257106256289007,0.42607719941886335,ETH
208,2021-03-14 00:00:00+00:00,2021-03-14 01:00:00+00:00,1,1,-0.006844973955759733,False,0.005054703003729995,0.005683294024748852,0.3662536814498443,0.41180013104432783,ETH
209,2021-03-14 08:00:00+00:00,2021-03-14 09:00:00+00:00,1,1,0.003977811529241083,False,0.0018627985372798956,0.0081444515592999,0.15087677899367788,0.6596572808842457,ETH
210,2021-03-14 16:00:00+00:00,2021-03-14 17:00:00+00:00,1,1,-0.0032998386229155614,False,0.01237224314147391,0.006993006993006993,0.9534707976582143,0.5389182769372516,ETH
211,2021-03-15 00:00:00+00:00,2021-03-15 01:00:00+00:00,1,1,0.011011152133863585,False,0.005155251980502968,0.019378127465496626,0.38330606319846156,1.4408129377669743,ETH
212,2021-03-21 00:00:00+00:00,2021-03-21 01:00:00+00:00,1,1,-0.002219691813981693,False,0.011148919689047425,0.0062301159155669856,1.2915250786207901,0.721715751130034,ETH
213,2021-03-31 16:00:00+00:00,2021-03-31 17:00:00+00:00,1,1,-0.002826635829654321,False,0.005722499311030492,0.006165601240685448,0.4949940035378699,0.5333221511206024,ETH
214,2021-04-01 08:00:00+00:00,2021-04-01 09:00:00+00:00,1,1,0.0069641541404167565,False,3.630215842258634e-05,0.023305985707321654,0.0031108949967656495,1.9971945879253656,ETH
215,2021-04-01 16:00:00+00:00,2021-04-01 17:00:00+00:00,1,1,-0.001465630585817133,False,0.003083247687564234,0.006834532374100696,0.26967888176022126,0.5977881879018218,ETH
216,2021-04-02 16:00:00+00:00,2021-04-02 17:00:00+00:00,1,1,-0.008763489312535965,False,0.012107644906604872,0.004621606008087986,0.9839920690796581,0.3755993583763504,ETH
217,2021-04-03 00:00:00+00:00,2021-04-03 01:00:00+00:00,1,1,-0.0066240501988299215,False,0.011697793742779601,0.002881183904658937,0.8813644675900864,0.21708137226528415,ETH
218,2021-04-03 16:00:00+00:00,2021-04-03 17:00:00+00:00,1,1,-0.0014552270281486632,False,0.010235449109887529,0.012411869453385418,0.8073910790345419,0.9790711246001047,ETH
219,2021-04-04 16:00:00+00:00,2021-04-04 17:00:00+00:00,1,1,-0.0035059188589649593,False,0.005767223507568474,0.004800407890369852,0.4470292868144874,0.3720894313935508,ETH
220,2021-04-06 08:00:00+00:00,2021-04-06 09:00:00+00:00,1,1,-0.006610062946944838,False,0.006170989213852991,0.007612631258415526,0.5229834358964585,0.645160753611678,ETH
221,2021-04-10 16:00:00+00:00,2021-04-10 17:00:00+00:00,1,1,-0.0022160773014889374,False,0.003928071817011153,0.0051787550606349,0.3756945902673266,0.4953143300930001,ETH
222,2021-04-11 00:00:00+00:00,2021-04-11 01:00:00+00:00,1,1,-0.0008293070859003907,False,0.005131182231877018,0.005744489597183459,0.44427059751856407,0.4973722839007988,ETH
223,2021-04-12 16:00:00+00:00,2021-04-12 17:00:00+00:00,1,1,0.0018636400057492433,False,0.009457924723024726,0.007869822764051317,0.8467199199872202,0.7045452249021579,ETH
224,2021-04-13 16:00:00+00:00,2021-04-13 17:00:00+00:00,1,1,-0.0048279196667821034,False,0.004133988575637213,0.007851509585329756,0.3830722505930947,0.7275529170861145,ETH
225,2021-04-14 00:00:00+00:00,2021-04-14 01:00:00+00:00,1,1,-0.0032448507491913436,False,0.0037513839741223423,0.006291383539934342,0.3053032464832925,0.5120189862896882,ETH
226,2021-04-14 08:00:00+00:00,2021-04-14 09:00:00+00:00,1,1,-0.01063219827023294,False,0.017832693693048463,0.006765723144586767,1.346046248014816,0.5106898828990766,ETH
227,2021-04-14 16:00:00+00:00,2021-04-14 17:00:00+00:00,1,1,0.008799323368492902,False,0.004100034025178579,0.01650221163661117,0.2495679685277199,1.0044851845306746,ETH
228,2021-04-15 08:00:00+00:00,2021-04-15 09:00:00+00:00,1,1,-0.013590970362399268,False,0.014280744055084098,0.009361371598715085,0.9126686957449264,0.598276306502475,ETH
229,2021-04-15 16:00:00+00:00,2021-04-15 17:00:00+00:00,1,1,-0.005680374277736388,False,0.0035796616773272525,0.010483294912172444,0.24390517067555423,0.7142937141212506,ETH
230,2021-04-16 00:00:00+00:00,2021-04-16 01:00:00+00:00,1,1,0.0027616620860368866,False,8.333829394608266e-05,0.01315554497291509,0.006076305652690296,0.959188249460233,ETH
231,2021-04-16 08:00:00+00:00,2021-04-16 09:00:00+00:00,1,1,-0.0043989989462593455,False,0.0059437565858798955,0.009734753688092766,0.35170255322569294,0.576022533503299,ETH
232,2021-04-16 16:00:00+00:00,2021-04-16 17:00:00+00:00,1,1,-0.0016074661625739616,False,0.00933449071693334,0.003727214010375291,0.4509334981650221,0.18005542059828408,ETH
233,2021-04-17 00:00:00+00:00,2021-04-17 01:00:00+00:00,1,1,0.013017021129284096,False,4.119820870091144e-06,0.022518940876450632,0.0002417892752152783,1.3216201783579598,ETH
234,2021-05-07 00:00:00+00:00,2021-05-07 01:00:00+00:00,1,1,-0.0006467084244638586,False,0.007380137182379206,0.013409062281716311,0.395297506175982,0.7182209150226238,ETH
235,2021-05-20 00:00:00+00:00,2021-05-20 01:00:00+00:00,-1,1,0.08526479450277938,False,0.0428165601028252,0.11992730190177571,0.4455548251553244,1.2479794710708132,ETH
236,2021-08-23 16:00:00+00:00,2021-08-23 17:00:00+00:00,1,1,0.005633231309194984,False,0.002213425914802591,0.008490305374690655,0.2062938731519077,0.7913063492543436,ETH
237,2022-09-14 08:00:00+00:00,2022-09-14 09:00:00+00:00,-1,1,0.0052568447334588216,False,4.968728067733367e-05,0.0182414429186308,0.0032764596212462352,1.2028702384476948,ETH
238,2022-09-14 16:00:00+00:00,2022-09-14 17:00:00+00:00,-1,1,0.006787744851833134,False,0.00248618784530389,0.011602209944751392,0.1746321108358078,0.8149498505670962,ETH
239,2022-09-15 00:00:00+00:00,2022-09-15 01:00:00+00:00,-1,1,0.006558391879429536,False,0.003564898892618841,0.012712563975565578,0.2463434258879987,0.8784699526949579,ETH
240,2022-09-15 08:00:00+00:00,2022-09-15 09:00:00+00:00,-1,1,0.01665048088146932,False,0.0,0.02684931840756604,0.0,1.4233673454031992,ETH
241,2022-09-15 16:00:00+00:00,2022-09-15 17:00:00+00:00,-1,1,-0.012777948957218935,False,0.011462816232956695,0.006509002667953744,0.48580677185472027,0.2758586991058078,ETH
242,2024-03-05 16:00:00+00:00,2024-03-05 17:00:00+00:00,1,1,-0.02585498765464695,False,0.03191306758915719,0.003551764659281533,2.5758822030295927,0.28668279380015516,ETH
243,2020-11-01 08:00:00+00:00,2020-11-01 09:00:00+00:00,-1,1,0.009151303676044487,False,0.0003862743835705633,0.011910126826755914,0.02807108898540311,0.865525243716369,SOL
244,2020-11-07 08:00:00+00:00,2020-11-07 09:00:00+00:00,-1,1,-0.013755994396493287,False,0.01676533056170642,0.027656016991278377,0.35291131464239595,0.5821609826445964,SOL
245,2020-11-18 08:00:00+00:00,2020-11-18 09:00:00+00:00,1,1,-0.0008954445997837331,False,0.0023528304550375686,0.008799585901839884,0.08392705862011439,0.3138871992392056,SOL
246,2020-11-22 00:00:00+00:00,2020-11-22 01:00:00+00:00,1,1,-0.05209816716602039,False,0.061689800341794714,0.012337960068359091,1.915447308417017,0.383089461683408,SOL
247,2020-11-22 08:00:00+00:00,2020-11-22 09:00:00+00:00,1,1,-0.04196647314949205,False,0.04195391872278676,0.0019956458635703735,1.0704292580972197,0.050917716060840106,SOL
248,2020-11-26 16:00:00+00:00,2020-11-26 17:00:00+00:00,-1,1,0.014546137786426949,False,0.006633044622300186,0.02395570661111724,0.1388034103212823,0.501298267028103,SOL
249,2020-11-27 08:00:00+00:00,2020-11-27 09:00:00+00:00,-1,1,0.03372736693358462,False,0.00528602083006228,0.0559480818548176,0.16425421083941313,1.7384925879933926,SOL
250,2020-11-27 16:00:00+00:00,2020-11-27 17:00:00+00:00,-1,1,-0.029317516391543827,False,0.027381086247610462,0.008040031485437974,0.7614716601658269,0.2235943478515671,SOL
251,2020-11-28 00:00:00+00:00,2020-11-28 01:00:00+00:00,-1,1,-0.0045406737417825515,False,0.002317060028020365,0.013309623881883795,0.08341682236832396,0.47916174709244297,SOL
252,2020-11-28 08:00:00+00:00,2020-11-28 09:00:00+00:00,-1,1,0.009005339204415028,False,0.004699196765204055,0.013496530244249039,0.21968269545351174,0.6309491369420714,SOL
253,2020-11-28 16:00:00+00:00,2020-11-28 17:00:00+00:00,-1,1,0.002141425898981521,False,0.007171066306381112,0.008054458532529655,0.364667644971256,0.40959047080105576,SOL
254,2020-11-29 16:00:00+00:00,2020-11-29 17:00:00+00:00,-1,1,0.007719371727748548,False,0.001832460732984324,0.013298429319371658,0.12851499138565434,0.9326516517701565,SOL
255,2020-12-02 00:00:00+00:00,2020-12-02 01:00:00+00:00,-1,1,-0.03265349598882963,False,0.03010916476263006,0.022493018532622495,1.2018601449904278,0.897848303930456,SOL
256,2020-12-02 08:00:00+00:00,2020-12-02 09:00:00+00:00,-1,1,0.004565703667443705,False,0.0033993783993782403,0.009955322455322544,0.14170620030504916,0.4149967294648099,SOL
257,2020-12-03 00:00:00+00:00,2020-12-03 01:00:00+00:00,-1,1,-0.005186200378071769,False,0.006899810964083045,0.003827977315690084,0.3275999494357843,0.18175065687876538,SOL
258,2020-12-05 00:00:00+00:00,2020-12-05 01:00:00+00:00,-1,1,-0.0024665980609867673,False,0.009207604397985108,0.016519525537561593,0.44354925701998754,0.7957795493593931,SOL
259,2020-12-12 16:00:00+00:00,2020-12-12 17:00:00+00:00,-1,1,-0.003226677511183283,False,0.0063033753558356135,0.0029822421038362204,0.3759354991761835,0.17786195659948564,SOL
260,2020-12-13 00:00:00+00:00,2020-12-13 01:00:00+00:00,-1,1,0.00352102577589686,False,0.005038291011688878,0.011420126293161297,0.3728186932294731,0.8450557046534606,SOL
261,2020-12-13 08:00:00+00:00,2020-12-13 09:00:00+00:00,-1,1,-0.005751565074135056,False,0.008237232289950547,0.001252059308072496,0.6698428145806757,0.10181610781626375,SOL
262,2020-12-25 16:00:00+00:00,2020-12-25 17:00:00+00:00,-1,1,0.0037009948442379603,False,0.024689565027957324,0.012562631617166578,1.2107648387458516,0.6160656385383332,SOL
263,2020-12-26 00:00:00+00:00,2020-12-26 01:00:00+00:00,-1,1,-0.0014422041638980354,False,0.0010382059800663308,0.006367663344407597,0.053681541422674,0.3292467873924403,SOL
264,2020-12-26 08:00:00+00:00,2020-12-26 09:00:00+00:00,-1,1,-0.011752334014253461,False,0.013962620900298237,0.0018180495963929508,0.8327930813376031,0.1084365991324975,SOL
265,2020-12-26 16:00:00+00:00,2020-12-26 17:00:00+00:00,-1,1,-0.024386595182567646,False,0.02628091872791508,0.013103651354534774,1.37158036956536,0.6838692038729289,SOL
266,2020-12-27 00:00:00+00:00,2020-12-27 01:00:00+00:00,-1,1,0.006875217555807712,False,0.009383276579644486,0.011804767309875019,0.5027817764933651,0.6325319123626043,SOL
267,2020-12-27 08:00:00+00:00,2020-12-27 09:00:00+00:00,-1,1,0.014029788538154998,False,0.0017621820410666496,0.016319338032485347,0.10759275837284543,0.9964025014527843,SOL
268,2020-12-27 16:00:00+00:00,2020-12-27 17:00:00+00:00,-1,1,0.00713330636129412,False,0.012596621815058731,0.025765817348983703,0.6340740877209404,1.2969697248837384,SOL
269,2020-12-29 16:00:00+00:00,2020-12-29 17:00:00+00:00,-1,1,0.011324382716049342,False,0.0,0.026427469135802416,0.0,0.7599535278333595,SOL
270,2020-12-30 16:00:00+00:00,2020-12-30 17:00:00+00:00,-1,1,-0.0018367903910366935,False,0.007109756871707039,0.015108233352377213,0.25158006838686503,0.5346076453220795,SOL
271,2020-12-31 00:00:00+00:00,2020-12-31 01:00:00+00:00,-1,1,0.033988755933089455,False,0.005096706743335095,0.036853110297961324,0.19486160708972752,1.4089993128026401,SOL
272,2021-01-01 00:00:00+00:00,2021-01-01 01:00:00+00:00,-1,1,-0.025858762978723523,False,0.02340425531914887,0.009973404255319084,1.0413208484499257,0.44374467973718257,SOL
273,2021-01-01 08:00:00+00:00,2021-01-01 09:00:00+00:00,-1,1,0.0071321655409674195,False,0.0,0.03697281228711221,0.0,1.8834435014357558,SOL
274,2021-01-01 16:00:00+00:00,2021-01-01 17:00:00+00:00,-1,1,-0.007232222120434944,False,0.013802369610357856,0.01447416636130454,0.610652565253052,0.6403745927653715,SOL
275,2021-01-02 08:00:00+00:00,2021-01-02 09:00:00+00:00,-1,1,-0.007199680018284704,False,0.018913204959716535,0.0029141191931888934,0.5079411354721705,0.07826283356217574,SOL
276,2021-01-04 00:00:00+00:00,2021-01-04 01:00:00+00:00,-1,1,-0.0185522671934581,False,0.03620158956218138,0.03670694170073959,0.7820937663531807,0.7930113189291735,SOL
277,2021-01-04 08:00:00+00:00,2021-01-04 09:00:00+00:00,-1,1,0.021542220325318877,False,0.043296817944705454,0.05463081519419536,0.7767419790427184,0.9800731214208169,SOL
278,2021-01-05 00:00:00+00:00,2021-01-05 01:00:00+00:00,-1,1,0.0208849078350515,False,0.007248711340206103,0.04888853092783503,0.11664139307940977,0.7866813955466945,SOL
279,2021-01-05 08:00:00+00:00,2021-01-05 09:00:00+00:00,-1,1,-0.04196779274640102,False,0.03755998523440401,0.004891103728312902,0.5219202761902988,0.06796504825082306,SOL
280,2021-01-05 16:00:00+00:00,2021-01-05 17:00:00+00:00,-1,1,-0.04489401468634676,False,0.05396678966789667,0.016928044280442884,0.842710749747171,0.26433747449334466,SOL
281,2021-01-06 00:00:00+00:00,2021-01-06 01:00:00+00:00,-1,1,0.04212922032310928,False,0.004354952001873138,0.054085694216811024,0.07856777912662592,0.9757611278629252,SOL
282,2021-01-06 08:00:00+00:00,2021-01-06 09:00:00+00:00,-1,1,0.003959515501944063,False,0.0016449008074966894,0.029508523576911642,0.031758653139638535,0.5697309896565715,SOL
283,2021-01-06 16:00:00+00:00,2021-01-06 17:00:00+00:00,-1,1,0.04434726562500006,False,0.0009765624999998924,0.06787109375,0.020362064905933164,1.4151635109625107,SOL
284,2021-01-07 00:00:00+00:00,2021-01-07 01:00:00+00:00,-1,1,-0.17520675625233284,False,0.291846637871274,0.03359462486002237,4.686226294677288,0.5394340518265464,SOL
285,2021-01-07 08:00:00+00:00,2021-01-07 09:00:00+00:00,-1,1,0.008723401340574189,False,0.0,0.0882626351582758,0.0,1.3724715780058612,SOL
286,2021-01-07 16:00:00+00:00,2021-01-07 17:00:00+00:00,-1,1,-0.011970246970138775,False,0.032110282787056,0.010370246970138747,0.41084387376977705,0.13268498647039542,SOL
287,2021-01-09 16:00:00+00:00,2021-01-09 17:00:00+00:00,1,1,-0.04140451417915232,False,0.06436885087775697,0.004115490965211358,1.361555466346028,0.0870524973487996,SOL
288,2021-01-10 08:00:00+00:00,2021-01-10 09:00:00+00:00,1,1,-0.03766017790690822,False,0.041781536896763984,0.0015524209737426207,1.0523033035603617,0.03909903370051183,SOL
289,2021-01-10 16:00:00+00:00,2021-01-10 17:00:00+00:00,1,1,0.0021220480056270323,False,0.012162597813663167,0.0122798276721081,0.2668769917160988,0.26944930006998863,SOL
290,2021-01-15 00:00:00+00:00,2021-01-15 01:00:00+00:00,1,1,0.016145761631612337,False,0.004522140277398512,0.021366354062338704,0.157641282135725,0.7448286082117277,SOL
291,2021-01-17 00:00:00+00:00,2021-01-17 01:00:00+00:00,1,1,0.027479439434892897,False,0.03672027788318396,0.031407805248255975,0.9273974021561882,0.7932270307790623,SOL
292,2021-01-17 08:00:00+00:00,2021-01-17 09:00:00+00:00,1,1,-0.0066234922135870004,False,0.019887119174965252,0.0017434472976566933,0.4465154997673058,0.03914474663636129,SOL
293,2021-01-18 08:00:00+00:00,2021-01-18 09:00:00+00:00,1,1,0.023583685538094267,False,0.023448378754724608,0.03806942510443588,0.6453695663305917,1.0477845239152985,SOL
294,2021-01-19 00:00:00+00:00,2021-01-19 01:00:00+00:00,1,1,-0.0006245959982073654,False,0.011414863048005666,0.004270687791632613,0.3876337689879286,0.14502695283151168,SOL
295,2021-01-19 08:00:00+00:00,2021-01-19 09:00:00+00:00,1,1,0.01949081182558172,False,0.0007066767869761888,0.02913078755201925,0.02551358201249893,1.0517265474041515,SOL
296,2021-01-19 16:00:00+00:00,2021-01-19 17:00:00+00:00,1,1,-0.005740562029144158,False,0.011730663955579868,0.006073877114777997,0.5181364569727707,0.26827954327701137,SOL
297,2021-01-25 16:00:00+00:00,2021-01-25 17:00:00+00:00,1,1,0.014915788339260818,False,0.02928656105183743,0.01950641232891476,1.254541781049181,0.8355917658506062,SOL
298,2021-01-30 00:00:00+00:00,2021-01-30 01:00:00+00:00,1,1,0.008736119138743437,False,0.00036449790413701106,0.022260407716941377,0.01968112955081996,1.2019546975680677,SOL
299,2021-01-31 08:00:00+00:00,2021-01-31 09:00:00+00:00,1,1,0.04328134688521672,False,0.004737228387785534,0.047238840824678205,0.20721866399402186,2.066349494475595,SOL
300,2021-02-01 00:00:00+00:00,2021-02-01 01:00:00+00:00,1,1,-0.03343068028807372,False,0.03851928310030968,0.0004926339495166432,1.4078566306030107,0.01800547456921853,SOL
301,2021-02-03 00:00:00+00:00,2021-02-03 01:00:00+00:00,1,1,-0.010514995329627574,False,0.00839536256163267,0.011841078261531688,0.3061801467222923,0.4318459212273564,SOL
302,2021-02-03 08:00:00+00:00,2021-02-03 09:00:00+00:00,1,1,-0.011688433939388126,False,0.01328532645320291,0.0008471802375956262,0.5728780454919945,0.03653135362557984,SOL
303,2021-02-04 00:00:00+00:00,2021-02-04 01:00:00+00:00,1,1,0.01806506296062612,False,0.01162567758353232,0.030659020793753072,0.5048147387882147,1.3312880442705657,SOL
304,2021-02-04 08:00:00+00:00,2021-02-04 09:00:00+00:00,1,1,-0.009735917683656403,False,0.009657129183331585,0.007708611082623953,0.40458926141510926,0.3229553219437412,SOL
305,2021-02-04 16:00:00+00:00,2021-02-04 17:00:00+00:00,1,1,0.0036234873975093834,False,0.007678046732894891,0.00975933958304177,0.320341502122214,0.4071766701234508,SOL
306,2021-02-05 00:00:00+00:00,2021-02-05 01:00:00+00:00,1,1,0.03486727032661036,False,0.001336275210541096,0.05699369153795947,0.05831470362245941,2.4871899172926892,SOL
307,2021-02-05 08:00:00+00:00,2021-02-05 09:00:00+00:00,1,1,-0.0017786455163075706,False,0.007506181561285788,0.004842223007182342,0.34346110901143717,0.22156608797012053,SOL
308,2021-02-05 16:00:00+00:00,2021-02-05 17:00:00+00:00,1,1,0.005096171973790132,False,0.006236349005632846,0.03172778480285086,0.30359614947019126,1.54456289868705,SOL
309,2021-02-06 00:00:00+00:00,2021-02-06 01:00:00+00:00,1,1,0.004122260736799695,False,4.470872267168907e-05,0.018762760614595992,0.0019129451379939887,0.8027993095800184,SOL
310,2021-02-06 08:00:00+00:00,2021-02-06 09:00:00+00:00,1,1,0.04246415970050202,False,0.00023346173728874245,0.046975836710190726,0.007415695838441843,1.4921439412071178,SOL
311,2021-02-06 16:00:00+00:00,2021-02-06 17:00:00+00:00,1,1,0.013291120543879754,False,0.014753080028988454,0.014994650930047966,0.49545779556820735,0.5035705547938873,SOL
312,2021-02-07 00:00:00+00:00,2021-02-07 01:00:00+00:00,1,1,0.0034387280880554994,False,0.004141867101508408,0.010958010599266156,0.15856807399462808,0.41951868395428465,SOL
313,2021-02-09 00:00:00+00:00,2021-02-09 01:00:00+00:00,1,1,-0.006924432951455383,False,0.020185764790856216,0.005309375673175621,0.7302601420334559,0.19207721249969767,SOL
314,2021-02-09 08:00:00+00:00,2021-02-09 09:00:00+00:00,1,1,0.029581704660776358,False,0.00017275845899458156,0.03674819220612559,0.006205097565708977,1.319912896476967,SOL
315,2021-02-09 16:00:00+00:00,2021-02-09 17:00:00+00:00,1,1,-0.006800440759178577,False,0.01016386641775557,0.009204521883426756,0.3403389597175284,0.30821512933603223,SOL
316,2021-02-10 00:00:00+00:00,2021-02-10 01:00:00+00:00,1,1,0.02185438087636441,False,0.010595519244271422,0.0296291568264505,0.4602212936467704,1.28695617175199,SOL
317,2021-02-10 08:00:00+00:00,2021-02-10 09:00:00+00:00,1,1,0.02022127360356403,False,0.0017064638412502434,0.02671834814300154,0.07468811842500034,1.1694025399113344,SOL
318,2021-02-10 16:00:00+00:00,2021-02-10 17:00:00+00:00,1,1,0.013521691699265977,False,0.015260023615175318,0.018596950562143822,0.47486200091497255,0.578700621804705,SOL
319,2021-02-11 00:00:00+00:00,2021-02-11 01:00:00+00:00,1,1,-0.02705498452284267,False,0.04016377247480844,0.020427652521349662,1.2965573436670175,0.6594406167161292,SOL
320,2021-02-11 08:00:00+00:00,2021-02-11 09:00:00+00:00,1,1,0.00028489437178995803,False,0.019177211838831015,0.006247683591888524,0.6829998704426196,0.22251238186700115,SOL
321,2021-02-11 16:00:00+00:00,2021-02-11 17:00:00+00:00,1,1,-0.013914183916211863,False,0.015080569638647628,0.015360437454925092,0.5586237308090596,0.5689907664985895,SOL
322,2021-02-12 00:00:00+00:00,2021-02-12 01:00:00+00:00,1,1,-0.009950051510057966,False,0.017448354389199134,0.00557393048853215,0.6815411489373417,0.2177204167518886,SOL
323,2021-02-12 08:00:00+00:00,2021-02-12 09:00:00+00:00,1,1,0.011295562000363902,False,0.0029750757146068656,0.014811168305811988,0.12489115051165585,0.6217602601011676,SOL
324,2021-02-13 08:00:00+00:00,2021-02-13 09:00:00+00:00,1,1,0.00795078255805849,False,0.006929893486991383,0.01253928758512315,0.32379326300034267,0.5858873373029896,SOL
325,2021-02-13 16:00:00+00:00,2021-02-13 17:00:00+00:00,1,1,-0.005790865892291452,False,0.005411826821541798,0.011098644843364936,0.238692116315258,0.48951289707741824,SOL
326,2021-02-14 00:00:00+00:00,2021-02-14 01:00:00+00:00,1,1,-0.017181888833122418,False,0.018316272381800214,0.006721672543850583,0.9181689292018688,0.3369479746416783,SOL
327,2021-02-14 08:00:00+00:00,2021-02-14 09:00:00+00:00,1,1,-0.002815387261365608,False,0.0023275812646907815,0.005320185747864294,0.09962940204068983,0.22772434752156182,SOL
328,2021-02-14 16:00:00+00:00,2021-02-14 17:00:00+00:00,1,1,0.016187748925680836,False,0.003368745401030079,0.024156089036055997,0.1668719358005156,1.1965799901600467,SOL
329,2021-02-15 00:00:00+00:00,2021-02-15 01:00:00+00:00,1,1,-0.0022299681579732262,False,0.0011339426843515932,0.008739376446063249,0.061662606684917014,0.47523806970294413,SOL
330,2021-02-16 16:00:00+00:00,2021-02-16 17:00:00+00:00,1,1,-0.045972327388096146,False,0.043976054175642425,0.0029277697773228174,2.1727939439881623,0.144656917515853,SOL
331,2021-02-17 00:00:00+00:00,2021-02-17 01:00:00+00:00,1,1,-0.02231756346644816,False,0.02154487210366573,0.0016739727347176354,1.0480167838576866,0.08142779930477008,SOL
332,2021-02-17 16:00:00+00:00,2021-02-17 17:00:00+00:00,1,1,-0.014120283280341388,False,0.014273943388910526,0.01115984877859639,0.6570625702864388,0.5137136054616367,SOL
333,2021-02-18 00:00:00+00:00,2021-02-18 01:00:00+00:00,1,1,0.007706586201034652,False,0.0,0.011486314565083193,0.0,0.5720674695641049,SOL
334,2021-02-18 08:00:00+00:00,2021-02-18 09:00:00+00:00,1,1,-0.010339849272652923,False,0.009172168020096981,0.004159607407840012,0.5359917509319164,0.24307396602771397,SOL
335,2021-02-18 16:00:00+00:00,2021-02-18 17:00:00+00:00,1,1,-0.01740680526842772,False,0.016694960154839348,0.009255755111750209,0.8928396058911694,0.49499397839561693,SOL
336,2021-02-20 08:00:00+00:00,2021-02-20 09:00:00+00:00,1,1,0.00030649002839609697,False,0.0013831638728588748,0.018869652835027895,0.04868818560698766,0.6642229294727955,SOL
337,2021-02-20 16:00:00+00:00,2021-02-20 17:00:00+00:00,1,1,0.0310032973346706,False,0.0032720155031210597,0.03396663712763771,0.11038027006271785,1.145852327317739,SOL
338,2021-02-21 00:00:00+00:00,2021-02-21 01:00:00+00:00,1,1,0.019859328236382704,False,0.015265342870004465,0.026099134697144127,0.5215430775749804,0.8916814478329841,SOL
339,2021-02-22 00:00:00+00:00,2021-02-22 01:00:00+00:00,1,1,-0.03912038974091352,False,0.03895318941642392,0.006747796591821432,1.5872707328213445,0.2749602844257433,SOL
340,2021-02-23 08:00:00+00:00,2021-02-23 09:00:00+00:00,-1,1,0.10113448013685607,False,0.005687131724006824,0.10283216118608624,0.1060045264373946,1.916726230034446,SOL
341,2021-03-09 00:00:00+00:00,2021-03-09 01:00:00+00:00,1,1,-0.021388182831661058,False,0.02189315261397633,0.0058601771988499906,1.5480133697878433,0.41435935760820647,SOL
342,2021-03-09 08:00:00+00:00,2021-03-09 09:00:00+00:00,1,1,0.01067245571478952,False,9.357297612440504e-05,0.012466799588279003,0.006076279718363251,0.8095474209396445,SOL
343,2021-03-09 16:00:00+00:00,2021-03-09 17:00:00+00:00,1,1,-0.006282724964777397,False,0.011475398678219178,0.005240840440230594,0.6643159132131923,0.30339457483639315,SOL
344,2021-03-10 00:00:00+00:00,2021-03-10 01:00:00+00:00,1,1,-0.0024005736403267205,False,0.009966331772880315,0.007531756783946639,0.6438246225489361,0.486551178413501,SOL
345,2021-03-10 08:00:00+00:00,2021-03-10 09:00:00+00:00,1,1,0.004700388298512341,False,0.003662221977462215,0.007744360384671034,0.2002383049524089,0.4234362651719171,SOL
346,2021-03-11 00:00:00+00:00,2021-03-11 01:00:00+00:00,1,1,-0.021391615437038554,False,0.025735423267970108,0.003344270127096385,1.6041600765323782,0.20845760208283642,SOL
347,2021-03-14 00:00:00+00:00,2021-03-14 01:00:00+00:00,1,1,-0.01432328849624063,False,0.013177474937343371,0.005208333333333369,0.7976149306870508,0.31525344957318985,SOL
348,2021-03-14 08:00:00+00:00,2021-03-14 09:00:00+00:00,1,1,0.007780232207065075,False,0.0018595778552411818,0.010560480882716229,0.11676394093028429,0.6630985427738098,SOL
349,2021-03-14 16:00:00+00:00,2021-03-14 17:00:00+00:00,1,1,-0.005162102536189494,False,0.00666946857839726,0.0069795161879302025,0.4313117746707659,0.45136242535277543,SOL
350,2021-03-15 00:00:00+00:00,2021-03-15 01:00:00+00:00,1,1,0.0073135094004506355,False,0.0029106345321552236,0.015804538100966534,0.17465181688950077,0.9483469202123584,SOL
351,2021-03-15 08:00:00+00:00,2021-03-15 09:00:00+00:00,1,1,-0.0037367579504548653,False,0.004635875649453071,0.008123546803685799,0.2441647228444509,0.42785521092867845,SOL
352,2021-03-17 16:00:00+00:00,2021-03-17 17:00:00+00:00,1,1,0.027390306531247268,False,0.0025261504726345075,0.03677363913829387,0.17699274445989716,2.576516080642128,SOL
353,2021-03-18 08:00:00+00:00,2021-03-18 09:00:00+00:00,1,1,-0.007355395683453291,False,0.006401123004035838,0.0057834707843481175,0.472331580288674,0.42675572605028933,SOL
354,2021-03-19 00:00:00+00:00,2021-03-19 01:00:00+00:00,1,1,-0.014904299506973265,False,0.026606556339365425,0.0006751862036952884,1.987380549306887,0.050433130513739294,SOL
355,2021-03-30 16:00:00+00:00,2021-03-30 17:00:00+00:00,1,1,0.0006609486086866441,False,0.0020802759970135563,0.010787569835997964,0.09692783934160458,0.5026332262887406,SOL
356,2021-03-31 00:00:00+00:00,2021-03-31 01:00:00+00:00,1,1,-0.0024798898042768898,False,0.022143893407635073,0.0023306604934714963,1.1825351377363404,0.12446266232087631,SOL
357,2021-04-01 08:00:00+00:00,2021-04-01 09:00:00+00:00,1,1,-0.016377668620784245,False,0.023495344367058465,0.005446965725554883,1.397442577161397,0.32397149419530674,SOL
358,2021-04-01 16:00:00+00:00,2021-04-01 17:00:00+00:00,1,1,-0.014496925208506857,False,0.015680464240515925,0.005154798283791759,0.9659226533146451,0.31753756516446663,SOL
359,2021-04-02 16:00:00+00:00,2021-04-02 17:00:00+00:00,1,1,0.0051703661942954955,False,0.0,0.011285652051354246,0.0,0.831397925801642,SOL
360,2021-04-03 16:00:00+00:00,2021-04-03 17:00:00+00:00,1,1,0.010745855082384948,False,0.015877996139840443,0.026821453359574792,0.6884981056180625,1.163025841885362,SOL
361,2021-04-04 00:00:00+00:00,2021-04-04 01:00:00+00:00,1,1,0.035464703162238195,False,0.02320545655035047,0.05703766940561298,0.6428560391493011,1.580102945048321,SOL
362,2021-04-06 00:00:00+00:00,2021-04-06 01:00:00+00:00,1,1,-0.0184844657728735,False,0.017512381614388825,0.004939612477191672,0.7212982612484404,0.20345227562378013,SOL
363,2021-04-06 08:00:00+00:00,2021-04-06 09:00:00+00:00,1,1,-0.004928790785282144,False,0.006080359700365444,0.035093353702466086,0.29262104764921737,1.6888892157684312,SOL
364,2021-04-06 16:00:00+00:00,2021-04-06 17:00:00+00:00,1,1,0.026807087231032894,False,0.0019066028203664665,0.02924482713174878,0.06913840718084546,1.0604939553061443,SOL
365,2021-04-12 08:00:00+00:00,2021-04-12 09:00:00+00:00,1,1,0.00666136082979631,False,0.0053680684463950495,0.013969658437272126,0.2582947831409634,0.6721765813235292,SOL
366,2021-04-13 16:00:00+00:00,2021-04-13 17:00:00+00:00,1,1,0.007565021559514402,False,0.009009139864989898,0.012756593448492556,0.5174825960616362,0.7327353325129212,SOL
367,2021-04-14 00:00:00+00:00,2021-04-14 01:00:00+00:00,1,1,-0.025381902345437527,False,0.026533809795588864,0.003882464565240431,1.509991698971403,0.2209441203591609,SOL
368,2021-04-14 16:00:00+00:00,2021-04-14 17:00:00+00:00,1,1,0.023831650605698772,False,0.0013765879232522753,0.034267345007833024,0.06093188885515179,1.5167749346844863,SOL
369,2021-04-15 08:00:00+00:00,2021-04-15 09:00:00+00:00,1,1,-0.010676929967305026,False,0.010756460594479189,0.009830852604392187,0.48621101074275114,0.4443718953145076,SOL
370,2021-04-15 16:00:00+00:00,2021-04-15 17:00:00+00:00,1,1,-0.00584779716020314,False,0.006253931565165212,0.008448293517854722,0.3035195380472134,0.41001762157254956,SOL
371,2021-04-17 00:00:00+00:00,2021-04-17 01:00:00+00:00,1,1,-0.000257242816306103,False,0.007472903818914225,0.005527739308499948,0.34918139353484706,0.25829098856511307,SOL
372,2021-04-17 08:00:00+00:00,2021-04-17 09:00:00+00:00,1,1,0.004331329488599423,False,0.003357140129091441,0.0071993278081198195,0.19086991794820357,0.4093171733018899,SOL
373,2021-05-01 16:00:00+00:00,2021-05-01 17:00:00+00:00,1,1,0.009207800852981052,False,0.01501575610311705,0.015315269709893551,0.7426521932779068,0.75746559564417,SOL
374,2021-05-06 16:00:00+00:00,2021-05-06 17:00:00+00:00,1,1,-0.007810981709320552,False,0.01159824394874225,0.003545872731919248,0.6684596606692982,0.2043648067440673,SOL
375,2021-05-07 00:00:00+00:00,2021-05-07 01:00:00+00:00,1,1,-0.005236021402944168,False,0.007352384187897905,0.00630105981760202,0.43181631394635484,0.37007049072204684,SOL
376,2021-05-08 00:00:00+00:00,2021-05-08 01:00:00+00:00,1,1,-0.007722527922954961,False,0.019990979426152727,0.003099376655217485,0.953538406488091,0.14783541185861915,SOL
377,2021-05-11 00:00:00+00:00,2021-05-11 01:00:00+00:00,1,1,-0.02559110300786422,False,0.0248374363792786,0.003858627354520293,0.9275582615803171,0.14410109104621913,SOL
378,2021-05-20 00:00:00+00:00,2021-05-20 01:00:00+00:00,-1,1,0.01896839623025857,False,0.054446097505149886,0.07990959029526205,0.44143567550015805,0.6478874627808417,SOL
379,2021-09-06 00:00:00+00:00,2021-09-06 01:00:00+00:00,1,1,-0.010362590444632046,False,0.010524834670043486,0.01107358941888288,0.577671934472685,0.6077911930882519,SOL
380,2022-05-12 00:00:00+00:00,2022-05-12 01:00:00+00:00,-1,1,-0.027795910448465702,False,0.06864673485444521,0.013768686073957568,0.8219722513362838,0.16486549453736443,SOL
381,2022-05-12 08:00:00+00:00,2022-05-12 09:00:00+00:00,-1,1,0.011616845878136318,False,0.013664874551971313,0.047715053763440915,0.12939364624417063,0.451817158196859,SOL
382,2022-05-12 16:00:00+00:00,2022-05-12 17:00:00+00:00,-1,1,-0.06364559778848318,False,0.07550974680708038,0.0015684517140936653,0.7735277254509431,0.016067341478209575,SOL
383,2022-05-13 00:00:00+00:00,2022-05-13 01:00:00+00:00,-1,1,-0.04640734252520713,False,0.04974232578982744,0.018373291507954297,0.643638371196135,0.23774029927064463,SOL
384,2022-11-08 16:00:00+00:00,2022-11-08 17:00:00+00:00,-1,1,-0.05309294707581234,False,0.15126353790613722,0.009747292418772547,3.6694436856928703,0.23645579836206995,SOL
385,2022-11-09 08:00:00+00:00,2022-11-09 09:00:00+00:00,-1,1,0.146223819978046,False,0.0010976948408342247,0.19703622392974743,0.01181075115048463,2.120029831512035,SOL
386,2022-11-09 16:00:00+00:00,2022-11-09 17:00:00+00:00,-1,1,-0.047607751937984555,False,0.11162790697674414,0.052170542635658915,0.6542536510749407,0.3057727133148856,SOL
387,2022-11-10 00:00:00+00:00,2022-11-10 01:00:00+00:00,-1,1,-0.07074529914529919,False,0.10769230769230784,0.0743589743589743,0.5787811837671715,0.39963462688685564,SOL
388,2022-11-10 08:00:00+00:00,2022-11-10 09:00:00+00:00,-1,1,0.11757380078815055,False,0.003668976763147185,0.20505503465144725,0.027221581153705012,1.521383924479284,SOL
389,2022-11-10 16:00:00+00:00,2022-11-10 17:00:00+00:00,-1,1,-0.018035516215705524,False,0.07606392118678043,0.02909674093590693,0.6614335068113003,0.25301823905131027,SOL
390,2022-11-11 00:00:00+00:00,2022-11-11 01:00:00+00:00,-1,1,0.004076979846721441,False,0.026114107294919153,0.05506670451319892,0.28701239083234686,0.605221780668208,SOL
391,2022-11-11 08:00:00+00:00,2022-11-11 09:00:00+00:00,-1,1,-8.289087835879278e-06,False,0.013405607040857984,0.010491344640671429,0.17912826240172355,0.14018733579265272,SOL
392,2022-11-12 00:00:00+00:00,2022-11-12 01:00:00+00:00,-1,1,0.022637094929988943,False,0.00480944843540732,0.0283696578594909,0.08342520648894886,0.4921031167575905,SOL
393,2022-11-13 16:00:00+00:00,2022-11-13 17:00:00+00:00,-1,1,-0.003016676129307902,False,0.010039874679578469,0.014169752207348322,0.30538885181608516,0.4310097979531978,SOL
394,2022-11-14 08:00:00+00:00,2022-11-14 09:00:00+00:00,-1,1,-0.0038731969415168417,False,0.03285802851828892,0.012192601777226673,0.7107691268108189,0.26374451875369936,SOL
395,2022-11-18 00:00:00+00:00,2022-11-18 01:00:00+00:00,-1,1,-0.011558474126284822,False,0.019309838472834063,0.005139500734214281,0.9635233878745689,0.2564510918297278,SOL
396,2022-11-18 08:00:00+00:00,2022-11-18 09:00:00+00:00,-1,1,0.0017148804831948064,False,0.0009560932558652571,0.01088475398985068,0.055240253522130564,0.6288890400981052,SOL
397,2022-11-19 16:00:00+00:00,2022-11-19 17:00:00+00:00,-1,1,-0.007156695088478261,False,0.013055446323240297,0.0022021234762092385,0.9271898313299922,0.15639346552554312,SOL
398,2022-11-21 00:00:00+00:00,2022-11-21 01:00:00+00:00,-1,1,-0.001706522082279062,False,0.0021222757325932416,0.033140151824340776,0.10727795599904011,1.6751865436773266,SOL
399,2022-11-22 00:00:00+00:00,2022-11-22 01:00:00+00:00,-1,1,0.0030511627906976606,False,0.02004228329809726,0.005073995771670082,0.8715076443589236,0.22063484667314043,SOL
400,2022-11-24 08:00:00+00:00,2022-11-24 09:00:00+00:00,-1,1,0.010335781246959053,False,0.0037533884757072543,0.018558420796552528,0.14816243407239574,0.732580924024623,SOL
401,2022-11-24 16:00:00+00:00,2022-11-24 17:00:00+00:00,-1,1,-0.020094885228077574,False,0.022842463375685542,0.004026938832187727,0.9999690831211704,0.17628634292105747,SOL
402,2022-11-25 00:00:00+00:00,2022-11-25 01:00:00+00:00,-1,1,0.02747741296347061,False,0.0005482831882668011,0.037077650606538184,0.02756411957026873,1.8640235859392096,SOL
403,2022-11-27 08:00:00+00:00,2022-11-27 09:00:00+00:00,-1,1,0.0011956388034665604,False,0.003075202683813285,0.004473022085546552,0.25938375167443267,0.3772854569809892,SOL
404,2022-11-28 16:00:00+00:00,2022-11-28 17:00:00+00:00,-1,1,-0.026160356164300774,False,0.02959830866807607,0.018951978254303795,1.831308597659024,1.172598107174527,SOL
405,2022-11-29 00:00:00+00:00,2022-11-29 01:00:00+00:00,-1,1,0.005235424021633062,False,0.0005258018478178977,0.014872680838278404,0.03332880643214073,0.9427290962234552,SOL
406,2022-11-30 16:00:00+00:00,2022-11-30 17:00:00+00:00,-1,1,0.0016057265675396676,False,0.00036987720076927096,0.01080041426246492,0.03013670574894265,0.8799918078693054,SOL
407,2022-12-02 16:00:00+00:00,2022-12-02 17:00:00+00:00,-1,1,-0.0019520723537676432,False,0.001774754122605998,0.006063743252236853,0.14917467135710666,0.5096801271367553,SOL
408,2022-12-24 16:00:00+00:00,2022-12-24 17:00:00+00:00,-1,1,-0.009056883692741277,False,0.007399577167018995,0.0044926004228329946,0.7714116546134401,0.4683570760153064,SOL
409,2022-12-25 00:00:00+00:00,2022-12-25 01:00:00+00:00,-1,1,-0.004663993696927225,False,0.004814847238028514,0.0014882255099360467,0.5105678281961539,0.15781187416971607,SOL
410,2022-12-30 08:00:00+00:00,2022-12-30 09:00:00+00:00,-1,1,-0.0007216512955642948,False,0.01515151515151514,0.01515151515151514,0.3123749773628818,0.3123749773628818,SOL
411,2022-12-30 16:00:00+00:00,2022-12-30 17:00:00+00:00,-1,1,-0.004423086574654798,False,0.005018820577164371,0.009619406106231757,0.12418787935545758,0.23802676876462814,SOL
412,2022-12-31 00:00:00+00:00,2022-12-31 01:00:00+00:00,-1,1,-0.009200439917991084,False,0.008403361344537834,0.011845702136276285,0.2674477512387626,0.3770046613847637,SOL
413,2022-12-31 08:00:00+00:00,2022-12-31 09:00:00+00:00,-1,1,0.0008439918533605276,False,0.0005091649694500005,0.010488798370672073,0.02171872217905115,0.4474056768885417,SOL
414,2022-12-31 16:00:00+00:00,2022-12-31 17:00:00+00:00,-1,1,0.005211451135241952,False,0.0038499506416584104,0.00977295162882529,0.20488504093942617,0.5200927962308561,SOL
415,2023-01-02 08:00:00+00:00,2023-01-02 09:00:00+00:00,-1,1,-0.010905636366507293,False,0.024993232879184268,0.008301001533880765,1.131117480361912,0.3756780079180389,SOL
416,2023-01-03 08:00:00+00:00,2023-01-03 09:00:00+00:00,-1,1,0.0070470879050585425,False,0.006649271946805877,0.01792778385657781,0.360818575100136,0.9728399556497305,SOL
417,2023-01-03 16:00:00+00:00,2023-01-03 17:00:00+00:00,-1,1,-0.014003463608705812,False,0.08268975739137208,0.013885638505343694,3.9678113506879944,0.6662928494551577,SOL
418,2023-01-04 00:00:00+00:00,2023-01-04 01:00:00+00:00,-1,1,-0.01143040672369806,False,0.03384361398769314,0.011331232177697718,1.3552995419041431,0.4537699131430729,SOL
419,2023-01-04 08:00:00+00:00,2023-01-04 09:00:00+00:00,-1,1,0.018117808844000355,False,0.00014175349067975531,0.031256644694875664,0.005397490994331749,1.1901467642497554,SOL
420,2023-01-04 16:00:00+00:00,2023-01-04 17:00:00+00:00,-1,1,-0.007700919101258276,False,0.020970641102456514,0.007414619532654299,0.8473441910349151,0.2995966961159177,SOL
421,2023-01-05 00:00:00+00:00,2023-01-05 01:00:00+00:00,-1,1,0.015372413674002156,False,0.001118985453189151,0.020141738157403923,0.04795552123441403,0.8631993822194185,SOL
422,2023-01-05 08:00:00+00:00,2023-01-05 09:00:00+00:00,-1,1,0.0034346914791871966,False,0.002493012011785108,0.009820956410062762,0.12278381822981595,0.4836938293901947,SOL
423,2023-01-06 08:00:00+00:00,2023-01-06 09:00:00+00:00,-1,1,-0.005999187754214599,False,0.009382866732778956,0.0009154016324662793,0.6093870579658701,0.05945239589911186,SOL
424,2024-03-05 16:00:00+00:00,2024-03-05 17:00:00+00:00,1,1,-0.04508824360878523,False,0.05977570656736349,0.010482812062767608,2.7927181340594807,0.4897564750763233,SOL
425,2024-03-06 00:00:00+00:00,2024-03-06 01:00:00+00:00,1,1,-0.014522988560762017,False,0.015340066050830437,0.012476267968538051,0.340679841460335,0.2770791846302449,SOL
426,2020-02-11 00:00:00+00:00,2020-02-11 01:00:00+00:00,1,1,-0.011445567509627285,False,0.01544324903727815,0.002977490174282397,0.5965420634504761,0.11501453665497523,BNB
427,2020-02-11 08:00:00+00:00,2020-02-11 09:00:00+00:00,1,1,0.009447696697920716,False,0.0022421524663677013,0.011944557684467968,0.10663367708325454,0.5680666797344303,BNB
428,2020-02-11 16:00:00+00:00,2020-02-11 17:00:00+00:00,1,1,-0.0006834462421296359,False,0.010719693950745273,0.006216625488164453,0.6053792315759597,0.35107494470575584,BNB
429,2020-02-12 00:00:00+00:00,2020-02-12 01:00:00+00:00,1,1,0.005597043376774958,False,0.003890293717175564,0.010581598910717839,0.24892857060160045,0.6770857120363727,BNB
430,2020-02-12 08:00:00+00:00,2020-02-12 09:00:00+00:00,1,1,-0.007643029177405635,False,0.0085268925071379,0.002044910872752559,0.6261490080881567,0.15016243180394934,BNB
431,2020-02-12 16:00:00+00:00,2020-02-12 17:00:00+00:00,1,1,0.0016526060036053296,False,0.0009405125793557845,0.0075241006348459975,0.07145480814946953,0.5716384651957351,BNB
432,2020-02-13 00:00:00+00:00,2020-02-13 01:00:00+00:00,1,1,0.026052469772787325,False,0.006275755169936878,0.03576424331783289,0.4453679538999764,2.538060749333589,BNB
433,2020-02-13 16:00:00+00:00,2020-02-13 17:00:00+00:00,1,1,-0.01236527030189578,False,0.010765270301895754,0.0074888836882750845,0.4727561043208016,0.32887381170141744,BNB
434,2020-02-15 08:00:00+00:00,2020-02-15 09:00:00+00:00,1,1,0.006025272331154508,False,0.001945222533457855,0.007625272331154604,0.15021464016625544,0.5888413894517068,BNB
435,2020-02-15 16:00:00+00:00,2020-02-15 17:00:00+00:00,1,1,-0.05178572670512922,False,0.05160831423377859,0.025013830712084056,3.0949422784629386,1.500075392241222,BNB
436,2020-02-16 00:00:00+00:00,2020-02-16 01:00:00+00:00,1,1,0.0008340938157514369,False,0.020545402038037917,0.008168653822352424,0.9115099802185583,0.3624075824965352,BNB
437,2020-02-18 00:00:00+00:00,2020-02-18 01:00:00+00:00,1,1,-0.01174838819716879,False,0.026650179089203477,0.0034965034965033764,1.27636632533625,0.16745926188411026,BNB
438,2020-02-19 16:00:00+00:00,2020-02-19 17:00:00+00:00,1,1,-0.00014142357059516585,False,0.001250208368061243,0.004209034839139967,0.09366190268278528,0.3153284056987441,BNB
439,2020-03-13 16:00:00+00:00,2020-03-13 17:00:00+00:00,-1,1,-0.015013334975109158,False,0.05709641369501162,0.029259372142639465,0.5088262399587736,0.2607508133596567,BNB
440,2020-03-14 00:00:00+00:00,2020-03-14 01:00:00+00:00,-1,1,0.013092462128125582,False,0.003924073736083159,0.02454827523270671,0.04706670878740066,0.29444057357700004,BNB
441,2020-03-14 16:00:00+00:00,2020-03-14 17:00:00+00:00,1,1,0.0113130269654385,False,0.005412077478161829,0.031807823775161496,0.11257047614952317,0.6615984124577212,BNB
442,2020-03-26 00:00:00+00:00,2020-03-26 01:00:00+00:00,-1,1,-0.007109733498049532,False,0.008696358907672246,0.0,0.5974114979477209,0.0,BNB
443,2020-03-26 08:00:00+00:00,2020-03-26 09:00:00+00:00,-1,1,-0.006294860516931157,False,0.005398331424832238,0.0017176509079012592,0.43652895716281576,0.13889557727908522,BNB
444,2020-03-26 16:00:00+00:00,2020-03-26 17:00:00+00:00,-1,1,-0.005016856492027388,False,0.006589651806052678,0.003335502766026714,0.5907778540542276,0.2990357039039962,BNB
445,2020-04-14 00:00:00+00:00,2020-04-14 01:00:00+00:00,-1,1,0.005866666666666621,False,0.005733333333333353,0.012800000000000011,0.36166494361584406,0.8074380136539753,BNB
446,2020-04-14 08:00:00+00:00,2020-04-14 09:00:00+00:00,-1,1,-0.011753281802698811,False,0.018603432464299796,0.010873837285471005,1.0980064877479028,0.6417925245287036,BNB
447,2020-04-15 00:00:00+00:00,2020-04-15 01:00:00+00:00,-1,1,-0.0018565253639452701,False,0.0019239402295901597,0.011736035400500213,0.12934183493691928,0.7889851931152236,BNB
448,2020-04-15 08:00:00+00:00,2020-04-15 09:00:00+00:00,-1,1,0.009492587843036682,False,0.00044883303411128963,0.01404206206719668,0.036278821559277946,1.1350088459260315,BNB
449,2020-04-16 16:00:00+00:00,2020-04-16 17:00:00+00:00,-1,1,0.01090644662197009,False,0.0024497163486333325,0.01901753481175863,0.14180406891232497,1.1008473770825151,BNB
450,2020-04-17 00:00:00+00:00,2020-04-17 01:00:00+00:00,-1,1,0.008249399504352706,False,0.0001270890258626592,0.01486941602592616,0.00885008486252645,1.035459928915249,BNB
451,2020-04-17 08:00:00+00:00,2020-04-17 09:00:00+00:00,-1,1,-0.012363083268883645,False,0.02159061613818,0.00103119360659964,1.548199615785322,0.07394386224646302,BNB
452,2020-04-17 16:00:00+00:00,2020-04-17 17:00:00+00:00,-1,1,-0.005903976360249263,False,0.005460268516734057,0.0012847690627609413,0.3912549297006083,0.09205998345896571,BNB
453,2020-04-21 00:00:00+00:00,2020-04-21 01:00:00+00:00,-1,1,-0.02832829581993552,False,0.03309217577706322,0.00817256162915338,1.901965151326954,0.4697160900038293,BNB
454,2020-04-21 08:00:00+00:00,2020-04-21 09:00:00+00:00,-1,1,0.004738133278634745,False,0.00551361995405326,0.009386281588447582,0.35513682301903693,0.604578162996679,BNB
455,2020-04-22 00:00:00+00:00,2020-04-22 01:00:00+00:00,-1,1,0.003821975357639037,False,0.001191027592139263,0.0073446701515251026,0.08844128700154266,0.5453879365094869,BNB
456,2020-05-01 00:00:00+00:00,2020-05-01 01:00:00+00:00,-1,1,-0.011642533081285444,False,0.010574196597353407,0.0011224007561437797,0.5401672481535237,0.05733618835149757,BNB
457,2020-05-01 08:00:00+00:00,2020-05-01 09:00:00+00:00,-1,1,-0.007402707930367524,False,0.010069404937990648,0.0016497895096142857,0.5907290227745884,0.09678611107606244,BNB
458,2020-05-04 00:00:00+00:00,2020-05-04 01:00:00+00:00,-1,1,-0.0004292454486916717,False,0.008429432769420004,0.007375753673242269,0.9438864897001399,0.8259006784875962,BNB
459,2020-05-04 08:00:00+00:00,2020-05-04 09:00:00+00:00,-1,1,-0.008219299204469576,False,0.0075909394546669106,0.002550555656767963,0.5503626030727646,0.18492183463244027,BNB
460,2020-06-02 16:00:00+00:00,2020-06-02 17:00:00+00:00,1,1,0.00385486538799933,False,0.005337556454924106,0.006217373452988542,0.33724119350822346,0.39283040122936064,BNB
461,2020-07-07 00:00:00+00:00,2020-07-07 01:00:00+00:00,1,1,0.0006053418279832649,False,0.0009188924283264254,0.013905905415339178,0.11360845171620157,1.719274569305094,BNB
462,2020-08-02 08:00:00+00:00,2020-08-02 09:00:00+00:00,1,1,-0.004285464921114544,False,0.007960485301875047,0.004363880496810892,0.3115797857464324,0.17080578616219588,BNB
463,2020-08-08 08:00:00+00:00,2020-08-08 09:00:00+00:00,-1,1,0.00306823785351711,False,0.0004985496736765424,0.006073241479332865,0.03704229876984166,0.45124254865083097,BNB
464,2020-08-09 00:00:00+00:00,2020-08-09 01:00:00+00:00,-1,1,0.005864315334584581,False,0.0003928587018202602,0.011305600419049298,0.03620477967882092,1.041893104090475,BNB
465,2020-08-18 08:00:00+00:00,2020-08-18 09:00:00+00:00,1,1,-0.00350785133129044,False,0.002851549199863814,0.0027664283282261355,0.2882075597169619,0.2796043489791469,BNB
466,2020-08-20 08:00:00+00:00,2020-08-20 09:00:00+00:00,1,1,0.0038022419304009525,False,0.001395579165353728,0.0067528024130013315,0.11423846946981076,0.5527667877571015,BNB
467,2020-09-02 00:00:00+00:00,2020-09-02 01:00:00+00:00,1,1,0.012214832767813811,False,0.0007270964614639151,0.025206010664081385,0.04278998710832656,1.4833862197552614,BNB
468,2020-09-02 08:00:00+00:00,2020-09-02 09:00:00+00:00,1,1,0.004128970283064145,False,0.007796257796257807,0.009315528546297799,0.4671038771789579,0.5581292481163964,BNB
469,2020-09-06 08:00:00+00:00,2020-09-06 09:00:00+00:00,-1,1,-0.1008198439687939,False,0.11672334466893378,0.01075215043008601,3.4915092899016127,0.3216257486413223,BNB
470,2020-09-08 00:00:00+00:00,2020-09-08 01:00:00+00:00,-1,1,-0.0029050752781497116,False,0.0045539780337530275,0.014019108849004378,0.16335745943003094,0.5028847280493095,BNB
471,2020-09-08 16:00:00+00:00,2020-09-08 17:00:00+00:00,-1,1,-0.0039398458644536605,False,0.011237897648686098,0.008687759336099608,0.4244614104329762,0.3281413211424151,BNB
472,2020-09-09 08:00:00+00:00,2020-09-09 09:00:00+00:00,-1,1,0.00936922754867069,False,0.001214151140883396,0.015616495708603772,0.04738792194376278,0.6095067201732284,BNB
473,2020-09-09 16:00:00+00:00,2020-09-09 17:00:00+00:00,-1,1,-0.029600849798172964,False,0.035054174633524504,0.0,1.6141176156418169,0.0,BNB
474,2020-09-13 00:00:00+00:00,2020-09-13 01:00:00+00:00,-1,1,-0.026886141926395442,False,0.03451311850677938,0.013699594999119541,1.7615718530396507,0.6992361743187987,BNB
475,2020-09-13 08:00:00+00:00,2020-09-13 09:00:00+00:00,-1,1,-0.01571115743561786,False,0.014688432057983977,0.019082133350437843,0.5673267715680835,0.7370293211419481,BNB
476,2020-09-14 00:00:00+00:00,2020-09-14 01:00:00+00:00,-1,1,0.048136902801361466,False,0.00044955365744009206,0.06203840472673555,0.014190639469952826,1.95830824685358,BNB
477,2020-09-14 08:00:00+00:00,2020-09-14 09:00:00+00:00,-1,1,-0.031112141065855494,False,0.053887860354403565,0.009818830997090737,1.7883679782208788,0.3258560058476088,BNB
478,2020-09-14 16:00:00+00:00,2020-09-14 17:00:00+00:00,-1,1,0.021738069470056458,False,0.0,0.030623658514465312,0.0,1.014532800219878,BNB
479,2020-09-15 00:00:00+00:00,2020-09-15 01:00:00+00:00,-1,1,0.01667845475758361,False,0.0013935701322270956,0.026575058335493916,0.043274073141514366,0.8252265110707535,BNB
480,2020-09-15 08:00:00+00:00,2020-09-15 09:00:00+00:00,-1,1,-0.009263671631566002,False,0.026986982749497193,0.016333298056231734,0.7913852716936548,0.47896912522112994,BNB
481,2020-09-16 00:00:00+00:00,2020-09-16 01:00:00+00:00,-1,1,0.031480449785128733,False,0.004578010780477085,0.055711437643062724,0.1524605919544149,1.855347042412962,BNB
482,2020-09-17 00:00:00+00:00,2020-09-17 01:00:00+00:00,-1,1,-0.020048323373597857,False,0.03325424216278403,0.009311187805579536,1.5489761433337637,0.4337133201334541,BNB
483,2020-09-18 16:00:00+00:00,2020-09-18 17:00:00+00:00,-1,1,0.0016667876588021728,False,0.003992740471869307,0.008820326678765956,0.21140087391682594,0.46700374874354017,BNB
484,2020-09-27 16:00:00+00:00,2020-09-27 17:00:00+00:00,-1,1,0.0032162369932701,False,0.005437055625261423,0.005893312041367157,0.3753773003713696,0.40687749340951823,BNB
485,2020-09-29 08:00:00+00:00,2020-09-29 09:00:00+00:00,-1,1,0.0011388374355832303,False,3.603733467877121e-05,0.007171429601066636,0.00289849134849951,0.576799778350692,BNB
486,2020-09-29 16:00:00+00:00,2020-09-29 17:00:00+00:00,-1,1,0.016182500885582644,False,0.0004605030109811592,0.018809776833156173,0.034318140271908895,1.4017640372604778,BNB
487,2020-09-30 00:00:00+00:00,2020-09-30 01:00:00+00:00,-1,1,0.01002041436610923,False,3.469571854837354e-05,0.01564776906529736,0.0026216069891284014,1.1823447520954653,BNB
488,2020-09-30 16:00:00+00:00,2020-09-30 17:00:00+00:00,-1,1,0.0026300020634157277,False,0.00024073182474728142,0.014719031570259332,0.019190213812626877,1.1733445016860886,BNB
489,2020-10-01 00:00:00+00:00,2020-10-01 01:00:00+00:00,-1,1,0.00521506849315061,False,0.003595890410958919,0.009383561643835648,0.2871372987625735,0.7492916177232865,BNB
490,2020-10-01 08:00:00+00:00,2020-10-01 09:00:00+00:00,-1,1,-0.004811436859007489,False,0.006975378984081002,0.0007596947408404456,0.633836926819865,0.0690317445051284,BNB
491,2020-10-02 16:00:00+00:00,2020-10-02 17:00:00+00:00,-1,1,-0.020887671477949902,False,0.02242252681764006,0.006965137067937933,1.1591867030046057,0.36007959046820326,BNB
492,2020-10-03 16:00:00+00:00,2020-10-03 17:00:00+00:00,-1,1,0.0011756031599174281,False,0.0014945555476477844,0.010746566080705986,0.11783487488740443,0.8472888622856609,BNB
493,2020-10-04 00:00:00+00:00,2020-10-04 01:00:00+00:00,-1,1,-0.009846543205488122,False,0.009028542992215595,0.010059360892901494,0.783674076116964,0.873148675358653,BNB
494,2020-10-04 08:00:00+00:00,2020-10-04 09:00:00+00:00,-1,1,0.0024128409612218767,False,7.005990121550046e-05,0.007251199775808342,0.006650386008600698,0.6883149518905561,BNB
495,2020-10-04 16:00:00+00:00,2020-10-04 17:00:00+00:00,-1,1,0.005938888774233628,False,0.0,0.01289007153471338,0.0,1.2797198167468082,BNB
496,2020-10-05 00:00:00+00:00,2020-10-05 01:00:00+00:00,-1,1,-0.002186996305376397,False,0.0065605469424398774,0.004385207693104482,0.6719831251802554,0.4491676678836375,BNB
497,2020-10-05 08:00:00+00:00,2020-10-05 09:00:00+00:00,-1,1,0.0060741440377803275,False,0.0,0.00878533231474396,0.0,0.8609886518628522,BNB
498,2020-10-05 16:00:00+00:00,2020-10-05 17:00:00+00:00,-1,1,-0.0037605577909628736,False,0.002352280307551879,0.005371625179931968,0.22690293821527105,0.5181514857751776,BNB
499,2020-10-06 16:00:00+00:00,2020-10-06 17:00:00+00:00,-1,1,0.0011015498364851843,False,0.002523816294611046,0.008246836342954743,0.20671796128264283,0.675472774895424,BNB
500,2020-10-13 08:00:00+00:00,2020-10-13 09:00:00+00:00,-1,1,-0.0037299254526092602,False,0.006873850324329589,0.002549456223577535,0.4615514031182234,0.17118573167294895,BNB
501,2020-10-13 16:00:00+00:00,2020-10-13 17:00:00+00:00,-1,1,-0.006067581987254392,False,0.004031733645467511,0.003641565873325591,0.28798504384639223,0.2601155234741676,BNB
502,2020-10-14 00:00:00+00:00,2020-10-14 01:00:00+00:00,-1,1,-0.014079647250342907,False,0.012344066357520741,0.005747501796094259,1.0184235615913455,0.47418663185205046,BNB
503,2020-10-14 08:00:00+00:00,2020-10-14 09:00:00+00:00,-1,1,-0.0007625060396197578,False,0.00934127878885486,0.0012884522467386922,0.8918831849196571,0.1230183703337545,BNB
504,2020-10-16 00:00:00+00:00,2020-10-16 01:00:00+00:00,-1,1,-0.007702236421725139,False,0.012460063897763596,0.003801916932907341,1.4754405768799015,0.4501985349966864,BNB
505,2020-11-22 00:00:00+00:00,2020-11-22 01:00:00+00:00,1,1,-0.0012495082995978718,False,0.00918871194532549,0.02553873320035312,0.681368525495373,1.8937680370529812,BNB
506,2020-11-23 08:00:00+00:00,2020-11-23 09:00:00+00:00,1,1,0.008569936355882258,False,6.561249261855822e-05,0.013713010957286243,0.004710473016703474,0.9844888604915699,BNB
507,2020-11-23 16:00:00+00:00,2020-11-23 17:00:00+00:00,1,1,0.004153369323767767,False,0.004716354457287081,0.009964129135113615,0.32049683191208617,0.6771059829128624,BNB
508,2020-11-24 00:00:00+00:00,2020-11-24 01:00:00+00:00,1,1,0.021643086630396317,False,0.006792647200849838,0.029842577986672236,0.5080252381060852,2.2319402640964174,BNB
509,2020-11-24 16:00:00+00:00,2020-11-24 17:00:00+00:00,1,1,-0.0011503353986655747,False,0.01669534764363123,0.005977719409473792,0.592153663161447,0.2120188522711887,BNB
510,2020-11-25 00:00:00+00:00,2020-11-25 01:00:00+00:00,1,1,0.019034004900203565,False,0.00990595241604996,0.030838173295203473,0.42519052883909225,1.3236586106121881,BNB
511,2020-11-26 00:00:00+00:00,2020-11-26 01:00:00+00:00,1,1,0.007822618428959458,False,0.017740131053220386,0.014863353044590055,0.7456235825581026,0.6247116502513833,BNB
512,2020-12-18 00:00:00+00:00,2020-12-18 01:00:00+00:00,1,1,-0.009074286470218528,False,0.019810166352481947,0.0004299368323577629,1.4718012404622913,0.03194226398332615,BNB
513,2020-12-19 00:00:00+00:00,2020-12-19 01:00:00+00:00,1,1,0.010819354838709706,False,0.002225806451612873,0.014838709677419383,0.23784628721819318,1.5856419147879792,BNB
514,2020-12-20 00:00:00+00:00,2020-12-20 01:00:00+00:00,1,1,-0.0043154813141554685,False,0.020847706752257257,0.00026997030326643775,1.5464049333978962,0.02002538762672029,BNB
515,2020-12-20 08:00:00+00:00,2020-12-20 09:00:00+00:00,1,1,0.01907246283511286,False,0.004359430604982161,0.023131672597864802,0.3277688829035071,1.7391818276512827,BNB
516,2020-12-20 16:00:00+00:00,2020-12-20 17:00:00+00:00,1,1,-0.006342125425198176,False,0.0069297895397251496,0.004220612559174018,0.44120283053394943,0.2687161272387747,BNB
517,2020-12-21 16:00:00+00:00,2020-12-21 17:00:00+00:00,1,1,-0.0017546551190843016,False,0.006217135787194572,0.009403031240334118,0.2695036053104085,0.4076074428575349,BNB
518,2020-12-29 08:00:00+00:00,2020-12-29 09:00:00+00:00,1,1,0.009272546842105234,False,0.003947368421052594,0.014473684210526241,0.17307148141502796,0.6345954318551051,BNB
519,2021-01-03 16:00:00+00:00,2021-01-03 17:00:00+00:00,1,1,-0.0019323451604508334,False,0.001090323380002402,0.030380374179160112,0.06541040512873539,1.8225717429053545,BNB
520,2021-01-04 00:00:00+00:00,2021-01-04 01:00:00+00:00,1,1,0.012056174334140347,False,0.0,0.021186440677966104,0.0,1.1605616432462031,BNB
521,2021-01-04 08:00:00+00:00,2021-01-04 09:00:00+00:00,1,1,-0.0004285825849276823,False,0.012836782506833178,0.012495119094103876,0.5849552518674213,0.5693861006770382,BNB
522,2021-01-04 16:00:00+00:00,2021-01-04 17:00:00+00:00,1,1,-0.014823140495867703,False,0.023265715001252244,0.0046331079388931195,0.9041696966301935,0.1800553217186087,BNB
523,2021-01-05 00:00:00+00:00,2021-01-05 01:00:00+00:00,1,1,-0.0128742684448982,False,0.01696563122842838,0.002138933450002281,0.7812666951360521,0.09849780683663001,BNB
524,2021-01-06 08:00:00+00:00,2021-01-06 09:00:00+00:00,1,1,-0.00022516156772933791,False,0.006455070275010367,0.005675590090858259,0.42965059478466205,0.37776825881067094,BNB
525,2021-01-06 16:00:00+00:00,2021-01-06 17:00:00+00:00,1,1,0.009145158642005092,False,0.0,0.0164195682619404,0.0,1.1120134718135253,BNB
526,2021-01-07 00:00:00+00:00,2021-01-07 01:00:00+00:00,1,1,-0.009037406825577033,False,0.011279795686719562,0.0031214528944382572,0.7916580284792064,0.21907517769236878,BNB
527,2021-01-07 08:00:00+00:00,2021-01-07 09:00:00+00:00,1,1,0.002886794023775387,False,0.025070539802951017,0.008834821222073129,1.4756760344000055,0.520026056402953,BNB
528,2021-01-07 16:00:00+00:00,2021-01-07 17:00:00+00:00,1,1,-0.00796175475815521,False,0.007356580427446688,0.010753655793025747,0.4549763361171705,0.6650724423975579,BNB
529,2021-01-08 00:00:00+00:00,2021-01-08 01:00:00+00:00,1,1,-0.022738397980261622,False,0.021482671563002063,0.002754188661923283,1.0950149048769418,0.14038652626627163,BNB
530,2021-01-08 08:00:00+00:00,2021-01-08 09:00:00+00:00,1,1,0.0020692931906385785,False,0.008397036340115238,0.00849112078090079,0.3795429009315677,0.38379548245460804,BNB
531,2021-01-10 08:00:00+00:00,2021-01-10 09:00:00+00:00,1,1,-0.005904545647673157,False,0.009451795841209868,0.0025429831668016822,0.7143099120667658,0.19218338110367592,BNB
532,2021-01-17 00:00:00+00:00,2021-01-17 01:00:00+00:00,1,1,0.01675663728984753,False,0.012577887934029771,0.029394732575108252,0.6484745260708317,1.5154957156240985,BNB
533,2021-01-17 08:00:00+00:00,2021-01-17 09:00:00+00:00,1,1,0.002801048555830789,False,0.009860272720713876,0.007527476491666753,0.4651537485521547,0.35510517877273395,BNB
534,2021-01-18 16:00:00+00:00,2021-01-18 17:00:00+00:00,1,1,-0.0034745397335476753,False,0.0081453214612484,0.005779830845105004,0.41341125250885374,0.2933520942460073,BNB
535,2021-01-19 00:00:00+00:00,2021-01-19 01:00:00+00:00,1,1,-0.003954649883367754,False,0.006293737071431745,0.004489239029972286,0.4187072792528178,0.2986583390474639,BNB
536,2021-01-19 08:00:00+00:00,2021-01-19 09:00:00+00:00,1,1,-0.009103585720358236,False,0.006169206286922463,0.004316264469295673,0.4784865997110636,0.33477154326075176,BNB
537,2021-01-19 16:00:00+00:00,2021-01-19 17:00:00+00:00,1,1,-0.010135427750672686,False,0.009518211209332807,0.007596482105310721,0.5144299134705655,0.4105663917484786,BNB
538,2021-01-20 00:00:00+00:00,2021-01-20 01:00:00+00:00,1,1,0.0014593994163607975,False,0.011578650098842073,0.0072954909159371716,0.5679245627450579,0.35783864725806946,BNB
539,2021-01-30 00:00:00+00:00,2021-01-30 01:00:00+00:00,1,1,-0.001576669855119793,False,0.002076382894337742,0.006672421435737148,0.16340876700098037,0.5251113186773182,BNB
540,2021-02-02 00:00:00+00:00,2021-02-02 01:00:00+00:00,-1,1,0.011180917972923022,False,0.0057300468115689005,0.016529728259813904,0.2551936751661755,0.7361688731064878,BNB
541,2021-02-03 00:00:00+00:00,2021-02-03 01:00:00+00:00,-1,1,-0.010814914313941102,False,0.01080252975605918,0.003555014337903219,0.5815317277390937,0.19137680494687112,BNB
542,2021-02-03 08:00:00+00:00,2021-02-03 09:00:00+00:00,-1,1,-0.004707012686968558,False,0.003126929434961789,0.009121870580971648,0.19428572092015278,0.5667698100728219,BNB
543,2021-02-08 16:00:00+00:00,2021-02-08 17:00:00+00:00,-1,1,-0.007442958624803441,False,0.012404424922726618,0.005504039911067618,0.46767927123391984,0.20751670395734023,BNB
544,2021-02-09 00:00:00+00:00,2021-02-09 01:00:00+00:00,1,1,0.019718040972724785,False,0.010892620966735765,0.03167968457564946,0.4543005612296116,1.3212704753287268,BNB
545,2021-02-09 16:00:00+00:00,2021-02-09 17:00:00+00:00,1,1,0.07313143683167944,False,0.011444431770655046,0.10824683472111332,0.30850274408886363,2.9179644930930233,BNB
546,2021-02-10 00:00:00+00:00,2021-02-10 01:00:00+00:00,1,1,0.05652247075142899,False,0.0,0.07865807606597737,0.0,1.6773284684717293,BNB
547,2021-02-10 08:00:00+00:00,2021-02-10 09:00:00+00:00,1,1,0.03027431988138294,False,0.031645214660273195,0.04385743529345784,0.6567232407065404,0.9101596353256776,BNB
548,2021-02-10 16:00:00+00:00,2021-02-10 17:00:00+00:00,1,1,0.04657148868567145,False,0.013069261327652704,0.06308447727067096,0.1737711734954483,0.8387821905035162,BNB
549,2021-02-11 00:00:00+00:00,2021-02-11 01:00:00+00:00,1,1,-0.03773625961008849,False,0.045779319012265306,0.007401028696441294,0.7395786941835976,0.11956584888173792,BNB
550,2021-02-11 08:00:00+00:00,2021-02-11 09:00:00+00:00,1,1,0.0010436734859884849,False,0.012990604791149862,0.009256924390938228,0.25578204932403326,0.18226673270553914,BNB
551,2021-02-11 16:00:00+00:00,2021-02-11 17:00:00+00:00,1,1,-0.024045558502475202,False,0.03818578185624457,0.012001920307249092,0.8627487277021405,0.2711648412501558,BNB
552,2021-02-12 00:00:00+00:00,2021-02-12 01:00:00+00:00,1,1,-0.001978696317782534,False,0.016001933768431266,0.005422608975908483,0.42113460755871557,0.14271077083938355,BNB
553,2021-02-12 08:00:00+00:00,2021-02-12 09:00:00+00:00,1,1,0.016593967009346504,False,0.0007808915043834113,0.02296787074232991,0.024073013784864622,0.7080444157548736,BNB
554,2021-02-12 16:00:00+00:00,2021-02-12 17:00:00+00:00,1,1,0.01850403276434181,False,0.0005530477414726934,0.040626588143852255,0.014809097309034885,1.0878682834040594,BNB
555,2021-02-13 00:00:00+00:00,2021-02-13 01:00:00+00:00,1,1,-0.011864696082854917,False,0.010172218362645735,0.01649054810047896,0.33498976421913296,0.5430639240216737,BNB
556,2021-02-13 08:00:00+00:00,2021-02-13 09:00:00+00:00,1,1,0.018988041673635388,False,0.0026468218957382246,0.029022977482833917,0.1025762098525144,1.124770440208875,BNB
557,2021-02-13 16:00:00+00:00,2021-02-13 17:00:00+00:00,1,1,-8.246831485343308e-05,False,0.004834749187853541,0.01014229719218519,0.1846158688016699,0.38728565537260035,BNB
558,2021-02-14 08:00:00+00:00,2021-02-14 09:00:00+00:00,1,1,0.006646095366552852,False,0.0,0.014614594669159993,0.0,0.6518091621602365,BNB
559,2021-02-14 16:00:00+00:00,2021-02-14 17:00:00+00:00,1,1,0.019794510232480283,False,0.0026253909549574144,0.02360568910805199,0.09147624166229748,0.8224907293810089,BNB
560,2021-02-15 00:00:00+00:00,2021-02-15 01:00:00+00:00,1,1,-0.003491875975383539,False,0.004313771679279058,0.03197049556844629,0.1758079464257816,1.3029588930498175,BNB
561,2021-02-15 08:00:00+00:00,2021-02-15 09:00:00+00:00,1,1,-0.0027857007568466525,False,0.01325059092553956,0.011264157190043146,0.3899182576885045,0.33146450377587366,BNB
562,2021-02-18 00:00:00+00:00,2021-02-18 01:00:00+00:00,1,1,0.022123800258281246,False,0.001951001473821592,0.04417840489018817,0.05638434348829138,1.2767649791744682,BNB
563,2021-02-18 08:00:00+00:00,2021-02-18 09:00:00+00:00,1,1,0.05106963292547277,False,0.0,0.0921468298109009,0.0,2.8289407630324597,BNB
564,2021-02-18 16:00:00+00:00,2021-02-18 17:00:00+00:00,1,1,0.02157297282051281,False,0.0003641025641025536,0.034307692307692296,0.010020600948150864,0.9441946527201577,BNB
565,2021-02-19 00:00:00+00:00,2021-02-19 01:00:00+00:00,1,1,0.054656523503674205,False,0.002807480478038786,0.071419439628942,0.08275978223199842,2.1053244419892065,BNB
566,2021-02-19 16:00:00+00:00,2021-02-19 17:00:00+00:00,1,1,-0.06268898216668313,False,0.11009001351640654,0.025527794908500743,1.70872795062232,0.39622173968948365,BNB
567,2021-02-20 00:00:00+00:00,2021-02-20 01:00:00+00:00,1,1,-0.1334760588337413,False,0.13797613845205237,0.008698150819829168,2.163846178243757,0.13641098106116176,BNB
568,2021-02-20 08:00:00+00:00,2021-02-20 09:00:00+00:00,1,1,0.0097989819414982,False,0.00010270666292348599,0.03668681999630259,0.001365184357285763,0.48764385242291847,BNB
569,2021-02-20 16:00:00+00:00,2021-02-20 17:00:00+00:00,1,1,0.013581729523587872,False,0.008140347302076995,0.030465349849347224,0.11933745044755426,0.44662187534507863,BNB
570,2021-02-21 00:00:00+00:00,2021-02-21 01:00:00+00:00,1,1,0.08645987412718008,False,0.01505496287681901,0.11150798830728591,0.21225401692096307,1.5721073928013614,BNB
571,2021-02-21 08:00:00+00:00,2021-02-21 09:00:00+00:00,1,1,0.06553015422684486,False,0.003119615065951544,0.06969344530754648,0.04970844378488997,1.1105064679474428,BNB
572,2021-02-22 16:00:00+00:00,2021-02-22 17:00:00+00:00,1,1,-0.006752363846692377,False,0.014886297908612052,0.021191664890864322,0.23277956725341453,0.33137766105170674,BNB
573,2021-03-09 16:00:00+00:00,2021-03-09 17:00:00+00:00,1,1,-0.005363870459221109,False,0.019896809929965203,0.008008619661070786,0.8519699519489226,0.34292448547462234,BNB
574,2021-03-10 00:00:00+00:00,2021-03-10 01:00:00+00:00,1,1,-0.020395661300875053,False,0.02316468118747104,0.01034539159828804,0.9818988620619648,0.4385179383966057,BNB
575,2021-03-12 00:00:00+00:00,2021-03-12 01:00:00+00:00,1,1,-0.018490180524065796,False,0.029961384636601838,0.00315128947731343,1.1137239739485458,0.11713966768572577,BNB
576,2021-03-12 08:00:00+00:00,2021-03-12 09:00:00+00:00,1,1,0.007245284815874211,False,0.0030747229174115614,0.016810868787987123,0.13264126494514403,0.7252084043861129,BNB
577,2021-03-12 16:00:00+00:00,2021-03-12 17:00:00+00:00,1,1,-0.013394097473443462,False,0.020629144902869972,0.009313193262515358,0.6849048578442765,0.3092058026434214,BNB
578,2021-03-14 00:00:00+00:00,2021-03-14 01:00:00+00:00,1,1,-0.015063872317134854,False,0.014412592967001293,0.0026355693551879606,0.7534042855301329,0.13777182576076286,BNB
579,2021-03-14 08:00:00+00:00,2021-03-14 09:00:00+00:00,1,1,0.011484278804359916,False,0.0038376093142828,0.014377103626596544,0.2263621487030623,0.8480363170192052,BNB
580,2021-03-14 16:00:00+00:00,2021-03-14 17:00:00+00:00,1,1,-0.0064193674111827186,False,0.009511317643531534,0.0048830760005996,0.577862611484511,0.2966725700411071,BNB
581,2021-03-15 00:00:00+00:00,2021-03-15 01:00:00+00:00,1,1,0.004154744046369167,False,0.00865245102135393,0.0146119311146392,0.5484574219131805,0.9262140922300157,BNB
582,2021-03-15 08:00:00+00:00,2021-03-15 09:00:00+00:00,1,1,-0.0021415745565653713,False,0.005405828893763693,0.018450329050454434,0.3082117494066873,1.0519401012358727,BNB
583,2021-03-15 16:00:00+00:00,2021-03-15 17:00:00+00:00,1,1,-0.000681592633832169,False,0.008946318170591668,0.009859767834810611,0.46139832067332603,0.5085086662985991,BNB
584,2021-03-19 00:00:00+00:00,2021-03-19 01:00:00+00:00,1,1,-0.007490858211724116,False,0.025594289622810965,0.0032059732746399436,1.5649102457572537,0.1960226479830296,BNB
585,2021-03-21 00:00:00+00:00,2021-03-21 01:00:00+00:00,1,1,0.004418945871101521,False,0.010713799312985162,0.012257312773330543,0.9731363225944567,1.1133339283919688,BNB
586,2021-04-02 16:00:00+00:00,2021-04-02 17:00:00+00:00,1,1,-0.011374202100070296,False,0.014113809518320936,0.004915916504339657,0.699891108364488,0.24377587400363873,BNB
587,2021-04-03 00:00:00+00:00,2021-04-03 01:00:00+00:00,1,1,0.01662824399024853,False,0.0006611160465261786,0.026580406763453183,0.02992820421553052,1.2032741391295143,BNB
588,2021-04-03 08:00:00+00:00,2021-04-03 09:00:00+00:00,1,1,-0.007378947245592137,False,0.013990828364391628,0.008404415454089396,0.742597192526444,0.4460847605647852,BNB
589,2021-04-03 16:00:00+00:00,2021-04-03 17:00:00+00:00,1,1,-6.282757114956937e-05,False,0.0047236335097688605,0.014651820118370984,0.2723593247116575,0.8448072495428349,BNB
590,2021-04-06 00:00:00+00:00,2021-04-06 01:00:00+00:00,1,1,0.013073300352502917,False,0.007826164772496067,0.015975030032839576,0.4296734275452026,0.8770638120820604,BNB
591,2021-04-06 16:00:00+00:00,2021-04-06 17:00:00+00:00,1,1,0.011964825635127201,False,0.0018001288023195446,0.01994884116708342,0.0755395823321115,0.8371218369648726,BNB
592,2021-04-10 16:00:00+00:00,2021-04-10 17:00:00+00:00,1,1,-0.005408133972297956,False,0.010642167881722805,0.006882397841707005,0.5145905347619983,0.3327909148935073,BNB
593,2021-04-11 00:00:00+00:00,2021-04-11 01:00:00+00:00,1,1,-0.017008410127012208,False,0.025358034979663182,0.002510633707637047,1.1492617444486641,0.11378544421224294,BNB
594,2021-04-11 08:00:00+00:00,2021-04-11 09:00:00+00:00,1,1,0.0025016482588576154,False,0.0,0.009921640152666574,0.0,0.4915404521627311,BNB
595,2021-04-11 16:00:00+00:00,2021-04-11 17:00:00+00:00,1,1,-0.0013975802746026376,False,0.006109027312493607,0.007953071010863812,0.3289958644950063,0.42830508668020495,BNB
596,2021-04-12 00:00:00+00:00,2021-04-12 01:00:00+00:00,1,1,-0.010705304195492487,False,0.009232599552623627,0.004981194612479747,0.4842194590814089,0.2612472627114815,BNB
597,2021-04-12 16:00:00+00:00,2021-04-12 17:00:00+00:00,1,1,0.006336064485516988,False,0.008958186378585859,0.023053589838286943,0.23649979504364652,0.6086242283157134,BNB
598,2021-04-13 00:00:00+00:00,2021-04-13 01:00:00+00:00,1,1,-0.006680896303138237,False,0.019836885206166995,0.01156079026593485,0.6018043175531071,0.35072711386173644,BNB
599,2021-04-13 08:00:00+00:00,2021-04-13 09:00:00+00:00,1,1,-0.02105996650249372,False,0.032836426987761444,0.019885318148774478,0.9404180121163082,0.5695050612766352,BNB
600,2021-04-13 16:00:00+00:00,2021-04-13 17:00:00+00:00,1,1,-0.002756060457168835,False,0.011928538936115911,0.012792127484149695,0.3706726903330529,0.3975082225096976,BNB
601,2021-04-14 00:00:00+00:00,2021-04-14 01:00:00+00:00,1,1,0.033684450698683595,False,0.0010898857517770773,0.03855448253923501,0.0409182238421942,1.447473686198864,BNB
602,2021-04-14 08:00:00+00:00,2021-04-14 09:00:00+00:00,1,1,0.008607978889621882,False,1.7360508315272963e-06,0.027018159091698184,7.133678229029278e-05,1.1102143428100786,BNB
603,2021-04-14 16:00:00+00:00,2021-04-14 17:00:00+00:00,1,1,0.0300450621530811,False,0.0003983059208722551,0.037787903924226894,0.01360433003416439,1.2906640081038465,BNB
604,2021-04-15 00:00:00+00:00,2021-04-15 01:00:00+00:00,1,1,-0.018461120791941663,False,0.01532226967485645,0.0037669065166937555,0.5589511608782135,0.13741546227193707,BNB
605,2021-04-15 08:00:00+00:00,2021-04-15 09:00:00+00:00,1,1,-0.005978647738515596,False,0.0063410516379084365,0.013558922039375039,0.2852034247993414,0.6098437961140084,BNB
606,2021-04-15 16:00:00+00:00,2021-04-15 17:00:00+00:00,1,1,9.461632169589134e-06,False,0.0005169570998161957,0.010232122807240234,0.027817822967175068,0.5505976819573721,BNB
607,2021-04-16 00:00:00+00:00,2021-04-16 01:00:00+00:00,1,1,-0.014852548947326748,False,0.01521033750181952,0.007403408368541649,1.0270066232516417,0.4998803891247885,BNB
608,2021-04-16 08:00:00+00:00,2021-04-16 09:00:00+00:00,1,1,-0.03080332717190388,False,0.029205175600739288,0.016560073937153322,1.262581916447522,0.7159159107248934,BNB
609,2021-04-16 16:00:00+00:00,2021-04-16 17:00:00+00:00,1,1,0.0011963789741209394,False,0.011520536735132203,0.007047743967436886,0.39172707322468187,0.2396409282548308,BNB
610,2021-04-17 00:00:00+00:00,2021-04-17 01:00:00+00:00,1,1,-0.0006424425417548541,False,0.0016191022628132205,0.013422436355919583,0.0653283420611786,0.5415751269659421,BNB
611,2021-04-17 08:00:00+00:00,2021-04-17 09:00:00+00:00,1,1,0.011873115121048095,False,0.0,0.01612795276322505,0.0,0.7751215428640709,BNB
612,2021-04-17 16:00:00+00:00,2021-04-17 17:00:00+00:00,1,1,0.008240795831436807,False,0.010706269697893936,0.018620619540310787,0.47545119367226457,0.8269169409303595,BNB
613,2021-05-07 00:00:00+00:00,2021-05-07 01:00:00+00:00,1,1,-0.01166742097429303,False,0.011131713716289605,0.005294659300184078,0.7888938071548524,0.3752273943946077,BNB
614,2021-05-07 16:00:00+00:00,2021-05-07 17:00:00+00:00,1,1,0.0016492479893181365,False,0.00858309770656622,0.0036207979893181745,0.6987781991068331,0.29478106679011695,BNB
615,2021-05-20 00:00:00+00:00,2021-05-20 01:00:00+00:00,-1,1,0.09326650521720942,False,0.05779292612192419,0.13968367865578385,0.553183249086646,1.3370264561473426,BNB
616,2021-05-24 08:00:00+00:00,2021-05-24 09:00:00+00:00,-1,1,-0.0031281388212385536,False,0.010361992482476049,0.026887000101588152,0.22551664325905707,0.5851641004826508,BNB
617,2021-05-30 16:00:00+00:00,2021-05-30 17:00:00+00:00,-1,1,-0.010758982610310008,False,0.020886193452565132,0.00761185716937923,0.7594822595631896,0.2767890901519157,BNB
618,2021-06-23 00:00:00+00:00,2021-06-23 01:00:00+00:00,-1,1,-0.03706108907758098,False,0.041577580940745214,0.04341020158827124,0.8959388183609545,0.9354292345972514,BNB
619,2021-07-13 08:00:00+00:00,2021-07-13 09:00:00+00:00,-1,1,-0.005409295574500497,False,0.004771599440132332,0.0016859651355135181,0.40528624891024273,0.1432011412816271,BNB
620,2021-07-17 16:00:00+00:00,2021-07-17 17:00:00+00:00,-1,1,-0.005818164818393796,False,0.012995668110629714,0.004331889370209968,0.9679111750375504,0.3226370583458548,BNB
621,2021-07-20 16:00:00+00:00,2021-07-20 17:00:00+00:00,-1,1,0.012177374691967842,False,0.008169631252552967,0.014668201567083981,0.40804131393003384,0.7326196318289366,BNB
622,2021-09-06 16:00:00+00:00,2021-09-06 17:00:00+00:00,1,1,-0.0038505115915480575,False,0.003936691572266369,0.004499076082590201,0.3903361609943651,0.4460984697078523,BNB
623,2021-09-08 00:00:00+00:00,2021-09-08 01:00:00+00:00,-1,1,-0.00573900800812033,False,0.004490088368760439,0.01982326247910201,0.1163877330672976,0.5138394598183903,BNB
624,2021-09-30 08:00:00+00:00,2021-09-30 09:00:00+00:00,-1,1,0.0027269192952035304,False,0.004401643280157865,0.01027050098703522,0.3392412142993473,0.7915628333651592,BNB
625,2021-10-01 08:00:00+00:00,2021-10-01 09:00:00+00:00,-1,1,-0.013622079253311907,False,0.01452729827378568,0.0029355680449619026,1.184569325721508,0.2393689311043486,BNB
626,2021-10-18 08:00:00+00:00,2021-10-18 09:00:00+00:00,-1,1,-0.0011558944379288696,False,0.006012705292455402,0.003548133511802358,0.7023484104858131,0.4144600160817405,BNB
627,2022-01-12 08:00:00+00:00,2022-01-12 09:00:00+00:00,-1,1,-0.006050332030006355,False,0.012931504459515466,0.0016791329568004488,1.3281639056982737,0.17245973143130613,BNB
628,2022-01-13 00:00:00+00:00,2022-01-13 01:00:00+00:00,-1,1,0.007969854358974394,False,0.0020512820512820513,0.013128205128205082,0.2200606911361054,1.4083884232710697,BNB
629,2022-01-13 08:00:00+00:00,2022-01-13 09:00:00+00:00,-1,1,-0.007564708806230013,False,0.008263606991964231,0.0016568635572859634,0.9323741965953524,0.18694219480607466,BNB
630,2022-01-15 00:00:00+00:00,2022-01-15 01:00:00+00:00,-1,1,-0.0011914281628567322,False,0.00710914996629286,0.005331862474719645,0.6633413755581683,0.4975060316686262,BNB
631,2022-01-16 08:00:00+00:00,2022-01-16 09:00:00+00:00,-1,1,0.001408697204633027,False,0.0027644934116270244,0.0037532538289242966,0.34897266468524013,0.4737877053390871,BNB
632,2022-01-17 08:00:00+00:00,2022-01-17 09:00:00+00:00,-1,1,0.00014040611831935587,False,0.0008457270158212177,0.006373893850945836,0.10125404768977467,0.7631097740522713,BNB
633,2022-05-12 16:00:00+00:00,2022-05-12 17:00:00+00:00,-1,1,-0.03583819662360538,False,0.03692014092777452,0.0045874926600117435,0.7598468459953002,0.09441436953221918,BNB
634,2022-11-10 16:00:00+00:00,2022-11-10 17:00:00+00:00,-1,1,-0.007947230683037916,False,0.014571475036591376,0.007936249796714905,0.4467772833072448,0.2433340560869803,BNB
635,2022-11-11 00:00:00+00:00,2022-11-11 01:00:00+00:00,-1,1,0.0038634017904159335,False,0.001744339125855811,0.01780542390731954,0.06272962220561115,0.64031557760818,BNB
636,2022-11-24 08:00:00+00:00,2022-11-24 09:00:00+00:00,-1,1,-0.0038905262162163704,False,0.0019594594594594056,0.008614864864864904,0.1461525052425658,0.6425670489113012,BNB
637,2022-11-24 16:00:00+00:00,2022-11-24 17:00:00+00:00,-1,1,-0.004728456617987742,False,0.014066539094235733,0.0052371840064457725,1.2102694661207292,0.4506015196058093,BNB
638,2022-11-25 00:00:00+00:00,2022-11-25 01:00:00+00:00,-1,1,0.0007102485113052993,False,0.0019675848729406222,0.005035683318882114,0.2048802281709535,0.5243544822680526,BNB
639,2022-11-25 08:00:00+00:00,2022-11-25 09:00:00+00:00,-1,1,-0.0007021464436560762,False,0.0009123162696402726,0.0055752660922452355,0.0982627915561743,0.6004948372876376,BNB
640,2022-11-26 00:00:00+00:00,2022-11-26 01:00:00+00:00,-1,1,-0.009272545420231076,False,0.008221549112938023,0.003361848017841064,1.0452776961471066,0.42742124417351446,BNB
641,2022-11-26 08:00:00+00:00,2022-11-26 09:00:00+00:00,-1,1,-0.009000288322921612,False,0.00880986705109723,0.0011212558065031744,0.9571060833035027,0.121813501511343,BNB
642,2022-12-01 16:00:00+00:00,2022-12-01 17:00:00+00:00,-1,1,0.00038602931105340555,False,0.0011299821942199152,0.004519928776879856,0.10069883220676326,0.4027953288270704,BNB
643,2022-12-17 16:00:00+00:00,2022-12-17 17:00:00+00:00,-1,1,-0.004713081229317435,False,0.005374296474969363,0.00710930557318779,0.27898683353771325,0.36905344908925697,BNB
644,2022-12-18 16:00:00+00:00,2022-12-18 17:00:00+00:00,-1,1,-0.002857226239071813,False,0.003921889043222518,0.001960944521611201,0.2992013149682982,0.1496006574841447,BNB
645,2023-03-17 08:00:00+00:00,2023-03-17 09:00:00+00:00,-1,1,-0.00832455570808411,False,0.009835766977322948,0.00012142922194232252,0.8155317473071494,0.010068293176636772,BNB
646,2023-03-18 08:00:00+00:00,2023-03-18 09:00:00+00:00,-1,1,0.005900872194441176,False,0.0,0.012443307361321005,0.0,1.249220118638402,BNB
647,2023-03-19 08:00:00+00:00,2023-03-19 09:00:00+00:00,-1,1,-5.079976074697304e-05,False,0.0006563050028341258,0.00328152501417012,0.06821100187101307,0.3410550093550125,BNB
648,2023-03-19 16:00:00+00:00,2023-03-19 17:00:00+00:00,-1,1,-0.0008918891806567006,False,0.002566901720119212,0.011713333136635964,0.2904747679674955,1.325499803253976,BNB
649,2023-03-20 00:00:00+00:00,2023-03-20 01:00:00+00:00,-1,1,0.0013457677246061198,False,0.0,0.007623358446740724,0.0,0.7995966998692211,BNB
650,2023-03-20 08:00:00+00:00,2023-03-20 09:00:00+00:00,-1,1,-0.00906196093915221,False,0.008991247722316787,0.003554679332078734,0.9521565411918602,0.3764339814014336,BNB
651,2023-03-20 16:00:00+00:00,2023-03-20 17:00:00+00:00,-1,1,0.006150284732722602,False,0.002727623113640959,0.009872809748287944,0.310056646735661,1.1222702539454454,BNB
652,2023-03-21 16:00:00+00:00,2023-03-21 17:00:00+00:00,-1,1,-0.0006598996843041663,False,0.006373202904994745,0.0033199940714391716,0.7001420758162603,0.3647251743787084,BNB
653,2023-03-22 00:00:00+00:00,2023-03-22 01:00:00+00:00,-1,1,0.006411479134282017,False,0.0010163816812149703,0.0116286021762525,0.12990303743811832,1.4862435753947976,BNB
654,2023-03-22 08:00:00+00:00,2023-03-22 09:00:00+00:00,-1,1,0.005375129719147923,False,0.0005355230274902024,0.011483993811733945,0.06952021989416121,1.4908224932858503,BNB
655,2023-03-22 16:00:00+00:00,2023-03-22 17:00:00+00:00,-1,1,0.00017050581519577747,False,0.001709453890533906,0.006074666503861389,0.16333821675739543,0.580434020262871,BNB
656,2023-04-25 16:00:00+00:00,2023-04-25 17:00:00+00:00,-1,1,-0.0006868530350417419,False,0.0006026092982614379,0.0026213504474374176,0.12431736417387051,0.5407805341563703,BNB
657,2023-04-27 08:00:00+00:00,2023-04-27 09:00:00+00:00,-1,1,-0.0009418032236404198,False,0.002359203919907969,0.0031456052265441308,0.2565532580331825,0.3420710107109287,BNB
658,2023-04-28 08:00:00+00:00,2023-04-28 09:00:00+00:00,-1,1,0.010324734527112179,False,0.00018454156798819633,0.015224679359025585,0.025404902903035785,2.095904489500368,BNB
659,2023-04-28 16:00:00+00:00,2023-04-28 17:00:00+00:00,-1,1,-0.004992679282868683,False,0.004108565737051949,0.0003735059760954548,0.4857222049628468,0.04415656408751061,BNB
660,2023-05-01 08:00:00+00:00,2023-05-01 09:00:00+00:00,-1,1,-0.0014343437797493465,False,0.0005695102212097527,0.0022480666626701036,0.08231017325938954,0.3249085786554889,BNB
661,2023-05-02 00:00:00+00:00,2023-05-02 01:00:00+00:00,-1,1,0.003512553522959309,False,0.0,0.006764374295377588,0.0,1.0823140367316935,BNB
662,2023-05-02 08:00:00+00:00,2023-05-02 09:00:00+00:00,-1,1,-0.001283942811051433,False,0.00012361703442740734,0.0031213301192904103,0.02202929315545861,0.5562396521750402,BNB
663,2023-05-02 16:00:00+00:00,2023-05-02 17:00:00+00:00,-1,1,0.001388293284041932,False,0.001417128773875476,0.0038508934072704866,0.25780979032110063,0.7005700823943264,BNB
664,2023-05-03 00:00:00+00:00,2023-05-03 01:00:00+00:00,-1,1,-0.010559244117354509,False,0.00792935103703477,0.0014614882303553298,1.551218311044412,0.2859108259571861,BNB
665,2023-05-03 08:00:00+00:00,2023-05-03 09:00:00+00:00,-1,1,-0.002157034102865561,False,0.002104351055270183,0.0020115120381258194,0.4425881588650664,0.4230622106798238,BNB
666,2023-07-13 08:00:00+00:00,2023-07-13 09:00:00+00:00,-1,1,-0.00733864567961957,False,0.006271519921298578,0.00020495163141503266,1.1813236335983077,0.03860534750322142,BNB
667,2023-07-15 08:00:00+00:00,2023-07-15 09:00:00+00:00,-1,1,-0.0038013207924755916,False,0.005683410046027681,0.0026816089653791775,0.6514472344785512,0.30737299091592696,BNB
668,2023-07-17 08:00:00+00:00,2023-07-17 09:00:00+00:00,-1,1,-0.003742562834775541,False,0.003749484960857128,0.004614750721054702,0.5674217031304335,0.6983651730835765,BNB
669,2023-12-20 08:00:00+00:00,2023-12-20 09:00:00+00:00,-1,1,-0.0023028778944901946,False,0.006443047366160468,0.0020695849115544254,0.767799574140097,0.24662652987528613,BNB
670,2023-12-24 00:00:00+00:00,2023-12-24 01:00:00+00:00,-1,1,-0.0031512465373961336,False,0.003878116343490347,0.00457987072945525,0.678780452484069,0.8016073915049929,BNB
671,2023-12-28 08:00:00+00:00,2023-12-28 09:00:00+00:00,-1,1,-0.012729660545353471,False,0.020744450627589305,0.0012675446732207018,1.28360677908446,0.07843200885612295,BNB
672,2023-12-29 00:00:00+00:00,2023-12-29 01:00:00+00:00,-1,1,0.006825359692126245,False,0.0094348406318861,0.015145402066974942,0.5530084782544952,0.8877241361453672,BNB
673,2023-12-31 08:00:00+00:00,2023-12-31 09:00:00+00:00,-1,1,-0.0004191144021857432,False,0.002794250054332746,0.0033531000651991186,0.30539959939839767,0.3664795192780579,BNB
674,2024-01-01 08:00:00+00:00,2024-01-01 09:00:00+00:00,-1,1,-0.0034362218929193207,False,0.00257715353392182,0.0019972939887893965,0.2729119576653742,0.21150676719066352,BNB
675,2024-01-06 08:00:00+00:00,2024-01-06 09:00:00+00:00,-1,1,-0.006903554369667563,False,0.0057647330105082845,0.004875317060315638,0.49206644916191994,0.4161476255769431,BNB
676,2024-02-09 08:00:00+00:00,2024-02-09 09:00:00+00:00,-1,1,-0.010053428161457444,False,0.009233264707717376,0.0014037057832677917,1.4545151700722825,0.2211256170717914,BNB
677,2024-02-13 08:00:00+00:00,2024-02-13 09:00:00+00:00,-1,1,-0.003655593053936322,False,0.0022703565073326657,0.00288396637417929,0.4491135235644372,0.5704955569602227,BNB
678,2024-02-22 16:00:00+00:00,2024-02-22 17:00:00+00:00,-1,1,0.006647964276333008,False,0.0,0.00961386918833719,0.0,0.8494642504281215,BNB
679,2024-03-05 16:00:00+00:00,2024-03-05 17:00:00+00:00,1,1,-0.0204343823571806,False,0.029212511411137194,0.002498438475952579,3.0176628322336128,0.2580895843357753,BNB
680,2024-05-15 00:00:00+00:00,2024-05-15 01:00:00+00:00,-1,1,0.0051067897421416715,False,0.001747295222294797,0.010748513034116437,0.2640195046971344,1.6241199834399418,BNB
681,2024-05-15 08:00:00+00:00,2024-05-15 09:00:00+00:00,-1,1,0.0031123364748911098,False,0.0009846673231114528,0.006382754255169495,0.16377761362481313,1.061629888318087,BNB
682,2024-05-16 00:00:00+00:00,2024-05-16 01:00:00+00:00,-1,1,-0.008127691034589705,False,0.008884144556739868,0.0006714760420791419,1.3395434486095439,0.10124456297629758,BNB
683,2020-01-07 00:00:00+00:00,2020-01-07 01:00:00+00:00,1,1,-0.009237017070979191,False,0.015723270440251586,0.03189577717879603,0.5549054882665071,1.1256654190549127,XRP
684,2020-01-07 08:00:00+00:00,2020-01-07 09:00:00+00:00,1,1,-0.006949866007359704,False,0.010119595216191386,0.0027598896044157746,0.3987150248343493,0.1087404613184566,XRP
685,2020-01-08 16:00:00+00:00,2020-01-08 17:00:00+00:00,1,1,-0.028597855625588073,False,0.053151458137347146,0.004703668861712139,3.609872644631644,0.31945775616209254,XRP
686,2020-01-15 08:00:00+00:00,2020-01-15 09:00:00+00:00,1,1,-0.004609458297506429,False,0.004729148753224376,0.006878761822871842,0.19679432626630392,0.28624629275098845,XRP
687,2020-01-15 16:00:00+00:00,2020-01-15 17:00:00+00:00,1,1,0.0018100596760442416,False,0.011935208866155145,0.01023017902813293,0.5067649176270665,0.4343699293946263,XRP
688,2020-01-16 00:00:00+00:00,2020-01-16 01:00:00+00:00,1,1,-0.012725374411638856,False,0.021822849807445414,0.006418485237483959,1.1097499748589574,0.32639705142910586,XRP
689,2020-01-16 08:00:00+00:00,2020-01-16 09:00:00+00:00,1,1,0.0006153300841825097,False,0.0039875941515286305,0.006645990252547635,0.21193304535562915,0.3532217422593775,XRP
690,2020-01-19 08:00:00+00:00,2020-01-19 09:00:00+00:00,1,1,-0.004010606669345228,False,0.005624748895138659,0.0032141422257934717,0.37725032288992216,0.21557161307995232,XRP
691,2020-01-19 16:00:00+00:00,2020-01-19 17:00:00+00:00,1,1,0.0005394950791613354,False,0.0038510911424903048,0.006846384253316295,0.20916021346957833,0.3718403795014833,XRP
692,2020-01-29 08:00:00+00:00,2020-01-29 09:00:00+00:00,1,1,5.76875259013412e-05,False,0.002900953170327304,0.0020721094073767113,0.2842250880741132,0.20301792005294442,XRP
693,2020-01-29 16:00:00+00:00,2020-01-29 17:00:00+00:00,1,1,0.01117702466950966,False,0.0004264392324093347,0.014925373134328372,0.038116677974860846,1.3340837291202778,XRP
694,2020-01-30 00:00:00+00:00,2020-01-30 01:00:00+00:00,1,1,-0.011345762711864448,False,0.02372881355932201,0.0,2.298448571534571,0.0,XRP
695,2020-01-30 08:00:00+00:00,2020-01-30 09:00:00+00:00,1,1,-0.003706149957877057,False,0.005475989890480184,0.004212299915754006,0.546956085839017,0.42073545064539947,XRP
696,2020-01-31 08:00:00+00:00,2020-01-31 09:00:00+00:00,1,1,0.0004746887966804906,False,0.0033195020746887766,0.004149377593360999,0.2765091118396792,0.3456363897996013,XRP
697,2020-01-31 16:00:00+00:00,2020-01-31 17:00:00+00:00,1,1,-0.00788140703517588,False,0.012981574539363565,0.002093802345058628,1.06977262043094,0.17254397103724742,XRP
698,2020-02-06 08:00:00+00:00,2020-02-06 09:00:00+00:00,1,1,0.004789776357827336,False,0.0031948881789137804,0.012069577564785283,0.2125789028093449,0.8030758550575179,XRP
699,2020-02-06 16:00:00+00:00,2020-02-06 17:00:00+00:00,1,1,0.0009026814444046863,False,0.012155881301394401,0.005005362888809483,0.6698567970767462,0.27582338703160264,XRP
700,2020-02-07 00:00:00+00:00,2020-02-07 01:00:00+00:00,1,1,0.003327842309045971,False,0.007743752199929726,0.007391763463569133,0.4742802802262918,0.45272208567054206,XRP
701,2020-02-07 08:00:00+00:00,2020-02-07 09:00:00+00:00,1,1,-0.0008915338292598371,False,0.0010626992561106002,0.004959263195182474,0.0768036010903297,0.35841680508818163,XRP
702,2020-02-07 16:00:00+00:00,2020-02-07 17:00:00+00:00,1,1,-0.001401187277599016,False,0.0039299749910682025,0.006430868167202658,0.3173981439830161,0.519378781063129,XRP
703,2020-02-08 00:00:00+00:00,2020-02-08 01:00:00+00:00,1,1,-0.01624808860307254,False,0.019292604501607576,0.001786352268667383,1.9174157747258451,0.17753849765980195,XRP
704,2020-02-10 00:00:00+00:00,2020-02-10 01:00:00+00:00,1,1,0.0008752475247524775,False,0.0021216407355020843,0.003889674681753854,0.20270867006223525,0.37163256178076776,XRP
705,2020-02-10 16:00:00+00:00,2020-02-10 17:00:00+00:00,1,1,-0.007799592366217646,False,0.0076447033127047355,0.0032763014197306583,0.6171563399965049,0.264495574284221,XRP
706,2020-02-12 08:00:00+00:00,2020-02-12 09:00:00+00:00,1,1,-0.006069951466113416,False,0.005878284923928198,0.003457814661134166,0.5271510162372616,0.31008883308073604,XRP
707,2020-02-12 16:00:00+00:00,2020-02-12 17:00:00+00:00,1,1,0.01602114537444948,False,0.0006777363605556693,0.026092849881396277,0.04263304601442386,1.641372271555508,XRP
708,2020-02-13 00:00:00+00:00,2020-02-13 01:00:00+00:00,1,1,0.019779514061781144,False,0.0006572461386790452,0.03220506079526775,0.038059079487675056,1.864894894895761,XRP
709,2020-02-13 08:00:00+00:00,2020-02-13 09:00:00+00:00,1,1,-0.005403486529318501,False,0.05927099841521393,0.01774960380348651,2.385964703540737,0.7145134941084553,XRP
710,2020-02-13 16:00:00+00:00,2020-02-13 17:00:00+00:00,1,1,-0.016516286149162958,False,0.024961948249619604,0.019786910197869118,0.789147611460215,0.6255438383526069,XRP
711,2020-02-15 00:00:00+00:00,2020-02-15 01:00:00+00:00,1,1,0.006728375966686562,False,0.0,0.01070791195716833,0.0,0.6023762395210145,XRP
712,2020-02-15 08:00:00+00:00,2020-02-15 09:00:00+00:00,1,1,0.013770705244122983,False,0.0015069318866787235,0.015370705244122946,0.08595529237884889,0.8767439822642568,XRP
713,2020-03-13 16:00:00+00:00,2020-03-13 17:00:00+00:00,-1,1,5.896130434767158e-05,False,0.03192934782608702,0.035326086956521806,0.3791507145516273,0.4194858969507365,XRP
714,2020-03-14 00:00:00+00:00,2020-03-14 01:00:00+00:00,-1,1,0.011002394454946485,False,0.0,0.0252047889098929,0.0,0.38823393822966185,XRP
715,2020-07-26 16:00:00+00:00,2020-07-26 17:00:00+00:00,1,1,-0.0020610419548179977,False,0.0027662517289074096,0.00875979714153981,0.19921423746675826,0.6308450853113782,XRP
716,2020-07-29 16:00:00+00:00,2020-07-29 17:00:00+00:00,1,1,-0.0032687526074258273,False,0.007509386733416754,0.0041718815185648765,0.48661137100030044,0.2703396505557233,XRP
717,2020-07-30 16:00:00+00:00,2020-07-30 17:00:00+00:00,1,1,-0.00652004920049205,False,0.00902009020090204,0.005330053300532987,0.5771593163945181,0.3410486869603947,XRP
718,2020-07-31 00:00:00+00:00,2020-07-31 01:00:00+00:00,1,1,0.006590008190008146,False,0.0040950040950040985,0.008599508599508561,0.27898172884779393,0.5858616305803642,XRP
719,2020-07-31 08:00:00+00:00,2020-07-31 09:00:00+00:00,1,1,-0.004750894390243905,False,0.0032520325203251837,0.0056910569105691556,0.25621044576275254,0.4483682800848236,XRP
720,2020-08-01 00:00:00+00:00,2020-08-01 01:00:00+00:00,1,1,-0.013859660369799742,False,0.01232665639445293,0.0019260400616332837,0.9146853147883368,0.14291958043567862,XRP
721,2020-08-02 08:00:00+00:00,2020-08-02 09:00:00+00:00,1,1,-0.03443607868852451,False,0.05245901639344267,0.001311475409836103,1.0591884365206952,0.026479710913018113,XRP
722,2020-08-02 16:00:00+00:00,2020-08-02 17:00:00+00:00,1,1,0.04235505788683198,False,0.0024449877750610492,0.048550471533356704,0.05015603572037769,0.9959555664475322,XRP
723,2020-08-10 16:00:00+00:00,2020-08-10 17:00:00+00:00,1,1,-0.004993326348884375,False,0.007437457741717308,0.0023664638269100015,0.5499151515373025,0.17497300276186523,XRP
724,2020-08-14 16:00:00+00:00,2020-08-14 17:00:00+00:00,1,1,0.011818316001341912,False,0.006373700100637227,0.016101979201610286,0.4414502090948499,1.1152426335028098,XRP
725,2020-08-15 00:00:00+00:00,2020-08-15 01:00:00+00:00,1,1,0.012039387890885146,False,0.0,0.019294743845642143,0.0,1.2982658691448845,XRP
726,2020-08-15 08:00:00+00:00,2020-08-15 09:00:00+00:00,1,1,-0.00989049416555405,False,0.012683578104138752,0.01034712950600817,0.9396351334975661,0.7665444510111902,XRP
727,2020-08-16 08:00:00+00:00,2020-08-16 09:00:00+00:00,1,1,-0.0009313273152790722,False,0.0036776997659645266,0.005015045135406224,0.27447347833686203,0.3742820159139066,XRP
728,2020-08-17 08:00:00+00:00,2020-08-17 09:00:00+00:00,1,1,6.666666666670508e-05,False,0.002666666666666558,0.005666666666666783,0.22264416732383632,0.4731188555631812,XRP
729,2020-08-18 00:00:00+00:00,2020-08-18 01:00:00+00:00,1,1,0.005695621926605449,False,0.0031635558367605217,0.014868712432774382,0.16459652231212102,0.773603654866965,XRP
730,2020-08-18 08:00:00+00:00,2020-08-18 09:00:00+00:00,1,1,-0.004965469380531033,False,0.006005056890012682,0.0009481668773703128,0.3455642174023367,0.054562771168783636,XRP
731,2020-08-18 16:00:00+00:00,2020-08-18 17:00:00+00:00,1,1,0.008323916639100305,False,0.006946741647370132,0.012239497188223555,0.3316849919179139,0.5843973667125144,XRP
732,2020-09-02 00:00:00+00:00,2020-09-02 01:00:00+00:00,1,1,0.015320473773265777,False,0.0003384094754652758,0.03147208121827422,0.02861661262624218,2.6613449742408246,XRP
733,2020-09-02 16:00:00+00:00,2020-09-02 17:00:00+00:00,1,1,-0.0030754703061601314,False,0.014016967908520936,0.004426410918480187,0.6748116904814159,0.2130984285730735,XRP
734,2020-11-21 00:00:00+00:00,2020-11-21 01:00:00+00:00,1,1,0.02683315184513018,False,0.0021173623714457906,0.030550514216575914,0.12251250295957444,1.7676803998453425,XRP
735,2020-11-21 08:00:00+00:00,2020-11-21 09:00:00+00:00,1,1,0.0631321428571428,False,0.0005580357142856528,0.06584821428571432,0.026733541197364413,3.1545578612893497,XRP
736,2020-11-23 08:00:00+00:00,2020-11-23 09:00:00+00:00,1,1,0.008686714817246744,False,0.0,0.03151674326986217,0.0,0.7492689656595424,XRP
737,2020-11-23 16:00:00+00:00,2020-11-23 17:00:00+00:00,1,1,0.023726444285714195,False,0.00018996960486320096,0.04065349544072944,0.004198486312727618,0.8984760709238082,XRP
738,2020-11-24 00:00:00+00:00,2020-11-24 01:00:00+00:00,1,1,-0.005498002273834745,False,0.04937469546857232,0.014779925288289746,1.1643366516554035,0.3485349845415847,XRP
739,2020-11-24 16:00:00+00:00,2020-11-24 17:00:00+00:00,1,1,0.005569426108140096,False,0.0344622697563874,0.04486036838978016,0.4633955877276986,0.6032132219558836,XRP
740,2020-11-26 00:00:00+00:00,2020-11-26 01:00:00+00:00,1,1,0.02744159011720008,False,0.021381057966423752,0.03452644916059557,0.32710768787287015,0.5282183404169337,XRP
741,2020-12-11 16:00:00+00:00,2020-12-11 17:00:00+00:00,-1,1,0.020543046059733776,False,0.0,0.03274559193954659,0.0,1.4713395221023085,XRP
742,2020-12-12 00:00:00+00:00,2020-12-12 01:00:00+00:00,-1,1,-0.06318829237370761,False,0.06846108835576342,0.044275404720109324,2.1685645098746984,1.4024619479816494,XRP
743,2020-12-12 08:00:00+00:00,2020-12-12 09:00:00+00:00,-1,1,0.007617456734386786,False,0.005831452219714055,0.014296463506395674,0.19312241396996913,0.47346140199088965,XRP
744,2020-12-24 08:00:00+00:00,2020-12-24 09:00:00+00:00,-1,1,-0.04522203134948094,False,0.07074202229911583,0.013456362937331807,0.6508139452718263,0.12379613089409731,XRP
745,2020-12-24 16:00:00+00:00,2020-12-24 17:00:00+00:00,-1,1,0.044465799572586555,False,0.009579955784819627,0.0512159174649962,0.11293464654195165,0.6037659949742678,XRP
746,2020-12-29 16:00:00+00:00,2020-12-29 17:00:00+00:00,-1,1,-0.019035320584926914,False,0.06580427446569172,0.03993250843644557,0.9026102948658165,0.547737871243361,XRP
747,2020-12-30 00:00:00+00:00,2020-12-30 01:00:00+00:00,-1,1,-0.002114245282422076,False,0.00723000451875278,0.04112065070040667,0.0871955099840936,0.4959244630345352,XRP
748,2020-12-30 16:00:00+00:00,2020-12-30 17:00:00+00:00,-1,1,0.03496010679653682,False,0.025108225108225104,0.05021645021645021,0.4116312718380016,0.8232625436760032,XRP
749,2020-12-31 08:00:00+00:00,2020-12-31 09:00:00+00:00,-1,1,0.006694930875575978,False,0.012442396313364091,0.011520737327188951,0.2658347643549452,0.24614330032865248,XRP
750,2021-01-03 16:00:00+00:00,2021-01-03 17:00:00+00:00,1,1,0.029470670609480814,False,0.006772009029345378,0.07404063205417606,0.2675993438176133,2.9257528257392353,XRP
751,2021-01-04 00:00:00+00:00,2021-01-04 01:00:00+00:00,1,1,0.007230022075055232,False,0.014128035320088337,0.013686534216335504,0.49680364554598005,0.48127853162266565,XRP
752,2021-01-04 08:00:00+00:00,2021-01-04 09:00:00+00:00,1,1,-0.021575031210986424,False,0.05617977528089892,0.022888056595921667,1.4405594002444562,0.5868945704699606,XRP
753,2021-01-04 16:00:00+00:00,2021-01-04 17:00:00+00:00,1,1,-0.008861853908586136,False,0.02263989747970952,0.0294745835113199,0.5708404788091734,0.7431696799591115,XRP
754,2021-01-06 16:00:00+00:00,2021-01-06 17:00:00+00:00,1,1,-0.02426288951841355,False,0.03358963982193434,0.02225819506272766,0.9660582847778949,0.6401591043708967,XRP
755,2021-01-07 00:00:00+00:00,2021-01-07 01:00:00+00:00,1,1,0.007044846677380466,False,0.01325833668139814,0.027721976697468932,0.3717365423785176,0.7772673158823576,XRP
756,2021-01-07 16:00:00+00:00,2021-01-07 17:00:00+00:00,1,1,0.04264446481481486,False,0.0017777777777779108,0.10281481481481466,0.03192038374071743,1.8460621930046837,XRP
757,2021-01-08 00:00:00+00:00,2021-01-08 01:00:00+00:00,1,1,-0.008692198581560184,False,0.01110083256244216,0.07893925377736667,0.15759270190256353,1.1206592135293434,XRP
758,2021-01-09 00:00:00+00:00,2021-01-09 01:00:00+00:00,1,1,-0.029231538521522167,False,0.036805988771054204,0.02308172177167816,0.7407675064224496,0.4645491141971314,XRP
759,2021-01-09 08:00:00+00:00,2021-01-09 09:00:00+00:00,1,1,-5.4346059654703524e-05,False,0.014128728414442713,0.010989010989010999,0.3323610136248035,0.2585030105970694,XRP
760,2021-01-10 00:00:00+00:00,2021-01-10 01:00:00+00:00,1,1,0.023038127502309762,False,0.0,0.03480135509701273,0.0,1.0936126487306495,XRP
761,2021-01-10 08:00:00+00:00,2021-01-10 09:00:00+00:00,1,1,-0.007965056384180751,False,0.01779661016949145,0.009887005649717524,0.5568386647296152,0.30935481373867674,XRP
762,2021-01-10 16:00:00+00:00,2021-01-10 17:00:00+00:00,1,1,-0.011978510378510453,False,0.018620268620268603,0.010989010989010966,0.4808547120884494,0.28378310877351076,XRP
763,2021-01-11 08:00:00+00:00,2021-01-11 09:00:00+00:00,1,1,0.031204148783976957,False,0.011087267525035735,0.05150214592274666,0.20709117281186978,0.961971899513202,XRP
764,2021-01-15 00:00:00+00:00,2021-01-15 01:00:00+00:00,1,1,0.000872523030303161,False,0.004377104377104269,0.0074074074074075265,0.26946434349740794,0.4560165813033243,XRP
765,2021-01-17 00:00:00+00:00,2021-01-17 01:00:00+00:00,1,1,0.004969824333214058,False,0.01322845906328202,0.012155881301394401,0.6552005865978338,0.6020762147115285,XRP
766,2021-01-19 00:00:00+00:00,2021-01-19 01:00:00+00:00,1,1,-0.00019992999649982445,False,0.004200210010500645,0.008400420021001095,0.30163079083565497,0.6032615816712961,XRP
767,2021-01-19 16:00:00+00:00,2021-01-19 17:00:00+00:00,1,1,-0.011150951749838024,False,0.01231367465975363,0.0093972780298121,0.48388726324761805,0.369282385110029,XRP
768,2021-01-20 00:00:00+00:00,2021-01-20 01:00:00+00:00,1,1,0.010716488239292813,False,0.014276002719238737,0.01563562202583274,0.5822753612681361,0.6377301575793805,XRP
769,2021-01-29 16:00:00+00:00,2021-01-29 17:00:00+00:00,1,1,-0.02281001390820598,False,0.03268428372739923,0.019471488178025013,0.968777120762082,0.5771438166242172,XRP
770,2021-01-30 00:00:00+00:00,2021-01-30 01:00:00+00:00,1,1,0.03475721849629369,False,0.004941757853865204,0.058595128838686915,0.16051866120057653,1.903292697092534,XRP
771,2021-01-31 00:00:00+00:00,2021-01-31 01:00:00+00:00,1,1,-0.03635521989876272,False,0.07064116985376824,0.013048368953880701,0.9206040098452921,0.17004787443002137,XRP
772,2021-01-31 08:00:00+00:00,2021-01-31 09:00:00+00:00,1,1,0.005396163394267673,False,0.03362672083051223,0.02076280749266528,0.47296875006955197,0.2920343960160994,XRP
773,2021-01-31 16:00:00+00:00,2021-01-31 17:00:00+00:00,1,1,-0.045723797574236794,False,0.06733584274362192,0.0230029276453367,0.9133240539573863,0.3120051116003496,XRP
774,2021-02-01 00:00:00+00:00,2021-02-01 01:00:00+00:00,1,1,-0.04704941946158504,False,0.07118370639241782,0.0014115749142971938,1.133800615124298,0.022483298316911735,XRP
775,2021-02-01 08:00:00+00:00,2021-02-01 09:00:00+00:00,1,1,0.04053649621759174,False,0.005885159853666354,0.09241291554000307,0.09909317971672416,1.5560307409571916,XRP
776,2021-02-01 16:00:00+00:00,2021-02-01 17:00:00+00:00,1,1,-0.0849726972130373,False,0.09683514407179968,0.03188474256022676,0.6399555100782551,0.2107170581964989,XRP
777,2021-02-02 00:00:00+00:00,2021-02-02 01:00:00+00:00,1,1,-0.03067915993537968,False,0.07565966612816374,0.019924609585352766,0.5527361212422185,0.1455604020353176,XRP
778,2021-02-02 08:00:00+00:00,2021-02-02 09:00:00+00:00,1,1,0.02409595246575333,False,0.0008219178082190876,0.039452054794520616,0.0077537181229077,0.37217846989961123,XRP
779,2021-02-03 00:00:00+00:00,2021-02-03 01:00:00+00:00,1,1,0.028249691092662066,False,0.0002678093197642983,0.03856454204606312,0.004734885321293971,0.6818234862664054,XRP
780,2021-02-03 08:00:00+00:00,2021-02-03 09:00:00+00:00,1,1,0.00711355391134281,False,0.007301173402868382,0.016688396349413343,0.1757101684029598,0.4016232420639057,XRP
781,2021-02-03 16:00:00+00:00,2021-02-03 17:00:00+00:00,1,1,0.04439324684489151,False,0.0007940709370037651,0.11169931180518781,0.024641398826310727,3.466223434900779,XRP
782,2021-02-04 00:00:00+00:00,2021-02-04 01:00:00+00:00,1,1,-0.017775564321608088,False,0.01733668341708547,0.004271356783919546,0.5683421158408426,0.14002631839556787,XRP
783,2021-02-04 08:00:00+00:00,2021-02-04 09:00:00+00:00,1,1,0.004588757091284191,False,0.00644662197008768,0.0701392470345539,0.24497191018448214,2.6652943828071636,XRP
784,2021-02-04 16:00:00+00:00,2021-02-04 17:00:00+00:00,1,1,0.016454248916256096,False,0.0,0.06133004926108369,0.0,2.101486156240422,XRP
785,2021-02-05 00:00:00+00:00,2021-02-05 01:00:00+00:00,1,1,0.032638844733303564,False,0.0002241147467503115,0.03944419542805918,0.005412943410626483,0.9526780402703664,XRP
786,2021-02-05 08:00:00+00:00,2021-02-05 09:00:00+00:00,1,1,0.0015814742440556613,False,0.004486316733961422,0.016150740242261194,0.11610097238783411,0.4179635005962048,XRP
787,2021-02-05 16:00:00+00:00,2021-02-05 17:00:00+00:00,1,1,-0.007174136008918652,False,0.016722408026755866,0.041471571906354525,0.4929521258952789,1.222521272220291,XRP
788,2021-02-06 00:00:00+00:00,2021-02-06 01:00:00+00:00,1,1,-0.015641388489525964,False,0.017861080485115758,0.012568908489525871,0.5789875530936532,0.40743568551034753,XRP
789,2021-02-06 08:00:00+00:00,2021-02-06 09:00:00+00:00,1,1,0.00630563083257085,False,0.005946935041171069,0.013266239707227876,0.21494576642603777,0.4794944020273189,XRP
790,2021-02-06 16:00:00+00:00,2021-02-06 17:00:00+00:00,1,1,0.0030822742474916802,False,0.0024526198439241693,0.021627647714604206,0.10741699252710328,0.9472225704662817,XRP
791,2021-02-07 00:00:00+00:00,2021-02-07 01:00:00+00:00,1,1,0.002677352543899271,False,0.00607834308869874,0.007654209815398501,0.2828984806201985,0.35624253115136517,XRP
792,2021-02-07 08:00:00+00:00,2021-02-07 09:00:00+00:00,1,1,0.007303469457097018,False,0.0004600874166091051,0.018633540372670926,0.02010236931871398,0.8141459574080111,XRP
793,2021-02-08 00:00:00+00:00,2021-02-08 01:00:00+00:00,1,1,0.003175549188156702,False,0.005253104106972254,0.025787965616045787,0.2040603154831704,1.0017506396446616,XRP
794,2021-02-09 00:00:00+00:00,2021-02-09 01:00:00+00:00,1,1,0.003304405904467071,False,0.0,0.02852720035382579,0.0,1.2194009856716428,XRP
795,2021-02-09 08:00:00+00:00,2021-02-09 09:00:00+00:00,1,1,-0.00474452,False,0.005678233438485763,0.011777076761303995,0.232033298533398,0.4812542488100184,XRP
796,2021-02-09 16:00:00+00:00,2021-02-09 17:00:00+00:00,1,1,-0.0016343814111763428,False,0.00848010437051524,0.02065666449228095,0.32445557879462494,0.7903405124484544,XRP
797,2021-02-10 00:00:00+00:00,2021-02-10 01:00:00+00:00,1,1,-0.001418066113555423,False,0.01152315105803479,0.026608003352189376,0.49837085615408216,1.1507836133012423,XRP
798,2021-02-10 08:00:00+00:00,2021-02-10 09:00:00+00:00,1,1,0.0704547268721234,False,0.0002001200720432039,0.09005403241945165,0.008501196614625738,3.8255384765820026,XRP
799,2021-02-10 16:00:00+00:00,2021-02-10 17:00:00+00:00,1,1,0.008363911670761642,False,0.023546273546273568,0.02661752661752653,0.47401690256401824,0.535845194202801,XRP
800,2021-02-11 00:00:00+00:00,2021-02-11 01:00:00+00:00,1,1,0.023721463897131527,False,0.009099901088031529,0.048071216617210887,0.21968915626310118,1.160531847215968,XRP
801,2021-02-11 08:00:00+00:00,2021-02-11 09:00:00+00:00,1,1,-0.009536507936507909,False,0.027680991095625204,0.004065040650406701,0.8150277997547041,0.11968939716678069,XRP
802,2021-02-11 16:00:00+00:00,2021-02-11 17:00:00+00:00,1,1,-0.007468989019310878,False,0.02309731162438468,0.01836425596365021,0.8106434159287634,0.6445279618450038,XRP
803,2021-02-12 00:00:00+00:00,2021-02-12 01:00:00+00:00,1,1,-0.010481330309901792,False,0.013227513227513239,0.007369614512471683,0.49863197387730385,0.27780924258878437,XRP
804,2021-02-12 08:00:00+00:00,2021-02-12 09:00:00+00:00,1,1,0.020314855397880298,False,0.0,0.045985270343093354,0.0,1.5931254481639594,XRP
805,2021-02-12 16:00:00+00:00,2021-02-12 17:00:00+00:00,1,1,-0.0077193268740439296,False,0.012408635050144626,0.012068672446030928,0.3778078502865688,0.36745695027871317,XRP
806,2021-02-13 00:00:00+00:00,2021-02-13 01:00:00+00:00,1,1,0.009976317712461122,False,0.0075323399377764015,0.027345668904535676,0.2670414067321715,0.9694764113972175,XRP
807,2021-02-13 08:00:00+00:00,2021-02-13 09:00:00+00:00,1,1,0.01982454299634176,False,0.032590621882274795,0.02743598270701689,1.0830835592435812,0.9117795269142341,XRP
808,2021-02-13 16:00:00+00:00,2021-02-13 17:00:00+00:00,1,1,-0.006155808656036443,False,0.019524894240156215,0.016433452652131465,0.5315337207679176,0.4473742149796635,XRP
809,2021-02-14 08:00:00+00:00,2021-02-14 09:00:00+00:00,1,1,-0.0027288501854540554,False,0.004354136429608186,0.015642638284147786,0.1446777267289698,0.5197681293596276,XRP
810,2021-02-14 16:00:00+00:00,2021-02-14 17:00:00+00:00,1,1,0.01294549696846395,False,0.013563919972872172,0.021702271956595513,0.40386956944359437,0.646191311109752,XRP
811,2021-02-15 00:00:00+00:00,2021-02-15 01:00:00+00:00,1,1,0.006150631844987365,False,0.0001684919966301415,0.020387531592249368,0.005871536096394293,0.7104558676637877,XRP
812,2021-02-15 08:00:00+00:00,2021-02-15 09:00:00+00:00,1,1,0.007898293636686739,False,0.009420547458229598,0.01493067899040164,0.23811059010037822,0.3773828220458828,XRP
813,2021-02-18 00:00:00+00:00,2021-02-18 01:00:00+00:00,1,1,0.017370491044775928,False,0.0,0.0266791044776119,0.0,1.0294538332380139,XRP
814,2021-02-18 08:00:00+00:00,2021-02-18 09:00:00+00:00,1,1,-0.0077896959766974964,False,0.006917895503367969,0.008556344438376183,0.3182325638810076,0.39360343427387834,XRP
815,2021-02-18 16:00:00+00:00,2021-02-18 17:00:00+00:00,1,1,0.006057603621274896,False,0.0009430403621276046,0.010939268200679041,0.04268067973679141,0.4950958849467273,XRP
816,2021-02-19 00:00:00+00:00,2021-02-19 01:00:00+00:00,1,1,-0.0015122908108109669,False,0.006193693693693845,0.013325825825825815,0.32762868193911077,0.7048980732629175,XRP
817,2021-02-19 08:00:00+00:00,2021-02-19 09:00:00+00:00,1,1,-0.004718060772229415,False,0.0048264340077964285,0.00631149062558023,0.2510754137702444,0.32832938723802674,XRP
818,2021-02-19 16:00:00+00:00,2021-02-19 17:00:00+00:00,1,1,0.008739364367606816,False,0.0005459508644221418,0.031665150136487664,0.023498722039601475,1.3629258782970335,XRP
819,2021-02-20 00:00:00+00:00,2021-02-20 01:00:00+00:00,1,1,-0.015540356449620662,False,0.018704782071642743,0.0075877889535909135,0.8077509033779539,0.32767253627596193,XRP
820,2021-02-20 08:00:00+00:00,2021-02-20 09:00:00+00:00,1,1,-0.005455390026478257,False,0.005295675198587825,0.01659311562224177,0.22857975705204397,0.716216572096401,XRP
821,2021-02-20 16:00:00+00:00,2021-02-20 17:00:00+00:00,1,1,0.011072381662318432,False,0.0026090197540066286,0.019381289601192838,0.09655357882564272,0.7172551569905162,XRP
822,2021-02-21 00:00:00+00:00,2021-02-21 01:00:00+00:00,1,1,0.01693698977721319,False,0.017002149697088215,0.023451240961500898,0.5021093177023191,0.6925645761411272,XRP
823,2021-02-22 00:00:00+00:00,2021-02-22 01:00:00+00:00,1,1,-0.03268090852537108,False,0.03150760212493149,0.004396409598827546,1.2416658379006822,0.173255698311719,XRP
824,2021-02-22 08:00:00+00:00,2021-02-22 09:00:00+00:00,1,1,-0.03520129425567723,False,0.037846930193439994,0.010428931875525623,0.8722535715137437,0.24035431748378566,XRP
825,2021-03-09 16:00:00+00:00,2021-03-09 17:00:00+00:00,1,1,-0.0018083767451551698,False,0.007084809335278212,0.006042925609502008,0.6172541917851159,0.5264815165225992,XRP
826,2021-03-10 00:00:00+00:00,2021-03-10 01:00:00+00:00,1,1,-0.0035083420543434375,False,0.0024701523260601778,0.00885137916838199,0.2456809388036779,0.8803566973798146,XRP
827,2021-03-10 08:00:00+00:00,2021-03-10 09:00:00+00:00,1,1,-0.0007857958136566196,False,0.005318017443097218,0.004041693256753791,0.3581832304751904,0.2722192551611383,XRP
828,2021-03-14 16:00:00+00:00,2021-03-14 17:00:00+00:00,1,1,-0.011211086276262949,False,0.014304872597228468,0.0031291908806436227,1.1191985367555946,0.24482467991527812,XRP
829,2021-03-15 00:00:00+00:00,2021-03-15 01:00:00+00:00,1,1,0.0021554744242147346,False,0.012061902594447034,0.012289485662266637,0.9397690185465666,0.9575005094625276,XRP
830,2021-03-15 08:00:00+00:00,2021-03-15 09:00:00+00:00,1,1,-0.007241396721235833,False,0.008992391053723679,0.007608946276227865,0.6240987461742598,0.5280835544551524,XRP
831,2021-03-18 08:00:00+00:00,2021-03-18 09:00:00+00:00,1,1,-0.007741465480728581,False,0.007412113511224064,0.0014824227022447658,0.4759383853999908,0.09518767707999515,XRP
832,2021-03-19 00:00:00+00:00,2021-03-19 01:00:00+00:00,1,1,-0.009363077240204477,False,0.02534071550255541,0.0006388415672912413,1.8415616913418416,0.046425924991805936,XRP
833,2021-03-21 00:00:00+00:00,2021-03-21 01:00:00+00:00,1,1,0.003148338081671521,False,0.01709401709401711,0.04064577397910748,0.7682260644179124,1.8266708642825975,XRP
834,2021-03-30 08:00:00+00:00,2021-03-30 09:00:00+00:00,1,1,-0.015207779310344859,False,0.016551724137930934,0.005344827586206882,1.1902158421813376,0.38434053237105825,XRP
835,2021-03-30 16:00:00+00:00,2021-03-30 17:00:00+00:00,1,1,0.0009012065418071315,False,0.0014202023788390252,0.00976389135451793,0.0989695579709053,0.6804157110499482,XRP
836,2021-03-31 00:00:00+00:00,2021-03-31 01:00:00+00:00,1,1,0.01225681293302543,False,0.002309468822170844,0.01758749333807074,0.19338358081222332,1.4726903461854322,XRP
837,2021-04-01 08:00:00+00:00,2021-04-01 09:00:00+00:00,1,1,-0.009665016945174186,False,0.012086179716237551,0.00823261516903142,0.6653838340338365,0.45323246666073164,XRP
838,2021-04-01 16:00:00+00:00,2021-04-01 17:00:00+00:00,1,1,5.02468036853844e-05,False,0.0019489723600283307,0.015060240963855337,0.10291845900867148,0.7952790014306461,XRP
839,2021-04-02 00:00:00+00:00,2021-04-02 01:00:00+00:00,1,1,0.007675463773188663,False,0.004200210010500645,0.0169758487924395,0.25161308883658273,1.016936234047819,XRP
840,2021-04-02 08:00:00+00:00,2021-04-02 09:00:00+00:00,1,1,0.0030527658107873295,False,0.0034464931931759463,0.01016715491986906,0.2030108487807635,0.5988820039032534,XRP
841,2021-04-02 16:00:00+00:00,2021-04-02 17:00:00+00:00,1,1,0.020500394038033325,False,0.0005139626520472279,0.049169093712523655,0.034537696003344866,3.30410625098703,XRP
842,2021-04-03 00:00:00+00:00,2021-04-03 01:00:00+00:00,1,1,0.013536978325106882,False,0.0,0.0243501151694637,0.0,1.401761681916366,XRP
843,2021-04-03 08:00:00+00:00,2021-04-03 09:00:00+00:00,1,1,-0.02107435085497162,False,0.03419886003799883,0.004433185560481181,1.8089610181576212,0.23449494679820226,XRP
844,2021-04-03 16:00:00+00:00,2021-04-03 17:00:00+00:00,1,1,-0.016010621761658083,False,0.02574481865284978,0.01295336787564768,1.2430925639346393,0.6254553780803213,XRP
845,2021-04-04 00:00:00+00:00,2021-04-04 01:00:00+00:00,1,1,-0.0021181347150258196,False,0.029015544041450653,0.011226252158894752,1.101868998182897,0.42631836239219817,XRP
846,2021-04-05 16:00:00+00:00,2021-04-05 17:00:00+00:00,1,1,0.08406392322949138,False,0.023883696780893006,0.14940290758047764,0.720201807064985,4.50517543441195,XRP
847,2021-04-06 00:00:00+00:00,2021-04-06 01:00:00+00:00,1,1,-0.040672152162162176,False,0.04479075850043595,0.03530950305143852,0.969239277249184,0.7640718389993559,XRP
848,2021-04-06 08:00:00+00:00,2021-04-06 09:00:00+00:00,1,1,0.09163725055432376,False,0.009201773835920149,0.1294900221729489,0.19449680511043332,2.7370152815540556,XRP
849,2021-04-06 16:00:00+00:00,2021-04-06 17:00:00+00:00,1,1,0.03907652485426605,False,0.009009009009008959,0.08510863804981456,0.14428819052095762,1.3630990233921139,XRP
850,2021-04-07 00:00:00+00:00,2021-04-07 01:00:00+00:00,1,1,-0.05194075420263529,False,0.05870059064061789,0.0126306224443435,0.9911425856953232,0.21326442633382378,XRP
851,2021-04-07 08:00:00+00:00,2021-04-07 09:00:00+00:00,1,1,-0.033517882901554406,False,0.04043482678045306,0.018795082799959322,0.609962395223547,0.28352523396069373,XRP
852,2021-04-08 16:00:00+00:00,2021-04-08 17:00:00+00:00,1,1,0.022020708620510056,False,0.00020822488287348045,0.035918792295679305,0.0056995742345916575,0.9831765554671684,XRP
853,2021-04-09 00:00:00+00:00,2021-04-09 01:00:00+00:00,1,1,-0.017750358896864223,False,0.026161692482055212,0.00576123913864752,0.7861979666537922,0.17313384825227862,XRP
854,2021-04-09 08:00:00+00:00,2021-04-09 09:00:00+00:00,1,1,-0.030777275391211126,False,0.04141089350092564,0.0007794991717820441,1.4314283336639377,0.026944533339553517,XRP
855,2021-04-09 16:00:00+00:00,2021-04-09 17:00:00+00:00,1,1,0.01191364950004946,False,0.008776254807218132,0.021496893797455913,0.31581586414467777,0.7735714425116922,XRP
856,2021-04-10 00:00:00+00:00,2021-04-10 01:00:00+00:00,1,1,0.013053677974882234,False,0.011087127158555815,0.022566718995290332,0.39724196519437105,0.8085455928734891,XRP
857,2021-04-10 08:00:00+00:00,2021-04-10 09:00:00+00:00,1,1,0.010981063090656995,False,0.01924076963078523,0.03284798058589014,0.6872628119807084,1.1733000258589585,XRP
858,2021-04-10 16:00:00+00:00,2021-04-10 17:00:00+00:00,1,1,-0.00984050053410641,False,0.02083015412788027,0.07301999084388838,0.6338583909476255,2.2219871067285015,XRP
859,2021-04-11 00:00:00+00:00,2021-04-11 01:00:00+00:00,1,1,0.06090133715884302,False,0.0175119895364046,0.08167417526522296,0.41373510114403667,1.9296193098999848,XRP
860,2021-04-11 16:00:00+00:00,2021-04-11 17:00:00+00:00,1,1,-0.04182905189910109,False,0.044795592925485544,0.008480719048999743,0.9900670328490319,0.18743987515103147,XRP
861,2021-04-12 00:00:00+00:00,2021-04-12 01:00:00+00:00,1,1,-0.01609661012755294,False,0.02418344024183452,0.013271400132714013,0.5963194926701754,0.3272485020750949,XRP
862,2021-04-12 08:00:00+00:00,2021-04-12 09:00:00+00:00,1,1,-0.012316327266263846,False,0.023320298613579923,0.0095982936366867,0.6777553176040344,0.27895417035531445,XRP
863,2021-04-12 16:00:00+00:00,2021-04-12 17:00:00+00:00,1,1,-0.006389080832783904,False,0.013916355379769945,0.009009009009008993,0.4038015321307843,0.26140836027414016,XRP
864,2021-04-13 00:00:00+00:00,2021-04-13 01:00:00+00:00,1,1,-0.01880421249693986,False,0.02237182102543175,0.008363933088535428,0.7686082307015913,0.28735201330181603,XRP
865,2021-04-13 08:00:00+00:00,2021-04-13 09:00:00+00:00,1,1,-0.02387242601756958,False,0.043740849194729196,0.0168374816983895,1.4916818175995379,0.5742038795780654,XRP
866,2021-04-13 16:00:00+00:00,2021-04-13 17:00:00+00:00,1,1,0.015683508358853546,False,0.014695159571484661,0.04829210836277978,0.4416088430496566,1.451241274296773,XRP
867,2021-04-14 00:00:00+00:00,2021-04-14 01:00:00+00:00,1,1,0.006066087206135915,False,0.006891568943478001,0.027621852942811137,0.15507951584969198,0.6215687046556229,XRP
868,2021-04-14 08:00:00+00:00,2021-04-14 09:00:00+00:00,1,1,-0.051175516193271056,False,0.09469657268630116,0.03605492086783366,2.296644777842217,0.8744281168541509,XRP
869,2021-04-14 16:00:00+00:00,2021-04-14 17:00:00+00:00,1,1,0.02666899459154436,False,0.01760130986492019,0.043915560493538355,0.3115980486947212,0.7774423075406488,XRP
870,2021-04-15 00:00:00+00:00,2021-04-15 01:00:00+00:00,1,1,-0.03659992036986672,False,0.03432145771008971,0.03062279031819419,0.7022790187512997,0.6265976031013983,XRP
871,2021-04-15 08:00:00+00:00,2021-04-15 09:00:00+00:00,1,1,-0.01949389435170374,False,0.020066316030185303,0.011147953350102819,0.474577223434105,0.26365401301894426,XRP
872,2021-04-15 16:00:00+00:00,2021-04-15 17:00:00+00:00,1,1,0.011830617538337529,False,0.008705176986048594,0.035281909373919146,0.23712579328722813,0.961066129084669,XRP
873,2021-04-16 00:00:00+00:00,2021-04-16 01:00:00+00:00,1,1,0.00198974359565897,False,0.0012500710267628727,0.03284277515767946,0.03547591038390646,0.9320489182680978,XRP
874,2021-04-16 08:00:00+00:00,2021-04-16 09:00:00+00:00,1,1,-0.012771192584229717,False,0.012419038564382994,0.013904569493136766,0.32532638633703076,0.3642410258510251,XRP
875,2021-04-16 16:00:00+00:00,2021-04-16 17:00:00+00:00,1,1,0.02960526108433738,False,0.03234939759036136,0.054759036144578305,0.6312292465441104,1.068505372641709,XRP
876,2021-04-17 00:00:00+00:00,2021-04-17 01:00:00+00:00,1,1,0.005165875655816866,False,0.00773445053174348,0.030744440863680212,0.14840819845815634,0.5899225888711691,XRP
877,2021-04-17 08:00:00+00:00,2021-04-17 09:00:00+00:00,1,1,-0.008674368568755874,False,0.02151543498596816,0.016487371375116935,0.5217482187121486,0.3998179284696363,XRP
878,2021-04-17 16:00:00+00:00,2021-04-17 17:00:00+00:00,1,1,-0.0016832127106134202,False,0.03321455841180963,0.021697632985492363,0.7582221476626948,0.49531370182562695,XRP
879,2021-04-18 00:00:00+00:00,2021-04-18 01:00:00+00:00,1,1,-0.042374098478162044,False,0.04828347069894219,0.01739243299370508,1.274847483895927,0.4592192549517612,XRP
880,2021-04-18 08:00:00+00:00,2021-04-18 09:00:00+00:00,1,1,-0.06411259162049564,False,0.07170528470141077,0.01746948322491032,1.1489408574113864,0.27991525476179296,XRP
881,2021-05-03 08:00:00+00:00,2021-05-03 09:00:00+00:00,1,1,-0.005564566685250582,False,0.005079601065477287,0.0028495323050238106,0.33268499412013525,0.1866281674332444,XRP
882,2021-05-04 08:00:00+00:00,2021-05-04 09:00:00+00:00,1,1,-0.006913987466373912,False,0.018665934669228734,0.006587976942080739,0.6895743696180471,0.24337918927695812,XRP
883,2021-05-06 00:00:00+00:00,2021-05-06 01:00:00+00:00,1,1,0.06464873006427291,False,6.180087757245473e-05,0.07861071627217105,0.0022223621674110888,2.8268446769472155,XRP
884,2021-05-06 08:00:00+00:00,2021-05-06 09:00:00+00:00,1,1,-0.016903288474157133,False,0.02068632772450395,0.004402629515710805,0.6237574140699413,0.13275303564754007,XRP
885,2021-05-06 16:00:00+00:00,2021-05-06 17:00:00+00:00,1,1,0.0034907348625501833,False,0.0020961849434030415,0.03252081212193808,0.06860012864531746,1.0642819958401935,XRP
886,2021-05-07 00:00:00+00:00,2021-05-07 01:00:00+00:00,1,1,-0.015181708304778562,False,0.0218677963989782,0.01364400971902064,0.6180369125988946,0.38561277452751697,XRP
887,2021-05-08 00:00:00+00:00,2021-05-08 01:00:00+00:00,1,1,-0.00233183,False,0.012586174182531168,0.007336664347606132,0.4647462444161273,0.27090735855412534,XRP
888,2021-05-08 16:00:00+00:00,2021-05-08 17:00:00+00:00,1,1,0.0025298315803057763,False,0.003936245724979024,0.014131767438859154,0.19423501561731676,0.6973355478720078,XRP
889,2021-05-09 00:00:00+00:00,2021-05-09 01:00:00+00:00,1,1,-0.00019430015350152996,False,0.004349216501439026,0.010553245922609646,0.24312505099123316,0.589935785493447,XRP
890,2021-05-09 08:00:00+00:00,2021-05-09 09:00:00+00:00,1,1,0.01374465972695352,False,0.0006627344423088938,0.018556564384651086,0.027730646170132395,0.7764580927637932,XRP
891,2021-05-10 16:00:00+00:00,2021-05-10 17:00:00+00:00,1,1,-0.015463282289780157,False,0.012807244501940518,0.004204398447606695,0.5653332256210908,0.18558919022914416,XRP
892,2021-05-11 00:00:00+00:00,2021-05-11 01:00:00+00:00,1,1,0.0030013372636422024,False,0.006398734632252592,0.03975842979365871,0.1601719666462135,0.9952258152287036,XRP
893,2021-05-20 00:00:00+00:00,2021-05-20 01:00:00+00:00,-1,1,0.10144951786727181,False,0.04783512951408581,0.14747589336358483,0.45738332582176716,1.4101146013477417,XRP
894,2021-09-03 00:00:00+00:00,2021-09-03 01:00:00+00:00,1,1,-0.017520575327698806,False,0.027268378249083087,0.006856960612342482,1.7786435881884535,0.4472612531701927,XRP
895,2021-12-04 16:00:00+00:00,2021-12-04 17:00:00+00:00,-1,1,0.004460606060606099,False,0.010984848484848396,0.008207070707070784,0.26301509272667456,0.19650552904866833,XRP
896,2021-12-24 08:00:00+00:00,2021-12-24 09:00:00+00:00,-1,1,-0.0017028277634962383,False,0.00606683804627251,0.00606683804627251,0.4106481345726366,0.4106481345726366,XRP
897,2021-12-24 16:00:00+00:00,2021-12-24 17:00:00+00:00,-1,1,0.003327979554612837,False,0.0022269353128314975,0.01452810180275709,0.13036116604332124,0.8504514165682884,XRP
898,2021-12-25 00:00:00+00:00,2021-12-25 01:00:00+00:00,-1,1,-0.011023624808240217,False,0.010190664036817978,0.015121630506245808,0.4959490169623732,0.7359243477506074,XRP
899,2022-11-10 08:00:00+00:00,2022-11-10 09:00:00+00:00,-1,1,0.013817906410603143,False,0.0,0.0392209899918852,0.0,1.0600306580011685,XRP
900,2022-11-10 16:00:00+00:00,2022-11-10 17:00:00+00:00,-1,1,-0.0007869938825952571,False,0.01853759011328523,0.006179196704428458,0.5536886040176335,0.1845628680058793,XRP
901,2024-02-29 16:00:00+00:00,2024-02-29 17:00:00+00:00,1,1,0.008287936717205114,False,0.0201054713249835,0.0331245880026368,1.1003240955632398,1.8128290426902585,XRP
902,2024-03-02 16:00:00+00:00,2024-03-02 17:00:00+00:00,1,1,-0.0011241116751267808,False,0.006503807106598973,0.007614213197969586,0.40589654682788656,0.4751959572619195,XRP
903,2024-03-05 16:00:00+00:00,2024-03-05 17:00:00+00:00,1,1,-0.01865256570713398,False,0.04943679599499368,0.005632040050062652,2.744826435811891,0.31270174585199206,XRP
904,2020-07-11 00:00:00+00:00,2020-07-11 01:00:00+00:00,-1,1,-0.027625459688826078,False,0.03818953323903823,0.009618104667609545,0.393225618342793,0.09903460017522107,DOGE
905,2020-07-14 16:00:00+00:00,2020-07-14 17:00:00+00:00,-1,1,-0.0060136191677175425,False,0.007566204287515811,0.005674653215636755,0.3139799903743638,0.2354849927807686,DOGE
906,2020-08-02 08:00:00+00:00,2020-08-02 09:00:00+00:00,1,1,-0.015923512336719924,False,0.014513788098693796,0.0014513788098693167,0.4093969415446849,0.04093969415446672,DOGE
907,2020-08-15 08:00:00+00:00,2020-08-15 09:00:00+00:00,1,1,-0.003975960170696978,False,0.005974395448079588,0.004836415362731178,0.5307845543038785,0.4296827344364804,DOGE
908,2020-09-04 16:00:00+00:00,2020-09-04 17:00:00+00:00,-1,1,-0.011101706970127967,False,0.011024182076813731,0.00960170697012791,0.49912554145815413,0.43472224578612617,DOGE
909,2020-09-16 08:00:00+00:00,2020-09-16 09:00:00+00:00,-1,1,0.003670555165143964,False,0.0003513703443429841,0.005973295853829968,0.033799640491862015,0.574593888361581,DOGE
910,2020-09-22 08:00:00+00:00,2020-09-22 09:00:00+00:00,-1,1,-0.011654137664346375,False,0.010440835266821222,0.001546790409899496,0.8835140787845002,0.13089097463474547,DOGE
911,2020-09-24 16:00:00+00:00,2020-09-24 17:00:00+00:00,-1,1,-0.0012203492786636114,False,0.009491268033409207,0.0041761579347001365,0.9039469596770205,0.39773666225789717,DOGE
912,2020-09-26 08:00:00+00:00,2020-09-26 09:00:00+00:00,-1,1,0.0017210332103321695,False,0.0018450184501844265,0.0051660516605166506,0.18228027508454092,0.5103847702367399,DOGE
913,2020-11-08 16:00:00+00:00,2020-11-08 17:00:00+00:00,-1,1,-0.0001342616342982592,False,0.0010993037742762786,0.003297911322828836,0.10618152765321488,0.31854458295964466,DOGE
914,2020-11-17 00:00:00+00:00,2020-11-17 01:00:00+00:00,1,1,0.013531555647221272,False,0.0027614773904037835,0.016223679668622773,0.19213067693606928,1.128767726999445,DOGE
915,2020-11-20 00:00:00+00:00,2020-11-20 01:00:00+00:00,-1,1,-0.000952688943758484,False,0.0037722908093277517,0.003429355281207142,0.3422367122579222,0.31112428387084695,DOGE
916,2020-11-21 00:00:00+00:00,2020-11-21 01:00:00+00:00,1,1,-0.0005993328885922175,False,0.0023348899266176213,0.00867244829886605,0.19760324503873553,0.7339549101439254,DOGE
917,2020-11-21 16:00:00+00:00,2020-11-21 17:00:00+00:00,1,1,-0.019986894401805743,False,0.023419864559819342,0.016083521444695315,0.9437722965107428,0.6481327819411168,DOGE
918,2020-11-22 00:00:00+00:00,2020-11-22 01:00:00+00:00,1,1,-0.01855603720045424,False,0.03208404315729694,0.054798409994321416,1.2962492118096252,2.213947768842992,DOGE
919,2020-11-22 08:00:00+00:00,2020-11-22 09:00:00+00:00,1,1,-0.022237329286798287,False,0.026403641881638927,0.002731411229135021,0.8201973043619052,0.08484799700295445,DOGE
920,2020-11-23 08:00:00+00:00,2020-11-23 09:00:00+00:00,1,1,0.002586602870813294,False,0.0005980861244019932,0.006877990430622014,0.024677796045361494,0.2837946545216197,DOGE
921,2020-11-24 00:00:00+00:00,2020-11-24 01:00:00+00:00,1,1,0.015744173441734337,False,0.03333333333333341,0.04200542005420047,1.3794858313748641,1.7383764541715698,DOGE
922,2020-11-24 16:00:00+00:00,2020-11-24 17:00:00+00:00,1,1,0.005112236051179281,False,0.022579026593075716,0.02634219769192174,0.5156388156868456,0.6015786183013214,DOGE
923,2020-11-26 00:00:00+00:00,2020-11-26 01:00:00+00:00,1,1,0.010273844046211657,False,0.024449220849005894,0.019344438473938748,0.5873120815267381,0.4646864820870899,DOGE
924,2021-01-04 08:00:00+00:00,2021-01-04 09:00:00+00:00,1,1,-0.0010763301214912855,False,0.009321323837452745,0.0429409300377043,0.09129938319609539,0.420592664161794,DOGE
925,2021-01-04 16:00:00+00:00,2021-01-04 17:00:00+00:00,1,1,-0.030629718559338555,False,0.06534146821491829,0.021944499114347666,0.7188931310717322,0.2414354943207787,DOGE
926,2021-01-06 16:00:00+00:00,2021-01-06 17:00:00+00:00,1,1,0.009046766169154275,False,0.0025870646766169136,0.038507462686567184,0.059911172749400325,0.8917547636160752,DOGE
927,2021-01-07 00:00:00+00:00,2021-01-07 01:00:00+00:00,1,1,-0.00542870542223906,False,0.023977837218188715,0.007833397019488009,0.5685857329999567,0.18575310799201922,DOGE
928,2021-01-08 00:00:00+00:00,2021-01-08 01:00:00+00:00,1,1,-0.009381304392341482,False,0.012593426845500138,0.014948295280024603,0.35969585260315157,0.4269560526834171,DOGE
929,2021-01-10 00:00:00+00:00,2021-01-10 01:00:00+00:00,1,1,0.012220819447167176,False,0.0,0.0235247990590081,0.0,0.7165013637350827,DOGE
930,2021-01-10 08:00:00+00:00,2021-01-10 09:00:00+00:00,1,1,-0.02040910158773326,False,0.021945043608740486,0.009847134952639893,0.7691206847833147,0.3451182559925106,DOGE
931,2021-01-10 16:00:00+00:00,2021-01-10 17:00:00+00:00,1,1,-0.012631222298828026,False,0.017236284841918626,0.006106569486851133,0.4816877427702579,0.17065508601003318,DOGE
932,2021-01-19 00:00:00+00:00,2021-01-19 01:00:00+00:00,1,1,-0.012255648581059164,False,0.014135044036098717,0.00869848863759924,0.973223135047626,0.598906544644695,DOGE
933,2021-01-19 08:00:00+00:00,2021-01-19 09:00:00+00:00,1,1,0.004814551631781145,False,0.0,0.015805211448098978,0.0,0.9142757629369794,DOGE
934,2021-01-19 16:00:00+00:00,2021-01-19 17:00:00+00:00,1,1,-0.007626539172346582,False,0.008006058638969969,0.005409499080385124,0.41716707124026614,0.28186964272991005,DOGE
935,2021-01-20 00:00:00+00:00,2021-01-20 01:00:00+00:00,1,1,0.003688316410256387,False,0.0035366931918656913,0.014036251105216663,0.20166154819227672,0.8003442693880811,DOGE
936,2021-01-20 08:00:00+00:00,2021-01-20 09:00:00+00:00,1,1,-0.014006706437815371,False,0.012941434525115163,0.0037288879140163463,0.7151622727941988,0.20606370572036858,DOGE
937,2021-01-28 16:00:00+00:00,2021-01-28 17:00:00+00:00,1,1,0.03139928021704223,False,0.1632799955705664,0.09628481257959143,1.4930085231563084,0.8804143173173352,DOGE
938,2021-01-29 08:00:00+00:00,2021-01-29 09:00:00+00:00,-1,1,0.13506543351700778,False,0.17689207344379748,0.14690706594754577,0.7148613426298662,0.5936850666089538,DOGE
939,2021-01-29 16:00:00+00:00,2021-01-29 17:00:00+00:00,-1,1,0.04968531664453217,False,0.058817108446886306,0.11486892135281168,0.2585974610110679,0.5050369219993451,DOGE
940,2021-01-30 00:00:00+00:00,2021-01-30 01:00:00+00:00,-1,1,-0.027230407776300543,False,0.10380751040690443,0.010962665911121841,0.43420861430007,0.04585490929937789,DOGE
941,2021-01-30 08:00:00+00:00,2021-01-30 09:00:00+00:00,-1,1,0.01914365213051366,False,0.03736976729677452,0.06828248799051728,0.1373226899553022,0.25091766970964735,DOGE
942,2021-01-31 16:00:00+00:00,2021-01-31 17:00:00+00:00,-1,1,-0.03880684182683809,False,0.09578557573620171,0.010862281784517817,0.8271784204467998,0.09380373840118432,DOGE
943,2021-02-01 00:00:00+00:00,2021-02-01 01:00:00+00:00,-1,1,-0.003586414930188504,False,0.021146807645384194,0.0790023044598075,0.17040485133263808,0.6366150471580896,DOGE
944,2021-02-01 08:00:00+00:00,2021-02-01 09:00:00+00:00,-1,1,0.016107475217080485,False,0.001123710287056784,0.04740014301767298,0.010757475530351867,0.4537698769167085,DOGE
945,2021-02-03 16:00:00+00:00,2021-02-03 17:00:00+00:00,1,1,0.029670171236695388,False,0.01593385707045109,0.042606436898124656,0.419121323760562,1.1207120883855974,DOGE
946,2021-02-04 00:00:00+00:00,2021-02-04 01:00:00+00:00,1,1,-0.026803593211991307,False,0.031183083511777288,0.009689507494646714,0.6764352111004382,0.2101884518612529,DOGE
947,2021-02-04 08:00:00+00:00,2021-02-04 09:00:00+00:00,1,1,-0.09441776596160606,False,0.1163936349063612,0.1986550416389726,2.081368122836373,3.5523787141859637,DOGE
948,2021-02-04 16:00:00+00:00,2021-02-04 17:00:00+00:00,1,1,-0.008259142428102679,False,0.11333134506412165,0.022538451706361113,1.1788907236953041,0.23444856873489398,DOGE
949,2021-02-06 00:00:00+00:00,2021-02-06 01:00:00+00:00,1,1,-0.025050985991885533,False,0.025282938287422542,0.003630151612214467,0.5490004512870198,0.07882607830979346,DOGE
950,2021-02-07 00:00:00+00:00,2021-02-07 01:00:00+00:00,1,1,0.04039875251230156,False,0.027132857439878106,0.04754314228290242,0.6726665406035163,1.178669851478953,DOGE
951,2021-02-07 08:00:00+00:00,2021-02-07 09:00:00+00:00,1,1,-0.03594496847309633,False,0.05538481551945633,0.008179260776948413,1.0077882213779985,0.1488307326345064,DOGE
952,2021-02-07 16:00:00+00:00,2021-02-07 17:00:00+00:00,1,1,0.06781921681116175,False,0.0006441780445268335,0.09137901236507616,0.01254391169298999,1.7793997660105103,DOGE
953,2021-02-09 00:00:00+00:00,2021-02-09 01:00:00+00:00,1,1,0.013007526846965246,False,0.012889923343537404,0.04136413084726889,0.19802476619090068,0.6354671103476354,DOGE
954,2021-02-09 08:00:00+00:00,2021-02-09 09:00:00+00:00,1,1,0.0008992237135614648,False,0.023282636248415606,0.01187579214195193,0.4550638231599604,0.2321147535660796,DOGE
955,2021-02-09 16:00:00+00:00,2021-02-09 17:00:00+00:00,1,1,-0.02888575426997235,False,0.12331955922865018,0.0011432506887052306,2.3460554570869414,0.021749425102001056,DOGE
956,2021-02-10 00:00:00+00:00,2021-02-10 01:00:00+00:00,1,1,0.022935952460889548,False,0.0006981449291880645,0.03245661527940048,0.012563790236098936,0.5840880440374939,DOGE
957,2021-02-10 16:00:00+00:00,2021-02-10 17:00:00+00:00,1,1,0.005295160928800759,False,0.019451742164902062,0.038930021495103787,0.3521123336534669,0.7047050388398791,DOGE
958,2021-02-11 16:00:00+00:00,2021-02-11 17:00:00+00:00,1,1,-0.015369842929018284,False,0.024403841061448463,0.01880113169154441,0.8172778064840762,0.6296446378909357,DOGE
959,2021-02-12 00:00:00+00:00,2021-02-12 01:00:00+00:00,1,1,-0.013683769333314343,False,0.015380645901122435,0.005633358657167705,0.5261151378160326,0.1926964111478984,DOGE
960,2021-02-12 08:00:00+00:00,2021-02-12 09:00:00+00:00,1,1,0.031702969012953816,False,0.00018527381926536035,0.03907733638005845,0.005065580330581976,1.0684153180587512,DOGE
961,2021-02-12 16:00:00+00:00,2021-02-12 17:00:00+00:00,1,1,0.008673616699080889,False,0.007571596122155033,0.02540196267648506,0.23563878698291738,0.790545028485834,DOGE
962,2021-02-13 00:00:00+00:00,2021-02-13 01:00:00+00:00,1,1,0.010717095780803099,False,0.0,0.01873355451321347,0.0,0.6033352079884113,DOGE
963,2021-02-13 08:00:00+00:00,2021-02-13 09:00:00+00:00,1,1,0.00943413276302981,False,0.0006676439425826843,0.021146896181366927,0.024754830409126884,0.7840823457846618,DOGE
964,2021-02-13 16:00:00+00:00,2021-02-13 17:00:00+00:00,1,1,0.007517745430220924,False,0.005235069146538299,0.019384297700932147,0.19501017274590293,0.722079334084137,DOGE
965,2021-02-14 00:00:00+00:00,2021-02-14 01:00:00+00:00,1,1,-0.012662798490500738,False,0.033191207268015555,0.005890949633133992,1.337810802650886,0.23744168126940557,DOGE
966,2021-02-14 08:00:00+00:00,2021-02-14 09:00:00+00:00,1,1,-0.0013086291769541334,False,0.006563511171770734,0.011532150470027184,0.26280743679741525,0.46175512259733176,DOGE
967,2021-02-14 16:00:00+00:00,2021-02-14 17:00:00+00:00,1,1,0.03191331857228952,False,0.001958749079220502,0.06711645349226554,0.05104970677649196,1.749216021085113,DOGE
968,2021-02-15 00:00:00+00:00,2021-02-15 01:00:00+00:00,1,1,-0.042804892283650434,False,0.04163543875875049,0.020395145987147426,0.970480058329752,0.47539026985972965,DOGE
969,2021-02-15 08:00:00+00:00,2021-02-15 09:00:00+00:00,1,1,0.02479585092444307,False,0.01390304265540837,0.030681321880914252,0.2205780059168188,0.48677292928763893,DOGE
970,2021-02-17 00:00:00+00:00,2021-02-17 01:00:00+00:00,1,1,-9.553428784683424e-05,False,0.01102797111455284,0.020768412606594445,0.29039896631668777,0.5468934847892954,DOGE
971,2021-02-18 00:00:00+00:00,2021-02-18 01:00:00+00:00,1,1,0.01125877821491295,False,0.00971187433117294,0.018676681406101625,0.32040260173419394,0.6161588494888285,DOGE
972,2021-02-18 08:00:00+00:00,2021-02-18 09:00:00+00:00,1,1,-0.02413335401799572,False,0.02274666459820044,0.009754111076636606,0.7435827684084834,0.3188594480046585,DOGE
973,2021-02-18 16:00:00+00:00,2021-02-18 17:00:00+00:00,1,1,0.021346672954496576,False,0.0006072359013534761,0.028324616559910733,0.021025056714315468,0.9807171615775433,DOGE
974,2021-02-19 00:00:00+00:00,2021-02-19 01:00:00+00:00,1,1,-0.045689975028382956,False,0.04254053502838299,0.017012814847547537,0.9808802826877594,0.39227373670413496,DOGE
975,2021-02-19 08:00:00+00:00,2021-02-19 09:00:00+00:00,1,1,-0.0058337880624933225,False,0.00981329932334288,0.009937294080136145,0.23894669228305052,0.24196587431551086,DOGE
976,2021-02-19 16:00:00+00:00,2021-02-19 17:00:00+00:00,1,1,-0.0037164769546603536,False,0.004592527536868321,0.022413730010612157,0.132671312119353,0.6474994316581921,DOGE
977,2021-02-20 00:00:00+00:00,2021-02-20 01:00:00+00:00,1,1,-0.03048204384852333,False,0.03942743250588882,0.007120855227396222,1.3109055921166326,0.23675822504679794,DOGE
978,2021-02-20 08:00:00+00:00,2021-02-20 09:00:00+00:00,1,1,0.0762447724053211,False,0.0009733763541647618,0.10997350253258112,0.03362710109200112,3.799239699301938,DOGE
979,2021-02-20 16:00:00+00:00,2021-02-20 17:00:00+00:00,1,1,0.012547269269088047,False,0.009310750837786444,0.014400869486459633,0.25341851756658057,0.3919605475981173,DOGE
980,2021-02-21 00:00:00+00:00,2021-02-21 01:00:00+00:00,1,1,0.032134948839953346,False,0.016674976455598046,0.03408860081620594,0.4237224685044332,0.8662144815716312,DOGE
981,2021-02-21 16:00:00+00:00,2021-02-21 17:00:00+00:00,1,1,-0.011222434415173184,False,0.0164111423018787,0.0034009933059813346,0.67350346907866,0.1395747320787969,DOGE
982,2021-02-22 00:00:00+00:00,2021-02-22 01:00:00+00:00,1,1,-0.02159207381160484,False,0.018871626562973857,0.007794802276010914,0.6762886509208293,0.2793366166846894,DOGE
983,2021-02-22 08:00:00+00:00,2021-02-22 09:00:00+00:00,1,1,0.020105451734356003,False,0.008956606784372293,0.02949503268646726,0.28652097374965985,0.9435432066583588,DOGE
984,2021-02-22 16:00:00+00:00,2021-02-22 17:00:00+00:00,1,1,0.007523393902531695,False,0.009788641374591378,0.023967916064776065,0.19144109022204311,0.46875187333979673,DOGE
985,2021-02-25 00:00:00+00:00,2021-02-25 01:00:00+00:00,-1,1,-0.01035545548465569,False,0.02407854612116843,0.02104669404734614,0.5565379566362316,0.48646143500999567,DOGE
986,2021-03-10 00:00:00+00:00,2021-03-10 01:00:00+00:00,1,1,0.005300255065761065,False,0.0051712547187699595,0.015100063778808109,0.2407533620343375,0.7029998171402575,DOGE
987,2021-03-10 08:00:00+00:00,2021-03-10 09:00:00+00:00,1,1,-0.006514018997870776,False,0.0071090464375581945,0.0014429252670292577,0.32570469162891663,0.06610837800389449,DOGE
988,2021-03-12 08:00:00+00:00,2021-03-12 09:00:00+00:00,1,1,-0.004048023119206793,False,0.006430983689013511,0.005191492419343206,0.43118125914311584,0.34807649131943574,DOGE
989,2021-03-12 16:00:00+00:00,2021-03-12 17:00:00+00:00,1,1,-0.008717144625851627,False,0.009418870095087514,0.002013193608110312,0.6726738845926353,0.14377762418773912,DOGE
990,2021-03-13 16:00:00+00:00,2021-03-13 17:00:00+00:00,1,1,0.0009616003903390361,False,0.003084375980204172,0.01001986547241486,0.25417273721389816,0.8257023949039209,DOGE
991,2021-03-14 00:00:00+00:00,2021-03-14 01:00:00+00:00,1,1,-0.04143494753438614,False,0.052789098318899635,0.018848700967906338,2.3836093687654714,0.8510836829367701,DOGE
992,2021-03-14 08:00:00+00:00,2021-03-14 09:00:00+00:00,1,1,0.02563204631277754,False,0.0018797930564104601,0.031390880508375886,0.06980209147754686,1.1656331559126423,DOGE
993,2021-03-14 16:00:00+00:00,2021-03-14 17:00:00+00:00,1,1,-0.011663515631444365,False,0.013758970551843625,0.006764002309659335,0.5255846585598131,0.2583809472536251,DOGE
994,2021-03-15 00:00:00+00:00,2021-03-15 01:00:00+00:00,1,1,0.009718953505707638,False,0.00022349057901250042,0.02059551643515343,0.009225793659173412,0.8501923695146565,DOGE
995,2021-03-15 08:00:00+00:00,2021-03-15 09:00:00+00:00,1,1,-0.0022219037844076936,False,0.00800923459421062,0.019303853667199392,0.33994967337348486,0.819346552011036,DOGE
996,2021-03-15 16:00:00+00:00,2021-03-15 17:00:00+00:00,1,1,0.0018676177429845734,False,0.006077947004567382,0.010520890721356382,0.2823158412215474,0.48868707018466584,DOGE
997,2021-03-18 08:00:00+00:00,2021-03-18 09:00:00+00:00,1,1,0.0009270445694505206,False,0.0,0.009762007788836036,0.0,0.8624494918121302,DOGE
998,2021-03-18 16:00:00+00:00,2021-03-18 17:00:00+00:00,1,1,-0.005366671803037248,False,0.007995616963720139,0.00431455133802459,0.7582006090284193,0.4091360888119111,DOGE
999,2021-03-19 00:00:00+00:00,2021-03-19 01:00:00+00:00,1,1,-0.005389725183276135,False,0.01770943981054203,0.004927995542166551,1.687016949665685,0.4694452278814039,DOGE
1000,2021-03-19 08:00:00+00:00,2021-03-19 09:00:00+00:00,1,1,0.029519610538450973,False,0.002191771365456339,0.03501656772055771,0.22970926495284194,3.66992203613628,DOGE
1001,2021-03-20 00:00:00+00:00,2021-03-20 01:00:00+00:00,1,1,0.0025150146597397354,False,0.004766558647531857,0.005778166418051147,0.43995681890369354,0.5333289495343279,DOGE
1002,2021-03-20 08:00:00+00:00,2021-03-20 09:00:00+00:00,1,1,-0.00017940131912736888,False,0.0017757483510908324,0.008033147302553632,0.15356835918089606,0.6947140058183279,DOGE
1003,2021-03-20 16:00:00+00:00,2021-03-20 17:00:00+00:00,1,1,-0.007576478531874589,False,0.0074505394928934595,0.0056550265970835,0.7144419591505577,0.5422678834093151,DOGE
1004,2021-03-21 00:00:00+00:00,2021-03-21 01:00:00+00:00,1,1,-0.00017532945506344298,False,0.007954410542561985,0.0124149861773037,0.695320537174767,1.0852337595137205,DOGE
1005,2021-03-21 08:00:00+00:00,2021-03-21 09:00:00+00:00,1,1,-0.0007225957402882774,False,0.007948250352682056,0.0031139249217217876,0.6361254296189123,0.24921797134420828,DOGE
1006,2021-03-21 16:00:00+00:00,2021-03-21 17:00:00+00:00,1,1,-0.0027791225940697146,False,0.005271371597017491,0.004716490376278852,0.4314459339449809,0.38603057247709177,DOGE
1007,2021-03-22 08:00:00+00:00,2021-03-22 09:00:00+00:00,1,1,-0.007713268916468269,False,0.006027340153896929,0.004186135380660491,0.6555510096346746,0.45529623435723304,DOGE
1008,2021-03-22 16:00:00+00:00,2021-03-22 17:00:00+00:00,1,1,-0.0051926681665183765,False,0.008911909869373454,0.0026857810565235067,0.9843167615122795,0.2966434075790431,DOGE
1009,2021-03-23 00:00:00+00:00,2021-03-23 01:00:00+00:00,1,1,0.014553117715617781,False,0.008686625874125968,0.016462703962703874,0.6189400275281536,1.1730016454621421,DOGE
1010,2021-03-30 16:00:00+00:00,2021-03-30 17:00:00+00:00,1,1,3.053374559416661e-05,False,0.001014966137038873,0.006126704681761962,0.09705605796402984,0.5858656589828747,DOGE
1011,2021-03-31 00:00:00+00:00,2021-03-31 01:00:00+00:00,1,1,0.0030214137829043712,False,9.242827565805349e-05,0.006414522330671401,0.010640176063002124,0.7384282187726338,DOGE
1012,2021-04-01 08:00:00+00:00,2021-04-01 09:00:00+00:00,1,1,-0.003260789457322828,False,0.005966124235763441,0.008293466816897209,0.6066286433546002,0.8432701574805477,DOGE
1013,2021-04-01 16:00:00+00:00,2021-04-01 17:00:00+00:00,1,1,0.019741951181604454,False,0.008996307485733497,0.04921114467942258,0.23491321313434801,1.2850103375184803,DOGE
1014,2021-04-02 00:00:00+00:00,2021-04-02 01:00:00+00:00,1,1,-0.049740818329552086,False,0.055349069202426326,0.01264661871892663,1.4976184211284849,0.3421883950601753,DOGE
1015,2021-04-02 16:00:00+00:00,2021-04-02 17:00:00+00:00,1,1,9.929309407290666e-05,False,0.004214246873300677,0.007442903752039167,0.17189505414249948,0.303588845622643,DOGE
1016,2021-04-03 00:00:00+00:00,2021-04-03 01:00:00+00:00,1,1,0.0031009962808772997,False,0.0024407554224584508,0.015077290588377795,0.1281794465295783,0.7918035313990108,DOGE
1017,2021-04-03 08:00:00+00:00,2021-04-03 09:00:00+00:00,1,1,0.003017324337218065,False,0.0015675049410482143,0.011381448919784671,0.09322331161729558,0.676882306090787,DOGE
1018,2021-04-03 16:00:00+00:00,2021-04-03 17:00:00+00:00,1,1,-0.0026501127580092583,False,0.004785759782402872,0.007505723975279294,0.34019477301343015,0.5335428814167443,DOGE
1019,2021-04-04 00:00:00+00:00,2021-04-04 01:00:00+00:00,1,1,-0.006782279483211483,False,0.008529168316118963,0.0114801885773923,0.522828455142655,0.7037226885675465,DOGE
1020,2021-04-05 08:00:00+00:00,2021-04-05 09:00:00+00:00,1,1,0.002172840018302025,False,0.0042939602984654575,0.005737012529916935,0.3042377792384605,0.40648162308089186,DOGE
1021,2021-04-05 16:00:00+00:00,2021-04-05 17:00:00+00:00,1,1,-0.00520096869284663,False,0.005900824735153076,0.00659097967493703,0.4238866448960677,0.47346403026402656,DOGE
1022,2021-04-06 00:00:00+00:00,2021-04-06 01:00:00+00:00,1,1,0.00045899794790709087,False,0.016027294665889966,0.012565532162769389,1.011011140706112,0.7926411331600356,DOGE
1023,2021-04-06 08:00:00+00:00,2021-04-06 09:00:00+00:00,1,1,0.0015192157400425914,False,0.0021765955988207854,0.026393363954205797,0.12989458767143414,1.575099724519812,DOGE
1024,2021-04-06 16:00:00+00:00,2021-04-06 17:00:00+00:00,1,1,0.004431719749137315,False,0.011087671098464489,0.020867062421298783,0.370181337894107,0.6966834618773994,DOGE
1025,2021-04-07 00:00:00+00:00,2021-04-07 01:00:00+00:00,1,1,-0.017162451512800443,False,0.027432117920868766,0.04817688130333609,0.9862709642543791,1.7321104886933665,DOGE
1026,2021-04-09 16:00:00+00:00,2021-04-09 17:00:00+00:00,1,1,-0.001890216150982778,False,0.011915405497667383,0.0038688492611797577,0.7558640995436431,0.245423814040085,DOGE
1027,2021-04-10 00:00:00+00:00,2021-04-10 01:00:00+00:00,1,1,-0.007342029708265706,False,0.010081037277147448,0.001912479740680714,0.7387813436909006,0.1401546600571168,DOGE
1028,2021-04-10 08:00:00+00:00,2021-04-10 09:00:00+00:00,1,1,-0.0015469365333353098,False,0.0035961577893091922,0.02711313701676627,0.25247344596330246,1.9035169018023317,DOGE
1029,2021-04-10 16:00:00+00:00,2021-04-10 17:00:00+00:00,1,1,-0.0007308332938257931,False,0.007095560928586181,0.0066214699979456485,0.49531466767378146,0.4622201464483597,DOGE
1030,2021-04-11 00:00:00+00:00,2021-04-11 01:00:00+00:00,1,1,0.04349445754350213,False,0.003903433139990582,0.06872550556513558,0.2540991324805879,4.4737774971682756,DOGE
1031,2021-04-11 08:00:00+00:00,2021-04-11 09:00:00+00:00,1,1,0.014659793689687329,False,0.0,0.029736515715279598,0.0,1.3292821717731955,DOGE
1032,2021-04-11 16:00:00+00:00,2021-04-11 17:00:00+00:00,1,1,0.04225670774303518,False,0.014097297901472546,0.04398245172828119,0.39407898824297477,1.2294951982050433,DOGE
1033,2021-04-12 00:00:00+00:00,2021-04-12 01:00:00+00:00,1,1,-0.0100013880506519,False,0.022401674089177506,0.015077533937865536,0.5927946864313463,0.39898277098732415,DOGE
1034,2021-04-12 08:00:00+00:00,2021-04-12 09:00:00+00:00,1,1,-0.0029233297202319055,False,0.008338451040600483,0.014534288638689817,0.2580095216665686,0.449721997667585,DOGE
1035,2021-04-12 16:00:00+00:00,2021-04-12 17:00:00+00:00,1,1,0.0069879641872123595,False,0.011417847370456943,0.012320387375900743,0.35865614245009364,0.3870066279888056,DOGE
1036,2021-04-13 00:00:00+00:00,2021-04-13 01:00:00+00:00,1,1,0.02351905570916084,False,0.00014123894805245614,0.03646789638710772,0.005779129129798325,1.492171141312436,DOGE
1037,2021-04-13 08:00:00+00:00,2021-04-13 09:00:00+00:00,1,1,0.0029119812828911507,False,0.015572114859700883,0.015421989300141829,0.5960165304194548,0.590270534070094,DOGE
1038,2021-04-13 16:00:00+00:00,2021-04-13 17:00:00+00:00,1,1,0.11841395275186216,False,0.0,0.18344521756174054,0.0,5.837003099544908,DOGE
1039,2021-04-14 00:00:00+00:00,2021-04-14 01:00:00+00:00,1,1,0.10828960048632227,False,0.023545677136102634,0.1238918439716312,0.5533515747906262,2.9116065156733173,DOGE
1040,2021-04-14 08:00:00+00:00,2021-04-14 09:00:00+00:00,1,1,0.030489991329121714,False,0.0001393534002231048,0.12781803542673106,0.0024094493516492494,2.2100004886494067,DOGE
1041,2021-04-14 16:00:00+00:00,2021-04-14 17:00:00+00:00,1,1,-0.025654118592029335,False,0.05001764092093116,0.01486341423134386,0.6768130943401595,0.20112410727803118,DOGE
1042,2021-04-17 00:00:00+00:00,2021-04-17 01:00:00+00:00,-1,1,0.038638858417126866,False,0.044850080172493964,0.05457202116772747,0.382933946552706,0.4659407376027808,DOGE
1043,2021-04-17 16:00:00+00:00,2021-04-17 17:00:00+00:00,1,1,0.015518079402563082,False,0.026314589319104454,0.09454097687782168,0.20514656671562448,0.7370343722729398,DOGE
1044,2021-04-18 00:00:00+00:00,2021-04-18 01:00:00+00:00,1,1,-0.031969554419275945,False,0.0503402708017941,0.041239264845286346,0.4565535365756345,0.37401332791844455,DOGE
1045,2021-04-18 08:00:00+00:00,2021-04-18 09:00:00+00:00,1,1,0.049173301912947026,False,0.022698918769060165,0.11906016079844746,0.22221568542088438,1.165563677606092,DOGE
1046,2021-05-02 08:00:00+00:00,2021-05-02 09:00:00+00:00,1,1,-0.008086336259156494,False,0.023539284253961252,0.009586218508056236,0.7623023683621837,0.3104426198132565,DOGE
1047,2021-05-03 16:00:00+00:00,2021-05-03 17:00:00+00:00,1,1,-0.004735802914729309,False,0.01243047063963354,0.02260573710274601,0.6044861382748953,1.0993030851565009,DOGE
1048,2021-05-04 00:00:00+00:00,2021-05-04 01:00:00+00:00,1,1,-0.07497918458313438,False,0.115507127931485,0.030415677147831225,4.594828490136833,1.2099237718780147,DOGE
1049,2021-05-04 08:00:00+00:00,2021-05-04 09:00:00+00:00,1,1,0.032337732417417664,False,0.01459869611762721,0.06187992401498335,0.41862821569310144,1.7744517708220904,DOGE
1050,2021-05-05 00:00:00+00:00,2021-05-05 01:00:00+00:00,1,1,0.04836303328494787,False,0.00798730347298286,0.07089636738254775,0.13231242493282097,1.1744226720623034,DOGE
1051,2021-05-07 00:00:00+00:00,2021-05-07 01:00:00+00:00,1,1,-0.05526544568223586,False,0.056714755462200755,0.012188644672903872,1.1107612620986942,0.23871520259256843,DOGE
1052,2021-05-08 08:00:00+00:00,2021-05-08 09:00:00+00:00,1,1,-0.006663552170123998,False,0.014293765121800701,0.005939257147941902,0.32114577175048303,0.1334405108903936,DOGE
1053,2021-05-20 00:00:00+00:00,2021-05-20 01:00:00+00:00,-1,1,0.059997357015690984,False,0.050714740963306935,0.1075298188108896,0.3990145380013932,0.8460254387426311,DOGE
1054,2021-09-02 16:00:00+00:00,2021-09-02 17:00:00+00:00,1,1,0.006881586047046084,False,0.0033459510612410133,0.010443423009328233,0.18290921049660233,0.5708984448833466,DOGE
1055,2021-09-04 16:00:00+00:00,2021-09-04 17:00:00+00:00,1,1,-0.016726986854788458,False,0.019009159854230333,0.002363833349748837,1.2686935184686794,0.15776499711527536,DOGE
1056,2021-09-05 00:00:00+00:00,2021-09-05 01:00:00+00:00,1,1,0.001972675670636124,False,0.008639380899963245,0.008606024216951955,0.6164198654253473,0.6140398659449513,DOGE
1057,2021-09-05 08:00:00+00:00,2021-09-05 09:00:00+00:00,1,1,0.007029000440886392,False,6.685162282302535e-05,0.010462278971822114,0.005012773966953776,0.7844991258296641,DOGE
1058,2021-09-06 00:00:00+00:00,2021-09-06 01:00:00+00:00,1,1,-0.008408572062523855,False,0.013724742661075075,0.0063858177659169265,1.0748308652213763,0.5000949164571721,DOGE
1059,2021-09-06 08:00:00+00:00,2021-09-06 09:00:00+00:00,1,1,-0.004837918623430045,False,0.005223019738528647,0.004389900025634396,0.41607225192733255,0.34970489885916023,DOGE
1060,2021-09-06 16:00:00+00:00,2021-09-06 17:00:00+00:00,1,1,-0.005740313960534422,False,0.006761808783849584,0.005884073989792199,0.4339933244759366,0.37765765254877254,DOGE
1061,2021-09-08 00:00:00+00:00,2021-09-08 01:00:00+00:00,-1,1,-0.024971195469526804,False,0.024738716874780006,0.019062903667749584,0.581511902956834,0.4480954062341379,DOGE
1062,2021-12-04 16:00:00+00:00,2021-12-04 17:00:00+00:00,-1,1,0.011240267077555256,False,0.008674313759059485,0.01643554185927064,0.1999500444668575,0.37885271583194136,DOGE
1063,2022-05-12 16:00:00+00:00,2022-05-12 17:00:00+00:00,-1,1,-0.07124687348358637,False,0.07202351788339044,0.011146496815286722,1.092062368855148,0.16900965232282217,DOGE
1064,2024-03-05 16:00:00+00:00,2024-03-05 17:00:00+00:00,1,1,-0.03904798890429946,False,0.09246417013407297,0.012887193712436486,1.7029658070730371,0.23735085936080577,DOGE
1065,2020-02-02 16:00:00+00:00,2020-02-02 17:00:00+00:00,1,1,-0.00575009510634612,False,0.005360539512363787,0.005187618882932762,0.29225596905277723,0.2828283571478525,ADA
1066,2020-02-03 00:00:00+00:00,2020-02-03 01:00:00+00:00,1,1,0.019714705355543587,False,0.010209564750134357,0.02292674189503857,0.637881814783438,1.4324363560049145,ADA
1067,2020-02-03 08:00:00+00:00,2020-02-03 09:00:00+00:00,1,1,0.005638700564971667,False,0.0014124293785311383,0.009533898305084724,0.09179750950513241,0.6196331891596139,ADA
1068,2020-02-06 08:00:00+00:00,2020-02-06 09:00:00+00:00,1,1,0.00022330515498096982,False,0.004143875352229409,0.00845350571854793,0.32080658418971586,0.6544454317470153,ADA
1069,2020-02-06 16:00:00+00:00,2020-02-06 17:00:00+00:00,1,1,0.005082258603408097,False,0.0,0.010691613765452752,0.0,0.6339829403217027,ADA
1070,2020-02-07 00:00:00+00:00,2020-02-07 01:00:00+00:00,1,1,0.000727901563019541,False,0.0014965081476554674,0.00498836049218493,0.11297651730469026,0.37658839101563707,ADA
1071,2020-02-07 16:00:00+00:00,2020-02-07 17:00:00+00:00,1,1,-0.002949133136348649,False,0.006932981181908281,0.004621987454605406,0.5654390632046624,0.3769593754697656,ADA
1072,2020-02-08 00:00:00+00:00,2020-02-08 01:00:00+00:00,1,1,-0.011244163618224067,False,0.012304622547389385,0.002660458929165288,1.1512822791958335,0.24892589820450603,ADA
1073,2020-02-08 08:00:00+00:00,2020-02-08 09:00:00+00:00,1,1,0.01588542880932558,False,0.0,0.022481265611990073,0.0,1.7165803370352537,ADA
1074,2020-02-08 16:00:00+00:00,2020-02-08 17:00:00+00:00,1,1,0.004858022851465461,False,0.0038085775790693997,0.006458022851465499,0.31079970113049094,0.5270081888734408,ADA
1075,2020-02-09 16:00:00+00:00,2020-02-09 17:00:00+00:00,1,1,-0.00046234357224124033,False,0.00780107264748905,0.0034129692832764805,0.7396947073319825,0.32361643445774435,ADA
1076,2020-02-10 00:00:00+00:00,2020-02-10 01:00:00+00:00,1,1,-0.0020843396835647605,False,0.0011301259283177368,0.008395221181788821,0.12197101191475102,0.9060703742238561,ADA
1077,2020-02-10 08:00:00+00:00,2020-02-10 09:00:00+00:00,1,1,-0.017410276679841914,False,0.019104084321475645,0.0021409749670618936,1.433857967445698,0.16069097911029132,ADA
1078,2020-02-10 16:00:00+00:00,2020-02-10 17:00:00+00:00,1,1,-0.008086660482930835,False,0.007993338884263136,0.004995836802664474,0.5624849002644008,0.3515530626652515,ADA
1079,2020-02-11 08:00:00+00:00,2020-02-11 09:00:00+00:00,1,1,0.003984701303096961,False,0.0013538669825689075,0.005753934675918092,0.13667557883999315,0.5808712100699946,ADA
1080,2020-02-12 08:00:00+00:00,2020-02-12 09:00:00+00:00,1,1,-0.0197226813762029,False,0.02260577363678013,0.0,1.8234342502212146,0.0,ADA
1081,2020-02-12 16:00:00+00:00,2020-02-12 17:00:00+00:00,1,1,0.03873107599699015,False,0.0009029345372459086,0.06305492851768246,0.06336917034605136,4.425280395833278,ADA
1082,2020-02-13 00:00:00+00:00,2020-02-13 01:00:00+00:00,1,1,0.018071242124542183,False,0.0,0.02285714285714274,0.0,1.2309482717360012,ADA
1083,2020-02-13 08:00:00+00:00,2020-02-13 09:00:00+00:00,1,1,-0.011670052539404518,False,0.0548744892002335,0.02860478692352603,2.569612537408206,1.3394788758830038,ADA
1084,2020-02-13 16:00:00+00:00,2020-02-13 17:00:00+00:00,1,1,-0.004635120682179482,False,0.009683480271715622,0.015320132967191868,0.34050492336595906,0.5387092817431587,ADA
1085,2020-02-15 00:00:00+00:00,2020-02-15 01:00:00+00:00,1,1,0.0005180457497882444,False,0.0004236091499574749,0.008048573849195158,0.031220603901481257,0.593191474128375,ADA
1086,2020-02-15 08:00:00+00:00,2020-02-15 09:00:00+00:00,1,1,0.007541033081834004,False,0.0014509576320369847,0.01030179918746376,0.09899913302181447,0.7028938444549625,ADA
1087,2020-03-14 00:00:00+00:00,2020-03-14 01:00:00+00:00,-1,1,0.015629254571026756,False,0.0010548523206750625,0.03234880450070326,0.014894176161715884,0.45675473562597274,ADA
1088,2020-03-17 00:00:00+00:00,2020-03-17 01:00:00+00:00,-1,1,-0.017769154228855784,False,0.01658374792703155,0.01575456053067987,0.43661355925349205,0.4147828812908147,ADA
1089,2020-03-18 16:00:00+00:00,2020-03-18 17:00:00+00:00,-1,1,0.015289238020424192,False,0.006677140612725845,0.02670856245090338,0.27629608926952387,1.1051843570780955,ADA
1090,2020-05-03 08:00:00+00:00,2020-05-03 09:00:00+00:00,1,1,0.005311532385466045,False,0.0017772511848341195,0.008096366508688797,0.16959779600342656,0.7726121817933905,ADA
1091,2020-06-30 00:00:00+00:00,2020-06-30 01:00:00+00:00,-1,1,-0.009478715530619696,False,0.008833711352512888,0.0,0.7179553450642098,0.0,ADA
1092,2020-06-30 08:00:00+00:00,2020-06-30 09:00:00+00:00,-1,1,0.0012872109279344602,False,0.0007230657989877621,0.00819474572186069,0.06533393788023273,0.7404512959759155,ADA
1093,2020-07-02 00:00:00+00:00,2020-07-02 01:00:00+00:00,-1,1,0.018567301286616246,False,0.0014491253493427309,0.03115619501086843,0.08296393486481933,1.7837245995935995,ADA
1094,2020-07-02 08:00:00+00:00,2020-07-02 09:00:00+00:00,-1,1,-0.00508090345826234,False,0.005217206132878944,0.013309199318569007,0.27605418944352045,0.7042198710294033,ADA
1095,2020-07-04 16:00:00+00:00,2020-07-04 17:00:00+00:00,-1,1,0.006005473391516056,False,0.0020296326364927122,0.022122995737771475,0.12457089415153087,1.3578227462517425,ADA
1096,2020-07-05 00:00:00+00:00,2020-07-05 01:00:00+00:00,-1,1,0.018190104947526202,False,9.99500249874675e-05,0.021489255372313835,0.006545963554186807,1.4073821641507085,ADA
1097,2020-07-05 08:00:00+00:00,2020-07-05 09:00:00+00:00,-1,1,-0.007806040546131498,False,0.010860570955730196,0.005482002482416246,0.7176941626750135,0.3622646725883436,ADA
1098,2020-07-10 00:00:00+00:00,2020-07-10 01:00:00+00:00,1,1,-0.018998308497784895,False,0.028111155859846904,0.002416431735803533,1.1335274154887158,0.09743788671823071,ADA
1099,2020-07-14 00:00:00+00:00,2020-07-14 01:00:00+00:00,1,1,-0.0001686064318530897,False,0.008140565809623575,0.008704763439993645,0.2985693235999834,0.31926224701780836,ADA
1100,2020-07-27 08:00:00+00:00,2020-07-27 09:00:00+00:00,1,1,0.007349499254208514,False,0.004900916258256951,0.014347609915476909,0.18690159992702088,0.5471612055834538,ADA
1101,2020-07-27 16:00:00+00:00,2020-07-27 17:00:00+00:00,1,1,-0.02168330853912532,False,0.030273728057125783,0.024992561737578117,1.0153921861960533,0.8382598883584151,ADA
1102,2020-07-28 16:00:00+00:00,2020-07-28 17:00:00+00:00,1,1,-0.011308737864077777,False,0.01700800793707046,0.009283537665650753,0.6926752945771502,0.37808526495668604,ADA
1103,2020-08-01 08:00:00+00:00,2020-08-01 09:00:00+00:00,1,1,0.010795523445247302,False,0.00028332625017716564,0.012820512820512863,0.025085936552485453,1.135138628999623,ADA
1104,2020-08-01 16:00:00+00:00,2020-08-01 17:00:00+00:00,1,1,0.004526773695371644,False,0.0004298610116062795,0.016621292448774815,0.03603315754713725,1.3932820918225293,ADA
1105,2020-08-02 00:00:00+00:00,2020-08-02 01:00:00+00:00,1,1,0.006717161075686252,False,0.005267535347934453,0.010188522317715547,0.35784653108393527,0.6921505272281531,ADA
1106,2020-08-02 08:00:00+00:00,2020-08-02 09:00:00+00:00,1,1,-0.00016284889278932613,False,0.011408512505484905,0.010238408658768556,0.3735771114069305,0.33526151023699063,ADA
1107,2020-08-02 16:00:00+00:00,2020-08-02 17:00:00+00:00,1,1,0.004824983521126751,False,0.0007412898443290511,0.011860637509266258,0.027577203573114616,0.44123525716988743,ADA
1108,2020-08-04 00:00:00+00:00,2020-08-04 01:00:00+00:00,1,1,0.010338268837209135,False,0.0025436046511627124,0.017078488372092956,0.18496256688563964,1.2418915205178995,ADA
1109,2020-08-04 16:00:00+00:00,2020-08-04 17:00:00+00:00,1,1,-0.019715204559332462,False,0.021982495420313407,0.006377637560214373,1.418749627008571,0.4116125461074243,ADA
1110,2020-08-07 08:00:00+00:00,2020-08-07 09:00:00+00:00,1,1,0.001466202090592496,False,0.00229965156794423,0.0056445993031359245,0.22172976330504157,0.5442457826578377,ADA
1111,2020-08-09 08:00:00+00:00,2020-08-09 09:00:00+00:00,1,1,-0.005955984452486195,False,0.009583165795469688,0.004221954161640661,0.6318195608637193,0.27835407226864267,ADA
1112,2020-08-09 16:00:00+00:00,2020-08-09 17:00:00+00:00,1,1,0.0013106029106027444,False,0.005405405405405425,0.016216216216216082,0.3037706301581494,0.9113118904744375,ADA
1113,2020-08-10 08:00:00+00:00,2020-08-10 09:00:00+00:00,1,1,-0.0038097921414265807,False,0.00476486430495129,0.00476486430495129,0.3710191029245046,0.3710191029245046,ADA
1114,2020-08-10 16:00:00+00:00,2020-08-10 17:00:00+00:00,1,1,-0.007035803998071885,False,0.0078501583803882,0.004957994766561069,0.6481882388289072,0.4093820455761603,ADA
1115,2020-08-11 00:00:00+00:00,2020-08-11 01:00:00+00:00,1,1,-0.004140352511453506,False,0.002846036373733123,0.004928502013050231,0.24673425230094512,0.42727151008214076,ADA
1116,2020-08-11 16:00:00+00:00,2020-08-11 17:00:00+00:00,1,1,0.006920479324009229,False,0.012601981351981418,0.010489510489510466,0.9588780369681585,0.798141256204704,ADA
1117,2020-08-16 00:00:00+00:00,2020-08-16 01:00:00+00:00,1,1,-0.008813966238638015,False,0.008656759486365653,0.0011542345981820335,0.7759995113071664,0.10346660150761738,ADA
1118,2020-08-18 00:00:00+00:00,2020-08-18 01:00:00+00:00,1,1,0.004815702602174888,False,0.002700973772123244,0.011088208117136811,0.20852067855305625,0.8560322593230177,ADA
1119,2020-08-18 08:00:00+00:00,2020-08-18 09:00:00+00:00,1,1,-0.0021019892877492162,False,7.122507122514245e-05,0.007407407407407501,0.00583979176149303,0.6073383431946755,ADA
1120,2020-08-18 16:00:00+00:00,2020-08-18 17:00:00+00:00,1,1,0.006847186719553245,False,0.002497429117085404,0.012487145585426613,0.16254237992997042,0.8127118996498257,ADA
1121,2020-09-02 00:00:00+00:00,2020-09-02 01:00:00+00:00,1,1,0.0025716807059768436,False,0.0002406738868832912,0.016365824308062576,0.01537849472068884,1.0457376410067627,ADA
1122,2020-09-02 08:00:00+00:00,2020-09-02 09:00:00+00:00,1,1,-0.00466235051878646,False,0.009865987009783824,0.0019731974019567876,0.6432955452546973,0.12865910905094094,ADA
1123,2020-11-07 16:00:00+00:00,2020-11-07 17:00:00+00:00,1,1,0.004915462078119114,False,0.02521805081532053,0.010333712552142526,1.122200171562078,0.45984894248220065,ADA
1124,2020-11-18 08:00:00+00:00,2020-11-18 09:00:00+00:00,1,1,-0.0055686877013642715,False,0.005419547748084444,0.0012147262193981613,0.26890125471828863,0.060270970885129886,ADA
1125,2020-11-21 00:00:00+00:00,2020-11-21 01:00:00+00:00,1,1,0.010549848126898454,False,0.0014343570705366477,0.01965912926088423,0.09701157141673816,1.329629184711736,ADA
1126,2020-11-21 08:00:00+00:00,2020-11-21 09:00:00+00:00,1,1,0.025683800243605552,False,0.0,0.027689809175801952,0.0,1.5319827213183417,ADA
1127,2020-11-22 00:00:00+00:00,2020-11-22 01:00:00+00:00,1,1,-0.029568650837202178,False,0.04388198292646402,0.0497978133892468,1.8515525112476154,2.101164539214448,ADA
1128,2020-11-22 08:00:00+00:00,2020-11-22 09:00:00+00:00,1,1,0.03557178108193608,False,0.011151534324580787,0.09063587472318885,0.3369535886278246,2.738644060762329,ADA
1129,2020-11-23 08:00:00+00:00,2020-11-23 09:00:00+00:00,1,1,-0.013795121951219524,False,0.017486127242224918,0.01942186088527542,0.4731819002796919,0.5255636604582495,ADA
1130,2020-11-23 16:00:00+00:00,2020-11-23 17:00:00+00:00,1,1,0.005957009655172597,False,0.010959636460839365,0.019981288425554616,0.2765938432526382,0.5042777995886493,ADA
1131,2020-11-24 00:00:00+00:00,2020-11-24 01:00:00+00:00,1,1,0.09146828449722483,False,0.005356912353168952,0.0951336001032658,0.1747913663655517,3.104126193046073,ADA
1132,2020-11-24 16:00:00+00:00,2020-11-24 17:00:00+00:00,1,1,0.011730220877276576,False,0.01845018450184497,0.025532674681585456,0.3629645983185126,0.5022961699311029,ADA
1133,2020-11-25 00:00:00+00:00,2020-11-25 01:00:00+00:00,1,1,0.019249266097386322,False,0.0027449576321757724,0.044277360066833645,0.06493246715276021,1.0473889266814411,ADA
1134,2020-11-26 00:00:00+00:00,2020-11-26 01:00:00+00:00,1,1,0.02044303092843341,False,0.02237266279819472,0.02508059316569958,0.5227764492803391,0.5860519849281041,ADA
1135,2020-12-01 16:00:00+00:00,2020-12-01 17:00:00+00:00,1,1,-0.02740805260872265,False,0.03833984738507346,0.007940939264222367,0.973651621456922,0.2016624717580688,ADA
1136,2020-12-18 00:00:00+00:00,2020-12-18 01:00:00+00:00,1,1,-0.011807200048896748,False,0.031232809730456595,0.002322596418311787,1.2120473651781387,0.09013268077645441,ADA
1137,2021-01-04 00:00:00+00:00,2021-01-04 01:00:00+00:00,1,1,0.04276381228834074,False,0.0,0.07058538945331394,0.0,2.429076495176074,ADA
1138,2021-01-04 08:00:00+00:00,2021-01-04 09:00:00+00:00,1,1,-0.014181804774633665,False,0.05756290902387317,0.03553322886902016,1.4035637550877358,0.8664112531406274,ADA
1139,2021-01-04 16:00:00+00:00,2021-01-04 17:00:00+00:00,1,1,-0.024350393045408376,False,0.043558679367428146,0.01220752797558496,0.9535853851199877,0.267246859524073,ADA
1140,2021-01-07 00:00:00+00:00,2021-01-07 01:00:00+00:00,1,1,0.03642668868207746,False,0.042569798859201514,0.04172921044731302,0.8166109867332693,0.8004860871362762,ADA
1141,2021-01-09 00:00:00+00:00,2021-01-09 01:00:00+00:00,1,1,0.00379936689802507,False,0.007657169147852374,0.03591968188241479,0.16873633675057848,0.7915399831261043,ADA
1142,2021-01-10 00:00:00+00:00,2021-01-10 01:00:00+00:00,1,1,0.001389130434782661,False,0.006521739130434768,0.01751207729468607,0.2219594946594217,0.5960023467706734,ADA
1143,2021-01-10 08:00:00+00:00,2021-01-10 09:00:00+00:00,1,1,-0.015416068782193674,False,0.020953735811030987,0.003230491093921447,0.7990834879794227,0.12319674708594107,ADA
1144,2021-01-10 16:00:00+00:00,2021-01-10 17:00:00+00:00,1,1,-0.02202043943519267,False,0.02228835560058251,0.00946621921104302,0.6827484297948518,0.28997412004071627,ADA
1145,2021-01-17 00:00:00+00:00,2021-01-17 01:00:00+00:00,1,1,0.05188230996441279,False,0.029750889679715346,0.08612099644128113,0.7723271707073686,2.235683915205537,ADA
1146,2021-01-17 08:00:00+00:00,2021-01-17 09:00:00+00:00,1,1,0.012571634236868735,False,0.014452817455854328,0.017883252727477157,0.32957492071219624,0.4078008746555538,ADA
1147,2021-01-19 16:00:00+00:00,2021-01-19 17:00:00+00:00,1,1,0.011987981089525448,False,0.001339800101824809,0.03269112248452528,0.0709030091023071,1.73003342209629,ADA
1148,2021-01-30 00:00:00+00:00,2021-01-30 01:00:00+00:00,1,1,-0.00904531002960891,False,0.014286946273033115,0.007790266478857016,0.592976430716641,0.32333322479719956,ADA
1149,2021-02-04 00:00:00+00:00,2021-02-04 01:00:00+00:00,1,1,-0.011117192305468343,False,0.016601540442256056,0.02014771982924126,0.7923901572493428,0.9616490071651839,ADA
1150,2021-02-04 08:00:00+00:00,2021-02-04 09:00:00+00:00,1,1,-0.009976303693506727,False,0.015772649851839855,0.019622483025735486,0.744953106119437,0.9267833761042017,ADA
1151,2021-02-05 00:00:00+00:00,2021-02-05 01:00:00+00:00,1,1,0.03715196085973164,False,0.006812453164384501,0.04530281354315695,0.335086539546526,2.2283254879843986,ADA
1152,2021-02-05 08:00:00+00:00,2021-02-05 09:00:00+00:00,1,1,-0.00398274799060697,False,0.017993381289261503,0.003031924380239049,0.7114506991679501,0.11988100988182623,ADA
1153,2021-02-05 16:00:00+00:00,2021-02-05 17:00:00+00:00,1,1,0.005347041111526663,False,0.006159840985574492,0.023379843740775005,0.21499311456077944,0.8160122047866095,ADA
1154,2021-02-06 00:00:00+00:00,2021-02-06 01:00:00+00:00,1,1,0.03288119532607673,False,0.005915184779988552,0.04756253592686671,0.17119306492031114,1.3765210392495097,ADA
1155,2021-02-09 00:00:00+00:00,2021-02-09 01:00:00+00:00,1,1,0.008466136363636242,False,0.005703983922449424,0.01789514126965372,0.15240566273782058,0.4781431543406812,ADA
1156,2021-02-09 08:00:00+00:00,2021-02-09 09:00:00+00:00,1,1,0.027233354538419786,False,0.000146556651473611,0.03762109243328004,0.005108415673504723,1.311330303388805,ADA
1157,2021-02-09 16:00:00+00:00,2021-02-09 17:00:00+00:00,1,1,-0.004289656009888475,False,0.011120728862546076,0.006954123325655384,0.3889611189576272,0.24322898467798582,ADA
1158,2021-02-10 08:00:00+00:00,2021-02-10 09:00:00+00:00,1,1,-0.015827401716073764,False,0.022409379289875,0.010771837395960864,0.7595201708428153,0.3650894419448625,ADA
1159,2021-02-10 16:00:00+00:00,2021-02-10 17:00:00+00:00,1,1,0.013112921624277636,False,0.0176668536174986,0.03296837279621541,0.35478238000778467,0.6620645655907853,ADA
1160,2021-02-11 08:00:00+00:00,2021-02-11 09:00:00+00:00,1,1,-0.01885845239779311,False,0.018716606635689952,0.005462637518090933,0.42953289043158305,0.12536366918410222,ADA
1161,2021-02-11 16:00:00+00:00,2021-02-11 17:00:00+00:00,1,1,0.041542476697736405,False,0.00923568575233018,0.0588335552596538,0.26108218926157784,1.6631567834967727,ADA
1162,2021-02-12 00:00:00+00:00,2021-02-12 01:00:00+00:00,1,1,0.00932167781050457,False,0.013179111216219055,0.015415045256164965,0.33974279769119065,0.3973826850645763,ADA
1163,2021-02-12 08:00:00+00:00,2021-02-12 09:00:00+00:00,1,1,0.0018101819867344842,False,0.005639491893920107,0.013066846188652672,0.16469284612557195,0.381597514310529,ADA
1164,2021-02-12 16:00:00+00:00,2021-02-12 17:00:00+00:00,1,1,0.0012259948045172846,False,0.005228090388356881,0.01408649717943977,0.1653509524314225,0.44551940613539276,ADA
1165,2021-02-13 00:00:00+00:00,2021-02-13 01:00:00+00:00,1,1,0.012553436769091004,False,0.0002488477268300613,0.02771947287559775,0.01024960370084763,1.1417167252859577,ADA
1166,2021-02-13 08:00:00+00:00,2021-02-13 09:00:00+00:00,1,1,0.016058860143964487,False,0.0033222591362126273,0.024174972314507215,0.14645314037993662,1.0656906848313388,ADA
1167,2021-02-13 16:00:00+00:00,2021-02-13 17:00:00+00:00,1,1,-0.005782378394011144,False,0.015739535711504875,0.012224558125048727,0.5480712432182844,0.4256751210578782,ADA
1168,2021-02-14 16:00:00+00:00,2021-02-14 17:00:00+00:00,1,1,0.02457680541061288,False,0.007642379815479103,0.038127916881621135,0.2726015636267427,1.3600121965554017,ADA
1169,2021-02-15 00:00:00+00:00,2021-02-15 01:00:00+00:00,1,1,0.01659946040611531,False,0.0005798267619634845,0.02582004070620527,0.02026445471849634,0.9023885754234644,ADA
1170,2021-02-18 00:00:00+00:00,2021-02-18 01:00:00+00:00,1,1,0.006985309653830112,False,0.00021251132461666701,0.017481852651358307,0.010781423149673789,0.8869139148914719,ADA
1171,2021-02-18 08:00:00+00:00,2021-02-18 09:00:00+00:00,1,1,-0.008902587081501444,False,0.01338983767331751,0.009564169766655396,0.6215702314305377,0.44397873673609983,ADA
1172,2021-02-18 16:00:00+00:00,2021-02-18 17:00:00+00:00,1,1,-0.009420720946056949,False,0.00878141627373784,0.01260976770342173,0.38350282530593993,0.5506949437275016,ADA
1173,2021-02-19 00:00:00+00:00,2021-02-19 01:00:00+00:00,1,1,0.004328806842105399,False,0.004138458178641582,0.02362961345271905,0.2079426950138021,1.187303408997031,ADA
1174,2021-02-19 08:00:00+00:00,2021-02-19 09:00:00+00:00,1,1,0.002665224466432455,False,0.005901861104444424,0.00997098160713888,0.29440378701076564,0.49738458655792295,ADA
1175,2021-02-19 16:00:00+00:00,2021-02-19 17:00:00+00:00,1,1,0.0029646371901122254,False,0.00022888033917891192,0.027585530402938326,0.011812310801883465,1.4236646971219424,ADA
1176,2021-02-20 00:00:00+00:00,2021-02-20 01:00:00+00:00,1,1,-0.0020636468520534674,False,0.012863504523252425,0.008572075520524474,0.7354133624630573,0.49007009485174496,ADA
1177,2021-02-20 08:00:00+00:00,2021-02-20 09:00:00+00:00,1,1,0.011388512990179208,False,0.0032735623198318895,0.03846191430107008,0.0999172293304546,1.173952879536341,ADA
1178,2021-02-20 16:00:00+00:00,2021-02-20 17:00:00+00:00,1,1,0.0400191666973118,False,0.0007538704813739224,0.05725738241459189,0.020668845158895978,1.569823995726795,ADA
1179,2021-02-21 00:00:00+00:00,2021-02-21 01:00:00+00:00,1,1,0.008295830545086225,False,0.027128794534794224,0.022296534040988997,0.5614970293047462,0.46148153069428055,ADA
1180,2021-02-22 00:00:00+00:00,2021-02-22 01:00:00+00:00,1,1,-0.04750406823002912,False,0.054622116004979786,0.0026079765918197934,1.9155835540411799,0.09146106804355413,ADA
1181,2021-02-23 00:00:00+00:00,2021-02-23 01:00:00+00:00,-1,1,-0.011360409736714993,False,0.04347984580193013,0.025161989993529633,0.7940283378345208,0.45950791045087536,ADA
1182,2021-03-09 16:00:00+00:00,2021-03-09 17:00:00+00:00,1,1,-0.004797115793412087,False,0.01019505807526841,0.004625614339404358,0.5783371524689433,0.26239817426446577,ADA
1183,2021-03-10 00:00:00+00:00,2021-03-10 01:00:00+00:00,1,1,-0.002792534173041308,False,0.0050968059459955955,0.01069411656753898,0.29546966126268254,0.6199543465446102,ADA
1184,2021-03-10 08:00:00+00:00,2021-03-10 09:00:00+00:00,1,1,0.013610676276472495,False,0.003943468362043124,0.015730916276472398,0.21954903498446726,0.8758045382495694,ADA
1185,2021-03-11 00:00:00+00:00,2021-03-11 01:00:00+00:00,1,1,-0.009094107989301613,False,0.011377980209905504,0.006973316032448004,0.669743137919474,0.4104709689343615,ADA
1186,2021-03-12 00:00:00+00:00,2021-03-12 01:00:00+00:00,1,1,-0.008135232687255122,False,0.010338671427429343,0.0045031842042155225,0.8942023303411208,0.38948503563828596,ADA
1187,2021-03-12 08:00:00+00:00,2021-03-12 09:00:00+00:00,1,1,0.007660134768222306,False,0.007991382564423636,0.013653479657880349,0.5765662311835077,0.9850780194068365,ADA
1188,2021-03-14 00:00:00+00:00,2021-03-14 01:00:00+00:00,1,1,-0.01885753768560211,False,0.019204925177974723,0.0034596106348974546,0.913262640592578,0.1645168161067424,ADA
1189,2021-03-14 08:00:00+00:00,2021-03-14 09:00:00+00:00,1,1,0.00954752884099035,False,0.006008925430068798,0.018461937299779706,0.3035333402701647,0.9325816340503862,ADA
1190,2021-03-15 00:00:00+00:00,2021-03-15 01:00:00+00:00,1,1,0.005526750900548528,False,0.008950435657472664,0.017711042350842008,0.5279982752813797,1.044798283854778,ADA
1191,2021-03-15 08:00:00+00:00,2021-03-15 09:00:00+00:00,1,1,-0.024577531771771806,False,0.02594902594902604,0.00773850773850757,1.4140976562655423,0.4217116155925324,ADA
1192,2021-03-15 16:00:00+00:00,2021-03-15 17:00:00+00:00,1,1,-0.004827998409412678,False,0.008477699963140406,0.006256426174171209,0.4039571747936998,0.2981148486749885,ADA
1193,2021-03-18 08:00:00+00:00,2021-03-18 09:00:00+00:00,1,1,0.009553077410039235,False,0.0001280327763908051,0.014410800275981722,0.004667660675686539,0.5253711404965155,ADA
1194,2021-03-18 16:00:00+00:00,2021-03-18 17:00:00+00:00,1,1,-0.07343256749588384,False,0.20017636076799603,0.005807504977369288,6.992243522716951,0.20285856384521272,ADA
1195,2021-03-19 00:00:00+00:00,2021-03-19 01:00:00+00:00,1,1,-0.0025009341681021596,False,0.04118048558520498,0.00630545714564305,0.8976340120502122,0.1374435661702768,ADA
1196,2021-03-20 16:00:00+00:00,2021-03-20 17:00:00+00:00,1,1,-0.022616181817530834,False,0.021414077109775984,0.0020292046313612,1.2377360127556734,0.11728825093002723,ADA
1197,2021-03-21 00:00:00+00:00,2021-03-21 01:00:00+00:00,1,1,0.016710995748787476,False,0.01092337002188009,0.02557383050057819,0.611127133911007,1.4307728938632311,ADA
1198,2021-03-22 08:00:00+00:00,2021-03-22 09:00:00+00:00,1,1,-0.017243493932323325,False,0.01687739047650866,0.0009186110600772476,1.2617799217890608,0.06867678940960367,ADA
1199,2021-03-23 00:00:00+00:00,2021-03-23 01:00:00+00:00,1,1,0.01881408580989779,False,0.007862733183998799,0.023279857074192514,0.35663017637184447,1.0559050320029115,ADA
1200,2021-03-30 16:00:00+00:00,2021-03-30 17:00:00+00:00,1,1,-0.0011246621599341733,False,0.00028854080791432187,0.006183017312448342,0.029576057253557095,0.6337726554332216,ADA
1201,2021-03-31 00:00:00+00:00,2021-03-31 01:00:00+00:00,1,1,-0.0013282049170201913,False,0.008779804801713226,0.0013919202734423005,0.9651416992365331,0.15301026939115328,ADA
1202,2021-03-31 08:00:00+00:00,2021-03-31 09:00:00+00:00,1,1,-0.0051243550598468295,False,0.036614600418885215,0.003019674144355549,3.3477738204150675,0.27609712876843584,ADA
1203,2021-03-31 16:00:00+00:00,2021-03-31 17:00:00+00:00,1,1,-0.013929857184738558,False,0.01728860409599195,0.00424676466892818,1.4560771751674801,0.3576701200629358,ADA
1204,2021-04-01 08:00:00+00:00,2021-04-01 09:00:00+00:00,1,1,0.0036851155168192286,False,0.0019372856196378987,0.0160517951341423,0.18728950753422216,1.55182734814067,ADA
1205,2021-04-01 16:00:00+00:00,2021-04-01 17:00:00+00:00,1,1,-0.003984793317916031,False,0.0036633406655905676,0.004600085310673085,0.3929306326802285,0.49340604560302637,ADA
1206,2021-04-02 00:00:00+00:00,2021-04-02 01:00:00+00:00,1,1,-0.000959314804042942,False,0.0027229120828168606,0.004375205482916491,0.31437694116148035,0.505144372949898,ADA
1207,2021-04-02 08:00:00+00:00,2021-04-02 09:00:00+00:00,1,1,-0.003846239989582732,False,0.012362458493391527,0.01098704342730652,1.2501504310852518,1.1110619367775472,ADA
1208,2021-04-02 16:00:00+00:00,2021-04-02 17:00:00+00:00,1,1,9.766694411710432e-05,False,0.0037497012600644897,0.008249342772141842,0.33557191446095197,0.7382582118140911,ADA
1209,2021-04-03 00:00:00+00:00,2021-04-03 01:00:00+00:00,1,1,0.02443974111030063,False,0.0001341347886959248,0.02854555971932288,0.01329558919748618,2.829467576087191,ADA
1210,2021-04-03 08:00:00+00:00,2021-04-03 09:00:00+00:00,1,1,-0.011029970872048555,False,0.013904935479146705,0.005483865718516564,1.246217911014658,0.4914867595224536,ADA
1211,2021-04-03 16:00:00+00:00,2021-04-03 17:00:00+00:00,1,1,-0.0013266220425475859,False,0.004987076678374904,0.010670024521174368,0.42481740387774436,0.9089116548082105,ADA
1212,2021-04-04 00:00:00+00:00,2021-04-04 01:00:00+00:00,1,1,0.0007286188111155682,False,0.010861159325645728,0.010311227207891535,0.7768698329354623,0.7375346515210099,ADA
1213,2021-04-04 16:00:00+00:00,2021-04-04 17:00:00+00:00,1,1,0.002853583092132634,False,0.00026306633514653856,0.00715370711382281,0.024864204514249748,0.6761459485648447,ADA
1214,2021-04-05 00:00:00+00:00,2021-04-05 01:00:00+00:00,1,1,-0.008145442260753488,False,0.0076180502183220075,0.00396949401619904,0.8992988754283913,0.4685925404117144,ADA
1215,2021-04-05 08:00:00+00:00,2021-04-05 09:00:00+00:00,1,1,-0.004186160335736584,False,0.0040527281259332215,0.003370163388933832,0.4232989148699555,0.35200646604974095,ADA
1216,2021-04-05 16:00:00+00:00,2021-04-05 17:00:00+00:00,1,1,-0.0013887737032967846,False,0.007492338319964902,0.008260571466334049,0.7613795376018466,0.8394482222732689,ADA
1217,2021-04-06 00:00:00+00:00,2021-04-06 01:00:00+00:00,1,1,-0.0095239150906095,False,0.006103789126853309,0.005568369028006672,0.5209529562899954,0.47525532854527125,ADA
1218,2021-04-06 08:00:00+00:00,2021-04-06 09:00:00+00:00,1,1,-0.0037491457353148834,False,0.0038336113116427843,0.010787217976483783,0.3424513022632419,0.963607560480962,ADA
1219,2021-04-06 16:00:00+00:00,2021-04-06 17:00:00+00:00,1,1,0.0021549904486628064,False,0.010863597144874044,0.01356184798807752,0.45619616052101525,0.5695040877551201,ADA
1220,2021-04-07 00:00:00+00:00,2021-04-07 01:00:00+00:00,1,1,-0.010984285702905393,False,0.0099419257701408,0.014586270901544702,0.44622586038819473,0.6546791268996665,ADA
1221,2021-04-07 08:00:00+00:00,2021-04-07 09:00:00+00:00,1,1,-0.01096755224179345,False,0.012810248198558857,0.002754203362690062,0.573257899295152,0.12325044834845356,ADA
1222,2021-04-08 16:00:00+00:00,2021-04-08 17:00:00+00:00,1,1,0.002141491896555948,False,0.0,0.010843343734819835,0.0,0.7527379394996396,ADA
1223,2021-04-10 00:00:00+00:00,2021-04-10 01:00:00+00:00,1,1,-0.004197827719916194,False,0.006189558339702865,0.00283307301186394,0.7131651985415901,0.3264286345002382,ADA
1224,2021-04-10 16:00:00+00:00,2021-04-10 17:00:00+00:00,1,1,-0.0069318161498761015,False,0.011126915105457779,0.0045921892144511174,1.0011486992218135,0.4131840869688231,ADA
1225,2021-04-11 00:00:00+00:00,2021-04-11 01:00:00+00:00,1,1,0.007911740235946485,False,0.0025268270272043873,0.011879368621402592,0.22629865941857877,1.0638975936302146,ADA
1226,2021-04-11 08:00:00+00:00,2021-04-11 09:00:00+00:00,1,1,0.003009586951323186,False,0.0,0.006464966314556768,0.0,0.6194246442251149,ADA
1227,2021-04-11 16:00:00+00:00,2021-04-11 17:00:00+00:00,1,1,-0.005332303732303711,False,0.0038610038610039712,0.01147039897039892,0.2588735210343097,0.7690700854060699,ADA
1228,2021-04-12 00:00:00+00:00,2021-04-12 01:00:00+00:00,1,1,0.0034229216309947384,False,0.0,0.01690636414556974,0.0,1.0950126155754765,ADA
1229,2021-04-12 08:00:00+00:00,2021-04-12 09:00:00+00:00,1,1,0.012079405086491407,False,0.0,0.018261848231630223,0.0,1.0010760128826253,ADA
1230,2021-04-12 16:00:00+00:00,2021-04-12 17:00:00+00:00,1,1,0.01407415438665107,False,0.008980607207954374,0.022991293191792307,0.42794209877114325,1.0955765054776776,ADA
1231,2021-04-13 00:00:00+00:00,2021-04-13 01:00:00+00:00,1,1,0.00315979554299969,False,6.0755186973980044e-05,0.01763419301922903,0.003181203532139946,0.9233443252052594,ADA
1232,2021-04-13 08:00:00+00:00,2021-04-13 09:00:00+00:00,1,1,0.003771993132149012,False,0.007285835969822451,0.008502677050377196,0.4110433768972435,0.479693627736023,ADA
1233,2021-04-13 16:00:00+00:00,2021-04-13 17:00:00+00:00,1,1,0.013938532687427807,False,0.008564013840830371,0.02407006920415227,0.4124952483259139,1.1593616449160271,ADA
1234,2021-04-14 00:00:00+00:00,2021-04-14 01:00:00+00:00,1,1,0.014588384586014125,False,0.006052815583351555,0.018702281989165716,0.2835969362846581,0.8762715137477005,ADA
1235,2021-04-14 08:00:00+00:00,2021-04-14 09:00:00+00:00,1,1,-0.00768090185676391,False,0.03013262599469491,0.039058355437665754,1.233489002514728,1.5988666867983614,ADA
1236,2021-04-14 16:00:00+00:00,2021-04-14 17:00:00+00:00,1,1,0.014680836832566525,False,0.011731493099121791,0.027178307542171935,0.3146641033791778,0.7289811878047538,ADA
1237,2021-04-15 00:00:00+00:00,2021-04-15 01:00:00+00:00,1,1,-0.01726293834264021,False,0.014985008114873584,0.012213572469947458,0.44261793810821576,0.36075697938512713,ADA
1238,2021-04-15 08:00:00+00:00,2021-04-15 09:00:00+00:00,1,1,0.006223119815796086,False,0.00011790162842955272,0.02574416733708772,0.004386346049460298,0.9577715609174301,ADA
1239,2021-04-15 16:00:00+00:00,2021-04-15 17:00:00+00:00,1,1,-0.004057874890933294,False,0.00565905381159878,0.006684293596298402,0.23430891088604,0.27675820105847954,ADA
1240,2021-04-16 00:00:00+00:00,2021-04-16 01:00:00+00:00,1,1,0.018550150991066952,False,0.0037946564215444374,0.030296482853149474,0.18588384783788678,1.4840939951042769,ADA
1241,2021-04-16 08:00:00+00:00,2021-04-16 09:00:00+00:00,1,1,-0.003225878924808366,False,0.004617214608979723,0.013879797574554613,0.18350030385877714,0.5516198158681419,ADA
1242,2021-04-16 16:00:00+00:00,2021-04-16 17:00:00+00:00,1,1,0.01895340605307672,False,0.018137624198660992,0.027831871615186767,0.6624636955924228,1.0165391190987203,ADA
1243,2021-04-17 00:00:00+00:00,2021-04-17 01:00:00+00:00,1,1,-0.0014346060739564503,False,0.004303754459482477,0.015233025652641702,0.18062604786699882,0.6393211431081838,ADA
1244,2021-04-17 08:00:00+00:00,2021-04-17 09:00:00+00:00,1,1,0.006344292561443022,False,0.0013634687758693586,0.007972118454828158,0.06812737900749345,0.39833661399280196,ADA
1245,2021-04-17 16:00:00+00:00,2021-04-17 17:00:00+00:00,1,1,0.005006096025562708,False,0.011172737065828147,0.014804786444230954,0.5354515070310345,0.7095168503590406,ADA
1246,2021-04-18 00:00:00+00:00,2021-04-18 01:00:00+00:00,1,1,-0.011256764751897207,False,0.014441039112667815,0.011047869235259727,0.784755844897751,0.600363996551385,ADA
1247,2021-04-18 08:00:00+00:00,2021-04-18 09:00:00+00:00,1,1,-0.04301682367913426,False,0.047519950054827745,0.008956514083097729,1.2110708780932067,0.22826146413782586,ADA
1248,2021-05-04 00:00:00+00:00,2021-05-04 01:00:00+00:00,1,1,-0.050345935326313415,False,0.07630598656615731,0.004304402663303348,6.02786127629326,0.34003022959678714,ADA
1249,2021-05-06 08:00:00+00:00,2021-05-06 09:00:00+00:00,1,1,0.005788965943439554,False,0.0043943601218557815,0.015373520610357749,0.15288525909091874,0.5348639202245293,ADA
1250,2021-05-06 16:00:00+00:00,2021-05-06 17:00:00+00:00,1,1,-0.003033352198626947,False,0.00957208592731108,0.015729963827850153,0.30712325195434537,0.50470061391213,ADA
1251,2021-05-07 00:00:00+00:00,2021-05-07 01:00:00+00:00,1,1,-0.025616224724542898,False,0.02518464705170109,0.029168180167090517,0.69198681881498,0.8014405031371618,ADA
1252,2021-05-20 00:00:00+00:00,2021-05-20 01:00:00+00:00,-1,1,0.049745308768338437,False,0.06298191743432278,0.10324121460252472,0.5751012909181668,0.9427175007141774,ADA
1253,2021-05-24 08:00:00+00:00,2021-05-24 09:00:00+00:00,-1,1,0.008112725079043316,False,0.004256181597081457,0.034184569652749616,0.0853878916277282,0.6858138597401688,ADA
1254,2021-09-02 16:00:00+00:00,2021-09-02 17:00:00+00:00,1,1,0.01032904760415259,False,0.00020489004234391952,0.017552246960797744,0.01180957804805367,1.0116871861167114,ADA
1255,2021-09-06 16:00:00+00:00,2021-09-06 17:00:00+00:00,1,1,-0.002994373014997755,False,0.004355308910821525,0.00519827192581915,0.3907268814635036,0.4663514391661091,ADA
1256,2021-09-08 00:00:00+00:00,2021-09-08 01:00:00+00:00,-1,1,-0.006596555843121742,False,0.007167031654389902,0.02042604021501091,0.14338596377956453,0.4086499967717527,ADA
1257,2022-05-12 16:00:00+00:00,2022-05-12 17:00:00+00:00,-1,1,-0.07522677179540717,False,0.07327766179540714,0.0006263048016700772,1.0529784693667992,0.008999815977493013,ADA
1258,2024-02-29 16:00:00+00:00,2024-02-29 17:00:00+00:00,1,1,-0.017166445661573833,False,0.033583165177284505,0.004179878927644875,1.5532138419926274,0.19331846102054262,ADA
1259,2024-03-02 16:00:00+00:00,2024-03-02 17:00:00+00:00,1,1,0.002503967168262557,False,0.0061559507523939105,0.01094391244870042,0.338279002901877,0.6013848940477887,ADA
1260,2024-03-05 16:00:00+00:00,2024-03-05 17:00:00+00:00,1,1,-0.027037201907790083,False,0.046767355590885,0.007286698463168984,2.1641528233670737,0.3371909498163965,ADA
1261,2020-09-23 16:00:00+00:00,2020-09-23 17:00:00+00:00,-1,1,-0.04559503294522232,False,0.043071069703916796,0.006121652602312112,,,AVAX
1262,2020-09-24 00:00:00+00:00,2020-09-24 01:00:00+00:00,-1,1,-0.012927413479052862,False,0.030453096539162172,0.027464708561019985,0.29264254807009754,0.2639252886800402,AVAX
1263,2020-09-25 08:00:00+00:00,2020-09-25 09:00:00+00:00,-1,1,0.027692929735864052,False,0.015109109196658877,0.048650894301832365,0.2645006272291274,0.8516843640880047,AVAX
1264,2020-09-25 16:00:00+00:00,2020-09-25 17:00:00+00:00,-1,1,-0.005819948849104816,False,0.018734015345268418,0.014258312020460443,0.3738926194844654,0.2845667376963715,AVAX
1265,2020-09-26 00:00:00+00:00,2020-09-26 01:00:00+00:00,-1,1,0.019523605095269674,False,0.01081784624575927,0.03290161520899574,0.22771969906994724,0.6925912740943977,AVAX
1266,2020-09-26 16:00:00+00:00,2020-09-26 17:00:00+00:00,-1,1,0.008072473790662147,False,0.0012545927054396163,0.015749619141500044,0.03745658118389858,0.47021386736212983,AVAX
1267,2020-10-04 16:00:00+00:00,2020-10-04 17:00:00+00:00,-1,1,0.0035108393680315353,False,0.0030570826696809956,0.009787802497045682,0.16984950594944487,0.5438038803927496,AVAX
1268,2020-10-05 00:00:00+00:00,2020-10-05 01:00:00+00:00,-1,1,-0.007937103615431162,False,0.013229650575641398,0.003989093112502534,0.8016757097678661,0.2417266453116833,AVAX
1269,2020-10-05 16:00:00+00:00,2020-10-05 17:00:00+00:00,-1,1,-0.015612869929099406,False,0.014532106401166554,0.0017348016292049848,0.9739516060428258,0.11626757926808692,AVAX
1270,2020-10-06 16:00:00+00:00,2020-10-06 17:00:00+00:00,-1,1,0.022395088880585105,False,0.0008541077243367565,0.024689051406608608,0.03758445162608382,1.086425554816452,AVAX
1271,2020-10-07 00:00:00+00:00,2020-10-07 01:00:00+00:00,-1,1,0.019567015677174608,False,0.0016695908087611118,0.025128756579319712,0.07270872103753458,1.0943278691750935,AVAX
1272,2020-10-07 08:00:00+00:00,2020-10-07 09:00:00+00:00,-1,1,0.005993818984547362,False,0.006857983811626159,0.011037527593819011,0.2476513182819494,0.398580447878677,AVAX
1273,2020-10-07 16:00:00+00:00,2020-10-07 17:00:00+00:00,-1,1,0.011527905916674342,False,0.0022183729905490813,0.02127206977238894,0.08017706060884569,0.7688211291259351,AVAX
1274,2020-10-08 00:00:00+00:00,2020-10-08 01:00:00+00:00,-1,1,0.01167986516723334,False,0.0018307035132072102,0.019004445994246333,0.07881669667789662,0.8181923750372149,AVAX
1275,2020-10-08 08:00:00+00:00,2020-10-08 09:00:00+00:00,-1,1,0.006980092731776341,False,0.01144137768341595,0.01542226940316106,0.48291095464808687,0.6509340960849158,AVAX
1276,2020-10-08 16:00:00+00:00,2020-10-08 17:00:00+00:00,-1,1,-0.01699222068836042,False,0.03081977471839796,0.0,1.1287383910388422,0.0,AVAX
1277,2020-10-17 08:00:00+00:00,2020-10-17 09:00:00+00:00,-1,1,0.0020025180421532653,False,0.002840978073476985,0.0042736080421532764,0.19386781167676415,0.29163021243683246,AVAX
1278,2020-10-20 16:00:00+00:00,2020-10-20 17:00:00+00:00,-1,1,-0.007074977725791165,False,0.005903036213843822,0.005774709339629896,0.44210942756009425,0.4324983530479235,AVAX
1279,2020-10-21 00:00:00+00:00,2020-10-21 01:00:00+00:00,-1,1,-0.027750542990668994,False,0.02538352048078439,0.005640782329063172,1.439997739087023,0.31999949757489254,AVAX
1280,2020-10-21 08:00:00+00:00,2020-10-21 09:00:00+00:00,-1,1,0.0017165832737669486,False,0.005718370264474675,0.003829265802103462,0.3185810678608247,0.2133355365139387,AVAX
1281,2020-11-22 00:00:00+00:00,2020-11-22 01:00:00+00:00,1,1,-0.01558529374047313,False,0.020785905176680212,0.009007225576561525,1.0343987492123738,0.44823945799203363,AVAX
1282,2020-11-26 00:00:00+00:00,2020-11-26 01:00:00+00:00,1,1,0.004059222237167439,False,0.015923251903867185,0.011077044802690016,0.6380245562357699,0.4438431695553102,AVAX
1283,2020-12-08 08:00:00+00:00,2020-12-08 09:00:00+00:00,-1,1,0.018067597172487515,False,0.0016775964617964361,0.02729906969650759,0.13984389942247585,2.275641636056815,AVAX
1284,2020-12-08 16:00:00+00:00,2020-12-08 17:00:00+00:00,-1,1,-0.015619584332164493,False,0.032164488364679555,0.008606949314631856,1.8536789632688178,0.49602905855558416,AVAX
1285,2020-12-09 08:00:00+00:00,2020-12-09 09:00:00+00:00,-1,1,-0.003992048467868869,False,0.005988443354928969,0.023603572053931054,0.23998533007877035,0.9459070904859335,AVAX
1286,2020-12-20 08:00:00+00:00,2020-12-20 09:00:00+00:00,1,1,-0.007080619833801372,False,0.008281276864003583,0.0018912258582154168,0.7547159620499883,0.17235727853045313,AVAX
1287,2021-01-02 00:00:00+00:00,2021-01-02 01:00:00+00:00,-1,1,0.007212019375496027,False,0.006458498672723807,0.03004843874004552,0.17820121332520145,0.8290886958943697,AVAX
1288,2021-01-04 00:00:00+00:00,2021-01-04 01:00:00+00:00,1,1,0.02272176927263874,False,0.0019766808949494103,0.024751482510671285,0.06778204377350981,0.8487490698596151,AVAX
1289,2021-01-04 08:00:00+00:00,2021-01-04 09:00:00+00:00,1,1,0.0009099001617492345,False,0.01835015896034354,0.022338111439567262,0.5648063821332167,0.6875530578855761,AVAX
1290,2021-01-04 16:00:00+00:00,2021-01-04 17:00:00+00:00,1,1,-0.00679623780771017,False,0.030103344170924265,0.005225267069205829,0.786465371956126,0.13651279358930057,AVAX
1291,2021-01-07 00:00:00+00:00,2021-01-07 01:00:00+00:00,1,1,-0.002122496280125696,False,0.027091337757596996,0.011002444987775013,0.6448029900253689,0.2618700297927346,AVAX
1292,2021-01-16 08:00:00+00:00,2021-01-16 09:00:00+00:00,-1,1,-0.003611669978492145,False,0.006788783217638536,0.01118212490953387,0.212027252243778,0.3492400836507914,AVAX
1293,2021-01-16 16:00:00+00:00,2021-01-16 17:00:00+00:00,-1,1,0.01692652769149732,False,0.0208541389804119,0.038900990021152944,0.4993655453991046,0.9315088058406369,AVAX
1294,2021-01-17 00:00:00+00:00,2021-01-17 01:00:00+00:00,-1,1,-0.03133637744279108,False,0.04111698136801311,0.0339346004751781,0.8845722065089582,0.7300537009431431,AVAX
1295,2021-01-17 08:00:00+00:00,2021-01-17 09:00:00+00:00,-1,1,-0.05642473050290704,False,0.05562666748916607,0.029378653054300406,0.984653261103356,0.5200345057948147,AVAX
1296,2021-01-17 16:00:00+00:00,2021-01-17 17:00:00+00:00,-1,1,0.028042982910298813,False,0.000982797239025441,0.0433954501820841,0.019997716787534384,0.8829999598588726,AVAX
1297,2021-01-18 08:00:00+00:00,2021-01-18 09:00:00+00:00,-1,1,0.004195873456790086,False,0.0021786492374728495,0.02376180101670294,0.05733580739030026,0.6253425392701835,AVAX
1298,2021-01-19 08:00:00+00:00,2021-01-19 09:00:00+00:00,-1,1,-0.05086195619394477,False,0.053450923264695374,0.0022441828418442522,1.8013039417824217,0.07562929042545824,AVAX
1299,2021-01-19 16:00:00+00:00,2021-01-19 17:00:00+00:00,-1,1,0.0022602266344074855,False,0.0017617213191769906,0.012966268909142122,0.06661051281536493,0.49025337432106586,AVAX
1300,2021-01-20 00:00:00+00:00,2021-01-20 01:00:00+00:00,-1,1,-0.03448326270308141,False,0.03227598229392771,0.01084411478183582,1.0269056170872934,0.34502071169811055,AVAX
1301,2021-01-20 08:00:00+00:00,2021-01-20 09:00:00+00:00,-1,1,-0.025386346142968943,False,0.023025932279608967,0.0013990439866091442,0.7776483081776798,0.047249517458896724,AVAX
1302,2021-01-20 16:00:00+00:00,2021-01-20 17:00:00+00:00,-1,1,-0.03884696970942127,False,0.036027709709421214,0.008012752571288063,1.0885532252582892,0.24209997596353997,AVAX
1303,2021-01-21 00:00:00+00:00,2021-01-21 01:00:00+00:00,-1,1,0.0030971509879377706,False,0.010518060990201514,0.011819681143485316,0.3194390661969324,0.35896995755565614,AVAX
1304,2021-01-22 00:00:00+00:00,2021-01-22 01:00:00+00:00,-1,1,0.026058320258249935,False,0.017887707411381855,0.05373407000771558,0.47052847352549293,1.413451671339094,AVAX
1305,2021-01-26 08:00:00+00:00,2021-01-26 09:00:00+00:00,-1,1,0.005457686378748595,False,0.002874736482489214,0.017015106948529583,0.12160982070676984,0.7197891416904714,AVAX
1306,2021-01-26 16:00:00+00:00,2021-01-26 17:00:00+00:00,-1,1,-0.010337046086443768,False,0.009807060409470091,0.024660881287387307,0.3622433072423615,0.9108987631429443,AVAX
1307,2021-01-27 00:00:00+00:00,2021-01-27 01:00:00+00:00,-1,1,0.03229079450526011,False,0.0002133560913164929,0.04077563145197027,0.007901371551950797,1.5100736631395277,AVAX
1308,2021-01-27 16:00:00+00:00,2021-01-27 17:00:00+00:00,-1,1,0.005271554766602037,False,0.016496388937819313,0.00855205214021484,0.5577668819132305,0.28915731037786524,AVAX
1309,2021-01-29 08:00:00+00:00,2021-01-29 09:00:00+00:00,-1,1,-0.020134946007267236,False,0.02755079411112426,0.016573124754772354,0.7696333880830432,0.46297141580351714,AVAX
1310,2021-01-30 16:00:00+00:00,2021-01-30 17:00:00+00:00,-1,1,0.0062327214900780754,False,0.00159022855306109,0.0249699717480673,0.06665913293169197,1.046690214970042,AVAX
1311,2021-02-06 16:00:00+00:00,2021-02-06 17:00:00+00:00,-1,1,-0.018897638679344637,False,0.020695180286071802,0.003461866835081844,0.6507300083411105,0.10885339500930823,AVAX
1312,2021-02-07 00:00:00+00:00,2021-02-07 01:00:00+00:00,-1,1,-0.05286110712511723,False,0.06018544069761017,0.010977427010320564,2.1335382925155133,0.38914329791960794,AVAX
1313,2021-02-09 08:00:00+00:00,2021-02-09 09:00:00+00:00,1,1,-0.004477694998976123,False,0.02417611706467226,0.0034811268319796477,0.5298346479137962,0.07629106048879934,AVAX
1314,2021-02-12 08:00:00+00:00,2021-02-12 09:00:00+00:00,1,1,-0.007679314338125475,False,0.02349833228318243,0.05400473627722447,0.43610922804471236,1.0022823562451106,AVAX
1315,2021-02-12 16:00:00+00:00,2021-02-12 17:00:00+00:00,1,1,0.0020112819429690025,False,0.01435608813681459,0.013498822813196868,0.2570312438579511,0.24168277494734972,AVAX
1316,2021-02-13 00:00:00+00:00,2021-02-13 01:00:00+00:00,1,1,0.028839691772112028,False,0.0014331529157640972,0.03805702461760218,0.02769009488946651,0.7353036869134958,AVAX
1317,2021-02-13 08:00:00+00:00,2021-02-13 09:00:00+00:00,1,1,0.009620113605970343,False,0.0010234060907921938,0.023021550531438763,0.022733209593663664,0.5113842277381807,AVAX
1318,2021-02-13 16:00:00+00:00,2021-02-13 17:00:00+00:00,1,1,0.004442276604382168,False,0.002437960876634925,0.02861328355740371,0.0566363663875929,0.6647163318494366,AVAX
1319,2021-02-14 00:00:00+00:00,2021-02-14 01:00:00+00:00,1,1,-0.029613097341659837,False,0.02723515345931009,0.008981108001782775,0.7045217370789078,0.23232422096547134,AVAX
1320,2021-02-14 08:00:00+00:00,2021-02-14 09:00:00+00:00,1,1,0.05114388446802236,False,0.0,0.0832066018272914,0.0,2.0952832090716673,AVAX
1321,2021-02-14 16:00:00+00:00,2021-02-14 17:00:00+00:00,1,1,0.028932392362392548,False,0.0040445161756557215,0.034822826584443405,0.08550184809126833,0.7361612364546777,AVAX
1322,2021-02-15 00:00:00+00:00,2021-02-15 01:00:00+00:00,1,1,-0.014452040816326627,False,0.016788265306122565,0.014397959183673446,0.3705291592894906,0.31777337411181694,AVAX
1323,2021-02-17 00:00:00+00:00,2021-02-17 01:00:00+00:00,-1,1,0.021020362547592153,False,0.0035254470201384175,0.025089840277891417,0.07917919944194185,0.5635011548837945,AVAX
1324,2021-02-17 08:00:00+00:00,2021-02-17 09:00:00+00:00,-1,1,0.008079598940765209,False,0.030678513418909578,0.014006912142736572,0.8005057059729538,0.36548749739650893,AVAX
1325,2021-02-18 00:00:00+00:00,2021-02-18 01:00:00+00:00,1,1,-0.013347832387199363,False,0.026240375930147598,0.0038254333519720947,0.6787836236736073,0.09895595702156874,AVAX
1326,2021-02-18 08:00:00+00:00,2021-02-18 09:00:00+00:00,1,1,0.03855336637762878,False,0.00429607752565075,0.04774270444661969,0.12255186613620335,1.3619301535849682,AVAX
1327,2021-02-18 16:00:00+00:00,2021-02-18 17:00:00+00:00,1,1,-0.0020999768150159275,False,0.00800153380933203,0.014648849885692377,0.21392908744238892,0.3916517961183651,AVAX
1328,2021-02-19 00:00:00+00:00,2021-02-19 01:00:00+00:00,1,1,-0.04452751010949881,False,0.04438296351582314,0.008922298208976205,1.455855504035339,0.29267033850841645,AVAX
1329,2021-02-19 16:00:00+00:00,2021-02-19 17:00:00+00:00,1,1,-0.024951150205004262,False,0.024791149705220047,0.007380356700203726,0.8517960282728022,0.25358075761796534,AVAX
1330,2021-02-20 00:00:00+00:00,2021-02-20 01:00:00+00:00,1,1,-0.03017591054855346,False,0.03529556985951212,0.010083346405766596,1.3044081413583672,0.37264730945472785,AVAX
1331,2021-02-20 08:00:00+00:00,2021-02-20 09:00:00+00:00,1,1,-0.0028169461558045666,False,0.0036396540816301948,0.03261321617881693,0.12079510763463243,1.0823877407787126,AVAX
1332,2021-02-20 16:00:00+00:00,2021-02-20 17:00:00+00:00,1,1,0.025322372384596607,False,0.00016028250427409772,0.02873381909956861,0.003957914792740477,0.7095347566545979,AVAX
1333,2021-02-21 00:00:00+00:00,2021-02-21 01:00:00+00:00,1,1,0.009927939269220011,False,0.031187427273307883,0.02405569857893083,0.6283722717140187,0.4846803755642775,AVAX
1334,2021-02-23 00:00:00+00:00,2021-02-23 01:00:00+00:00,-1,1,0.04842725099404192,False,0.005874447238359551,0.05281118777173579,0.1027364705573872,0.9235992455907559,AVAX
1335,2021-02-23 08:00:00+00:00,2021-02-23 09:00:00+00:00,-1,1,0.17005390711057955,False,0.006475744268258585,0.17554574954085908,0.10236233963784748,2.774858439756471,AVAX
1336,2021-02-23 16:00:00+00:00,2021-02-23 17:00:00+00:00,-1,1,0.033003918613959723,False,0.02422600310794122,0.04008809455675615,0.3064741342318726,0.5071395400036078,AVAX
1337,2021-02-24 00:00:00+00:00,2021-02-24 01:00:00+00:00,-1,1,0.027318162512060713,False,0.0008748271218186648,0.08550073870256965,0.013775414274144648,1.3463323975653183,AVAX
1338,2021-02-25 08:00:00+00:00,2021-02-25 09:00:00+00:00,-1,1,0.046870662493753754,False,0.0034551455697867145,0.05669923467375006,0.07362390795641002,1.2081746341809707,AVAX
1339,2021-02-26 08:00:00+00:00,2021-02-26 09:00:00+00:00,-1,1,-0.046927779816463115,False,0.056561130747643885,0.002921071692915494,1.1888826102718997,0.06139925586988716,AVAX
1340,2021-02-26 16:00:00+00:00,2021-02-26 17:00:00+00:00,-1,1,-0.023069685403751594,False,0.02251165250735512,0.0007456135518017357,0.5648464290124259,0.018708406769377735,AVAX
1341,2021-03-09 16:00:00+00:00,2021-03-09 17:00:00+00:00,1,1,-0.011476593353776997,False,0.022254489822167125,0.019726109001306582,0.6614615457565941,0.5863114659573313,AVAX
1342,2021-03-10 00:00:00+00:00,2021-03-10 01:00:00+00:00,1,1,0.0008543794982257042,False,0.005251804215999336,0.04449477585218107,0.13699303800334756,1.160643898471832,AVAX
1343,2021-03-10 08:00:00+00:00,2021-03-10 09:00:00+00:00,1,1,0.002136376154033678,False,0.008350597124055482,0.03093468194004386,0.17578039641450288,0.6511762660316965,AVAX
1344,2021-03-10 16:00:00+00:00,2021-03-10 17:00:00+00:00,1,1,0.004446032216402137,False,0.008119226788976674,0.008058540200074158,0.1878383925475791,0.18643440770950057,AVAX
1345,2021-03-11 00:00:00+00:00,2021-03-11 01:00:00+00:00,1,1,-0.027103450883993636,False,0.027201880090222782,0.02252866732397794,0.650265949962866,0.5385519386981429,AVAX
1346,2021-03-11 16:00:00+00:00,2021-03-11 17:00:00+00:00,1,1,-0.008638975232005689,False,0.01674287679433456,0.01128822712740895,0.43098977547309686,0.2905779296409537,AVAX
1347,2021-03-12 00:00:00+00:00,2021-03-12 01:00:00+00:00,1,1,-0.025400558164567783,False,0.03870888315087967,0.005407191662104037,1.146978862051543,0.16021992975929453,AVAX
1348,2021-03-12 08:00:00+00:00,2021-03-12 09:00:00+00:00,1,1,0.004828387324062311,False,0.005731800463548343,0.014196165191740311,0.18204665831791894,0.45088178671272156,AVAX
1349,2021-03-12 16:00:00+00:00,2021-03-12 17:00:00+00:00,1,1,-0.011004012241336115,False,0.011600114178414177,0.011098004285129552,0.33281442662387634,0.3184085842618537,AVAX
1350,2021-03-13 16:00:00+00:00,2021-03-13 17:00:00+00:00,1,1,0.03902553177007122,False,0.0,0.06694347071435873,0.0,2.4912391491574417,AVAX
1351,2021-03-14 00:00:00+00:00,2021-03-14 01:00:00+00:00,1,1,-0.010923938534770049,False,0.012584954906065003,0.03278354911233432,0.4059723454104813,1.0575496236065194,AVAX
1352,2021-03-14 08:00:00+00:00,2021-03-14 09:00:00+00:00,1,1,0.017648795300019775,False,0.0025645257112679566,0.02858274473562622,0.08487758966683831,0.9459973314219499,AVAX
1353,2021-03-14 16:00:00+00:00,2021-03-14 17:00:00+00:00,1,1,-0.0010797294593189552,False,0.009484932164725709,0.01537466149064175,0.28879824089952916,0.4681293567323551,AVAX
1354,2021-03-15 00:00:00+00:00,2021-03-15 01:00:00+00:00,1,1,0.013594690931858971,False,0.0038629335388011355,0.02999760518945034,0.12664225701519985,0.9834402761746387,AVAX
1355,2021-03-15 08:00:00+00:00,2021-03-15 09:00:00+00:00,1,1,-0.011305716102933329,False,0.015207513303040753,0.015521980934074841,0.503879512185117,0.51429895377073,AVAX
1356,2021-03-15 16:00:00+00:00,2021-03-15 17:00:00+00:00,1,1,0.008988680884922001,False,0.0039015295376859972,0.03726823878741842,0.12978853122669515,1.239767615983144,AVAX
1357,2021-03-17 00:00:00+00:00,2021-03-17 01:00:00+00:00,1,1,-0.023357299872083043,False,0.02175072260027026,0.03337898187591275,0.7220789257385859,1.1081130414907376,AVAX
1358,2021-03-19 00:00:00+00:00,2021-03-19 01:00:00+00:00,1,1,-0.027277292391105698,False,0.05918503633825868,0.0026020359050873835,1.8919175536684436,0.08317706144463635,AVAX
1359,2021-03-20 00:00:00+00:00,2021-03-20 01:00:00+00:00,1,1,0.030635100799922866,False,0.005071441761382709,0.046381613280486865,0.16714691077938199,1.528666549191257,AVAX
1360,2021-03-21 00:00:00+00:00,2021-03-21 01:00:00+00:00,1,1,0.01777717273816131,False,0.020545704186263874,0.028985422570184827,0.8162039741104234,1.151482415914064,AVAX
1361,2021-03-21 08:00:00+00:00,2021-03-21 09:00:00+00:00,1,1,-0.031463048809613765,False,0.03883681779258674,0.01442909819592594,1.3746724760205415,0.5107340217643487,AVAX
1362,2021-03-21 16:00:00+00:00,2021-03-21 17:00:00+00:00,1,1,-0.012741014268316486,False,0.01219347175655144,0.013291034565710942,0.4464979566095916,0.48668827822796873,AVAX
1363,2021-03-22 00:00:00+00:00,2021-03-22 01:00:00+00:00,1,1,-0.044016146837661474,False,0.044902864618989034,0.0018499079609937293,1.8459702249214223,0.07605027081936779,AVAX
1364,2021-03-22 08:00:00+00:00,2021-03-22 09:00:00+00:00,1,1,-0.024950035967067942,False,0.02359461264402895,0.0018947005798931936,1.0773401314112852,0.08651284098294972,AVAX
1365,2021-03-22 16:00:00+00:00,2021-03-22 17:00:00+00:00,1,1,-0.00043716255292287486,False,0.014241666073908208,0.005792538665891456,0.6178825501916541,0.251312490012806,AVAX
1366,2021-03-23 00:00:00+00:00,2021-03-23 01:00:00+00:00,1,1,0.02361494878909314,False,0.0070873154523344965,0.02856849244681943,0.22362113640156234,0.9014017774717353,AVAX
1367,2021-03-25 00:00:00+00:00,2021-03-25 01:00:00+00:00,1,1,9.617547283795737e-05,False,0.016764254844555977,0.017228960453552693,0.4933149327509501,0.5069896363615105,AVAX
1368,2021-03-28 08:00:00+00:00,2021-03-28 09:00:00+00:00,1,1,-0.001920836797565782,False,0.01256093311760223,0.01244363794429864,0.6478787337893274,0.6418287813177999,AVAX
1369,2021-03-28 16:00:00+00:00,2021-03-28 17:00:00+00:00,1,1,-0.01063213258101213,False,0.014912469544595562,0.0035196708595173452,0.7024709726933327,0.1657986026292725,AVAX
1370,2021-03-29 00:00:00+00:00,2021-03-29 01:00:00+00:00,1,1,-0.004785104447578033,False,0.008269830574407612,0.017317671249053528,0.41500840826700613,0.8690600267195704,AVAX
1371,2021-03-29 16:00:00+00:00,2021-03-29 17:00:00+00:00,1,1,0.0011664658566957102,False,0.010173997913371334,0.005253592703530393,0.5254468885721658,0.2713273546348451,AVAX
1372,2021-03-30 08:00:00+00:00,2021-03-30 09:00:00+00:00,1,1,-0.009779532110858746,False,0.009528454432973498,0.007597232132920437,0.5559213764921462,0.44324751454423417,AVAX
1373,2021-03-30 16:00:00+00:00,2021-03-30 17:00:00+00:00,1,1,0.002064445825127934,False,0.0,0.011858435450480704,0.0,0.6585040053433242,AVAX
1374,2021-03-31 00:00:00+00:00,2021-03-31 01:00:00+00:00,1,1,0.0003697102337388195,False,0.0013400763641505872,0.012360352594966992,0.08486139855458812,0.7827291308891875,AVAX
1375,2021-03-31 08:00:00+00:00,2021-03-31 09:00:00+00:00,1,1,-0.01034401010607151,False,0.09141689661743022,0.003108746127299702,4.5485453250024515,0.15467898372358932,AVAX
1376,2021-03-31 16:00:00+00:00,2021-03-31 17:00:00+00:00,1,1,-0.018879003541267432,False,0.0271497175042295,0.0068408461212437375,1.1888768078922798,0.2995583029046087,AVAX
1377,2021-04-01 08:00:00+00:00,2021-04-01 09:00:00+00:00,1,1,0.007606090319389337,False,0.0020879240219863725,0.022942641644275123,0.10524800462135683,1.1564919165523935,AVAX
1378,2021-04-01 16:00:00+00:00,2021-04-01 17:00:00+00:00,1,1,-0.013942720387862055,False,0.011175452170383108,0.007778753109592977,0.6041759758721128,0.42054099282995333,AVAX
1379,2021-04-02 00:00:00+00:00,2021-04-02 01:00:00+00:00,1,1,-0.00806893603490606,False,0.010758006677383485,0.008419155964599228,0.5965952195747016,0.4668920880940897,AVAX
1380,2021-04-02 08:00:00+00:00,2021-04-02 09:00:00+00:00,1,1,-0.004520383802421322,False,0.005466359425045142,0.010095406011633935,0.3047275988122434,0.5627783674203771,AVAX
1381,2021-04-02 16:00:00+00:00,2021-04-02 17:00:00+00:00,1,1,-0.011978650024410408,False,0.013628806216265135,0.007510865149244266,0.828883661824389,0.45679961322987084,AVAX
1382,2021-04-03 00:00:00+00:00,2021-04-03 01:00:00+00:00,1,1,0.01814622822515885,False,0.0,0.032728783814878135,0.0,2.099470887619185,AVAX
1383,2021-04-03 08:00:00+00:00,2021-04-03 09:00:00+00:00,1,1,-0.026148356715633043,False,0.03681641938916558,0.008473280575363493,1.8711656871090308,0.43064785041354275,AVAX
1384,2021-04-03 16:00:00+00:00,2021-04-03 17:00:00+00:00,1,1,-0.0020216698786051463,False,0.01171122201907395,0.022411095188680768,0.4471249329905543,0.8556373893487322,AVAX
1385,2021-04-04 00:00:00+00:00,2021-04-04 01:00:00+00:00,1,1,0.003446669269262116,False,0.026021222983284242,0.020804202008730583,0.7873936903192078,0.6295283432421178,AVAX
1386,2021-04-04 16:00:00+00:00,2021-04-04 17:00:00+00:00,1,1,0.0050437733748617125,False,0.002375501055396232,0.009749523868457054,0.09673883149686664,0.39703520423316685,AVAX
1387,2021-04-05 00:00:00+00:00,2021-04-05 01:00:00+00:00,1,1,-0.018177781733290384,False,0.017587578473187322,0.010755191039851016,0.9207078098630193,0.5630330748520055,AVAX
1388,2021-04-05 08:00:00+00:00,2021-04-05 09:00:00+00:00,1,1,-0.0039007071233542146,False,0.017843476335166808,0.009148079033671023,0.6859682706141383,0.35168550322232406,AVAX
1389,2021-04-05 16:00:00+00:00,2021-04-05 17:00:00+00:00,1,1,-0.01865036037605945,False,0.018084512837136565,0.005912843993803354,0.668327772273648,0.21851392347519358,AVAX
1390,2021-04-06 00:00:00+00:00,2021-04-06 01:00:00+00:00,1,1,0.030324330054217793,False,0.00021687131239042946,0.03854249720937641,0.008711101259081018,1.54814203994065,AVAX
1391,2021-04-06 08:00:00+00:00,2021-04-06 09:00:00+00:00,1,1,-0.007260634583809832,False,0.01443017266417318,0.02013822617643411,0.5637209220263663,0.7867084956190583,AVAX
1392,2021-04-06 16:00:00+00:00,2021-04-06 17:00:00+00:00,1,1,0.019604618897636473,False,0.003969704385744669,0.025210324409709165,0.11841986459811907,0.7520467301779675,AVAX
1393,2021-04-07 00:00:00+00:00,2021-04-07 01:00:00+00:00,1,1,-0.012265322005194767,False,0.014245800311428709,0.02308441239245081,0.49926698492889865,0.809030361375208,AVAX
1394,2021-04-07 08:00:00+00:00,2021-04-07 09:00:00+00:00,1,1,0.029148830433582292,False,0.021630680111979644,0.051785766179419476,0.7499632335918568,1.7954784804218917,AVAX
1395,2021-04-07 16:00:00+00:00,2021-04-07 17:00:00+00:00,1,1,0.01638307377814016,False,0.012863101294395838,0.022754684688933952,0.33068534183239023,0.5849787319895161,AVAX
1396,2021-04-09 16:00:00+00:00,2021-04-09 17:00:00+00:00,1,1,-0.011443300950252954,False,0.02006160524761795,0.003121758143543515,1.083764804673105,0.1686431151901879,AVAX
1397,2021-04-10 16:00:00+00:00,2021-04-10 17:00:00+00:00,1,1,0.03335134309028946,False,0.010271502794204688,0.03495134309028939,0.48445107883837957,1.6484652933643176,AVAX
1398,2021-04-11 00:00:00+00:00,2021-04-11 01:00:00+00:00,1,1,-0.006119830237762989,False,0.007970389423001555,0.006721977384294409,0.3318635851701547,0.27988337781174005,AVAX
1399,2021-04-11 08:00:00+00:00,2021-04-11 09:00:00+00:00,1,1,0.011173705171660542,False,0.0,0.015831614123139062,0.0,0.7786315409267935,AVAX
1400,2021-04-11 16:00:00+00:00,2021-04-11 17:00:00+00:00,1,1,-0.015017531574340336,False,0.014880580217581565,0.005614605477053915,0.8077313128372293,0.30476584828900666,AVAX
1401,2021-04-12 00:00:00+00:00,2021-04-12 01:00:00+00:00,1,1,0.00393988619472871,False,0.006622097693334332,0.007874414162560758,0.3909616850466584,0.46489713264859794,AVAX
1402,2021-04-12 08:00:00+00:00,2021-04-12 09:00:00+00:00,1,1,-0.0018586724363870801,False,0.0031157405993219862,0.012166661575587224,0.17356850802696563,0.6777680073248785,AVAX
1403,2021-04-12 16:00:00+00:00,2021-04-12 17:00:00+00:00,1,1,0.022112358379235985,False,0.001573803782205803,0.029876887929940383,0.08194762326107287,1.5556831061013967,AVAX
1404,2021-04-13 00:00:00+00:00,2021-04-13 01:00:00+00:00,1,1,0.006125174760062189,False,0.00010026895673097195,0.027845279101590212,0.004201546942624074,1.1667943009490043,AVAX
1405,2021-04-13 08:00:00+00:00,2021-04-13 09:00:00+00:00,1,1,-0.010701002117236527,False,0.022378420501995722,0.011845774822896279,0.9268600978079281,0.4906233668270372,AVAX
1406,2021-04-13 16:00:00+00:00,2021-04-13 17:00:00+00:00,1,1,0.018993569176114836,False,0.006699924414210196,0.026811791383219766,0.31426674461591664,1.2576342469557316,AVAX
1407,2021-04-14 00:00:00+00:00,2021-04-14 01:00:00+00:00,1,1,-0.010412017237527167,False,0.007779609359249539,0.009217532583043883,0.345119111661436,0.4089082767360592,AVAX
1408,2021-04-14 08:00:00+00:00,2021-04-14 09:00:00+00:00,1,1,-0.01976922421142375,False,0.03697783461210561,0.018940413694081847,1.5151498408757713,0.7760747781946792,AVAX
1409,2021-04-14 16:00:00+00:00,2021-04-14 17:00:00+00:00,1,1,0.017967999308320624,False,0.011464434472257258,0.032577899878883695,0.328616091560682,0.9338116202208203,AVAX
1410,2021-04-15 00:00:00+00:00,2021-04-15 01:00:00+00:00,1,1,-0.013728274335264466,False,0.011018732624905707,0.01439891917171144,0.314947185528297,0.41156267441590294,AVAX
1411,2021-04-15 08:00:00+00:00,2021-04-15 09:00:00+00:00,1,1,-0.012704334747755518,False,0.01671723097119631,0.01496513905614457,0.4911177231900598,0.43964488096980636,AVAX
1412,2021-04-15 16:00:00+00:00,2021-04-15 17:00:00+00:00,1,1,-0.009974037030961492,False,0.009830575998535684,0.014888531174123958,0.3193320556567465,0.4836324205469494,AVAX
1413,2021-04-16 00:00:00+00:00,2021-04-16 01:00:00+00:00,1,1,-0.0036169841168870267,False,0.005384654812872556,0.014079415565321373,0.19873001539513618,0.51962522562485,AVAX
1414,2021-04-16 08:00:00+00:00,2021-04-16 09:00:00+00:00,1,1,-0.006881265507652955,False,0.009741924931177355,0.009556179635107413,0.3423787552569396,0.3358507596387704,AVAX
1415,2021-04-16 16:00:00+00:00,2021-04-16 17:00:00+00:00,1,1,0.0076651107092198315,False,0.020777304964538963,0.011313475177305004,0.6797087171564632,0.37010900655652523,AVAX
1416,2021-04-17 00:00:00+00:00,2021-04-17 01:00:00+00:00,1,1,-0.010153846097488149,False,0.017460487272031238,0.014526945231164188,0.5635396655963688,0.46885918646843505,AVAX
1417,2021-04-17 08:00:00+00:00,2021-04-17 09:00:00+00:00,1,1,0.021532371489898554,False,0.00014936602420840503,0.026199907061140556,0.005587202488928298,0.980036703242834,AVAX
1418,2021-04-17 16:00:00+00:00,2021-04-17 17:00:00+00:00,1,1,0.0050695278293041105,False,0.013502215412043432,0.01499372227093565,0.4661983898134852,0.5176964643732428,AVAX
1419,2021-04-18 00:00:00+00:00,2021-04-18 01:00:00+00:00,1,1,-0.026545586229997628,False,0.026264333629772717,0.012694869635379573,0.9692224084748466,0.4684737978400126,AVAX
1420,2021-04-18 08:00:00+00:00,2021-04-18 09:00:00+00:00,1,1,-0.059520578912503966,False,0.06840341460783245,0.006358560794044699,1.0376014131756555,0.09645208069640197,AVAX
1421,2021-04-18 16:00:00+00:00,2021-04-18 17:00:00+00:00,-1,1,0.0037814268053232747,False,0.020687672931146147,0.009232228998064224,0.33965288983065384,0.1515759297436431,AVAX
1422,2021-05-04 00:00:00+00:00,2021-05-04 01:00:00+00:00,1,1,-0.08568515169154443,False,0.1147535507290755,0.009194871138181992,3.5505343273286956,0.284494077996379,AVAX
1423,2021-05-04 08:00:00+00:00,2021-05-04 09:00:00+00:00,1,1,-0.014114360025238467,False,0.023312077179253488,0.005857140723704881,0.6031254319542215,0.15153478181450883,AVAX
1424,2021-05-07 00:00:00+00:00,2021-05-07 01:00:00+00:00,1,1,0.014372495604020586,False,0.022221347400467113,0.029218171797496136,0.6182034398767252,0.8128568437637375,AVAX
1425,2021-05-08 00:00:00+00:00,2021-05-08 01:00:00+00:00,1,1,0.013950298073060446,False,0.013064220764485183,0.01961348271913126,0.3033924662360781,0.45548701303429207,AVAX
1426,2021-05-11 00:00:00+00:00,2021-05-11 01:00:00+00:00,1,1,-0.01735602678120702,False,0.016231996099936235,0.021571506457317032,0.3588960624841736,0.47695481699958153,AVAX
1427,2021-05-20 00:00:00+00:00,2021-05-20 01:00:00+00:00,-1,1,0.05221714349072211,False,0.06921334611028845,0.09848418851816358,0.5721650512034328,0.8141379362938699,AVAX
1428,2021-05-20 16:00:00+00:00,2021-05-20 17:00:00+00:00,-1,1,0.059620944511261445,False,0.0017839887014049589,0.11001263658663486,0.025854502318726467,1.5943609763214035,AVAX
1429,2021-08-23 16:00:00+00:00,2021-08-23 17:00:00+00:00,1,1,0.00506167906128057,False,0.006861357691153144,0.016274282773703855,0.16337911945071604,0.3875148489471669,AVAX
1430,2021-09-03 00:00:00+00:00,2021-09-03 01:00:00+00:00,1,1,-0.03563782198470714,False,0.05396605327283427,0.003676161667086889,2.0510565903481055,0.139717751386114,AVAX
1431,2021-09-03 08:00:00+00:00,2021-09-03 09:00:00+00:00,1,1,-0.010542057881698885,False,0.01013030431192476,0.019213340583650547,0.3315569390966079,0.6288376141116582,AVAX
1432,2021-09-03 16:00:00+00:00,2021-09-03 17:00:00+00:00,1,1,-0.0038305789679170606,False,0.005644203021558272,0.014577321337633628,0.17844757960304533,0.460877771380799,AVAX
1433,2021-09-05 08:00:00+00:00,2021-09-05 09:00:00+00:00,1,1,-0.00569460553917941,False,0.006277171031703941,0.010327642879864317,0.25585029706479384,0.4209428874005248,AVAX
1434,2021-09-05 16:00:00+00:00,2021-09-05 17:00:00+00:00,1,1,0.044040459650717165,False,0.0005843017593975421,0.0513319916033673,0.02690143882659181,2.363341218395309,AVAX
1435,2021-09-06 00:00:00+00:00,2021-09-06 01:00:00+00:00,1,1,0.0014613036767298368,False,0.011183732752360233,0.007635646851333169,0.48184306224311557,0.32897633934223947,AVAX
1436,2021-09-06 08:00:00+00:00,2021-09-06 09:00:00+00:00,1,1,0.025036055618867858,False,0.00018473664764564104,0.029660495094215547,0.009488726398028228,1.5234677383500228,AVAX
1437,2021-09-06 16:00:00+00:00,2021-09-06 17:00:00+00:00,1,1,-0.001593479755862574,False,0.012485276796230826,0.017089624156762004,0.32324299256999733,0.4424492419740294,AVAX
1438,2021-09-08 00:00:00+00:00,2021-09-08 01:00:00+00:00,-1,1,-0.005464714219507182,False,0.009716663155677265,0.03884032020223303,0.14645037659301524,0.5854046218826499,AVAX
1439,2022-02-08 16:00:00+00:00,2022-02-08 17:00:00+00:00,-1,1,0.0002747278750590566,False,0.009228584950307633,0.005324183625177507,0.3197280581010515,0.18445849505829984,AVAX
1440,2022-05-12 16:00:00+00:00,2022-05-12 17:00:00+00:00,-1,1,-0.07292587356816703,False,0.08121330724070445,0.006849315068493178,0.8668567541898345,0.07310840095576951,AVAX
1441,2022-11-09 08:00:00+00:00,2022-11-09 09:00:00+00:00,-1,1,0.013534671029507298,False,0.0032497075263226774,0.025477707006369393,0.0919712280521558,0.7210544279288902,AVAX
1442,2022-11-10 08:00:00+00:00,2022-11-10 09:00:00+00:00,-1,1,0.0051572274468826736,False,0.005363984674329499,0.0239637756879137,0.13350078518208253,0.5964190922420334,AVAX
1443,2022-11-10 16:00:00+00:00,2022-11-10 17:00:00+00:00,-1,1,-0.016445255440184874,False,0.023630642779169094,0.008540422526167142,0.6606220082894789,0.23875741060462286,AVAX
1444,2022-11-17 08:00:00+00:00,2022-11-17 09:00:00+00:00,-1,1,0.0025809198023564644,False,0.004332953249714967,0.006157354618015927,0.3206496779507281,0.4556600686668183,AVAX
1445,2022-11-17 16:00:00+00:00,2022-11-17 17:00:00+00:00,-1,1,-0.015405756308389505,False,0.016403686923918206,0.0028120606155287915,1.184283485387728,0.2030200260664645,AVAX
1446,2023-08-18 08:00:00+00:00,2023-08-18 09:00:00+00:00,-1,1,-0.0050722222222221,False,0.004751461988304057,0.003654970760234002,0.2911206534864525,0.22393896422035495,AVAX
1447,2024-03-02 16:00:00+00:00,2024-03-02 17:00:00+00:00,1,1,0.01291265418215386,False,0.00033144724070162157,0.014536328985061303,0.02107853097027689,0.924444143982428,AVAX
1448,2024-03-05 16:00:00+00:00,2024-03-05 17:00:00+00:00,1,1,-0.04076909917860279,False,0.06482927160410008,0.00957165161903473,2.899564103213601,0.42810318173101597,AVAX
1449,2024-03-06 00:00:00+00:00,2024-03-06 01:00:00+00:00,1,1,-0.01405023708699955,False,0.01351522681745554,0.0033724674797779414,0.3370115935547403,0.08409482540859634,AVAX
1450,2020-01-18 00:00:00+00:00,2020-01-18 01:00:00+00:00,1,1,0.019352402759643884,False,0.007789317507418528,0.03820474777448062,0.16573450944986717,0.812888308254095,LINK
1451,2020-01-18 08:00:00+00:00,2020-01-18 09:00:00+00:00,1,1,0.00408513626185961,False,0.0030360531309297943,0.007590132827324485,0.08037651531666475,0.20094128829166183,LINK
1452,2020-01-23 08:00:00+00:00,2020-01-23 09:00:00+00:00,1,1,-0.010680142123963687,False,0.011448874851954172,0.007500986971970046,0.9192155691831929,0.6022446832579598,LINK
1453,2020-01-23 16:00:00+00:00,2020-01-23 17:00:00+00:00,1,1,-0.003604811547714702,False,0.005212510024057876,0.011226944667201115,0.3360312063280259,0.7237595213218719,LINK
1454,2020-01-24 00:00:00+00:00,2020-01-24 01:00:00+00:00,1,1,-0.0020046944556859165,False,0.0052610279239174015,0.0,0.37718737139980135,0.0,LINK
1455,2020-01-24 08:00:00+00:00,2020-01-24 09:00:00+00:00,1,1,0.0013251984956122358,False,0.005014625992478066,0.0029251984956122517,0.3477059299113141,0.20282845911493647,LINK
1456,2020-01-26 00:00:00+00:00,2020-01-26 01:00:00+00:00,1,1,-0.004050980392156743,False,0.007761437908496784,0.0020424836601306753,0.6731427673921666,0.17714283352424937,LINK
1457,2020-01-26 08:00:00+00:00,2020-01-26 09:00:00+00:00,1,1,-0.0007902834008097312,False,0.003643724696356413,0.011336032388663977,0.3827613700722229,1.1908131513357605,LINK
1458,2020-01-29 16:00:00+00:00,2020-01-29 17:00:00+00:00,1,1,0.004517786734006703,False,0.0,0.010101010101010152,0.0,0.6855058759556383,LINK
1459,2020-02-01 00:00:00+00:00,2020-02-01 01:00:00+00:00,1,1,0.009019469026548644,False,0.0,0.012389380530973344,0.0,1.0219245931793497,LINK
1460,2020-02-01 08:00:00+00:00,2020-02-01 09:00:00+00:00,1,1,-0.008269006669006717,False,0.006669006669006714,0.0017550017550017176,0.652004688665772,0.17158018122782992,LINK
1461,2020-02-01 16:00:00+00:00,2020-02-01 17:00:00+00:00,1,1,0.010625818051060599,False,0.0007191657677095375,0.012585400934915388,0.06067562016514491,1.061823352889908,LINK
1462,2020-02-06 16:00:00+00:00,2020-02-06 17:00:00+00:00,1,1,0.0032325854332067483,False,0.007594062823610562,0.00793924749741116,0.4771175644310144,0.49880472645061336,LINK
1463,2020-02-07 00:00:00+00:00,2020-02-07 01:00:00+00:00,1,1,0.004602618883528465,False,0.0006891798759476994,0.013783597518952459,0.052792289117275466,1.0558457823453922,LINK
1464,2020-02-07 08:00:00+00:00,2020-02-07 09:00:00+00:00,1,1,0.0008464831804280607,False,0.01926605504587161,0.017737003058103922,1.048904137998682,0.9656577778400511,LINK
1465,2020-02-07 16:00:00+00:00,2020-02-07 17:00:00+00:00,1,1,0.018396726399503047,False,0.008077042559801118,0.020503261882572316,0.3787022646861833,0.961321133434169,LINK
1466,2020-02-09 16:00:00+00:00,2020-02-09 17:00:00+00:00,1,1,0.01260798065296247,False,0.0003022974607012968,0.01451027811366386,0.017435860854740096,0.8369213210276176,LINK
1467,2020-02-10 00:00:00+00:00,2020-02-10 01:00:00+00:00,1,1,-0.009305479452054798,False,0.018264840182648418,0.0019977168949772022,1.0281892526479688,0.11245819950837337,LINK
1468,2020-02-10 08:00:00+00:00,2020-02-10 09:00:00+00:00,1,1,-0.010622118742724184,False,0.022409778812572747,0.0,1.1618917057630813,0.0,LINK
1469,2020-02-10 16:00:00+00:00,2020-02-10 17:00:00+00:00,1,1,-0.005925171839385881,False,0.006495423678771714,0.0032477118393859227,0.30699868380836004,0.15349934190418313,LINK
1470,2020-02-11 00:00:00+00:00,2020-02-11 01:00:00+00:00,1,1,-0.002485478158205499,False,0.0044273907910270605,0.007674144037780474,0.25433515106124815,0.44084759517284366,LINK
1471,2020-02-12 08:00:00+00:00,2020-02-12 09:00:00+00:00,1,1,-0.01472340898389095,False,0.021065675340768267,0.0,0.8566066746003258,0.0,LINK
1472,2020-02-12 16:00:00+00:00,2020-02-12 17:00:00+00:00,1,1,0.011300024807740217,False,0.02679235921607533,0.02728851401637319,1.0910563956111503,1.1112611436780304,LINK
1473,2020-02-13 00:00:00+00:00,2020-02-13 01:00:00+00:00,1,1,0.015019189568706121,False,0.0,0.021564694082246705,0.0,0.8177497536372998,LINK
1474,2020-02-13 08:00:00+00:00,2020-02-13 09:00:00+00:00,1,1,-0.008773968741993387,False,0.05995388162951575,0.019472200871124792,2.4214070232612244,0.7864398878968086,LINK
1475,2020-02-13 16:00:00+00:00,2020-02-13 17:00:00+00:00,1,1,-0.018730089374379207,False,0.020605759682224365,0.007696127110228546,0.7205122077046983,0.26910696914272453,LINK
1476,2020-02-14 00:00:00+00:00,2020-02-14 01:00:00+00:00,1,1,-0.006241567818463144,False,0.020887055183084053,0.007220216606498201,0.7984852300154807,0.2760195856843641,LINK
1477,2020-02-14 08:00:00+00:00,2020-02-14 09:00:00+00:00,1,1,0.018954984583761596,False,0.00488180883864329,0.02081192189105857,0.19667639905451983,0.8384625433377033,LINK
1478,2020-02-14 16:00:00+00:00,2020-02-14 17:00:00+00:00,1,1,0.007693680297397743,False,0.005111524163568829,0.017425650557620652,0.20572303972071593,0.7013285445024264,LINK
1479,2020-02-15 08:00:00+00:00,2020-02-15 09:00:00+00:00,1,1,0.0038557854057739605,False,0.004319163446237811,0.006592407365310278,0.19889013328457436,0.3035691508027685,LINK
1480,2020-02-19 16:00:00+00:00,2020-02-19 17:00:00+00:00,1,1,0.019784713106076705,False,0.0002117298327333148,0.030912555579081073,0.009719466024800135,1.4190420396216052,LINK
1481,2020-02-20 00:00:00+00:00,2020-02-20 01:00:00+00:00,1,1,0.008113959744641902,False,0.0038759689922481413,0.021659826721386173,0.12765180853991567,0.7133483418406887,LINK
1482,2020-02-28 00:00:00+00:00,2020-02-28 01:00:00+00:00,-1,1,-0.020305763397371064,False,0.027047522750252722,0.005561172901921082,0.8719386478846921,0.17927710517255227,LINK
1483,2020-03-01 00:00:00+00:00,2020-03-01 01:00:00+00:00,-1,1,-0.011693549975381367,False,0.021171836533727083,0.006400787789266541,0.8646627425501192,0.26140966635237034,LINK
1484,2020-03-02 16:00:00+00:00,2020-03-02 17:00:00+00:00,-1,1,-0.0017399758090802487,False,0.005820721769499501,0.009313154831199077,0.29123248485972747,0.46597197577555777,LINK
1485,2020-03-03 00:00:00+00:00,2020-03-03 01:00:00+00:00,-1,1,0.021030834512022638,False,0.0016501650165015732,0.026166902404526113,0.09011583566715961,1.4289796798650232,LINK
1486,2020-03-03 08:00:00+00:00,2020-03-03 09:00:00+00:00,-1,1,-0.00794337852345812,False,0.01190759704691589,0.004048582995951289,0.6399815729961178,0.21759373481867392,LINK
1487,2020-03-05 00:00:00+00:00,2020-03-05 01:00:00+00:00,-1,1,-0.03094196332254579,False,0.03257820927723836,0.0008629989212512535,1.2518015673735146,0.03316030642048685,LINK
1488,2020-03-05 08:00:00+00:00,2020-03-05 09:00:00+00:00,-1,1,-0.01842085786375098,False,0.02396972245584522,0.0,1.0868513694942323,0.0,LINK
1489,2020-03-09 08:00:00+00:00,2020-03-09 09:00:00+00:00,-1,1,-0.02534169040835716,False,0.037749287749287916,0.0,1.0511639346150896,0.0,LINK
1490,2020-03-11 00:00:00+00:00,2020-03-11 01:00:00+00:00,-1,1,-0.001292539803921573,False,0.0063725490196077945,0.006617647058823562,0.2497746378980583,0.25938135474029456,LINK
1491,2020-03-13 00:00:00+00:00,2020-03-13 01:00:00+00:00,-1,1,0.06964937280481692,False,0.06271951831409923,0.11690918213748122,0.44502650302722596,0.8295294016427509,LINK
1492,2020-03-13 08:00:00+00:00,2020-03-13 09:00:00+00:00,-1,1,0.009230324909747335,False,0.06453068592057752,0.05505415162454888,0.4346756370040273,0.37084215184959124,LINK
1493,2020-03-15 00:00:00+00:00,2020-03-15 01:00:00+00:00,-1,1,-0.01569112259276646,False,0.030530765617660847,0.015500234852043174,0.509186586180142,0.258510112983764,LINK
1494,2020-03-17 00:00:00+00:00,2020-03-17 01:00:00+00:00,-1,1,-0.008322689075630229,False,0.008963585434173678,0.03193277310924367,0.13729795054213406,0.4891239488063517,LINK
1495,2020-03-18 08:00:00+00:00,2020-03-18 09:00:00+00:00,-1,1,-0.0005010989010989051,False,0.013736263736263687,0.01593406593406601,0.3309891621711485,0.38394742811853544,LINK
1496,2020-03-18 16:00:00+00:00,2020-03-18 17:00:00+00:00,-1,1,0.017579541822056503,False,0.0037293553542887027,0.03409696323921154,0.09702230820390298,0.8870611035785557,LINK
1497,2020-03-29 08:00:00+00:00,2020-03-29 09:00:00+00:00,-1,1,0.0009528853667771282,False,0.0004732607666823899,0.010411736867013629,0.032894899316515055,0.7236877849634042,LINK
1498,2020-03-31 00:00:00+00:00,2020-03-31 01:00:00+00:00,-1,1,-0.01003486410496741,False,0.012183692596063845,0.0032802249297095207,0.8785519680146097,0.23653322215778125,LINK
1499,2020-04-13 08:00:00+00:00,2020-04-13 09:00:00+00:00,-1,1,-0.002192592592592478,False,0.00948148148148149,0.00948148148148149,0.35365212250380496,0.35365212250380496,LINK
1500,2020-04-14 00:00:00+00:00,2020-04-14 01:00:00+00:00,-1,1,-0.0021943536404160453,False,0.008618127786032664,0.001485884101040219,0.3722971770572329,0.06418916845814812,LINK
1501,2020-04-14 08:00:00+00:00,2020-04-14 09:00:00+00:00,-1,1,0.004400600060006022,False,0.0,0.01380138013801388,0.0,0.7273298067887721,LINK
1502,2020-04-15 16:00:00+00:00,2020-04-15 17:00:00+00:00,-1,1,-0.009270182166826579,False,0.015020773410035203,0.006072227548737656,0.8357194942473639,0.3378440508659568,LINK
1503,2020-04-16 16:00:00+00:00,2020-04-16 17:00:00+00:00,-1,1,0.007536457412319387,False,0.007957559681697653,0.017094017094017044,0.38611524377496226,0.8294327458869494,LINK
1504,2020-04-24 08:00:00+00:00,2020-04-24 09:00:00+00:00,1,1,-0.00831487603305776,False,0.013429752066115715,0.0020661157024793406,0.9658478921566708,0.14859198340871857,LINK
1505,2020-04-30 08:00:00+00:00,2020-04-30 09:00:00+00:00,1,1,-0.012486469673406008,False,0.012960082944530913,0.0031104199066874054,0.6949864369612465,0.16679674487069843,LINK
1506,2020-04-30 16:00:00+00:00,2020-04-30 17:00:00+00:00,1,1,-0.008604310344827625,False,0.015625000000000073,0.00431034482758621,0.7338891405323571,0.20245217669858048,LINK
1507,2020-05-08 08:00:00+00:00,2020-05-08 09:00:00+00:00,1,1,-0.003254372320675148,False,0.003691983122362814,0.0026371308016878247,0.26731689360334376,0.19094063828810998,LINK
1508,2020-06-02 08:00:00+00:00,2020-06-02 09:00:00+00:00,1,1,0.0015267716022100068,False,0.00022099447513819533,0.011712707182320427,0.017435200638307353,0.9240656338299801,LINK
1509,2020-07-17 00:00:00+00:00,2020-07-17 01:00:00+00:00,-1,1,0.005048692984054551,False,0.005634815969308309,0.01090996283419246,0.19293550174387786,0.3735559714615432,LINK
1510,2020-07-24 00:00:00+00:00,2020-07-24 01:00:00+00:00,-1,1,0.009430810193990103,False,0.003550145809560095,0.017243565360720078,0.22650118118987517,1.1001485943507978,LINK
1511,2020-07-31 16:00:00+00:00,2020-07-31 17:00:00+00:00,-1,1,-0.013235594340870138,False,0.012296707655692182,0.012957820970514329,0.7457937389186977,0.785890176494971,LINK
1512,2020-08-02 16:00:00+00:00,2020-08-02 17:00:00+00:00,-1,1,-0.00013563022954696485,False,0.010359034726309708,0.016009417304296555,0.24895530545312536,0.38474910842755095,LINK
1513,2020-08-05 00:00:00+00:00,2020-08-05 01:00:00+00:00,-1,1,0.011002906799471513,False,0.000609818070942192,0.01849781481857916,0.026354552248947578,0.7994214182180478,LINK
1514,2020-08-05 08:00:00+00:00,2020-08-05 09:00:00+00:00,-1,1,0.003348931241444687,False,0.00758134147625576,0.006738970201116148,0.35775926385187223,0.31800823453499366,LINK
1515,2020-08-05 16:00:00+00:00,2020-08-05 17:00:00+00:00,-1,1,0.0011460920997042228,False,0.004119138149556369,0.008238276299112737,0.21666801247943868,0.43333602495887735,LINK
1516,2020-08-08 16:00:00+00:00,2020-08-08 17:00:00+00:00,-1,1,-0.05581686746987953,False,0.1151880248265791,0.0023731288791529574,6.005532662657127,0.12372729732890969,LINK
1517,2020-08-09 00:00:00+00:00,2020-08-09 01:00:00+00:00,-1,1,0.027189428144419096,False,0.008652560371273595,0.05608432313379999,0.18677887494594358,1.2106667076041469,LINK
1518,2020-08-09 08:00:00+00:00,2020-08-09 09:00:00+00:00,1,1,0.001164394597583042,False,0.011215543795908653,0.0101887686596635,0.2763056068347225,0.25101002311041704,LINK
1519,2020-08-18 00:00:00+00:00,2020-08-18 01:00:00+00:00,1,1,0.0277129984725195,False,0.016178919819176896,0.03973352367356645,0.4992280305086632,1.2260453102197948,LINK
1520,2020-08-18 08:00:00+00:00,2020-08-18 09:00:00+00:00,1,1,-0.011500758109614536,False,0.018520668834184805,0.005805852299117593,0.5836981073275083,0.1829774631120747,LINK
1521,2020-08-21 08:00:00+00:00,2020-08-21 09:00:00+00:00,1,1,-0.003760109969234769,False,0.013746154349675924,0.014466191006087589,0.4805571059668405,0.5057291448508202,LINK
1522,2020-09-02 08:00:00+00:00,2020-09-02 09:00:00+00:00,1,1,0.0012271816496946752,False,0.0015911405295315909,0.010374236252545842,0.08516960379794605,0.5553058167626013,LINK
1523,2020-09-25 08:00:00+00:00,2020-09-25 09:00:00+00:00,-1,1,0.028521056917339353,False,0.0017369980586491732,0.034331255747420075,0.0594182380950893,1.1743839999970975,LINK
1524,2020-11-07 16:00:00+00:00,2020-11-07 17:00:00+00:00,1,1,0.019006478814627935,False,0.025772383354350562,0.02459016393442618,0.8302466987374081,0.7921619877861494,LINK
1525,2020-11-18 08:00:00+00:00,2020-11-18 09:00:00+00:00,1,1,0.001361781309979509,False,0.002796585222254819,0.014350897851045062,0.10509313250731923,0.5392937062875817,LINK
1526,2020-11-22 00:00:00+00:00,2020-11-22 01:00:00+00:00,1,1,-0.02542390775796351,False,0.03986560702978619,0.017639077340569857,1.874785420144178,0.8295241810362386,LINK
1527,2020-11-23 16:00:00+00:00,2020-11-23 17:00:00+00:00,1,1,0.002663282419016643,False,0.011293703929127043,0.01041455332386555,0.507672220777953,0.46815282634613153,LINK
1528,2020-11-24 00:00:00+00:00,2020-11-24 01:00:00+00:00,1,1,0.0389131225865567,False,0.004123306499116474,0.045487270109300364,0.20321093240975457,2.2417713972187006,LINK
1529,2020-11-24 16:00:00+00:00,2020-11-24 17:00:00+00:00,1,1,-0.0005698134426227943,False,0.011654713114754123,0.013191598360655707,0.439575268570699,0.49754123805254724,LINK
1530,2020-11-26 00:00:00+00:00,2020-11-26 01:00:00+00:00,1,1,0.009393610168705213,False,0.022423731196401012,0.015605229860818186,0.8760681997346641,0.609677555928196,LINK
1531,2020-12-18 00:00:00+00:00,2020-12-18 01:00:00+00:00,1,1,-0.008065036783830037,False,0.020063907260162096,0.0028981199375789327,0.8162556385163094,0.1179035922301321,LINK
1532,2021-01-04 00:00:00+00:00,2021-01-04 01:00:00+00:00,1,1,0.047237378817698114,False,0.003207230847729332,0.04898316203804946,0.10743819526176532,1.6408742549070108,LINK
1533,2021-01-04 08:00:00+00:00,2021-01-04 09:00:00+00:00,1,1,-0.010535427574170985,False,0.03595113438045367,0.028132635253054136,0.8526981493913551,0.6672569984557618,LINK
1534,2021-01-04 16:00:00+00:00,2021-01-04 17:00:00+00:00,1,1,-0.035116722165918615,False,0.050166497755899785,0.00571883596351532,1.0348939044742071,0.1179749184032656,LINK
1535,2021-01-06 16:00:00+00:00,2021-01-06 17:00:00+00:00,1,1,0.02635183683499203,False,0.0003071630421427083,0.061985501904410885,0.009376856993676887,1.8922497413243724,LINK
1536,2021-01-07 00:00:00+00:00,2021-01-07 01:00:00+00:00,1,1,-0.020891894482359726,False,0.027761711972238316,0.010468478889531577,0.7753272307470453,0.29236297659419963,LINK
1537,2021-01-07 08:00:00+00:00,2021-01-07 09:00:00+00:00,1,1,0.011061295208093559,False,0.0269582601320652,0.014296964923971471,0.8205189138308501,0.43515160373950135,LINK
1538,2021-01-07 16:00:00+00:00,2021-01-07 17:00:00+00:00,1,1,-0.011441664523179863,False,0.018391209824313935,0.004583112991362769,0.6110030122108978,0.15226273147748248,LINK
1539,2021-01-08 00:00:00+00:00,2021-01-08 01:00:00+00:00,1,1,-0.035310676089811824,False,0.03483645005941587,0.012008255675777107,0.9381647510929264,0.32338892676811826,LINK
1540,2021-01-08 08:00:00+00:00,2021-01-08 09:00:00+00:00,1,1,-0.013051110121509012,False,0.022711368407659478,0.004898530440867737,0.5706816455575878,0.12308819806144068,LINK
1541,2021-01-09 00:00:00+00:00,2021-01-09 01:00:00+00:00,1,1,-0.0038779667713591316,False,0.010294406924136124,0.03376827749000069,0.29966590292496004,0.982980509594615,LINK
1542,2021-01-10 00:00:00+00:00,2021-01-10 01:00:00+00:00,1,1,0.039050406504064925,False,0.0,0.051680027289783534,0.0,1.890180480299407,LINK
1543,2021-01-10 08:00:00+00:00,2021-01-10 09:00:00+00:00,1,1,-0.019776387320351807,False,0.02528074348619797,0.004148918515240321,0.9569371964652327,0.1570465858531546,LINK
1544,2021-01-10 16:00:00+00:00,2021-01-10 17:00:00+00:00,1,1,-0.01592345171705307,False,0.01714117992368662,0.02025242148517751,0.5384424976204796,0.6361734989009036,LINK
1545,2021-01-15 16:00:00+00:00,2021-01-15 17:00:00+00:00,1,1,0.023461561076185366,False,0.059669685668620194,0.03228556206712849,1.2174200132095845,0.6587111857187585,LINK
1546,2021-01-16 00:00:00+00:00,2021-01-16 01:00:00+00:00,1,1,0.06268777809881537,False,0.0,0.08509101415775802,0.0,1.6627741380994046,LINK
1547,2021-01-19 00:00:00+00:00,2021-01-19 01:00:00+00:00,1,1,-0.016326539489781976,False,0.01898590783451903,0.006524989804703517,0.7335955863937667,0.2521187695482188,LINK
1548,2021-01-19 16:00:00+00:00,2021-01-19 17:00:00+00:00,1,1,-0.007301636025611414,False,0.009028513519738263,0.010917131143765345,0.3781609686238184,0.4572660692032991,LINK
1549,2021-01-20 00:00:00+00:00,2021-01-20 01:00:00+00:00,1,1,0.02513394745688592,False,0.00655817342725293,0.02832159339324743,0.23410660769076702,1.0109937206201127,LINK
1550,2021-01-30 00:00:00+00:00,2021-01-30 01:00:00+00:00,1,1,-0.011783925200825229,False,0.010622887493964152,0.009525481761116821,0.49742839068753475,0.44604116024461726,LINK
1551,2021-01-31 08:00:00+00:00,2021-01-31 09:00:00+00:00,1,1,0.0037313683845519485,False,0.004507823674743303,0.011356248103679809,0.26015705554968704,0.6553956591732248,LINK
1552,2021-01-31 16:00:00+00:00,2021-01-31 17:00:00+00:00,1,1,4.722642685410917e-05,False,0.01611610720327657,0.002893776155284537,0.9544628907557123,0.17138145828486961,LINK
1553,2021-02-02 16:00:00+00:00,2021-02-02 17:00:00+00:00,1,1,0.011459865018844707,False,0.00013147515119642884,0.017924445613112405,0.00885758313621107,1.2075838342367269,LINK
1554,2021-02-03 00:00:00+00:00,2021-02-03 01:00:00+00:00,1,1,-0.0037117574183351924,False,0.003793466807165431,0.013951527924130642,0.25131199038288177,0.9242696535192654,LINK
1555,2021-02-03 08:00:00+00:00,2021-02-03 09:00:00+00:00,1,1,0.001121901150648398,False,0.014590954439640947,0.008272364482873214,0.9909056780687298,0.5617955268822616,LINK
1556,2021-02-03 16:00:00+00:00,2021-02-03 17:00:00+00:00,1,1,-0.022268061850802608,False,0.01971199244570354,0.00956090651558068,1.1652148032407281,0.5651640662425041,LINK
1557,2021-02-04 00:00:00+00:00,2021-02-04 01:00:00+00:00,1,1,0.012651120464764635,False,0.0,0.045640841987982905,0.0,2.636372753362063,LINK
1558,2021-02-04 08:00:00+00:00,2021-02-04 09:00:00+00:00,1,1,-0.02447409092755854,False,0.023361638158696595,0.011254215252102589,1.0859624528192802,0.5231506077059862,LINK
1559,2021-02-04 16:00:00+00:00,2021-02-04 17:00:00+00:00,1,1,0.017482844109676116,False,0.015371585856447155,0.02168113487190347,0.6242425379367771,0.8804743234810759,LINK
1560,2021-02-05 00:00:00+00:00,2021-02-05 01:00:00+00:00,1,1,0.02042018641176234,False,0.0028141441331212148,0.027652024960234955,0.11498387510473088,1.1298415553769374,LINK
1561,2021-02-05 08:00:00+00:00,2021-02-05 09:00:00+00:00,1,1,0.004536807666055536,False,0.01036560266437142,0.011600493956516944,0.4324088152432361,0.48392322283539857,LINK
1562,2021-02-05 16:00:00+00:00,2021-02-05 17:00:00+00:00,1,1,-0.022282640144665473,False,0.03462176009644366,0.013374020494273674,1.430008466637569,0.55239717699275,LINK
1563,2021-02-06 00:00:00+00:00,2021-02-06 01:00:00+00:00,1,1,0.00374861217364912,False,0.0029599271402549862,0.020529751062537963,0.12275816405598255,0.8514380353113734,LINK
1564,2021-02-06 08:00:00+00:00,2021-02-06 09:00:00+00:00,1,1,0.009393230603808811,False,0.004106214070626899,0.015603613468382047,0.15693886939443344,0.5963677036988406,LINK
1565,2021-02-07 00:00:00+00:00,2021-02-07 01:00:00+00:00,1,1,0.003817894988447136,False,0.010198390566488734,0.010039040713887296,0.48806670051066964,0.48044065831518795,LINK
1566,2021-02-07 08:00:00+00:00,2021-02-07 09:00:00+00:00,1,1,0.0005234901829591487,False,0.0019151623813210789,0.008312619697648857,0.08838933024487776,0.383647305743721,LINK
1567,2021-02-08 00:00:00+00:00,2021-02-08 01:00:00+00:00,1,1,-0.012214682972111323,False,0.012511603503249072,0.0060136416838195645,0.605879770875009,0.29121318019475506,LINK
1568,2021-02-09 00:00:00+00:00,2021-02-09 01:00:00+00:00,1,1,-0.006353637685057952,False,0.008089534655409366,0.009738857255056002,0.4280167392331822,0.515282288008883,LINK
1569,2021-02-09 08:00:00+00:00,2021-02-09 09:00:00+00:00,1,1,0.018689715815270368,False,0.0,0.023550087873462137,0.0,1.3822936550432814,LINK
1570,2021-02-09 16:00:00+00:00,2021-02-09 17:00:00+00:00,1,1,0.012620457280598107,False,0.0068476977567886455,0.020779220779220727,0.37987579046585834,1.1527265365860535,LINK
1571,2021-02-10 00:00:00+00:00,2021-02-10 01:00:00+00:00,1,1,-0.010664326997506156,False,0.00834929699642179,0.02360212527559904,0.384542434622068,1.0870398692996022,LINK
1572,2021-02-10 08:00:00+00:00,2021-02-10 09:00:00+00:00,1,1,0.0049004488786658015,False,0.0,0.02095313398504882,0.0,0.9961335757258264,LINK
1573,2021-02-10 16:00:00+00:00,2021-02-10 17:00:00+00:00,1,1,0.013422076878980777,False,0.020548983924780162,0.021041856232939023,0.6059945553771685,0.6205294801371353,LINK
1574,2021-02-12 00:00:00+00:00,2021-02-12 01:00:00+00:00,1,1,-0.014075354006094231,False,0.013586664276752154,0.005879189818964025,0.6540546926481121,0.28302102795327433,LINK
1575,2021-02-12 08:00:00+00:00,2021-02-12 09:00:00+00:00,1,1,0.004217758708457576,False,0.002763435386517363,0.012217293287760967,0.15078579559931746,0.6666319384390873,LINK
1576,2021-02-12 16:00:00+00:00,2021-02-12 17:00:00+00:00,1,1,0.05356539082800742,False,0.0005618372076691407,0.07451365966711145,0.029010915537716196,3.84757267318918,LINK
1577,2021-02-13 00:00:00+00:00,2021-02-13 01:00:00+00:00,1,1,0.020816400400481765,False,0.0005209520398528893,0.025298733435353025,0.02302796584539658,1.1182955913669426,LINK
1578,2021-02-13 08:00:00+00:00,2021-02-13 09:00:00+00:00,1,1,0.027211437349477584,False,0.008127384309172366,0.031680212307182015,0.34940258953863074,1.3619570326913946,LINK
1579,2021-02-13 16:00:00+00:00,2021-02-13 17:00:00+00:00,1,1,0.0071963114352049835,False,0.000784801020241356,0.02759883587848668,0.03150577588618908,1.1079531186642757,LINK
1580,2021-02-14 00:00:00+00:00,2021-02-14 01:00:00+00:00,1,1,-0.005874839233010857,False,0.027683879240004743,0.015502972374402508,1.0184926897865212,0.5703559062804464,LINK
1581,2021-02-14 08:00:00+00:00,2021-02-14 09:00:00+00:00,1,1,-0.012959409425162337,False,0.01207473747460577,0.01238948181636098,0.4166396581244037,0.4274999335731469,LINK
1582,2021-02-14 16:00:00+00:00,2021-02-14 17:00:00+00:00,1,1,0.024439701879511496,False,0.007827490634422622,0.03846739560807719,0.2668644215996609,1.3114776828030117,LINK
1583,2021-02-15 00:00:00+00:00,2021-02-15 01:00:00+00:00,1,1,0.008696552762306232,False,0.00012042751768793883,0.014240553966581332,0.004347444648900793,0.5140853297318895,LINK
1584,2021-02-15 08:00:00+00:00,2021-02-15 09:00:00+00:00,1,1,0.008610570685386544,False,0.00911968410166412,0.020527124008900346,0.24211285774112085,0.5449619306544131,LINK
1585,2021-02-16 00:00:00+00:00,2021-02-16 01:00:00+00:00,1,1,-0.018018849319523786,False,0.04586482269069543,0.001988801517608473,1.4601379330614175,0.06331485366843821,LINK
1586,2021-02-16 08:00:00+00:00,2021-02-16 09:00:00+00:00,1,1,0.02613583161268456,False,0.004899996918240899,0.03232765262411783,0.1789180280561696,1.1804088769240446,LINK
1587,2021-02-17 16:00:00+00:00,2021-02-17 17:00:00+00:00,1,1,0.00037237162957367024,False,0.003929334842197913,0.009744750408650783,0.1861303180128963,0.46160318867198097,LINK
1588,2021-02-18 00:00:00+00:00,2021-02-18 01:00:00+00:00,1,1,0.017173324247266652,False,0.0001548514974140592,0.023940041500201185,0.008253039480227152,1.2759199036424584,LINK
1589,2021-02-18 08:00:00+00:00,2021-02-18 09:00:00+00:00,1,1,-0.007170519098922478,False,0.00912095984329073,0.008845494613124434,0.5171880917797204,0.5015683171957805,LINK
1590,2021-02-18 16:00:00+00:00,2021-02-18 17:00:00+00:00,1,1,0.001413193551176738,False,0.0009574402371980606,0.008091914262771031,0.053153917918181505,0.44923633853432626,LINK
1591,2021-02-19 00:00:00+00:00,2021-02-19 01:00:00+00:00,1,1,-0.0027826468589349485,False,0.0050424302053868365,0.013405485180174637,0.3188854753905801,0.847768702867632,LINK
1592,2021-02-19 08:00:00+00:00,2021-02-19 09:00:00+00:00,1,1,-0.0014907422368821144,False,0.005528067924989231,0.009284710769042883,0.34337310451187036,0.5767150484619381,LINK
1593,2021-02-19 16:00:00+00:00,2021-02-19 17:00:00+00:00,1,1,-0.0035034135526622718,False,0.007323878167868008,0.022930713787491324,0.4234638473292861,1.3258451410428735,LINK
1594,2021-02-20 00:00:00+00:00,2021-02-20 01:00:00+00:00,1,1,-0.01710365299430478,False,0.021889202093999763,0.005350054651095897,1.1683420186324807,0.28556059850938575,LINK
1595,2021-02-20 08:00:00+00:00,2021-02-20 09:00:00+00:00,1,1,-0.0032971770111455663,False,0.0016922448503238557,0.014734200851957827,0.08033979660193363,0.6995102979996001,LINK
1596,2021-02-20 16:00:00+00:00,2021-02-20 17:00:00+00:00,1,1,0.03384376161211948,False,0.00017150207231671365,0.03598685150778906,0.006498216484016745,1.3635424255627957,LINK
1597,2021-02-21 00:00:00+00:00,2021-02-21 01:00:00+00:00,1,1,0.002542412829561383,False,0.018895134944226857,0.009388704123377657,0.60789163334167,0.3020520732647906,LINK
1598,2021-03-12 08:00:00+00:00,2021-03-12 09:00:00+00:00,1,1,-0.0008486532935106973,False,0.005294596796090104,0.007059462394786925,0.3269638383174742,0.43595178442330634,LINK
1599,2021-03-14 08:00:00+00:00,2021-03-14 09:00:00+00:00,1,1,0.009646709739171967,False,0.002939869415102674,0.01493863877209179,0.20069836115503364,1.0198277188924585,LINK
1600,2021-03-19 00:00:00+00:00,2021-03-19 01:00:00+00:00,1,1,-0.012757386360548717,False,0.025404157043879827,0.00040755332155958615,1.6360151033676689,0.026246231604829987,LINK
1601,2021-03-21 00:00:00+00:00,2021-03-21 01:00:00+00:00,1,1,-0.0005894566645334263,False,0.010408596355307071,0.014585508808569401,0.7314336951929307,1.0249540130049768,LINK
1602,2021-03-30 00:00:00+00:00,2021-03-30 01:00:00+00:00,1,1,0.005515074205274459,False,0.0010334996436208096,0.011617961511047773,0.09286048998614757,1.0438799908787668,LINK
1603,2021-04-01 08:00:00+00:00,2021-04-01 09:00:00+00:00,1,1,-0.006007480223551832,False,0.006805181142744452,0.015845880728515987,0.4188813890704915,0.9753663262414294,LINK
1604,2021-04-01 16:00:00+00:00,2021-04-01 17:00:00+00:00,1,1,-0.010302907381507447,False,0.010942760942760973,0.010101010101010024,0.6613090092366569,0.6104390854492154,LINK
1605,2021-04-02 00:00:00+00:00,2021-04-02 01:00:00+00:00,1,1,-0.016546690138506022,False,0.017969243033181665,0.004749725977347483,1.1151370790020945,0.29475896912624794,LINK
1606,2021-04-02 16:00:00+00:00,2021-04-02 17:00:00+00:00,1,1,0.01489782923299581,False,0.004856086187489944,0.020389130085222716,0.3334706081552584,1.4001348713273791,LINK
1607,2021-04-03 00:00:00+00:00,2021-04-03 01:00:00+00:00,1,1,-0.0029065998427130705,False,0.008816662570656152,0.010567707053330093,0.5861808175485684,0.7026000043090903,LINK
1608,2021-04-03 08:00:00+00:00,2021-04-03 09:00:00+00:00,1,1,-0.00856366124372816,False,0.016177588566215494,0.01258932644062647,1.0719222122205596,0.8341650298107447,LINK
1609,2021-04-03 16:00:00+00:00,2021-04-03 17:00:00+00:00,1,1,-0.003368773114648625,False,0.02019617301817013,0.015500884386557418,1.1394079293494856,0.8745137292141008,LINK
1610,2021-04-04 00:00:00+00:00,2021-04-04 01:00:00+00:00,1,1,0.0022196575949800417,False,0.021212741286406107,0.017154355091739994,0.8916842560017652,0.7210887150625209,LINK
1611,2021-04-06 00:00:00+00:00,2021-04-06 01:00:00+00:00,1,1,-0.006984170600450002,False,0.006192427369912828,0.010228287994084649,0.37385174622177164,0.6175063668936592,LINK
1612,2021-04-06 08:00:00+00:00,2021-04-06 09:00:00+00:00,1,1,0.006357643776551836,False,0.004597045209561953,0.021843890685435293,0.29156543282776204,1.3854385049539568,LINK
1613,2021-04-06 16:00:00+00:00,2021-04-06 17:00:00+00:00,1,1,0.017422832865493676,False,0.0013395847287339991,0.02590878645801639,0.05521038874572004,1.067819109604804,LINK
1614,2021-04-07 00:00:00+00:00,2021-04-07 01:00:00+00:00,1,1,-0.017847304097771306,False,0.019841840402588,0.010668583752695967,0.8459994248252556,0.45487795160894606,LINK
1615,2021-04-07 08:00:00+00:00,2021-04-07 09:00:00+00:00,1,1,-0.01165121181769309,False,0.02278836389701924,0.0014037393226212337,0.977795391023426,0.06023117087562935,LINK
1616,2021-04-07 16:00:00+00:00,2021-04-07 17:00:00+00:00,1,1,0.015490113218022948,False,0.01625652020864665,0.022144708630676187,0.5460434843433256,0.7438230141054766,LINK
1617,2021-04-09 00:00:00+00:00,2021-04-09 01:00:00+00:00,1,1,0.007967045489168535,False,0.0010359221230309534,0.01569117333414584,0.06473709716108782,0.9805766187635683,LINK
1618,2021-04-09 16:00:00+00:00,2021-04-09 17:00:00+00:00,1,1,-4.550424800956387e-05,False,0.014105698702275698,0.003071907717384458,1.0514617273497868,0.2289849984006182,LINK
1619,2021-04-10 00:00:00+00:00,2021-04-10 01:00:00+00:00,1,1,-0.0036097105995764435,False,0.008186099434242559,0.005815607320079682,0.6551812389267351,0.46545694194023085,LINK
1620,2021-04-10 08:00:00+00:00,2021-04-10 09:00:00+00:00,1,1,0.004144401913267793,False,9.207255317190295e-05,0.01718687659208797,0.0073336292368517434,1.368944124212279,LINK
1621,2021-04-10 16:00:00+00:00,2021-04-10 17:00:00+00:00,1,1,0.0020706380066569012,False,0.0029551746663762984,0.013780446075839269,0.24248979063063367,1.1307681815723496,LINK
1622,2021-04-11 00:00:00+00:00,2021-04-11 01:00:00+00:00,1,1,-0.0014254214866979578,False,0.004538341158059455,0.007668231611893615,0.33628573305187587,0.56820692826007,LINK
1623,2021-04-11 08:00:00+00:00,2021-04-11 09:00:00+00:00,1,1,0.01537014740492997,False,0.0,0.02446426359469835,0.0,1.8603329229062777,LINK
1624,2021-04-11 16:00:00+00:00,2021-04-11 17:00:00+00:00,1,1,-0.00660236798484477,False,0.010093535401373463,0.023354250532796633,0.6520728236108788,1.508755008296137,LINK
1625,2021-04-12 00:00:00+00:00,2021-04-12 01:00:00+00:00,1,1,-0.015534885806147732,False,0.01336709457072196,0.00874455305617725,0.8119019294520914,0.5311340816019254,LINK
1626,2021-04-12 08:00:00+00:00,2021-04-12 09:00:00+00:00,1,1,-0.005297017843954646,False,0.0047647409172125255,0.005658129839190138,0.31934290730494036,0.3792197024246343,LINK
1627,2021-04-12 16:00:00+00:00,2021-04-12 17:00:00+00:00,1,1,0.006833040749976763,False,0.01057659501876496,0.010917775503241335,0.6500902949113877,0.6710609495859539,LINK
1628,2021-04-13 00:00:00+00:00,2021-04-13 01:00:00+00:00,1,1,-0.0017854232899179204,False,0.002924505547515717,0.009406657018813241,0.20655201887402197,0.6643735040071493,LINK
1629,2021-04-13 08:00:00+00:00,2021-04-13 09:00:00+00:00,1,1,0.01396811768996977,False,0.005106382978723382,0.020699088145896796,0.39447383576309475,1.5990278699682765,LINK
1630,2021-04-13 16:00:00+00:00,2021-04-13 17:00:00+00:00,1,1,0.029504276701135687,False,0.0005518924100269658,0.03747058994393933,0.03934702334069176,2.6714557952366706,LINK
1631,2021-04-14 00:00:00+00:00,2021-04-14 01:00:00+00:00,1,1,0.023740556976848726,False,0.0038491795909193207,0.028264778601933025,0.21788447056638646,1.5999399809473291,LINK
1632,2021-04-14 08:00:00+00:00,2021-04-14 09:00:00+00:00,1,1,-0.01696056914950956,False,0.02446911717149925,0.018055405842406,1.2089048242522125,0.8920332954284027,LINK
1633,2021-04-14 16:00:00+00:00,2021-04-14 17:00:00+00:00,1,1,0.04440613245338721,False,0.000300727213078976,0.06621466455246314,0.010886387457809558,2.39698458389164,LINK
1634,2021-04-15 00:00:00+00:00,2021-04-15 01:00:00+00:00,1,1,-0.029458193550707126,False,0.0268861321619925,0.024279577158855054,0.8624598636018854,0.7788461604878808,LINK
1635,2021-04-15 08:00:00+00:00,2021-04-15 09:00:00+00:00,1,1,-0.02634221950185984,False,0.02926220631856495,0.011841423795847265,0.9508062230358507,0.3847590749694548,LINK
1636,2021-04-15 16:00:00+00:00,2021-04-15 17:00:00+00:00,1,1,-0.03406185158325217,False,0.032603031470195075,0.007612660579559067,1.0359475610288633,0.2418890760984688,LINK
1637,2021-04-16 00:00:00+00:00,2021-04-16 01:00:00+00:00,1,1,-0.0006974999120234881,False,0.0024633431085043255,0.018299120234604133,0.08161253012750556,0.6062645095186316,LINK
1638,2021-04-16 08:00:00+00:00,2021-04-16 09:00:00+00:00,1,1,-0.011715469033304737,False,0.010306326939593356,0.016151350319687154,0.3337933954902133,0.5230975202474056,LINK
1639,2021-04-16 16:00:00+00:00,2021-04-16 17:00:00+00:00,1,1,0.02392743694721825,False,0.011315554051113506,0.034357697236393515,0.3458959826161496,1.0502525455075742,LINK
1640,2021-04-17 00:00:00+00:00,2021-04-17 01:00:00+00:00,1,1,0.0046992051356177815,False,0.00045245636177471143,0.026623484866525254,0.016015988568964322,0.9424144852682572,LINK
1641,2021-04-17 08:00:00+00:00,2021-04-17 09:00:00+00:00,1,1,-0.006767958656330796,False,0.012020118124769306,0.0046373200442968,0.4780376360381001,0.1844252684139313,LINK
1642,2021-04-17 16:00:00+00:00,2021-04-17 17:00:00+00:00,1,1,0.010086376711923148,False,0.014070599851888431,0.01858800296223155,0.5501381774886948,0.7267614871034859,LINK
1643,2021-05-07 00:00:00+00:00,2021-05-07 01:00:00+00:00,1,1,0.007025805357748372,False,0.014496439471007068,0.026513224821973654,0.5036472639420047,0.9211443379991996,LINK
1644,2021-05-20 00:00:00+00:00,2021-05-20 01:00:00+00:00,-1,1,0.08280797363709087,False,0.05615452017219705,0.14792944493123544,0.5179840762407002,1.3645401411415454,LINK
1645,2021-07-15 16:00:00+00:00,2021-07-15 17:00:00+00:00,-1,1,0.005809733124018824,False,0.005902668759811469,0.01281004709576142,0.3400282940047087,0.7379337444357714,LINK
1646,2024-03-02 16:00:00+00:00,2024-03-02 17:00:00+00:00,1,1,0.019403831780121998,False,0.00023652963716348953,0.025166753394200294,0.016641529759252923,1.7706587663848634,LINK
1647,2024-03-05 16:00:00+00:00,2024-03-05 17:00:00+00:00,1,1,-0.019544216890969253,False,0.040374488004681075,0.006631558416227776,2.4129127151602288,0.3963238276108569,LINK
1648,2020-02-10 00:00:00+00:00,2020-02-10 01:00:00+00:00,1,1,0.00216183681411324,False,0.0,0.007264236606563786,0.0,0.6708928187413876,LTC
1649,2020-02-10 08:00:00+00:00,2020-02-10 09:00:00+00:00,1,1,-0.01181491111700712,False,0.03011408861767042,0.0010612894667020203,2.2028859780659578,0.07763474812567099,LTC
1650,2020-02-10 16:00:00+00:00,2020-02-10 17:00:00+00:00,1,1,-0.0074048816890801275,False,0.008337816030123783,0.005110274341043511,0.5516352155812903,0.3380990030982036,LTC
1651,2020-02-11 00:00:00+00:00,2020-02-11 01:00:00+00:00,1,1,-0.011452881630449507,False,0.011742475367795985,0.0026994196247807105,0.9480847586678778,0.21795051923399683,LTC
1652,2020-02-11 08:00:00+00:00,2020-02-11 09:00:00+00:00,1,1,0.01372567049808442,False,0.0038314176245210886,0.018062397372742303,0.32239065348648277,1.519841652150564,LTC
1653,2020-02-12 08:00:00+00:00,2020-02-12 09:00:00+00:00,1,1,-0.014727453183020446,False,0.014611412016626735,0.0001259604484192608,1.3332728653125598,0.011493731597527982,LTC
1654,2020-02-12 16:00:00+00:00,2020-02-12 17:00:00+00:00,1,1,0.009190910245017215,False,0.00228513393423883,0.014218611146375583,0.18465074052866692,1.1489379410673126,LTC
1655,2020-02-13 00:00:00+00:00,2020-02-13 01:00:00+00:00,1,1,0.01276732553929391,False,0.00024597220514077016,0.017095068257286933,0.016847785207647126,1.1709210719317085,LTC
1656,2020-02-13 08:00:00+00:00,2020-02-13 09:00:00+00:00,1,1,-0.01654934519397073,False,0.07042253521126764,0.008771929824561502,4.16668985381252,0.5190087361766529,LTC
1657,2020-02-13 16:00:00+00:00,2020-02-13 17:00:00+00:00,1,1,-0.011598765584495751,False,0.011233181088754608,0.008517466979385232,0.47919390018420055,0.3633448254143883,LTC
1658,2020-02-14 00:00:00+00:00,2020-02-14 01:00:00+00:00,1,1,0.000135250371839303,False,0.01003966286564207,0.00508180466038667,0.5375500668684619,0.27209324372353944,LTC
1659,2020-02-14 08:00:00+00:00,2020-02-14 09:00:00+00:00,1,1,0.009557076595211145,False,0.0,0.014165726463582922,0.0,0.8507570898263195,LTC
1660,2020-02-14 16:00:00+00:00,2020-02-14 17:00:00+00:00,1,1,0.004042094934379837,False,0.004170244081933072,0.0057647491720838814,0.26493732927658176,0.3662368963529173,LTC
1661,2020-02-15 00:00:00+00:00,2020-02-15 01:00:00+00:00,1,1,-0.0011188838104400731,False,0.0030069761847486168,0.0060139523694972335,0.23140724279209288,0.46281448558418575,LTC
1662,2020-02-15 08:00:00+00:00,2020-02-15 09:00:00+00:00,1,1,0.0033987503124220286,False,0.0003749062734316563,0.005498625343664056,0.02597400843282565,0.38095212368142645,LTC
1663,2020-02-15 16:00:00+00:00,2020-02-15 17:00:00+00:00,1,1,-0.025156231003039493,False,0.03609422492401209,0.01621073961499495,2.3384432103168744,1.0502481786686342,LTC
1664,2020-02-16 00:00:00+00:00,2020-02-16 01:00:00+00:00,1,1,0.01871249999999996,False,0.003645833333333348,0.020703125000000044,0.1981835629768595,1.1253995183328787,LTC
1665,2020-02-19 16:00:00+00:00,2020-02-19 17:00:00+00:00,1,1,0.0036964733238598513,False,0.0018085518666838983,0.009688670714377987,0.09858753943944214,0.528147532711295,LTC
1666,2020-02-20 00:00:00+00:00,2020-02-20 01:00:00+00:00,1,1,0.017653086485260736,False,0.006944444444444573,0.02777777777777769,0.21038513390379462,0.8415405356151602,LTC
1667,2020-03-13 16:00:00+00:00,2020-03-13 17:00:00+00:00,-1,1,-0.022028470479672567,False,0.07487569464755783,0.028078385492834187,0.7971283391531625,0.29892312718243597,LTC
1668,2020-03-14 00:00:00+00:00,2020-03-14 01:00:00+00:00,-1,1,0.025837400106553048,False,0.0,0.03676078849227497,0.0,0.5223549365227438,LTC
1669,2020-07-27 00:00:00+00:00,2020-07-27 01:00:00+00:00,1,1,0.005671971743195493,False,0.0014543943486391082,0.011842925410346983,0.11639394449873229,0.9477792623468169,LTC
1670,2020-07-28 08:00:00+00:00,2020-07-28 09:00:00+00:00,1,1,-0.008104185813168364,False,0.010317013693490982,0.006940536484712013,0.49098584459310185,0.33029956818080913,LTC
1671,2020-07-28 16:00:00+00:00,2020-07-28 17:00:00+00:00,1,1,0.015339989187240824,False,0.028293386195710944,0.0515408181654352,1.3055707457589263,2.3783008489621196,LTC
1672,2020-07-29 00:00:00+00:00,2020-07-29 01:00:00+00:00,1,1,-0.010562179602079235,False,0.01129234629861987,0.008962179602079226,0.48527639686666174,0.38513999751322203,LTC
1673,2020-07-29 08:00:00+00:00,2020-07-29 09:00:00+00:00,1,1,0.0001828489926903224,False,0.0023177036904974604,0.006596541272954135,0.1171852067649154,0.3335271269462888,LTC
1674,2020-07-29 16:00:00+00:00,2020-07-29 17:00:00+00:00,1,1,-0.0016,False,0.0077019523553644945,0.009672219236969357,0.43383846906628376,0.5448204030134721,LTC
1675,2020-07-30 16:00:00+00:00,2020-07-30 17:00:00+00:00,1,1,-0.01097011972930768,False,0.014575741801145296,0.019087280930071043,0.907922532729883,1.188946173812931,LTC
1676,2020-07-31 08:00:00+00:00,2020-07-31 09:00:00+00:00,1,1,-0.00111323500264219,False,0.003522987493394448,0.012858904350889499,0.25672844913622045,0.9370588393471874,LTC
1677,2020-08-02 08:00:00+00:00,2020-08-02 09:00:00+00:00,1,1,-0.011901411234274078,False,0.012750765045902755,0.003230193811628659,0.3477967969554352,0.08810852189537585,LTC
1678,2020-08-10 16:00:00+00:00,2020-08-10 17:00:00+00:00,1,1,-0.0025329259676043353,False,0.004262574595055414,0.0150042625745951,0.3801478372962376,1.33812038728276,LTC
1679,2020-08-16 08:00:00+00:00,2020-08-16 09:00:00+00:00,1,1,-0.0009515966931432183,False,0.005673528934997477,0.008915545469281963,0.36976927451394587,0.5810660028076431,LTC
1680,2020-08-16 16:00:00+00:00,2020-08-16 17:00:00+00:00,1,1,0.009866408268733907,False,0.006459948320413414,0.015019379844961236,0.34456909926295515,0.8011231557863734,LTC
1681,2020-08-17 08:00:00+00:00,2020-08-17 09:00:00+00:00,1,1,0.007833962264151052,False,0.0,0.020911949685534677,0.0,1.080499446014636,LTC
1682,2020-08-17 16:00:00+00:00,2020-08-17 17:00:00+00:00,1,1,0.024829675425038604,False,0.006027820710973734,0.034466769706337,0.29555607548133145,1.689974482880434,LTC
1683,2020-08-18 00:00:00+00:00,2020-08-18 01:00:00+00:00,1,1,0.011844640885323873,False,0.0008912655971477729,0.01841948900772444,0.04309230162561414,0.8905742335962094,LTC
1684,2020-08-18 08:00:00+00:00,2020-08-18 09:00:00+00:00,1,1,0.003917621712483248,False,0.0015021781583294926,0.015021781583295781,0.0810521484131296,0.8105214841313422,LTC
1685,2020-08-18 16:00:00+00:00,2020-08-18 17:00:00+00:00,1,1,0.024437678051768823,False,0.00964925716036161,0.038443865829376485,0.3845621422236624,1.5321444079069435,LTC
1686,2020-09-02 00:00:00+00:00,2020-09-02 01:00:00+00:00,1,1,-0.0008033142128744495,False,0.003346080305927356,0.00828553218610585,0.23920957997964795,0.5923284837591294,LTC
1687,2020-09-02 08:00:00+00:00,2020-09-02 09:00:00+00:00,1,1,0.004837994237918239,False,0.006626798125100963,0.00743494423791823,0.5106651258137561,0.5729413606690981,LTC
1688,2020-11-22 00:00:00+00:00,2020-11-22 01:00:00+00:00,1,1,-0.02307590027027017,False,0.042258360054970204,0.01122308749427398,1.765456199569675,0.4688745462271787,LTC
1689,2020-11-22 08:00:00+00:00,2020-11-22 09:00:00+00:00,1,1,-0.01756499526963113,False,0.020458845789971664,0.002719962157048297,0.8191838071240117,0.10890882984885869,LTC
1690,2020-11-23 08:00:00+00:00,2020-11-23 09:00:00+00:00,1,1,0.0021900539795567846,False,0.00011485012059252217,0.019179970138968667,0.00453891748397713,0.757999219824871,LTC
1691,2020-11-23 16:00:00+00:00,2020-11-23 17:00:00+00:00,1,1,0.008041539802555231,False,0.010917537746806014,0.014401858304297434,0.36282588942332933,0.47862138604780075,LTC
1692,2020-11-24 00:00:00+00:00,2020-11-24 01:00:00+00:00,1,1,-0.00350561596233596,False,0.02253110637820862,0.004595897320928268,0.8909525186761829,0.1817365834115653,LTC
1693,2020-11-24 16:00:00+00:00,2020-11-24 17:00:00+00:00,1,1,-0.0033013807722008593,False,0.01820187534473255,0.008163265306122392,0.5937292064759095,0.2662785532073748,LTC
1694,2020-12-18 00:00:00+00:00,2020-12-18 01:00:00+00:00,1,1,0.02867005638539926,False,0.018597289543970816,0.033039865466416095,0.5179050348596264,0.9201078810803961,LTC
1695,2021-01-04 00:00:00+00:00,2021-01-04 01:00:00+00:00,1,1,-0.015738420695190446,False,0.02901771933074019,0.014817558807186552,0.9453180163545807,0.4827155828193627,LTC
1696,2021-01-04 08:00:00+00:00,2021-01-04 09:00:00+00:00,1,1,-0.02454205421536932,False,0.059562297935836936,0.019273812484456566,1.5548922948690054,0.5031488636841233,LTC
1697,2021-01-04 16:00:00+00:00,2021-01-04 17:00:00+00:00,1,1,-0.021383233220161953,False,0.044855053538783,0.003003395142334865,0.9502771407117611,0.0636284548365964,LTC
1698,2021-01-06 08:00:00+00:00,2021-01-06 09:00:00+00:00,1,1,-0.0011038460412013422,False,0.014767932489451449,0.012658227848101217,0.5757214440678976,0.4934755234867684,LTC
1699,2021-01-06 16:00:00+00:00,2021-01-06 17:00:00+00:00,1,1,0.002281846303147807,False,0.0021228846970339924,0.03408746284951783,0.08436803985172708,1.3547096684763267,LTC
1700,2021-01-07 00:00:00+00:00,2021-01-07 01:00:00+00:00,1,1,0.008389180069748153,False,0.013594987587185314,0.02257950112306415,0.5539260009130688,0.9199988362990906,LTC
1701,2021-01-07 16:00:00+00:00,2021-01-07 17:00:00+00:00,1,1,0.049033649229871794,False,0.010793465577596233,0.05595099183197201,0.4325020321051131,2.241997020480026,LTC
1702,2021-01-08 00:00:00+00:00,2021-01-08 01:00:00+00:00,1,1,-0.025001119952844104,False,0.023990568818154985,0.016209843796050692,0.7391308474520966,0.4994127347649309,LTC
1703,2021-01-08 08:00:00+00:00,2021-01-08 09:00:00+00:00,1,1,0.0011420632502588306,False,0.011638535128877124,0.007799646578514244,0.31054422261018616,0.20811340572828513,LTC
1704,2021-01-09 00:00:00+00:00,2021-01-09 01:00:00+00:00,1,1,-0.008634869699657939,False,0.01733634835043781,0.021163100829129738,0.467117539701947,0.57022709696057,LTC
1705,2021-01-09 16:00:00+00:00,2021-01-09 17:00:00+00:00,1,1,-0.01954510907811397,False,0.021639690358902168,0.0049261083743842565,0.8070383993072393,0.1837160583788846,LTC
1706,2021-01-10 00:00:00+00:00,2021-01-10 01:00:00+00:00,1,1,0.005552511826988172,False,0.0021964406397838184,0.01576931741383201,0.0837108786357484,0.6010011799489425,LTC
1707,2021-01-10 08:00:00+00:00,2021-01-10 09:00:00+00:00,1,1,-0.021256134609775938,False,0.02673507966513647,0.005833108290575123,1.094496780651914,0.23879929759677687,LTC
1708,2021-01-10 16:00:00+00:00,2021-01-10 17:00:00+00:00,1,1,-0.009601842150711092,False,0.010995337056012876,0.01853664152898508,0.3787374622360005,0.638499805444986,LTC
1709,2021-01-19 00:00:00+00:00,2021-01-19 01:00:00+00:00,1,1,-0.0060710368860543255,False,0.010257084620948138,0.009139325399434456,0.5055413914827493,0.4504503424109062,LTC
1710,2021-01-19 16:00:00+00:00,2021-01-19 17:00:00+00:00,1,1,-0.015770933570767778,False,0.01498612395929699,0.017144619179771822,0.5998383054946475,0.6862347692490188,LTC
1711,2021-01-20 00:00:00+00:00,2021-01-20 01:00:00+00:00,1,1,0.025851418505103835,False,0.005861047085939983,0.029766216661178863,0.22211058471133793,1.1280222953879382,LTC
1712,2021-01-30 00:00:00+00:00,2021-01-30 01:00:00+00:00,1,1,-0.009164520913675544,False,0.008528626520320421,0.011791753188964724,0.34047827560227295,0.4707482245283587,LTC
1713,2021-02-03 00:00:00+00:00,2021-02-03 01:00:00+00:00,1,1,0.05303449021791091,False,0.0004217629692113193,0.058695346548573196,0.021818477186107802,3.0364047417332287,LTC
1714,2021-02-03 08:00:00+00:00,2021-02-03 09:00:00+00:00,1,1,-0.012383450924931195,False,0.020896109000393015,0.0007205554827722628,1.03104567177038,0.035553299026569264,LTC
1715,2021-02-03 16:00:00+00:00,2021-02-03 17:00:00+00:00,1,1,-0.010209488522039307,False,0.020769581352952652,0.009180285174816047,1.0418815134817023,0.4605181611314099,LTC
1716,2021-02-04 00:00:00+00:00,2021-02-04 01:00:00+00:00,1,1,0.004517529764540245,False,0.0004478853413525701,0.020218823981060827,0.024043692926148198,1.0854009949519374,LTC
1717,2021-02-04 08:00:00+00:00,2021-02-04 09:00:00+00:00,1,1,-0.022835903185385482,False,0.031326254698938204,0.028820154323023178,1.516757878300227,1.3954172480362104,LTC
1718,2021-02-04 16:00:00+00:00,2021-02-04 17:00:00+00:00,1,1,0.01749584037201553,False,0.0063159355913383185,0.022695724597445736,0.24783802951378678,0.8905828093517099,LTC
1719,2021-02-05 00:00:00+00:00,2021-02-05 01:00:00+00:00,1,1,0.01227488960352424,False,0.011013215859030798,0.016657488986784055,0.5087202790140699,0.7694394220087795,LTC
1720,2021-02-05 08:00:00+00:00,2021-02-05 09:00:00+00:00,1,1,0.007449232832730654,False,0.0,0.013144922773578704,0.0,0.7008033348332535,LTC
1721,2021-02-05 16:00:00+00:00,2021-02-05 17:00:00+00:00,1,1,-0.028613153673403953,False,0.033942893808148814,0.007763875521334668,1.8749528172013994,0.4288644440101534,LTC
1722,2021-02-06 00:00:00+00:00,2021-02-06 01:00:00+00:00,1,1,0.006259380118495464,False,0.0017387944358578712,0.010947964966512035,0.0980132727162692,0.617120605991297,LTC
1723,2021-02-06 08:00:00+00:00,2021-02-06 09:00:00+00:00,1,1,-0.005425934858431353,False,0.005637684790779111,0.01165121523427721,0.24375079901375363,0.5037516512951072,LTC
1724,2021-02-06 16:00:00+00:00,2021-02-06 17:00:00+00:00,1,1,-0.01102872989462007,False,0.014728538854994852,0.006285819929746606,0.725355594801272,0.3095659860658074,LTC
1725,2021-02-07 00:00:00+00:00,2021-02-07 01:00:00+00:00,1,1,0.0031508988186955034,False,0.0048151001540832055,0.012647663071391878,0.2547098135418795,0.6690377769033363,LTC
1726,2021-02-07 08:00:00+00:00,2021-02-07 09:00:00+00:00,1,1,0.00522753461528433,False,0.0011094433204985154,0.009919728512693404,0.056928221306428856,0.5090052728575224,LTC
1727,2021-02-07 16:00:00+00:00,2021-02-07 17:00:00+00:00,1,1,7.693282828284643e-05,False,0.021077441077441045,0.005925925925925895,1.055734563703047,0.29681994123280453,LTC
1728,2021-02-08 00:00:00+00:00,2021-02-08 01:00:00+00:00,1,1,0.0023096150023192335,False,0.0056987608508381506,0.013783049499701893,0.34016707241263816,0.8227296635096556,LTC
1729,2021-02-09 00:00:00+00:00,2021-02-09 01:00:00+00:00,1,1,-0.0008732333784510122,False,0.008884383757676997,0.015741458469977855,0.44911949457596784,0.7957553460943232,LTC
1730,2021-02-09 08:00:00+00:00,2021-02-09 09:00:00+00:00,1,1,0.01228305957168807,False,5.859260561311833e-05,0.022323782738618403,0.002617760025352997,0.9973665696603996,LTC
1731,2021-02-09 16:00:00+00:00,2021-02-09 17:00:00+00:00,1,1,0.01212313538096361,False,0.009197721338713574,0.03364585805839062,0.4102127882706817,1.500584844835318,LTC
1732,2021-02-10 00:00:00+00:00,2021-02-10 01:00:00+00:00,1,1,-0.014218440801933433,False,0.014006371525870654,0.013566955948588371,0.5715937083582473,0.553661356723476,LTC
1733,2021-02-10 08:00:00+00:00,2021-02-10 09:00:00+00:00,1,1,-0.0042578550437681805,False,0.018340975406419248,0.022040433513964248,0.6685964940104389,0.8034554459273248,LTC
1734,2021-02-10 16:00:00+00:00,2021-02-10 17:00:00+00:00,1,1,0.023652380499205792,False,0.015770365327887458,0.03329929657363288,0.411332969841546,0.868534004665423,LTC
1735,2021-02-11 00:00:00+00:00,2021-02-11 01:00:00+00:00,1,1,-0.02145480145198537,False,0.026069739302606868,0.010119898801012009,0.7988168913943821,0.3100892574189181,LTC
1736,2021-02-11 08:00:00+00:00,2021-02-11 09:00:00+00:00,1,1,0.028631277533039783,False,0.003138766519823751,0.031387665198237984,0.11737139615829198,1.1737139615829375,LTC
1737,2021-02-11 16:00:00+00:00,2021-02-11 17:00:00+00:00,1,1,-0.007275790367069889,False,0.015489072777424229,0.011404625503925191,0.6556595123015895,0.4827629970713681,LTC
1738,2021-02-12 00:00:00+00:00,2021-02-12 01:00:00+00:00,1,1,0.007307234412339759,False,0.0,0.02791657614599167,0.0,1.144981556899463,LTC
1739,2021-02-12 08:00:00+00:00,2021-02-12 09:00:00+00:00,1,1,0.005780679022469971,False,0.007708709201246496,0.011918429828877627,0.3383926506180236,0.5231886371257415,LTC
1740,2021-02-12 16:00:00+00:00,2021-02-12 17:00:00+00:00,1,1,0.022660515603799163,False,0.0,0.025563093622795158,0.0,1.1217429032678723,LTC
1741,2021-02-13 00:00:00+00:00,2021-02-13 01:00:00+00:00,1,1,0.026858365594803136,False,0.00035525781567191016,0.042833942346731615,0.016711019933860614,2.0148715463113898,LTC
1742,2021-02-13 08:00:00+00:00,2021-02-13 09:00:00+00:00,1,1,0.018565706155156958,False,0.008920517189535938,0.024857171494437245,0.3594282243832423,1.0015528050229683,LTC
1743,2021-02-13 16:00:00+00:00,2021-02-13 17:00:00+00:00,1,1,-0.00683900041726555,False,0.01988965645138853,0.02239324957114383,0.7084472037248167,0.7976223762216504,LTC
1744,2021-02-14 00:00:00+00:00,2021-02-14 01:00:00+00:00,1,1,-0.021717200092809506,False,0.022893003933353986,0.012065231802713527,0.8055593311532595,0.4245515393915806,LTC
1745,2021-02-14 08:00:00+00:00,2021-02-14 09:00:00+00:00,1,1,-0.018610511623849586,False,0.021808348235704628,0.009159506258995918,0.7730039383780424,0.3246616541187769,LTC
1746,2021-02-14 16:00:00+00:00,2021-02-14 17:00:00+00:00,1,1,0.019564628348054915,False,0.007423416651005509,0.026545762074797998,0.23464699880896442,0.8390857868801519,LTC
1747,2021-02-15 00:00:00+00:00,2021-02-15 01:00:00+00:00,1,1,0.0013935918424623954,False,0.010430796576079282,0.010337246831002423,0.38204429587936845,0.378617889638301,LTC
1748,2021-02-15 08:00:00+00:00,2021-02-15 09:00:00+00:00,1,1,0.013837027441285442,False,0.010086526576019737,0.019579728059332547,0.2921768307751668,0.5671667891517979,LTC
1749,2021-02-16 16:00:00+00:00,2021-02-16 17:00:00+00:00,1,1,-0.0336159261344938,False,0.03338564702525329,0.006039853521662537,1.2608882604756615,0.2281094146444537,LTC
1750,2021-02-17 00:00:00+00:00,2021-02-17 01:00:00+00:00,1,1,-0.011690330243161134,False,0.010923252279635313,0.011873100303951367,0.4350865802946989,0.47292019597249635,LTC
1751,2021-02-18 00:00:00+00:00,2021-02-18 01:00:00+00:00,1,1,-0.014193085634917264,False,0.01346858032745493,0.008081148196472862,0.5768783674352577,0.3461270204611505,LTC
1752,2021-02-18 08:00:00+00:00,2021-02-18 09:00:00+00:00,1,1,-3.8245629256870904e-05,False,0.005769814758578734,0.010021257212268458,0.26605812490507813,0.46210095378251015,LTC
1753,2021-02-18 16:00:00+00:00,2021-02-18 17:00:00+00:00,1,1,0.006000864579273658,False,0.0068644818423384026,0.010806023029229396,0.294157130966541,0.4630602577795833,LTC
1754,2021-02-19 00:00:00+00:00,2021-02-19 01:00:00+00:00,1,1,-0.0015700249911816885,False,0.0003527336860670745,0.019444444444444427,0.017999621406419947,0.9922291300287437,LTC
1755,2021-02-19 08:00:00+00:00,2021-02-19 09:00:00+00:00,1,1,0.0016697938640077084,False,0.005028797386744552,0.010874237084157145,0.2536931799120429,0.548584397587586,LTC
1756,2021-02-19 16:00:00+00:00,2021-02-19 17:00:00+00:00,1,1,-0.005947509512636952,False,0.004959889588544836,0.01707927197446726,0.2666918569848188,0.9183476118781494,LTC
1757,2021-02-20 00:00:00+00:00,2021-02-20 01:00:00+00:00,1,1,-0.0075548948390911745,False,0.024326378917138233,0.006630627586789396,1.3074825013732179,0.3563797790201296,LTC
1758,2021-02-20 08:00:00+00:00,2021-02-20 09:00:00+00:00,1,1,-0.0015164676130389558,False,0.0009674027339642051,0.016824395373291272,0.04714800359496359,0.8199652799124468,LTC
1759,2021-02-20 16:00:00+00:00,2021-02-20 17:00:00+00:00,1,1,0.014010927649354566,False,0.00021443581935919265,0.01775528584294727,0.00956278362751462,0.7917984843584834,LTC
1760,2021-02-21 00:00:00+00:00,2021-02-21 01:00:00+00:00,1,1,0.00925787574140119,False,0.015325670498084247,0.0113180957414013,0.5854354840753532,0.432347469561396,LTC
1761,2021-02-22 00:00:00+00:00,2021-02-22 01:00:00+00:00,1,1,-0.025595117491757902,False,0.02342960130115615,0.001011033452019824,1.2302760053010326,0.05308883324938542,LTC
1762,2021-03-10 00:00:00+00:00,2021-03-10 01:00:00+00:00,1,1,0.006874629861751334,False,0.003284635748602743,0.016423178743014133,0.2021939841275305,1.0109699206376783,LTC
1763,2021-03-21 00:00:00+00:00,2021-03-21 01:00:00+00:00,1,1,-0.0034468603374264257,False,0.008884895677348513,0.008984725965857957,0.9673272503758366,0.9781960958856676,LTC
1764,2021-03-31 00:00:00+00:00,2021-03-31 01:00:00+00:00,1,1,0.008657718805817938,False,0.003878540443990768,0.010563919367185617,0.3615860699812054,0.9848462695540946,LTC
1765,2021-04-01 08:00:00+00:00,2021-04-01 09:00:00+00:00,1,1,0.0008881941772152017,False,0.007443037974683538,0.012253164556961961,0.5468160820359225,0.9002006248482494,LTC
1766,2021-04-01 16:00:00+00:00,2021-04-01 17:00:00+00:00,1,1,-0.009527614521968868,False,0.011644975046482021,0.0057735590566591975,0.7981090056175835,0.3957011036255276,LTC
1767,2021-04-02 00:00:00+00:00,2021-04-02 01:00:00+00:00,1,1,-0.008196111247846426,False,0.009549593896135848,0.01393059315776512,0.6370172004218092,0.9292570500998517,LTC
1768,2021-04-02 08:00:00+00:00,2021-04-02 09:00:00+00:00,1,1,0.0013226947245359904,False,0.00038969262993805877,0.010765258902041054,0.02646739593698563,0.7311618127593761,LTC
1769,2021-04-02 16:00:00+00:00,2021-04-02 17:00:00+00:00,1,1,0.003966485915831087,False,0.009069533087000271,0.021258217764768016,0.619498305868307,1.4520515846542983,LTC
1770,2021-04-03 00:00:00+00:00,2021-04-03 01:00:00+00:00,1,1,0.006944447148518572,False,0.000424608416682409,0.01622947725986034,0.027092674729958667,1.0355422341228246,LTC
1771,2021-04-03 08:00:00+00:00,2021-04-03 09:00:00+00:00,1,1,-0.011696799592422823,False,0.018063081839655437,0.013292575610207979,1.2454129033015602,0.9164961621731996,LTC
1772,2021-04-03 16:00:00+00:00,2021-04-03 17:00:00+00:00,1,1,-0.002274926481222693,False,0.012004049558887378,0.01658390782432627,0.7054999685228612,0.9746666231801736,LTC
1773,2021-04-04 00:00:00+00:00,2021-04-04 01:00:00+00:00,1,1,3.666121112915334e-05,False,0.01800327332242231,0.012019230769230739,0.7931096042248413,0.5294907869114679,LTC
1774,2021-04-05 08:00:00+00:00,2021-04-05 09:00:00+00:00,1,1,-0.003935271185030057,False,0.010714107739073988,0.004235810036378247,0.6526199910143984,0.25801255458709743,LTC
1775,2021-04-05 16:00:00+00:00,2021-04-05 17:00:00+00:00,1,1,0.007099334884463342,False,0.004954976416217982,0.019534041640859607,0.320963842055494,1.2653382234880217,LTC
1776,2021-04-06 00:00:00+00:00,2021-04-06 01:00:00+00:00,1,1,0.02101344087991332,False,0.0069419401370356655,0.03227551388388026,0.4101580806011887,1.9069687383795615,LTC
1777,2021-04-06 08:00:00+00:00,2021-04-06 09:00:00+00:00,1,1,0.004038157595598602,False,0.003501113990815306,0.021234029009230153,0.18699174971866078,1.1340928197222493,LTC
1778,2021-04-06 16:00:00+00:00,2021-04-06 17:00:00+00:00,1,1,0.027318727703593428,False,0.01637252817350625,0.04371677652562195,0.5784441189041607,1.5445209200869563,LTC
1779,2021-04-07 00:00:00+00:00,2021-04-07 01:00:00+00:00,1,1,-0.019030111148534874,False,0.02576625126305155,0.02618726844055237,0.905110962792203,0.9199003576090683,LTC
1780,2021-04-07 08:00:00+00:00,2021-04-07 09:00:00+00:00,1,1,-0.014924754960223694,False,0.02562889701139543,0.005848204687163987,0.893646532987086,0.20391934309772183,LTC
1781,2021-04-10 16:00:00+00:00,2021-04-10 17:00:00+00:00,1,1,0.006573690932311572,False,0.007066836951894409,0.014474244359301855,0.45376852338461665,0.9294054093419893,LTC
1782,2021-04-11 00:00:00+00:00,2021-04-11 01:00:00+00:00,1,1,-0.012235678355306659,False,0.0176564383774744,0.008983782522459465,0.7156021119749779,0.364105920410177,LTC
1783,2021-04-11 08:00:00+00:00,2021-04-11 09:00:00+00:00,1,1,0.0034375881577928713,False,0.00019375339068438102,0.020925366193908303,0.007541688081631773,0.8145023128160428,LTC
1784,2021-04-11 16:00:00+00:00,2021-04-11 17:00:00+00:00,1,1,-0.025422692793931785,False,0.028089443742098662,0.005017383059418385,1.1375738557140402,0.2031953300642486,LTC
1785,2021-04-12 00:00:00+00:00,2021-04-12 01:00:00+00:00,1,1,-0.016567487534111143,False,0.019537275064267345,0.012062487640893856,0.8713216776319909,0.5379617645298751,LTC
1786,2021-04-12 08:00:00+00:00,2021-04-12 09:00:00+00:00,1,1,-0.0015155102528878837,False,0.0008585700905402251,0.014673743365594719,0.04185360310570369,0.7153161258064817,LTC
1787,2021-04-12 16:00:00+00:00,2021-04-12 17:00:00+00:00,1,1,0.0033620605177000864,False,0.015142214037241615,0.011458972784939682,0.6720447159990104,0.5085743796749305,LTC
1788,2021-04-13 00:00:00+00:00,2021-04-13 01:00:00+00:00,1,1,0.028332938195329137,False,0.00020414829332019823,0.03299036420055534,0.010751151655086213,1.7373861074625274,LTC
1789,2021-04-13 08:00:00+00:00,2021-04-13 09:00:00+00:00,1,1,0.001466679295624355,False,0.004268943436499483,0.013874066168623213,0.22000339175243805,0.7150110231954182,LTC
1790,2021-04-13 16:00:00+00:00,2021-04-13 17:00:00+00:00,1,1,0.004296633274904062,False,0.0035803528139334634,0.02170588893447206,0.19059945531206146,1.1555091978293959,LTC
1791,2021-04-14 00:00:00+00:00,2021-04-14 01:00:00+00:00,1,1,0.017034232450464405,False,0.0017537967834621712,0.021866487555505854,0.09085149042935883,1.1327441147149215,LTC
1792,2021-04-14 08:00:00+00:00,2021-04-14 09:00:00+00:00,1,1,-0.01996756874252798,False,0.029091040828895316,0.012172589935876586,1.3700610785373266,0.5732758684788857,LTC
1793,2021-04-14 16:00:00+00:00,2021-04-14 17:00:00+00:00,1,1,0.0153718822402829,False,0.00940662979267788,0.02483350265266969,0.3695230756181182,0.9755409196318354,LTC
1794,2021-04-15 00:00:00+00:00,2021-04-15 01:00:00+00:00,1,1,-0.023214209545682304,False,0.02028332260141667,0.015525506188738552,0.7762264748560384,0.5941486597663452,LTC
1795,2021-04-15 08:00:00+00:00,2021-04-15 09:00:00+00:00,1,1,-0.007509604931966573,False,0.010104694852806996,0.013971473388538228,0.43161585779897776,0.5967829369567108,LTC
1796,2021-04-15 16:00:00+00:00,2021-04-15 17:00:00+00:00,1,1,-0.007710309859505501,False,0.006651253779121482,0.01746398719544736,0.31097002294838805,0.8165041779019194,LTC
1797,2021-04-16 00:00:00+00:00,2021-04-16 01:00:00+00:00,1,1,0.002080122239698029,False,0.0019572891545209963,0.01366607248960179,0.09290777791073565,0.6486953779124499,LTC
1798,2021-04-16 08:00:00+00:00,2021-04-16 09:00:00+00:00,1,1,-0.01264780433574193,False,0.011603668704835934,0.009658143413007329,0.44166813599156934,0.36761599343011525,LTC
1799,2021-04-16 16:00:00+00:00,2021-04-16 17:00:00+00:00,1,1,0.03687717966653326,False,0.00370148059223694,0.05535547552354283,0.11451431639490514,1.7125564433832474,LTC
1800,2021-04-17 00:00:00+00:00,2021-04-17 01:00:00+00:00,1,1,0.044896682984388196,False,0.0,0.07404288398004798,0.0,2.355237801761223,LTC
1801,2021-04-17 08:00:00+00:00,2021-04-17 09:00:00+00:00,1,1,0.01037092774690045,False,0.0051609356868014345,0.018048005863311626,0.17838640276412607,0.6238246392520657,LTC
1802,2021-04-17 16:00:00+00:00,2021-04-17 17:00:00+00:00,1,1,0.014300735259718894,False,0.03097027115321796,0.03159098333877804,0.8495939595957367,0.8666216866340426,LTC
1803,2021-04-18 08:00:00+00:00,2021-04-18 09:00:00+00:00,1,1,-0.0428219840143422,False,0.04381116008067535,0.010532606259804261,0.8119739478427973,0.19520601303637503,LTC
1804,2021-05-05 16:00:00+00:00,2021-05-05 17:00:00+00:00,1,1,0.005412609053398677,False,0.013923942943028013,0.01814933499702231,0.4236953284823082,0.5522708965960856,LTC
1805,2021-05-06 08:00:00+00:00,2021-05-06 09:00:00+00:00,1,1,-0.004759960469550746,False,0.00649505422476465,0.0166845429626982,0.2022463704301282,0.5195319607379445,LTC
1806,2021-05-06 16:00:00+00:00,2021-05-06 17:00:00+00:00,1,1,0.0024718980862080036,False,0.013699028561456517,0.047059507882031316,0.47684701299298904,1.6380859172455624,LTC
1807,2021-05-07 00:00:00+00:00,2021-05-07 01:00:00+00:00,1,1,-0.02366006649011094,False,0.022341804248605417,0.012903589339043174,0.6696417432244262,0.3867539954562243,LTC
1808,2021-05-08 16:00:00+00:00,2021-05-08 17:00:00+00:00,1,1,0.007192846497764461,False,0.0028614008941877183,0.02077496274217594,0.12317571458199494,0.8943070110797151,LTC
1809,2021-05-09 00:00:00+00:00,2021-05-09 01:00:00+00:00,1,1,-0.01120359720726934,False,0.009834368530020749,0.006728778467908994,0.4623246408798666,0.3163273858651747,LTC
1810,2021-05-09 08:00:00+00:00,2021-05-09 09:00:00+00:00,1,1,0.00862569988735328,False,0.0014806642666356721,0.02279061665311817,0.06754476813496475,1.0396596663911457,LTC
1811,2021-05-20 00:00:00+00:00,2021-05-20 01:00:00+00:00,-1,1,0.06324510647451072,False,0.05280705528070549,0.10642073564207367,0.5031701573524632,1.0140262132388251,LTC
1812,2024-03-05 16:00:00+00:00,2024-03-05 17:00:00+00:00,1,1,-0.020028490672696582,False,0.0395703787450537,0.006105144149236767,1.9088498548766155,0.29450826332381635,LTC
1813,2024-03-12 08:00:00+00:00,2024-03-12 09:00:00+00:00,1,1,-0.013238498127719888,False,0.028438417164254652,0.0026313126201800516,1.5626212258957208,0.1445841703675704,LTC
