,entry,exit,direction,bars,return,open,mae,mfe,mae_atr,mfe_atr,symbol
0,2019-10-26 00:00:00+00:00,2019-11-19 00:00:00+00:00,1,24,-0.035123179014040766,False,0.06936416184971098,0.2032924855491329,1.3965607892727727,4.093040361200642,BTC
1,2019-11-20 00:00:00+00:00,2019-11-23 00:00:00+00:00,1,3,-0.05157673313581609,False,0.16834979155650115,0.012088493181007683,3.8418489539056773,0.27586707683070383,BTC
2,2019-12-23 00:00:00+00:00,2019-12-26 00:00:00+00:00,1,3,-0.016283617244133353,False,0.050610962132076644,0.025067573691309505,1.1248065346421712,0.5571158797974856,BTC
3,2020-01-02 00:00:00+00:00,2020-01-03 00:00:00+00:00,1,1,-0.017961861776509633,False,0.03828653281593645,0.0016700080721688622,1.034074977872926,0.045104986878227074,BTC
4,2020-01-07 00:00:00+00:00,2020-02-26 00:00:00+00:00,1,50,0.06326715792160517,False,0.01126538694071077,0.358704409601683,0.30743389935368637,9.78909077332141,BTC
5,2020-04-10 00:00:00+00:00,2020-06-05 00:00:00+00:00,1,56,0.1121510138232742,False,0.11174050132922997,0.4421973855041801,1.5353480341479178,6.0759248299666675,BTC
6,2020-06-07 00:00:00+00:00,2020-06-12 00:00:00+00:00,1,5,-0.017345939993603846,False,0.06301014072847685,0.036422806291390705,1.241185132220122,0.7174630165867345,BTC
7,2020-06-13 00:00:00+00:00,2020-06-15 00:00:00+00:00,1,2,-0.005705338588473473,False,0.023040709764655814,0.0041167534102767135,0.4641361715396601,0.0829286157646809,BTC
8,2020-06-19 00:00:00+00:00,2020-06-26 00:00:00+00:00,1,7,-0.007126825281582469,False,0.04014138328364383,0.044066091142333,0.9249241781236582,1.0153559692984446,BTC
9,2020-07-23 00:00:00+00:00,2020-08-30 00:00:00+00:00,1,38,0.13516049250112883,False,0.008235757623512665,0.31320568381792874,0.37547824277069286,14.279429429783322,BTC
10,2020-08-31 00:00:00+00:00,2020-09-03 00:00:00+00:00,1,3,-0.01874036337795289,False,0.047646690239317564,0.02961634400818159,1.438175077782714,0.8939443145718957,BTC
11,2020-10-02 00:00:00+00:00,2021-02-05 00:00:00+00:00,1,126,0.5839764432435542,False,0.022765327727434063,2.9693751690203096,0.655595608580143,85.51202707662725,BTC
12,2021-02-08 00:00:00+00:00,2021-03-22 00:00:00+00:00,1,42,0.10188083959594346,False,0.02090773953165119,0.5946253788683179,0.27253211141220984,7.7509340384187215,BTC
13,2021-03-23 00:00:00+00:00,2021-04-11 00:00:00+00:00,1,19,0.027540937171431197,False,0.06793847945558759,0.14170519767757214,0.9488923634459947,1.9791873620715017,BTC
14,2021-04-12 00:00:00+00:00,2021-04-19 00:00:00+00:00,1,7,-0.03573556935685616,False,0.16708548149282243,0.08147601439169788,3.514311095328129,1.7136860654895278,BTC
15,2021-04-20 00:00:00+00:00,2021-04-24 00:00:00+00:00,1,4,-0.03517573910676911,False,0.1453818402610327,0.02562461815434663,2.3609825669031475,0.4161405347279689,BTC
16,2021-05-02 00:00:00+00:00,2021-05-03 00:00:00+00:00,1,1,-0.007655949932746313,False,0.030021609251207747,0.002137583394799959,0.5069099640302658,0.03609274615171236,BTC
17,2021-05-06 00:00:00+00:00,2021-05-07 00:00:00+00:00,1,1,-0.006568917857679159,False,0.038259918602060454,0.016561164024274388,0.6380697108773427,0.276194449096186,BTC
18,2021-06-17 00:00:00+00:00,2021-06-18 00:00:00+00:00,1,1,-0.002199056735970382,False,0.02634530682903127,0.031817210966653485,0.29935599123767176,0.361532047781844,BTC
19,2021-06-21 00:00:00+00:00,2021-06-22 00:00:00+00:00,1,1,-0.02989770998478477,False,0.12189648157389552,0.0044295033471354744,1.3782443658049146,0.05008297165494946,BTC
20,2021-07-06 00:00:00+00:00,2021-07-08 00:00:00+00:00,1,2,0.0009585423657763529,False,0.005129374757964345,0.04298078682090425,0.06507743202954787,0.5453060782059017,BTC
21,2021-07-24 00:00:00+00:00,2021-09-11 00:00:00+00:00,1,49,0.10795937548429127,False,0.007571104159246245,0.5742782848304983,0.13436806578118107,10.191995874019318,BTC
22,2021-09-15 00:00:00+00:00,2021-09-18 00:00:00+00:00,1,3,0.00047319269968620166,False,0.008753550329410262,0.029749498695823356,0.15509703423826474,0.5271071558582313,BTC
23,2021-10-06 00:00:00+00:00,2021-11-17 00:00:00+00:00,1,42,0.044274352219690845,False,0.020311292637156468,0.3448360435268637,0.39844932522613474,6.7646944638854105,BTC
24,2022-02-07 00:00:00+00:00,2022-02-12 00:00:00+00:00,1,5,-0.0019139299796775257,False,0.017742352403783083,0.08229553590714181,0.3513126718992527,1.6295169855128278,BTC
25,2022-02-15 00:00:00+00:00,2022-02-18 00:00:00+00:00,1,3,-0.01930627635064777,False,0.05890727226294848,0.052953617554227936,1.2328712266565702,1.108267093722601,BTC
26,2022-02-19 00:00:00+00:00,2022-02-28 00:00:00+00:00,1,9,-0.02215846869414512,False,0.1416951069387593,0.011867349900417237,2.6885234370822886,0.22517113704651454,BTC
27,2022-03-01 00:00:00+00:00,2022-03-05 00:00:00+00:00,1,4,-0.026938023641175753,False,0.10738037307380373,0.05086316765148882,1.7315304337015416,0.820178960288063,BTC
28,2022-03-18 00:00:00+00:00,2022-04-12 00:00:00+00:00,1,25,-0.03181362036353258,False,0.0430680153845778,0.17853885632828914,0.7599049132748738,3.1501928501429535,BTC
29,2022-04-13 00:00:00+00:00,2022-04-15 00:00:00+00:00,1,2,-0.0019315457986012908,False,0.013447094034802116,0.03792494889005941,0.2905096756385641,0.8193268056388968,BTC
30,2022-06-07 00:00:00+00:00,2022-06-11 00:00:00+00:00,1,4,-0.029061594567051895,False,0.08150836064946497,0.0075826180120658416,1.5893323833651365,0.14785354853463273,BTC
31,2022-07-15 00:00:00+00:00,2022-08-20 00:00:00+00:00,1,36,-0.016622811556088128,False,0.010413730768856932,0.2245731002108988,0.16587733388229636,3.5771605730454845,BTC
32,2022-08-23 00:00:00+00:00,2022-08-25 00:00:00+00:00,1,2,-0.0013346574679517437,False,0.02394912797493808,0.02518352270070597,0.49774112187547925,0.5233958770834284,BTC
33,2022-10-05 00:00:00+00:00,2022-10-08 00:00:00+00:00,1,3,-0.02093692489967808,False,0.05058771455269751,0.00545418777357013,1.1005936401112397,0.11866209866647702,BTC
34,2022-10-18 00:00:00+00:00,2022-10-21 00:00:00+00:00,1,3,-0.020084057059541405,False,0.033683714931987616,0.008484898109577133,0.9235301500044208,0.2326364309795447,BTC
35,2022-10-23 00:00:00+00:00,2022-11-03 00:00:00+00:00,1,11,0.037312412236456934,False,0.007559220842819186,0.09861370870690966,0.23249846928288567,3.0330554962479606,BTC
36,2022-11-04 00:00:00+00:00,2022-11-09 00:00:00+00:00,1,5,-0.04942542730996557,False,0.1668193091976614,0.06307024361747947,5.408489347688665,2.0448156895140093,BTC
37,2022-12-08 00:00:00+00:00,2022-12-09 00:00:00+00:00,1,1,0.011040530728293045,False,0.0069883527454242065,0.027745424292845343,0.20984364814210069,0.8331292458975198,BTC
38,2022-12-10 00:00:00+00:00,2022-12-17 00:00:00+00:00,1,7,-0.01751202294891878,False,0.03509519915897684,0.07464081298913679,1.103843827858897,2.347665854557609,BTC
39,2022-12-18 00:00:00+00:00,2022-12-29 00:00:00+00:00,1,11,-0.011944278856638796,False,0.03327767175572519,0.016793893129770907,1.0136589734196246,0.5115526288798653,BTC
40,2023-01-05 00:00:00+00:00,2023-01-06 00:00:00+00:00,1,1,-0.002748873246247539,False,0.006038439387012136,0.0018228130696291277,0.3024842718855315,0.09131039475797742,BTC
41,2023-01-09 00:00:00+00:00,2023-01-10 00:00:00+00:00,1,1,0.0009674332604366671,False,0.0015474723644793777,0.0153637727960197,0.08699199040484829,0.8636827424722814,BTC
42,2023-01-12 00:00:00+00:00,2023-02-27 00:00:00+00:00,1,46,0.19107398693138958,False,0.0018566323031718457,0.41324843747386486,0.09937185546677818,22.11814581183871,BTC
43,2023-02-28 00:00:00+00:00,2023-03-02 00:00:00+00:00,1,2,0.0023954098712770447,False,0.02008517887563878,0.02311328790459969,0.5090588249764548,0.5858062432458085,BTC
44,2023-03-13 00:00:00+00:00,2023-03-16 00:00:00+00:00,1,3,0.03905210742054379,False,0.008287016401197148,0.2048421282440804,0.1913401664050464,4.729630666511548,BTC
45,2023-03-17 00:00:00+00:00,2023-04-21 00:00:00+00:00,1,35,0.04290245195059765,False,0.004605768615148304,0.2428372495038094,0.09743326324434633,5.137128595348642,BTC
46,2023-04-23 00:00:00+00:00,2023-04-24 00:00:00+00:00,1,1,-0.004897686237609427,False,0.018969907074426768,3.5961909145309417e-06,0.5032693968106213,9.540652072100431e-05,BTC
47,2023-04-25 00:00:00+00:00,2023-05-09 00:00:00+00:00,1,14,-0.0010955703537791164,False,0.011670151831984778,0.09276116010546416,0.31586336617814764,2.5106659024948517,BTC
48,2023-06-21 00:00:00+00:00,2023-07-20 00:00:00+00:00,1,29,0.023808111960178763,False,0.001915830699949704,0.12581564194467426,0.05675616113421705,3.7272671575856657,BTC
49,2023-09-16 00:00:00+00:00,2023-09-27 00:00:00+00:00,1,11,-0.014678698772049567,False,0.023545471981226748,0.033428477949389135,0.8254752543985836,1.1719612739736525,BTC
50,2023-09-29 00:00:00+00:00,2024-01-04 00:00:00+00:00,1,97,0.31389001877131717,False,0.018021753455897026,0.7011084044750813,0.7427511558799406,28.895583279140325,BTC
51,2024-01-05 00:00:00+00:00,2024-01-06 00:00:00+00:00,1,1,-0.0009965965502129687,False,0.04176803990594382,0.008069083314078015,1.0104034714247758,0.1951978069863877,BTC
52,2024-01-07 00:00:00+00:00,2024-01-16 00:00:00+00:00,1,9,-0.00933539703189992,False,0.05884654671529021,0.11535897826724943,1.4547031767846557,2.8517063706033343,BTC
53,2024-01-17 00:00:00+00:00,2024-01-18 00:00:00+00:00,1,1,-0.004275624116476484,False,0.021630769944126306,0.001506966823545777,0.4331890541764945,0.030179301737912265,BTC
54,2024-02-10 00:00:00+00:00,2024-04-04 00:00:00+00:00,1,54,0.1893556784894627,False,0.005936399659564291,0.5680712113269136,0.18398922229540163,17.60645953343998,BTC
55,2024-04-05 00:00:00+00:00,2024-04-06 00:00:00+00:00,1,1,-0.004112577295795488,False,0.03685068893369671,0.004339325944409492,0.7241639324195632,0.08527339463334646,BTC
56,2024-04-07 00:00:00+00:00,2024-04-09 00:00:00+00:00,1,2,0.014732263866036342,False,0.001175589536382319,0.05789125361384914,0.024153526005457546,1.1894269695131947,BTC
57,2024-04-17 00:00:00+00:00,2024-04-18 00:00:00+00:00,1,1,-0.016753033844868204,False,0.06492589978828511,0.011264800439112412,1.098618224586088,0.1906129156328962,BTC
58,2024-04-21 00:00:00+00:00,2024-04-22 00:00:00+00:00,1,1,-0.0006169816916320723,False,0.010524336951363079,0.012042122002181913,0.17753659642706252,0.20314033690739292,BTC
59,2024-05-16 00:00:00+00:00,2024-06-15 00:00:00+00:00,1,30,-0.01139345014102629,False,0.024305104313687476,0.09019363691039278,0.5607981006000805,2.0810616409112512,BTC
60,2024-06-17 00:00:00+00:00,2024-06-18 00:00:00+00:00,1,1,-0.0033227278002867728,False,0.02338508347636143,0.009406843741373308,0.7699230815323139,0.3097079438767944,BTC
61,2024-07-20 00:00:00+00:00,2024-08-06 00:00:00+00:00,1,17,-0.11575492441916786,False,0.26625332630924875,0.0518266371895258,6.825115318442556,1.328519648144242,BTC
62,2024-08-09 00:00:00+00:00,2024-08-12 00:00:00+00:00,1,3,-0.01515999414923687,False,0.05521263448794841,0.005517371123487216,0.9641772282511775,0.09634975121931841,BTC
63,2024-09-03 00:00:00+00:00,2024-09-06 00:00:00+00:00,1,3,-0.023937844853520383,False,0.060175497064052855,0.01146804123013734,1.3897532084637023,0.2648544319860409,BTC
64,2024-09-13 00:00:00+00:00,2024-09-17 00:00:00+00:00,1,4,0.0006746504417972888,False,0.011200234091261117,0.04303148183210837,0.2648032057135129,1.0173782300350165,BTC
65,2024-09-18 00:00:00+00:00,2024-09-21 00:00:00+00:00,1,3,0.022961411854134032,False,0.01896119838755163,0.06379622103150241,0.47342090466111997,1.5928563193834364,BTC
66,2024-09-24 00:00:00+00:00,2024-12-20 00:00:00+00:00,1,87,0.22624084876688008,False,0.06953966699314397,0.7119016776721115,1.9825038814619003,20.295579490528002,BTC
67,2024-12-24 00:00:00+00:00,2024-12-28 00:00:00+00:00,1,4,-0.003123387810909975,False,0.014980850949440875,0.0536458042337691,0.3302901815644733,1.1827554042385753,BTC
68,2025-01-07 00:00:00+00:00,2025-01-09 00:00:00+00:00,1,2,-0.0422281328772951,False,0.09473832554971398,0.005692872605705318,2.754671714392678,0.16552957897011011,BTC
69,2025-01-16 00:00:00+00:00,2025-02-03 00:00:00+00:00,1,18,-0.021466180935628337,False,0.04410113478001189,0.09496316942066495,1.1825037556982334,2.5462905898702517,BTC
70,2025-02-05 00:00:00+00:00,2025-02-12 00:00:00+00:00,1,7,-0.013565190555528574,False,0.03131514820913734,0.024588091892428506,0.6431524552334017,0.5049917555716887,BTC
71,2025-03-27 00:00:00+00:00,2025-03-30 00:00:00+00:00,1,3,-0.02440131200911194,False,0.06069493909556164,0.009768192481507558,1.4824474844735702,0.23858385209457178,BTC
72,2025-04-08 00:00:00+00:00,2025-04-09 00:00:00+00:00,1,1,-0.018056767241241178,False,0.03714809198888039,0.021381096790497926,0.778740920143387,0.44821507907569386,BTC
73,2025-04-13 00:00:00+00:00,2025-04-17 00:00:00+00:00,1,4,-0.006062936049603836,False,0.026353331503159428,0.014139266851091853,0.5336754188070232,0.28633112885465967,BTC
74,2025-04-18 00:00:00+00:00,2025-04-21 00:00:00+00:00,1,3,0.0004859671347185887,False,0.011953129600188423,0.008066890419831597,0.2776666125814566,0.1873907680968451,BTC
75,2020-01-11 00:00:00+00:00,2020-03-09 00:00:00+00:00,1,58,0.1492377336265994,False,0.021339779005524882,0.9958563535911601,0.39562671683765566,18.46258011909058,ETH
76,2020-04-10 00:00:00+00:00,2020-05-28 00:00:00+00:00,1,48,0.04898717823962227,False,0.1262244777528621,0.3424997049451197,1.3250876369142184,3.5955159629032805,ETH
77,2020-05-29 00:00:00+00:00,2020-06-28 00:00:00+00:00,1,30,-0.0008509422122370603,False,0.030546477850399375,0.1550472040668119,0.5659046242599849,2.872407424178471,ETH
78,2020-07-10 00:00:00+00:00,2020-07-21 00:00:00+00:00,1,11,-0.015492142248729317,False,0.050287178215776156,0.014668815338209212,1.2247455567600214,0.35725938590781386,ETH
79,2020-07-22 00:00:00+00:00,2020-09-04 00:00:00+00:00,1,44,0.20598632706642986,False,0.01645219091057172,0.9926698159309333,0.5031350139940037,30.357473022568957,ETH
80,2020-09-05 00:00:00+00:00,2020-09-06 00:00:00+00:00,1,1,-0.029696982661976592,False,0.20207684319833846,0.025155763239875385,2.2984861594874393,0.2861296362465736,ETH
81,2020-10-04 00:00:00+00:00,2020-10-05 00:00:00+00:00,1,1,0.005602100770986638,False,0.005900728913571735,0.024817771607080825,0.09024590140376565,0.3795636441393628,ETH
82,2020-10-07 00:00:00+00:00,2020-10-08 00:00:00+00:00,1,1,0.0001522036562758998,False,0.02474680757375591,0.0066050198150594455,0.40870462873252855,0.10908486532007054,ETH
83,2020-10-12 00:00:00+00:00,2020-10-16 00:00:00+00:00,1,4,0.0022208100463651727,False,0.02374529234220996,0.056198082213734395,0.4730370992624266,1.119538871595217,ETH
84,2020-10-19 00:00:00+00:00,2020-12-22 00:00:00+00:00,1,64,0.17903892737979224,False,0.03539612466626144,0.7928044621850961,0.7737603316692655,17.330728982145533,ETH
85,2020-12-23 00:00:00+00:00,2021-03-03 00:00:00+00:00,1,70,0.1735666106097771,False,0.1418549905838043,2.2140615191462647,2.2948436677708024,35.817739202246315,ETH
86,2021-03-08 00:00:00+00:00,2021-03-13 00:00:00+00:00,1,5,0.0025109377776691396,False,0.034372955541531885,0.08994748817470742,0.3684005799047618,0.9640342613104875,ETH
87,2021-03-14 00:00:00+00:00,2021-03-18 00:00:00+00:00,1,4,-0.014506180979093723,False,0.1106216297650836,0.005683294024748852,1.3771712367476294,0.07075351427641184,ETH
88,2021-03-24 00:00:00+00:00,2021-03-25 00:00:00+00:00,1,1,-0.016919633370502552,False,0.0773424068338794,0.04379002354237936,1.0116320846944238,0.5727697729932816,ETH
89,2021-03-26 00:00:00+00:00,2021-05-24 00:00:00+00:00,1,59,0.15743398632823813,False,0.11765039370078739,1.7585385826771656,1.4507470722947244,21.684540272976054,ETH
90,2021-05-25 00:00:00+00:00,2021-05-28 00:00:00+00:00,1,3,0.00370288445588821,False,0.10141284202818138,0.09954817742245978,0.5017306412858547,0.4925053858872164,ETH
91,2021-06-21 00:00:00+00:00,2021-06-22 00:00:00+00:00,1,1,-0.03427656221920313,False,0.16869844384001426,0.0073884157488741985,1.436440352247708,0.06291118210272444,ETH
92,2021-07-22 00:00:00+00:00,2021-09-11 00:00:00+00:00,1,51,0.1564088914716607,False,0.02530205613658801,1.0227813719938461,0.29975715581389983,12.11704034775953,ETH
93,2021-09-12 00:00:00+00:00,2021-09-21 00:00:00+00:00,1,9,-0.026582693960773073,False,0.11023405147479665,0.1257242373509058,1.3948146368000567,1.5908152164547964,ETH
94,2021-09-24 00:00:00+00:00,2021-09-25 00:00:00+00:00,1,1,-0.016115946293031563,False,0.13320849335068394,0.0021582505474974393,1.5745476965516585,0.025510899062548408,ETH
95,2021-10-06 00:00:00+00:00,2021-10-14 00:00:00+00:00,1,8,0.006491501668539965,False,0.05059357978644768,0.044851093346675606,0.7293273015338074,0.6465469931055173,ETH
96,2021-10-15 00:00:00+00:00,2021-11-19 00:00:00+00:00,1,35,0.0019097899427917998,False,0.042135475556047505,0.28552866356191964,0.7192404593998568,4.873892235509072,ETH
97,2021-11-20 00:00:00+00:00,2021-11-23 00:00:00+00:00,1,3,-0.016091799170454654,False,0.06383925244093308,0.03320647313110248,1.0485895742454403,0.5454318493931674,ETH
98,2021-11-24 00:00:00+00:00,2021-11-27 00:00:00+00:00,1,3,-0.019483897593168223,False,0.09913022647281029,0.049968212725966125,1.6372000427118014,0.8252574711066823,ETH
99,2021-11-29 00:00:00+00:00,2021-12-02 00:00:00+00:00,1,3,0.016904852446131557,False,0.0038635199925523347,0.11325001163710822,0.05835108331480441,1.7104249174789163,ETH
100,2021-12-25 00:00:00+00:00,2021-12-26 00:00:00+00:00,1,1,0.0037888676942787786,False,0.007416563658838072,0.023107540173053213,0.11430739200336991,0.35614373101850044,ETH
101,2022-02-08 00:00:00+00:00,2022-02-09 00:00:00+00:00,1,1,-0.0027405878710799847,False,0.03672715107294769,0.03444265664080544,0.5629568240005499,0.5279399034827745,ETH
102,2022-02-16 00:00:00+00:00,2022-02-18 00:00:00+00:00,1,2,-0.028224976159413707,False,0.10482358742732581,0.0009611367798148541,1.6516741033890383,0.015144346496779934,ETH
103,2022-02-19 00:00:00+00:00,2022-03-05 00:00:00+00:00,1,14,-0.008547245295809983,False,0.17266399372314167,0.09645631033018291,2.3404752176256474,1.3074735446776864,ETH
104,2022-03-19 00:00:00+00:00,2022-04-22 00:00:00+00:00,1,34,-0.0004205748542573642,False,0.041024227200631785,0.2185077024662868,0.6793100567910154,3.6182151353081835,ETH
105,2022-07-15 00:00:00+00:00,2022-08-26 00:00:00+00:00,1,42,0.08738469513219534,False,0.010284909598410727,0.7015783606172622,0.12269905892706243,8.369835805326987,ETH
106,2022-10-20 00:00:00+00:00,2022-10-21 00:00:00+00:00,1,1,-0.001824089586726463,False,0.011249951341040948,0.01989178247498926,0.23759891136977224,0.4201143380967232,ETH
107,2022-10-24 00:00:00+00:00,2022-11-10 00:00:00+00:00,1,17,-0.025829412365228125,False,0.21438420465880417,0.23173737018130613,5.032583022105146,5.439941606788718,ETH
108,2022-11-11 00:00:00+00:00,2022-11-12 00:00:00+00:00,1,1,-0.0013599761056466066,False,0.07598154381802644,0.008989300652436872,0.8002005276961882,0.09467092617816873,ETH
109,2022-12-08 00:00:00+00:00,2022-12-09 00:00:00+00:00,1,1,0.01236508745401735,False,0.007986480667516983,0.05157495348667161,0.14898585287148844,0.9621182034875034,ETH
110,2022-12-11 00:00:00+00:00,2022-12-17 00:00:00+00:00,1,6,-0.031773272305127054,False,0.08782823016399663,0.06992763927070494,1.791904235255388,1.4266897185177803,ETH
111,2022-12-19 00:00:00+00:00,2022-12-28 00:00:00+00:00,1,9,0.0077064818484551675,False,0.029134424288553465,0.048661677026512716,0.5780351785954941,0.9654613694161007,ETH
112,2023-01-05 00:00:00+00:00,2023-01-06 00:00:00+00:00,1,1,-0.003528910091536331,False,0.011278345099849625,0.0028733116309425416,0.3581036220127992,0.09123176255936223,ETH
113,2023-01-07 00:00:00+00:00,2023-01-08 00:00:00+00:00,1,1,-0.0034558456781658606,False,0.006314345625679909,0.001671212575086413,0.2080747149807911,0.05507096076895159,ETH
114,2023-01-09 00:00:00+00:00,2023-02-12 00:00:00+00:00,1,34,0.11521506294937282,False,0.003752956228434184,0.33136897607878096,0.13187867753040106,11.644287777399832,ETH
115,2023-02-16 00:00:00+00:00,2023-02-27 00:00:00+00:00,1,11,-0.010062575218507418,False,0.07099701492537318,0.04149253731343284,1.5209131887926812,0.8888619796593616,ETH
116,2023-02-28 00:00:00+00:00,2023-03-04 00:00:00+00:00,1,4,-0.019847707647169806,False,0.059873820899179225,0.027649148597329476,1.3416073946463392,0.6195412562080398,ETH
117,2023-03-13 00:00:00+00:00,2023-03-16 00:00:00+00:00,1,3,0.01647217138774158,False,0.009548776009016836,0.12650861796031052,0.19946101571813893,2.642593921109228,ETH
118,2023-03-17 00:00:00+00:00,2023-05-04 00:00:00+00:00,1,48,0.06347596059642004,False,0.006570765772229403,0.2831228775051418,0.1323278597872887,5.70177749987922,ETH
119,2023-05-05 00:00:00+00:00,2023-05-09 00:00:00+00:00,1,4,-0.0007734597390726048,False,0.03524809048413495,0.07863527580711356,0.8487689908381874,1.8935262243816353,ETH
120,2023-05-29 00:00:00+00:00,2023-06-01 00:00:00+00:00,1,3,-0.013792034279347887,False,0.03320128277683451,0.010396361273554333,1.0275966486609285,0.321772687964536,ETH
121,2023-06-05 00:00:00+00:00,2023-06-06 00:00:00+00:00,1,1,-0.03200766560671023,False,0.06012051637773093,0.0007783790653097246,2.0471482667229863,0.02650438569740044,ETH
122,2023-06-07 00:00:00+00:00,2023-06-08 00:00:00+00:00,1,1,-0.016738823170074954,False,0.03359068848698533,0.0074020581332370754,1.0083492021790315,0.22220025100182983,ETH
123,2023-06-09 00:00:00+00:00,2023-06-11 00:00:00+00:00,1,2,-0.03191974879129913,False,0.07201318200049873,0.005328086550240077,2.1553403722513815,0.15946858241179362,ETH
124,2023-06-22 00:00:00+00:00,2023-06-26 00:00:00+00:00,1,4,0.0017193594612718707,False,0.015013424702511722,0.026568730769841856,0.4152201420958921,0.7348005124850442,ETH
125,2023-07-01 00:00:00+00:00,2023-07-07 00:00:00+00:00,1,6,-0.029540223136311196,False,0.04600162407352815,0.02306287854102333,1.2551095335493017,0.6292481909260538,ETH
126,2023-07-08 00:00:00+00:00,2023-07-20 00:00:00+00:00,1,12,0.017947915753557208,False,0.015358288770053491,0.08624598930481282,0.4303115063412967,2.416456815554466,ETH
127,2023-07-21 00:00:00+00:00,2023-07-22 00:00:00+00:00,1,1,-0.0009524369246891623,False,0.0037766587677724446,0.008151024035206544,0.1188385582991995,0.2564848996345528,ETH
128,2023-07-27 00:00:00+00:00,2023-07-29 00:00:00+00:00,1,2,-0.0003438438392645944,False,0.00907545778148351,0.007798052357587958,0.31494424410757993,0.270614636132483,ETH
129,2023-09-20 00:00:00+00:00,2023-09-21 00:00:00+00:00,1,1,-0.011946659706938922,False,0.02465159605233518,0.0037686683023945683,0.8687642438900887,0.13281429166904654,ETH
130,2023-09-29 00:00:00+00:00,2023-10-06 00:00:00+00:00,1,7,-0.011273960699157808,False,0.030778449637740454,0.07739705713230792,1.167653006371936,2.9362397232011586,ETH
131,2023-10-07 00:00:00+00:00,2023-10-08 00:00:00+00:00,1,1,-0.0057026513768874765,False,0.009304701610990467,0.00172106572281729,0.30066623695328804,0.05561342814234341,ETH
132,2023-10-09 00:00:00+00:00,2023-10-11 00:00:00+00:00,1,2,-0.029869519807995955,False,0.053749341307091844,0.0023222754623104884,1.8697255441831802,0.08078271560025287,ETH
133,2023-10-21 00:00:00+00:00,2024-01-04 00:00:00+00:00,1,75,0.23630544402943116,False,0.0074166947365795245,0.5316940504260388,0.24779589074573263,17.76419355372967,ETH
134,2024-01-09 00:00:00+00:00,2024-01-25 00:00:00+00:00,1,16,-0.009130002192889805,False,0.07018544813415073,0.1667789164818476,1.5073138626938336,3.5817705735475083,ETH
135,2024-02-01 00:00:00+00:00,2024-02-06 00:00:00+00:00,1,5,0.0025548996953401043,False,0.01971954425942156,0.024539877300613498,0.44876069470517854,0.5584577534108889,ETH
136,2024-02-07 00:00:00+00:00,2024-02-08 00:00:00+00:00,1,1,0.011459283247645401,False,0.008297705482051084,0.030888714614586855,0.2260949639775856,0.8416522896848633,ETH
137,2024-02-12 00:00:00+00:00,2024-04-02 00:00:00+00:00,1,50,0.1885049799659597,False,0.014384900841945544,0.6354654642671882,0.4435263463179797,19.59316082011764,ETH
138,2024-05-16 00:00:00+00:00,2024-05-17 00:00:00+00:00,1,1,-0.014018715907459648,False,0.03620663485841369,0.003065338903077206,0.7456758765511885,0.06313067432024526,ETH
139,2024-05-18 00:00:00+00:00,2024-05-19 00:00:00+00:00,1,1,0.0034963177673014052,False,0.0028765758069943417,0.018081333643964727,0.059994291213374476,0.3771069733412171,ETH
140,2024-05-21 00:00:00+00:00,2024-06-18 00:00:00+00:00,1,28,-0.02805655188051409,False,0.08278049006792391,0.08612893278280973,1.7341549694409175,1.804300949117323,ETH
141,2024-07-21 00:00:00+00:00,2024-07-25 00:00:00+00:00,1,4,-0.02774349538686881,False,0.0655113864216176,0.013168260794134214,1.613045232942118,0.324233716615523,ETH
142,2024-08-02 00:00:00+00:00,2024-08-04 00:00:00+00:00,1,2,-0.04947647655524229,False,0.10827786748790477,0.004806866416588802,2.3694116020721387,0.10518719403435516,ETH
143,2024-09-03 00:00:00+00:00,2024-09-04 00:00:00+00:00,1,1,-0.01621989685317813,False,0.051877606692053546,0.006232408524326656,0.9686155524198954,0.11636635170029593,ETH
144,2024-09-05 00:00:00+00:00,2024-09-06 00:00:00+00:00,1,1,-0.012690023957697657,False,0.042299575044801904,0.006351875966966957,0.7396057024947743,0.11106219581951998,ETH
145,2024-09-25 00:00:00+00:00,2024-10-03 00:00:00+00:00,1,8,-0.05784248449306726,False,0.1138763197586727,0.028529411764705827,2.515390159637183,0.6301801969475129,ETH
146,2024-10-05 00:00:00+00:00,2024-10-23 00:00:00+00:00,1,18,0.04713066637318221,False,0.034781095393183026,0.14776786084246984,0.715967305561964,3.0417948595366613,ETH
147,2024-10-30 00:00:00+00:00,2024-11-05 00:00:00+00:00,1,6,-0.05149220661753011,False,0.1073323027492347,0.03234594283289378,2.7230449856762426,0.8206239424851044,ETH
148,2024-11-07 00:00:00+00:00,2024-12-22 00:00:00+00:00,1,45,0.06565217401047928,False,0.008146953707818885,0.5096437452479164,0.18086952247395416,11.314538432489325,ETH
149,2024-12-24 00:00:00+00:00,2024-12-26 00:00:00+00:00,1,2,0.0068479783925380015,False,0.01892280617644123,0.03691306559399441,0.2766574175857115,0.5396807062961245,ETH
150,2025-01-18 00:00:00+00:00,2025-01-19 00:00:00+00:00,1,1,-0.017104458277702288,False,0.07105501126028833,0.0059238908184011275,1.2844524910764334,0.10708542836883177,ETH
151,2025-01-24 00:00:00+00:00,2025-01-25 00:00:00+00:00,1,1,-0.0039799656182806275,False,0.019155871391422115,0.027595359929056668,0.3145784038618629,0.45317198591986346,ETH
152,2020-11-17 00:00:00+00:00,2020-12-05 00:00:00+00:00,1,18,-0.02236671971038302,False,0.24514991181657844,0.1112874779541447,2.014824241164993,0.9146432346583536,SOL
153,2021-01-04 00:00:00+00:00,2021-03-24 00:00:00+00:00,1,79,0.2726995418978159,False,0.23122157394220605,7.351816970643636,2.157082771178741,68.58563175510044,SOL
154,2021-03-27 00:00:00+00:00,2021-05-23 00:00:00+00:00,1,57,0.196749190537115,False,0.003547131494330712,2.9656794719918764,0.0341305660637217,28.53582375066158,SOL
155,2021-06-11 00:00:00+00:00,2021-06-12 00:00:00+00:00,1,1,-0.013908670712505332,False,0.14553419323436367,0.006595278656607293,0.8893885613916761,0.04030506691256496,SOL
156,2021-06-17 00:00:00+00:00,2021-06-18 00:00:00+00:00,1,1,-0.001657904632721212,False,0.03596542077273986,0.039015046500491514,0.2464923718099605,0.2673932666866289,SOL
157,2021-06-20 00:00:00+00:00,2021-06-22 00:00:00+00:00,1,2,-0.037757364948665204,False,0.2631788569315241,0.02273050553327073,1.7463115086992946,0.15082725061622906,SOL
158,2021-06-27 00:00:00+00:00,2021-07-02 00:00:00+00:00,1,5,0.015663904848670644,False,0.016633489658895325,0.21461587772866833,0.08826836579669273,1.1388946751171687,SOL
159,2021-08-01 00:00:00+00:00,2021-08-02 00:00:00+00:00,1,1,-0.01369672653466305,False,0.09768252498570291,0.0029955611230632756,1.1273306319225473,0.03457105366921876,SOL
160,2021-08-03 00:00:00+00:00,2021-08-04 00:00:00+00:00,1,1,0.005078042648717476,False,0.026028800385611985,0.08001446044465862,0.2699973723233251,0.8299919223272542,SOL
161,2021-08-06 00:00:00+00:00,2021-10-06 00:00:00+00:00,1,61,0.30989093165005205,False,0.04609748923768025,4.785983582448728,0.537511850715236,55.80613902051659,SOL
162,2021-10-16 00:00:00+00:00,2021-10-17 00:00:00+00:00,1,1,-0.007959475531439456,False,0.04287044524492141,0.01073905265995255,0.46226818983027856,0.1157982476096722,SOL
163,2021-10-18 00:00:00+00:00,2021-11-27 00:00:00+00:00,1,40,0.045685819068879904,False,0.04404489335021931,0.6224491705710241,0.4807766606289824,6.794409314580093,SOL
164,2021-11-30 00:00:00+00:00,2021-12-01 00:00:00+00:00,1,1,0.004630937994681199,False,0.022910292497858312,0.06914698323338636,0.2469696040929682,0.7453943713276006,SOL
165,2021-12-26 00:00:00+00:00,2021-12-27 00:00:00+00:00,1,1,0.006327599987968361,False,0.015025906735751325,0.039637305699481894,0.1801809054414654,0.4753048022852443,SOL
166,2022-02-26 00:00:00+00:00,2022-02-27 00:00:00+00:00,1,1,-0.0068214339781397775,False,0.0385154817132376,0.0265400798360126,0.3548532693782786,0.24452074024385712,SOL
167,2022-03-01 00:00:00+00:00,2022-03-02 00:00:00+00:00,1,1,-0.0023196896887638795,False,0.05500903433045577,0.02409154788195133,0.5306483342066128,0.23240073030946448,SOL
168,2022-03-20 00:00:00+00:00,2022-03-21 00:00:00+00:00,1,1,-0.011898501070010465,False,0.04918210378073888,0.002816596251760274,0.6364668415163972,0.03644964290622406,SOL
169,2022-03-22 00:00:00+00:00,2022-04-22 00:00:00+00:00,1,31,0.057873118011463213,False,0.007340485601355071,0.6213438735177865,0.09561414907481583,8.093369972456054,SOL
170,2022-04-23 00:00:00+00:00,2022-04-24 00:00:00+00:00,1,1,-0.00014643978947765155,False,0.022388059701492536,0.023582089552238852,0.27202130316552914,0.2865291060010246,SOL
171,2022-06-25 00:00:00+00:00,2022-06-26 00:00:00+00:00,1,1,0.0009643814366785198,False,0.05180233946049181,0.017187873000716135,0.41718353387121615,0.13842034303561057,SOL
172,2022-07-09 00:00:00+00:00,2022-07-23 00:00:00+00:00,1,14,0.01906925490877899,False,0.16797900262467197,0.2440944881889763,1.6215617939241977,2.3563319817960986,SOL
173,2022-07-25 00:00:00+00:00,2022-07-26 00:00:00+00:00,1,1,-0.024586861618948234,False,0.10706428746027856,0.00439990222439518,1.169257969719096,0.048051697385718135,SOL
174,2022-07-27 00:00:00+00:00,2022-08-17 00:00:00+00:00,1,21,0.04291329999468607,False,0.016013252346769695,0.3357261181667588,0.15726242369116358,3.2970880553181985,SOL
175,2022-09-24 00:00:00+00:00,2022-10-03 00:00:00+00:00,1,9,-0.014983325632571973,False,0.06060606060606048,0.05169340463458117,0.8025117326505926,0.6844953013784489,SOL
176,2022-10-04 00:00:00+00:00,2022-10-07 00:00:00+00:00,1,3,0.003853378898167037,False,0.0021283064761325717,0.04834296138643954,0.031872205930618985,0.7239543918526267,SOL
177,2022-10-30 00:00:00+00:00,2022-11-01 00:00:00+00:00,1,2,-0.004386080185770518,False,0.02921485088253198,0.046561168594035335,0.5122165210732801,0.81634508046054,SOL
178,2022-11-05 00:00:00+00:00,2022-11-07 00:00:00+00:00,1,2,-0.003737443868237407,False,0.04329774614472126,0.150355871886121,0.7286622272149643,2.530354446561553,SOL
179,2022-12-08 00:00:00+00:00,2022-12-09 00:00:00+00:00,1,1,0.0018677133908019687,False,0.016979313412916214,0.020538296137020778,0.1557509014873387,0.18839737865498912,SOL
180,2022-12-12 00:00:00+00:00,2022-12-13 00:00:00+00:00,1,1,-0.0015765229458902118,False,0.0487095330449053,0.006116664180217736,0.5455941674573513,0.06851259070674152,SOL
181,2022-12-16 00:00:00+00:00,2022-12-17 00:00:00+00:00,1,1,-0.026867153425183372,False,0.14803474793506127,0.008900598120193677,1.8232826157786133,0.109624976898666,SOL
182,2022-12-19 00:00:00+00:00,2022-12-21 00:00:00+00:00,1,2,-0.001619842652833913,False,0.058048346673134445,0.01649284501576527,0.6423753637842097,0.18251333455707408,SOL
183,2023-01-09 00:00:00+00:00,2023-02-12 00:00:00+00:00,1,34,0.0886541255310935,False,0.014448669201520888,0.8575181472519876,0.16786392838626707,9.962603673221341,SOL
184,2023-02-16 00:00:00+00:00,2023-02-18 00:00:00+00:00,1,2,-0.006184123530406945,False,0.07702623417986747,0.012488475400217997,0.9530931034165528,0.1545276087149809,SOL
185,2023-02-20 00:00:00+00:00,2023-02-23 00:00:00+00:00,1,3,-0.00642242917804516,False,0.06651108518086356,0.0924234498853256,0.8774630069271916,1.2193179231166087,SOL
186,2023-04-02 00:00:00+00:00,2023-04-03 00:00:00+00:00,1,1,-0.008914689213015478,False,0.04165282983063713,0.010769011812704602,0.5525411762514931,0.14285517882584178,SOL
187,2023-04-05 00:00:00+00:00,2023-05-09 00:00:00+00:00,1,34,0.0042438979311811955,False,0.051853623535039445,0.24692657259028936,0.7318222688858386,3.4849322435320103,SOL
188,2023-06-05 00:00:00+00:00,2023-06-06 00:00:00+00:00,1,1,-0.041714890712951806,False,0.12377372329696522,0.01068121389933073,2.8560365336497977,0.2464653749408906,SOL
189,2023-07-06 00:00:00+00:00,2023-08-11 00:00:00+00:00,1,36,0.09833722270734867,False,0.009377798851483104,0.7690848743480321,0.13807440355200482,11.32365248905706,SOL
190,2023-09-29 00:00:00+00:00,2024-01-20 00:00:00+00:00,1,113,0.5055497659520694,False,0.005865249649087672,5.363444956887909,0.13188126107084772,120.59808651256317,SOL
191,2024-02-03 00:00:00+00:00,2024-02-06 00:00:00+00:00,1,3,-0.015958959511048372,False,0.06421106017362935,0.00637436728686647,0.885969969458473,0.08795210630678126,SOL
192,2024-02-09 00:00:00+00:00,2024-04-12 00:00:00+00:00,1,63,0.17319489568405674,False,0.041287886161453,1.0480913355784391,0.659838486324568,16.749973532034037,SOL
193,2024-05-12 00:00:00+00:00,2024-05-13 00:00:00+00:00,1,1,-0.004453546384673129,False,0.021719239104261857,0.016511299920883394,0.27688649647238134,0.21049337710919244,SOL
194,2024-05-14 00:00:00+00:00,2024-06-13 00:00:00+00:00,1,30,0.01099719190341859,False,0.04336388783424645,0.2810855887617291,0.5747519986303378,3.725553957350706,SOL
195,2024-07-16 00:00:00+00:00,2024-08-04 00:00:00+00:00,1,19,-0.03652395374229672,False,0.12481323841450402,0.217202154506761,2.0307431712742203,3.533934361880933,SOL
196,2024-08-05 00:00:00+00:00,2024-08-06 00:00:00+00:00,1,1,-0.01844990947451027,False,0.21063554388933475,0.007607147247470859,2.438138118867483,0.08805387418203764,SOL
197,2024-08-07 00:00:00+00:00,2024-08-12 00:00:00+00:00,1,5,0.0014787864068655488,False,0.022795299595366057,0.13430519372540314,0.23940534749412418,1.4105268254790608,SOL
198,2024-09-03 00:00:00+00:00,2024-09-04 00:00:00+00:00,1,1,-0.01805735221554329,False,0.05770956141326523,0.019538056575093544,0.8347941619405814,0.28262657287850707,SOL
199,2024-09-25 00:00:00+00:00,2024-12-10 00:00:00+00:00,1,76,0.13166852871560866,False,0.12906647807637894,0.7329351982817329,2.426474275111155,13.77932078460891,SOL
200,2024-12-11 00:00:00+00:00,2024-12-16 00:00:00+00:00,1,5,0.016099303359209054,False,0.01006648562599497,0.09869837999812708,0.12960589570504477,1.2707405960289928,SOL
201,2025-01-07 00:00:00+00:00,2025-01-08 00:00:00+00:00,1,1,-0.026006747316224245,False,0.07679611205355096,0.004263903534913477,1.303782296092839,0.07238910658903357,SOL
202,2025-01-17 00:00:00+00:00,2025-02-02 00:00:00+00:00,1,16,0.021727075055193255,False,0.00620794237513033,0.4008150886171927,0.09491711918416725,6.128312931753323,SOL
203,2025-02-05 00:00:00+00:00,2025-02-06 00:00:00+00:00,1,1,-0.013060792358142058,False,0.055356450987989046,0.013463773731111978,0.5197851030558203,0.12642192357788135,SOL
204,2025-02-07 00:00:00+00:00,2025-02-13 00:00:00+00:00,1,6,0.009675838022324476,False,0.007653734494589542,0.10266561097915027,0.06873341242297222,0.9219757735357389,SOL
205,2025-03-27 00:00:00+00:00,2025-03-29 00:00:00+00:00,1,2,-0.013621598305848127,False,0.0712516392248287,0.02098207780853851,0.8863394546628239,0.2610079375694205,SOL
206,2025-04-14 00:00:00+00:00,2025-04-17 00:00:00+00:00,1,3,0.005125759842364409,False,0.03811379579111469,0.060717069368667116,0.4306313598721627,0.6860160109210908,SOL
207,2025-04-18 00:00:00+00:00,2025-04-22 00:00:00+00:00,1,4,0.0029738319842289346,False,0.01780943900267125,0.0630008904719502,0.22578064820769359,0.7986990430347245,SOL
208,2020-04-10 00:00:00+00:00,2020-05-17 00:00:00+00:00,1,37,0.023248731712798617,False,0.10377672683674148,0.20808632518483985,1.2437106570335075,2.4938075048605124,BNB
209,2020-05-18 00:00:00+00:00,2020-05-25 00:00:00+00:00,1,7,-0.008742026831830601,False,0.034431964647394585,0.06475173387344257,0.5604442326056966,1.0539548402834402,BNB
210,2020-05-29 00:00:00+00:00,2020-05-30 00:00:00+00:00,1,1,-0.0024636603720710123,False,0.02632810671659252,0.006786800842499396,0.5263454738222385,0.13568016658528798,BNB
211,2020-05-31 00:00:00+00:00,2020-06-12 00:00:00+00:00,1,12,-0.04338466594817004,False,0.1057676044426903,0.027682246152111588,2.243049250155899,0.5870667280525347,BNB
212,2020-06-13 00:00:00+00:00,2020-06-16 00:00:00+00:00,1,3,-0.007936439372757849,False,0.07444571291233557,0.010755272486931351,1.53179917628077,0.22130109164992356,BNB
213,2020-06-19 00:00:00+00:00,2020-06-20 00:00:00+00:00,1,1,-0.007375316336152106,False,0.01663677407384502,0.008473003896344885,0.3581901988397709,0.18242400461356412,BNB
214,2020-06-22 00:00:00+00:00,2020-06-25 00:00:00+00:00,1,3,-9.073027475344636e-05,False,0.0016894005756475565,0.04279814791640602,0.039387018485596885,0.9978044683018171,BNB
215,2020-07-10 00:00:00+00:00,2020-09-04 00:00:00+00:00,1,56,0.10529749109023855,False,0.024815958204702136,0.5381144621230112,0.617212383879992,13.383763271502895,BNB
216,2020-09-07 00:00:00+00:00,2020-09-08 00:00:00+00:00,1,1,-0.005394799481390791,False,0.13943034965639448,0.01845528806673292,1.4921486993930786,0.19750387310627532,BNB
217,2020-09-09 00:00:00+00:00,2020-10-11 00:00:00+00:00,1,32,0.060752216469583425,False,0.04227782571182055,0.4366695427092321,0.43367911822222,4.479285749638071,BNB
218,2020-10-14 00:00:00+00:00,2020-11-02 00:00:00+00:00,1,19,-0.026304655186630457,False,0.10355300111031282,0.0596303311344785,1.7333572094704375,0.9981426251948978,BNB
219,2020-11-06 00:00:00+00:00,2020-11-08 00:00:00+00:00,1,2,0.001327306024486985,False,0.03138414920096681,0.07910970022726457,0.5969508152536065,1.5047277446565037,BNB
220,2020-11-24 00:00:00+00:00,2020-11-27 00:00:00+00:00,1,3,-0.01833936673840013,False,0.14982455010784534,0.14035991372372286,3.277980153995925,3.0709053440958836,BNB
221,2020-11-29 00:00:00+00:00,2020-12-05 00:00:00+00:00,1,6,-0.004013499491906925,False,0.014090784421283524,0.09709270433351622,0.19862023971666987,1.368594936441879,BNB
222,2020-12-06 00:00:00+00:00,2020-12-09 00:00:00+00:00,1,3,-0.024006598341161083,False,0.07689979825151308,0.014189643577673189,1.171989882251825,0.21625698745530003,BNB
223,2020-12-10 00:00:00+00:00,2020-12-11 00:00:00+00:00,1,1,-0.0059140521723047386,False,0.025930662119920445,0.003232452401250267,0.4079879537015136,0.05085877231073521,BNB
224,2020-12-13 00:00:00+00:00,2020-12-23 00:00:00+00:00,1,10,0.06135846784437288,False,0.004935728996520111,0.26766564874653803,0.0858059836366518,4.653277011892695,BNB
225,2020-12-25 00:00:00+00:00,2021-03-20 00:00:00+00:00,1,85,0.4461184393284133,False,0.023350972188038298,9.767905488555256,0.3329187506649902,139.26267676038498,BNB
226,2021-03-21 00:00:00+00:00,2021-03-22 00:00:00+00:00,1,1,-6.850891762728566e-05,False,0.026860160706989565,0.014334246326589242,0.25252358664872643,0.13476223518479238,BNB
227,2021-03-24 00:00:00+00:00,2021-03-25 00:00:00+00:00,1,1,-0.004296938036865941,False,0.06123119528738059,0.051448442034937925,0.611435192227083,0.5137477375343578,BNB
228,2021-03-27 00:00:00+00:00,2021-05-19 00:00:00+00:00,1,53,0.11698966694826979,False,0.024636181156692978,1.716487893614352,0.24539664997730465,17.097632792212522,BNB
229,2021-06-17 00:00:00+00:00,2021-06-18 00:00:00+00:00,1,1,0.0022393268071232543,False,0.0042621817762931065,0.04348577352839525,0.03225664110522207,0.32910491938435554,BNB
230,2021-06-19 00:00:00+00:00,2021-06-22 00:00:00+00:00,1,3,-0.037535923508370705,False,0.20425190771697502,0.024733513465364124,1.6074916885745925,0.194656283846872,BNB
231,2021-07-20 00:00:00+00:00,2021-07-22 00:00:00+00:00,1,2,0.015273692644514562,False,0.09501552074785027,0.06682841545652414,1.1354396976095538,0.7986025360956428,BNB
232,2021-07-24 00:00:00+00:00,2021-09-11 00:00:00+00:00,1,49,0.11874419919398724,False,0.02362415210345171,0.7369599358438871,0.2984203822502071,9.309280806970758,BNB
233,2021-09-13 00:00:00+00:00,2021-09-14 00:00:00+00:00,1,1,-0.01138563859323195,False,0.0842158345940494,0.007972528396128985,0.9792490943798305,0.0927033645092966,BNB
234,2021-09-15 00:00:00+00:00,2021-09-17 00:00:00+00:00,1,2,0.0063177904560135405,False,0.009993241286086672,0.05409384957033896,0.11909169661335711,0.6446485316679577,BNB
235,2021-10-06 00:00:00+00:00,2021-10-11 00:00:00+00:00,1,5,-0.024904166028681354,False,0.09172588602724852,0.01993844204046531,1.404900414973683,0.305382991757171,BNB
236,2021-10-12 00:00:00+00:00,2021-12-04 00:00:00+00:00,1,53,0.11096366218617569,False,0.05133539771627643,0.6202583704277143,0.7975845367136383,9.636790733647947,BNB
237,2022-02-08 00:00:00+00:00,2022-02-09 00:00:00+00:00,1,1,-0.01883599245675679,False,0.06208011081611448,0.02846588941475249,0.9982327708598068,0.45772443528082796,BNB
238,2022-02-19 00:00:00+00:00,2022-02-21 00:00:00+00:00,1,2,-0.016094188775662627,False,0.060868911228659464,0.018676828198250117,0.9854083948013986,0.30235965985463004,BNB
239,2022-03-01 00:00:00+00:00,2022-03-05 00:00:00+00:00,1,4,-0.017334708838006002,False,0.0606826801517067,0.0856131479140329,0.8970891588685199,1.2656432883036708,BNB
240,2022-03-20 00:00:00+00:00,2022-04-22 00:00:00+00:00,1,33,0.006437806078405962,False,0.03645142728478145,0.15083435490730784,0.7482264660416449,3.0961272228998493,BNB
241,2022-06-09 00:00:00+00:00,2022-06-11 00:00:00+00:00,1,2,-0.0031060717219627805,False,0.02109206965933527,0.03829875806563526,0.3131781760971628,0.5686656355448507,BNB
242,2022-07-12 00:00:00+00:00,2022-07-13 00:00:00+00:00,1,1,-0.008625443516342483,False,0.024530896508894118,0.012154549083972765,0.39811170415124847,0.1972560704112862,BNB
243,2022-07-15 00:00:00+00:00,2022-08-27 00:00:00+00:00,1,43,0.045375428337025424,False,0.019919483351505493,0.4128155665520421,0.3506130965303928,7.266179625779338,BNB
244,2022-08-30 00:00:00+00:00,2022-08-31 00:00:00+00:00,1,1,-0.006348663650669095,False,0.03291201288470304,0.022163089527677544,0.6367227163792797,0.42877178666817184,BNB
245,2022-09-29 00:00:00+00:00,2022-10-08 00:00:00+00:00,1,9,0.0005239738494741788,False,0.016307244111273073,0.059970867232742364,0.356935089574113,1.312650176908711,BNB
246,2022-10-14 00:00:00+00:00,2022-10-15 00:00:00+00:00,1,1,-0.006460123988429102,False,0.014775239498894588,0.019344141488577746,0.38648032418230843,0.5059904493658663,BNB
247,2022-10-17 00:00:00+00:00,2022-10-21 00:00:00+00:00,1,4,-0.011712994533099872,False,0.01913260622085116,0.013183504094597976,0.5437128776310537,0.3746505241258113,BNB
248,2022-10-24 00:00:00+00:00,2022-10-25 00:00:00+00:00,1,1,-0.00667157707136652,False,0.015776302905015856,0.0059841148950059014,0.5369685573527475,0.2036777286510383,BNB
249,2022-10-26 00:00:00+00:00,2022-11-10 00:00:00+00:00,1,15,0.03249468564812842,False,0.0846359667652444,0.4079355020419659,2.773865897449179,13.369710546482366,BNB
250,2022-11-11 00:00:00+00:00,2022-11-17 00:00:00+00:00,1,6,-0.021926683123438345,False,0.11933912585571352,0.0068457082675093504,1.3713099924904604,0.0786631214666358,BNB
251,2022-11-19 00:00:00+00:00,2022-11-21 00:00:00+00:00,1,2,-0.009650003370845987,False,0.04574829311037268,0.0022271714922049496,0.5888602524925279,0.02866757813411419,BNB
252,2022-11-24 00:00:00+00:00,2022-11-28 00:00:00+00:00,1,4,0.009183154158546966,False,0.016884987771784717,0.06536232369593618,0.2469814245313118,0.9560729350408476,BNB
253,2022-12-08 00:00:00+00:00,2022-12-09 00:00:00+00:00,1,1,0.0074156125389492865,False,0.006091120343637636,0.028061404126470065,0.12095812220270441,0.5572463780090052,BNB
254,2022-12-11 00:00:00+00:00,2022-12-13 00:00:00+00:00,1,2,-0.017472985027179422,False,0.057563448251918156,0.012012637572475216,1.2898426204523965,0.269171017295859,BNB
255,2023-01-11 00:00:00+00:00,2023-02-14 00:00:00+00:00,1,34,0.02910782362551586,False,0.01122662623637267,0.2207782831564509,0.3360941904280118,6.60949218217926,BNB
256,2023-02-16 00:00:00+00:00,2023-02-25 00:00:00+00:00,1,9,-0.021793358158358415,False,0.06010842841833195,0.03416755973018985,1.246677873581542,0.708651712093548,BNB
257,2023-03-14 00:00:00+00:00,2023-03-16 00:00:00+00:00,1,2,-0.0032148557046904895,False,0.025622706459260177,0.0383853473191959,0.6249320239672307,0.9362099522550918,BNB
258,2023-03-17 00:00:00+00:00,2023-04-14 00:00:00+00:00,1,28,0.01457545122790268,False,0.09609481841665402,0.050812946360735356,2.2339699148597556,1.1812769442269146,BNB
259,2023-04-16 00:00:00+00:00,2023-04-21 00:00:00+00:00,1,5,-0.025340525753103783,False,0.05457054570545705,0.05481054810548117,1.8868750312750617,1.8951735470805637,BNB
260,2023-04-23 00:00:00+00:00,2023-05-09 00:00:00+00:00,1,16,-0.017441548435625606,False,0.06575854378880114,0.03993128804773673,1.7487439947372578,1.0619091627070887,BNB
261,2023-07-11 00:00:00+00:00,2023-07-17 00:00:00+00:00,1,6,0.000791782641091105,False,0.020043094686343892,0.06264991665650281,0.49146372100005997,1.5361979595559658,BNB
262,2023-07-18 00:00:00+00:00,2023-07-19 00:00:00+00:00,1,1,-0.007680422207684108,False,0.028807933450805234,0.01012170634758021,0.6900389620511057,0.2424461218017397,BNB
263,2023-07-21 00:00:00+00:00,2023-07-22 00:00:00+00:00,1,1,0.0009834784849772692,False,0.002963816737331737,0.011237805129049478,0.07677617279407412,0.2911096551775304,BNB
264,2023-07-23 00:00:00+00:00,2023-07-30 00:00:00+00:00,1,7,0.003286001947266218,False,0.02516270778924675,0.014964971189321451,0.7005289393227321,0.4166242950502595,BNB
265,2023-08-02 00:00:00+00:00,2023-08-08 00:00:00+00:00,1,6,-0.019373072250555637,False,0.05272925323758419,0.003872997942469875,1.9089183764627569,0.14021129620537587,BNB
266,2023-08-10 00:00:00+00:00,2023-08-11 00:00:00+00:00,1,1,-0.010437215476065477,False,0.014596145961459623,0.00036900369003691434,0.5840156158699775,0.014764439727050545,BNB
267,2023-09-19 00:00:00+00:00,2023-09-21 00:00:00+00:00,1,2,-0.00884476684592849,False,0.014861799157368433,0.01851937589703227,0.5633644892331087,0.7020118245895417,BNB
268,2023-09-30 00:00:00+00:00,2023-10-03 00:00:00+00:00,1,3,-0.003990353096747122,False,0.0096649783931974,0.030295989963291584,0.4148377484120009,1.300356788291453,BNB
269,2023-10-20 00:00:00+00:00,2023-11-28 00:00:00+00:00,1,39,0.10228705147500626,False,0.0032651902328222496,0.2891349611962901,0.1319055089506897,11.680328401285754,BNB
270,2023-11-29 00:00:00+00:00,2023-11-30 00:00:00+00:00,1,1,-0.005019537626147064,False,0.01467194914885282,0.007662501632635252,0.29215244072838725,0.1525781292824802,BNB
271,2023-12-12 00:00:00+00:00,2023-12-14 00:00:00+00:00,1,2,0.012712957583555166,False,0.01001500223006122,0.04257389611969347,0.25098382405672826,1.0669352844516795,BNB
272,2023-12-15 00:00:00+00:00,2023-12-16 00:00:00+00:00,1,1,-0.02127627439359837,False,0.04334769036235033,0.0008693246927727462,1.0981840744568976,0.02202374625164232,BNB
273,2023-12-20 00:00:00+00:00,2024-01-25 00:00:00+00:00,1,36,0.10106117815566877,False,0.008361402813552547,0.3383396076877354,0.21622803237915703,8.74954948082112,BNB
274,2024-02-05 00:00:00+00:00,2024-02-06 00:00:00+00:00,1,1,-0.008562137714853762,False,0.017655552638487962,0.007285376739301556,0.5259380986545006,0.2170227842031532,BNB
275,2024-02-07 00:00:00+00:00,2024-04-11 00:00:00+00:00,1,64,0.3550624044388637,False,0.006836872873798571,1.1339300459094364,0.21716015019764637,36.017112447273526,BNB
276,2024-04-12 00:00:00+00:00,2024-04-13 00:00:00+00:00,1,1,-0.006057433794169666,False,0.06864511862445231,0.04488716210630731,1.3954888474975295,0.912512577301491,BNB
277,2024-04-17 00:00:00+00:00,2024-04-18 00:00:00+00:00,1,1,-0.002919883737191728,False,0.047030808155975545,0.018380711415389186,0.6726328014392825,0.2628802246131374,BNB
278,2024-04-21 00:00:00+00:00,2024-04-27 00:00:00+00:00,1,6,0.01911654880027277,False,0.007801953118151455,0.08596174413100263,0.12273027699985892,1.3522394340006783,BNB
279,2024-04-30 00:00:00+00:00,2024-05-02 00:00:00+00:00,1,2,-0.026104716571313254,False,0.09569369916641361,0.019675340015524227,2.013257675026636,0.41394083037930696,BNB
280,2024-05-04 00:00:00+00:00,2024-05-05 00:00:00+00:00,1,1,-0.0016970860405331628,False,0.007926361544362017,0.011011676468081542,0.1532455925571372,0.21289602750948747,BNB
281,2024-05-06 00:00:00+00:00,2024-05-08 00:00:00+00:00,1,2,-0.014334354959982833,False,0.027435932111704486,0.01807086347961332,0.5760787814776912,0.37943821158327706,BNB
282,2024-05-12 00:00:00+00:00,2024-05-20 00:00:00+00:00,1,8,-0.015807457995882897,False,0.054558046044963865,0.011333885107173685,1.3095842963718143,0.27205296063947165,BNB
283,2024-05-22 00:00:00+00:00,2024-05-24 00:00:00+00:00,1,2,-0.01825937402731767,False,0.06670220671383795,0.012745953280992515,1.7609243264460168,0.3364905046175602,BNB
284,2024-05-25 00:00:00+00:00,2024-06-19 00:00:00+00:00,1,25,0.02886153226823103,False,0.044209474648239044,0.20422945633169612,1.1218214673674536,5.182350394448909,BNB
285,2024-07-20 00:00:00+00:00,2024-07-26 00:00:00+00:00,1,6,-0.017621662155436816,False,0.06824575885712358,0.020940379723378005,1.5494086912762117,0.4754171817468092,BNB
286,2024-07-27 00:00:00+00:00,2024-07-30 00:00:00+00:00,1,3,-0.0068859789511142525,False,0.014491257056312748,0.028569461654963553,0.3681838093548371,0.7258730683242677,BNB
287,2024-07-31 00:00:00+00:00,2024-08-06 00:00:00+00:00,1,6,-0.1151408147145898,False,0.32472719855865656,0.00849848726926607,8.682698482738473,0.2272362858607295,BNB
288,2024-08-23 00:00:00+00:00,2024-08-25 00:00:00+00:00,1,2,-0.0020433161069292904,False,0.015408373369938066,0.025857927247769478,0.34102063463390053,0.5722918668076785,BNB
289,2024-09-01 00:00:00+00:00,2024-09-06 00:00:00+00:00,1,5,-0.029082835716890666,False,0.07002233357731369,0.010716363568117265,1.5654639081777086,0.23958185247104213,BNB
290,2024-09-10 00:00:00+00:00,2024-09-11 00:00:00+00:00,1,1,-0.002471921230654371,False,0.010252259544044125,0.010695496328843285,0.22283836624579373,0.2324723557639446,BNB
291,2024-09-12 00:00:00+00:00,2024-09-17 00:00:00+00:00,1,5,0.0009370219522412885,False,0.007296792805022917,0.0594867733846182,0.16531168883820913,1.3476960679187298,BNB
292,2024-09-22 00:00:00+00:00,2024-10-22 00:00:00+00:00,1,30,0.013239798730925248,False,0.09436653197052539,0.051071343678902384,2.550080279466401,1.3801082188979688,BNB
293,2024-10-29 00:00:00+00:00,2024-11-04 00:00:00+00:00,1,6,-0.05627051720937581,False,0.0909257196068975,0.018973344197415847,2.985576745487974,0.6229961716535792,BNB
294,2024-11-07 00:00:00+00:00,2024-12-23 00:00:00+00:00,1,46,0.07693999983813528,False,0.009162855841109775,0.33983564232800656,0.27703085691822016,10.274630621502705,BNB
295,2024-12-24 00:00:00+00:00,2025-01-01 00:00:00+00:00,1,8,0.005508846615999748,False,0.017653840611039057,0.053826199740596666,0.28556434205191267,0.8706798510725668,BNB
296,2025-01-07 00:00:00+00:00,2025-01-09 00:00:00+00:00,1,2,-0.023881758223255344,False,0.0768008111700305,0.004343596278483541,1.8630243550759178,0.10536640866352899,BNB
297,2025-01-16 00:00:00+00:00,2025-01-21 00:00:00+00:00,1,5,-0.028456258060971303,False,0.06212379965844508,0.0227190010918559,1.6247536343518594,0.5941809708321476,BNB
298,2025-01-24 00:00:00+00:00,2025-01-25 00:00:00+00:00,1,1,-0.010235988073240897,False,0.016605807685619946,0.0023474178403755934,0.43676758978935354,0.06174201531053686,BNB
299,2025-03-03 00:00:00+00:00,2025-03-04 00:00:00+00:00,1,1,-0.03342660458454837,False,0.09066123522524974,0.0005773579458887522,1.6389651700190653,0.010437421921225654,BNB
300,2025-03-05 00:00:00+00:00,2025-03-09 00:00:00+00:00,1,4,0.005048896294171338,False,0.011579307982185665,0.047995889003083415,0.18485985198055002,0.7662386172329936,BNB
301,2025-03-25 00:00:00+00:00,2025-03-30 00:00:00+00:00,1,5,-0.024623107469119974,False,0.06313424864117637,0.012708536240535232,1.420201088560019,0.285877750844748,BNB
302,2025-04-01 00:00:00+00:00,2025-04-03 00:00:00+00:00,1,2,-0.012898378280940464,False,0.0341531184360683,0.022195392223343133,0.8022454259522287,0.5213624027253698,BNB
303,2025-04-05 00:00:00+00:00,2025-04-11 00:00:00+00:00,1,6,-0.02008958657139474,False,0.14761474642044703,0.0023584905660376824,3.5496833056179398,0.056714486809305145,BNB
304,2025-04-27 00:00:00+00:00,2025-04-30 00:00:00+00:00,1,3,-0.008589238926045833,False,0.018643565334826473,0.005961988207780238,0.6220178361610719,0.19891383099850668,BNB
305,2020-02-04 00:00:00+00:00,2020-02-27 00:00:00+00:00,1,23,-0.023165232291792404,False,0.1282352941176471,0.36313725490196086,2.02819030535519,5.743437990088397,XRP
306,2020-04-10 00:00:00+00:00,2020-05-25 00:00:00+00:00,1,45,-0.009012608253408674,False,0.1227272727272728,0.19393939393939388,1.6729386957721468,2.6436562106028965,XRP
307,2020-06-08 00:00:00+00:00,2020-06-12 00:00:00+00:00,1,4,-0.04370066973780247,False,0.09685349065880038,0.01327433628318588,1.7251458695627127,0.23644131207204766,XRP
308,2020-07-09 00:00:00+00:00,2020-08-30 00:00:00+00:00,1,52,0.12427008350757451,False,0.08657587548638138,0.6040856031128403,2.1421457383932476,14.946882062271971,XRP
309,2020-10-05 00:00:00+00:00,2020-10-16 00:00:00+00:00,1,11,-0.009840698765245771,False,0.0330511890366787,0.0503829101168884,0.6877652113419988,1.0484225782652448,XRP
310,2020-10-20 00:00:00+00:00,2020-11-02 00:00:00+00:00,1,13,-0.019966416458325045,False,0.18599918599918597,0.07488807488807489,4.711955715519137,1.897155036445342,XRP
311,2020-11-07 00:00:00+00:00,2020-11-08 00:00:00+00:00,1,1,-0.022178511649060446,False,0.057573415765069434,0.035935085007728094,1.2248003264911878,0.7644726870045709,XRP
312,2020-11-12 00:00:00+00:00,2020-12-22 00:00:00+00:00,1,40,0.30730027285648065,False,0.014453124999999926,2.062109375,0.2940040493377458,41.947226390647785,XRP
313,2021-01-21 00:00:00+00:00,2021-01-22 00:00:00+00:00,1,1,-0.014314270356151215,False,0.12263513513513513,0.04290540540540537,0.7558953312709776,0.26445924813061733,XRP
314,2021-01-26 00:00:00+00:00,2021-02-28 00:00:00+00:00,1,33,0.10251145052616348,False,0.08887229275578787,1.8293502613890966,0.5777748651371032,11.892937244986008,XRP
315,2021-03-02 00:00:00+00:00,2021-03-11 00:00:00+00:00,1,9,0.0035511339101459653,False,0.05293853746074463,0.11036339165545093,0.31414864024181444,0.654920046605818,XRP
316,2021-03-21 00:00:00+00:00,2021-03-22 00:00:00+00:00,1,1,-0.004296064391933922,False,0.05944919278252611,0.04064577397910748,0.6503597505014072,0.4446549092885038,XRP
317,2021-03-24 00:00:00+00:00,2021-05-11 00:00:00+00:00,1,48,0.17689916794790383,False,0.18469369205598984,2.593892019632794,1.92824870369281,27.0808865679062,XRP
318,2021-05-17 00:00:00+00:00,2021-05-20 00:00:00+00:00,1,3,-0.03695480470899502,False,0.4269461490726057,0.17692891125973947,2.7793413828082314,1.1517748689092258,XRP
319,2021-05-21 00:00:00+00:00,2021-05-22 00:00:00+00:00,1,1,-0.015411514138858029,False,0.26776187653484634,0.033787788974511006,1.1545235275898917,0.14568465765603014,XRP
320,2021-07-29 00:00:00+00:00,2021-09-11 00:00:00+00:00,1,44,0.11343782073387144,False,0.05109289617486337,0.9371584699453551,0.6930894902978126,12.712817923644373,XRP
321,2021-10-09 00:00:00+00:00,2021-11-07 00:00:00+00:00,1,29,0.010863838487115956,False,0.1250822291138051,0.18428719105347235,1.71156336945656,2.521694791513383,XRP
322,2021-11-08 00:00:00+00:00,2021-11-17 00:00:00+00:00,1,9,-0.04298615995060951,False,0.15415472779369638,0.10724519033974622,2.408297444730951,1.6754485674973678,XRP
323,2021-11-20 00:00:00+00:00,2021-11-22 00:00:00+00:00,1,2,-0.01081700029505764,False,0.03237641016234074,0.011097862973493532,0.40868412286672,0.1400871922574305,XRP
324,2021-11-25 00:00:00+00:00,2021-11-26 00:00:00+00:00,1,1,0.00310110096110165,False,0.009584664536741234,0.03233614096233914,0.1308877664713376,0.4415809495093615,XRP
325,2022-01-02 00:00:00+00:00,2022-01-06 00:00:00+00:00,1,4,-0.03271480824339063,False,0.16844951216645113,0.01974844245915133,2.2744549092910624,0.26664928455052295,XRP
326,2022-02-08 00:00:00+00:00,2022-02-12 00:00:00+00:00,1,4,-0.018259157860388498,False,0.09786926688335144,0.10424942819309017,1.5837490029302306,1.6869946328875511,XRP
327,2022-02-13 00:00:00+00:00,2022-03-08 00:00:00+00:00,1,23,-0.02356555780318895,False,0.2449525662855753,0.04536609097543177,3.169574135419222,0.5870164610284855,XRP
328,2022-03-12 00:00:00+00:00,2022-03-13 00:00:00+00:00,1,1,-0.0055669316241688475,False,0.030903426791277316,0.057320872274143356,0.40519148123326787,0.7515648442229961,XRP
329,2022-03-18 00:00:00+00:00,2022-03-20 00:00:00+00:00,1,2,0.009101533829286267,False,0.021813138317992663,0.04274366410288732,0.32207644272467545,0.6311208906570224,XRP
330,2022-03-21 00:00:00+00:00,2022-04-07 00:00:00+00:00,1,17,-0.03376904726828124,False,0.06147540983606556,0.13313462493790357,1.0131551575213789,2.194146118914986,XRP
331,2022-04-08 00:00:00+00:00,2022-04-09 00:00:00+00:00,1,1,-0.016366149127100094,False,0.05273189326556541,0.00825921219822103,0.960159629127217,0.15038644793558714,XRP
332,2022-06-10 00:00:00+00:00,2022-06-11 00:00:00+00:00,1,1,-0.016804808298866988,False,0.06200000000000011,0.02924999999999997,0.9148821491399585,0.43161778810231793,XRP
333,2022-07-12 00:00:00+00:00,2022-07-13 00:00:00+00:00,1,1,-0.004297160950932358,False,0.022878932316491848,0.010486177311725534,0.32850238323868214,0.15056359231773078,XRP
334,2022-07-15 00:00:00+00:00,2022-07-23 00:00:00+00:00,1,8,0.027362202465549452,False,0.01918465227817751,0.1438848920863309,0.298840607598585,2.2413045569893812,XRP
335,2022-07-28 00:00:00+00:00,2022-08-20 00:00:00+00:00,1,23,-0.047192009510141034,False,0.10189309576837421,0.141425389755011,1.7354040531141255,2.408702893393373,XRP
336,2022-08-23 00:00:00+00:00,2022-08-25 00:00:00+00:00,1,2,0.0016014501443665373,False,0.033178114086146744,0.025611175785797365,0.6220783070309636,0.4802007984098643,XRP
337,2022-09-17 00:00:00+00:00,2022-10-21 00:00:00+00:00,1,34,0.07337505950768435,False,0.043649676147564105,0.5736412278231482,0.8545942927895128,11.2310230607241,XRP
338,2022-10-26 00:00:00+00:00,2022-10-28 00:00:00+00:00,1,2,4.466906515254883e-05,False,0.009124484032152904,0.04801216597870956,0.1391752240147863,0.7323267739825695,XRP
339,2022-10-31 00:00:00+00:00,2022-11-02 00:00:00+00:00,1,2,0.004302866139486015,False,0.02315421581476627,0.02075141983398866,0.39468414750058584,0.35372635860901597,XRP
340,2022-12-08 00:00:00+00:00,2022-12-09 00:00:00+00:00,1,1,0.009124207495090948,False,0.002349869451697159,0.034464751958224515,0.0394617784093423,0.578772750003679,XRP
341,2022-12-10 00:00:00+00:00,2022-12-16 00:00:00+00:00,1,6,-0.01127530057721991,False,0.04915079773546064,0.0270200720535255,0.8898370240140657,0.48917742157841343,XRP
342,2023-01-14 00:00:00+00:00,2023-02-11 00:00:00+00:00,1,28,-0.0058134594274473145,False,0.05731327800829878,0.12344398340248956,1.2716434255769817,2.7389243012427276,XRP
343,2023-02-16 00:00:00+00:00,2023-02-17 00:00:00+00:00,1,1,-0.021284449290759674,False,0.04386839481555335,0.008723828514456638,0.9540658631648515,0.189729006879374,XRP
344,2023-03-14 00:00:00+00:00,2023-03-15 00:00:00+00:00,1,1,-0.0007577761785729242,False,0.020687802256851115,0.040569586243954875,0.40716382353745406,0.7984641214825415,XRP
345,2023-03-20 00:00:00+00:00,2023-03-21 00:00:00+00:00,1,1,-0.018564518976636774,False,0.04093264248704673,0.013989637305699522,0.8053065653131731,0.27523135776526186,XRP
346,2023-03-22 00:00:00+00:00,2023-04-25 00:00:00+00:00,1,34,-0.014203942722220537,False,0.13101832126118448,0.2475500639113763,2.2854842016535137,4.318264459059161,XRP
347,2023-05-20 00:00:00+00:00,2023-05-21 00:00:00+00:00,1,1,0.0005488407553536916,False,0.012202954399486272,0.010490259045172253,0.2658751421165398,0.22855933269667114,XRP
348,2023-05-23 00:00:00+00:00,2023-05-24 00:00:00+00:00,1,1,0.0034164488760074297,False,0.007368877329865537,0.012353706111833633,0.16866225738866067,0.2827573138574659,XRP
349,2023-05-29 00:00:00+00:00,2023-06-27 00:00:00+00:00,1,29,0.006425515040629243,False,0.05871369294605808,0.17427385892116176,1.515573680821876,4.498522586185073,XRP
350,2023-07-14 00:00:00+00:00,2023-08-11 00:00:00+00:00,1,28,-0.025657237186619594,False,0.2702967868530783,0.04966887417218541,4.124196687404198,0.7578492097997727,XRP
351,2023-09-30 00:00:00+00:00,2023-10-13 00:00:00+00:00,1,13,-0.04504528738502903,False,0.09518326616772219,0.050853962771061155,2.5966241827013006,1.3873092911609748,XRP
352,2023-10-20 00:00:00+00:00,2023-11-30 00:00:00+00:00,1,41,0.11616905741382783,False,0.021182360870402483,0.4509917196225688,0.5816534232106159,12.383930155993282,XRP
353,2023-12-01 00:00:00+00:00,2023-12-04 00:00:00+00:00,1,3,0.01202564756370226,False,0.005276174773289516,0.046661170651277804,0.10408265335771201,0.9204809656322388,XRP
354,2023-12-09 00:00:00+00:00,2023-12-10 00:00:00+00:00,1,1,-0.01258474930909277,False,0.03209986625055738,0.0425026006836082,0.6747307632826164,0.8933935106427198,XRP
355,2023-12-11 00:00:00+00:00,2023-12-12 00:00:00+00:00,1,1,-0.03686787778878306,False,0.11658109332527944,0.001812141347025036,2.35800205154442,0.03665288163022348,XRP
356,2023-12-15 00:00:00+00:00,2023-12-18 00:00:00+00:00,1,3,-0.018355557414600068,False,0.03733586457838942,0.02024996044929605,0.6634437250535007,0.3598338847747817,XRP
357,2023-12-19 00:00:00+00:00,2023-12-24 00:00:00+00:00,1,5,0.0034500202992195517,False,0.025134649910233342,0.0331320385180349,0.4670443527005983,0.6156493740144258,XRP
358,2023-12-26 00:00:00+00:00,2023-12-31 00:00:00+00:00,1,5,-0.0255543184485957,False,0.08272769444873991,0.019328900572135387,1.8153274307411822,0.42414192307036735,XRP
359,2024-01-02 00:00:00+00:00,2024-01-04 00:00:00+00:00,1,2,-0.04742452142589495,False,0.23655402189433597,0.017927970807551923,5.150445424762907,0.3903422756527213,XRP
360,2024-02-16 00:00:00+00:00,2024-02-18 00:00:00+00:00,1,2,-0.01563289069101516,False,0.041599999999999956,0.030577777777777766,1.0745058706722888,0.7898077339984351,XRP
361,2024-02-19 00:00:00+00:00,2024-03-31 00:00:00+00:00,1,41,0.08297216165445057,False,0.07710238479469236,0.3367401828940292,1.950888443628936,8.520391853802671,XRP
362,2024-04-01 00:00:00+00:00,2024-04-02 00:00:00+00:00,1,1,-0.009826777541974174,False,0.05510560584405282,0.007622677465459608,0.8352608770808706,0.11554040950974354,XRP
363,2024-05-12 00:00:00+00:00,2024-05-13 00:00:00+00:00,1,1,-0.0072718547805073926,False,0.021158789796322013,0.005339133873838095,0.4098178504694496,0.10341198095957745,XRP
364,2024-05-14 00:00:00+00:00,2024-05-19 00:00:00+00:00,1,5,0.015574375198722653,False,0.017821782178217838,0.047722772277227744,0.3565186239682145,0.9546776486259961,XRP
365,2024-05-23 00:00:00+00:00,2024-06-01 00:00:00+00:00,1,9,-0.014152773263071544,False,0.05823216995447649,0.04286798179059172,1.3838151892828607,1.0187043412961752,XRP
366,2024-06-05 00:00:00+00:00,2024-06-08 00:00:00+00:00,1,3,-0.04250051236530947,False,0.14923954372623577,0.01406844106463871,4.372884391968541,0.41222094905180934,XRP
367,2024-07-14 00:00:00+00:00,2024-08-14 00:00:00+00:00,1,31,0.03592344426364528,False,0.1788772597526165,0.25271170313986685,3.4487147320818132,4.872226770430479,XRP
368,2024-08-24 00:00:00+00:00,2024-08-26 00:00:00+00:00,1,2,-0.006373653871515668,False,0.026044226044226085,0.03374283374283366,0.46994317100478156,0.6088571901068215,XRP
369,2024-08-31 00:00:00+00:00,2024-09-05 00:00:00+00:00,1,5,-0.006510805578826161,False,0.06072374227714031,0.0102383053839365,1.1081102751244845,0.1868325463872687,XRP
370,2024-09-13 00:00:00+00:00,2024-09-17 00:00:00+00:00,1,4,0.018084945566409865,False,0.013157894736842037,0.06667852062588901,0.2800381515047684,1.4191122542471437,XRP
371,2024-09-25 00:00:00+00:00,2024-10-03 00:00:00+00:00,1,8,-0.034361579017802145,False,0.10864782535115931,0.12726349636148257,2.711451316654452,3.1760302026855887,XRP
372,2024-10-05 00:00:00+00:00,2024-10-08 00:00:00+00:00,1,3,-0.004694838164067239,False,0.01536155863619351,0.022480329711502246,0.2487321888140748,0.36399832509376073,XRP
373,2024-11-07 00:00:00+00:00,2024-12-30 00:00:00+00:00,1,53,0.3815567348424757,False,0.007563180225050714,4.3790813503043715,0.2091230367399255,121.08223827241709,XRP
374,2025-01-03 00:00:00+00:00,2025-01-05 00:00:00+00:00,1,2,0.0011014591622913825,False,0.0025806451612902233,0.044953173777315336,0.031619203827860494,0.5507861311950109,XRP
375,2025-01-07 00:00:00+00:00,2025-01-08 00:00:00+00:00,1,1,-0.01673131855388778,False,0.06745474084483748,0.02062494833429778,0.9556501069369921,0.2921993893146815,XRP
376,2025-01-12 00:00:00+00:00,2025-02-09 00:00:00+00:00,1,28,-0.01459996241868309,False,0.3153992469236442,0.3214937308334305,4.543839542719239,4.631640503729325,XRP
377,2025-03-03 00:00:00+00:00,2025-03-04 00:00:00+00:00,1,1,-0.02389870982997415,False,0.21930302205281788,0.009937380887557818,2.642986127068166,0.11976287230041924,XRP
378,2025-03-06 00:00:00+00:00,2025-03-08 00:00:00+00:00,1,2,-0.005779607413689717,False,0.062329863891113044,0.05860688550840667,0.5814375533678912,0.546708142665761,XRP
379,2025-03-25 00:00:00+00:00,2025-03-30 00:00:00+00:00,1,5,-0.029829635870045234,False,0.15875025525832143,0.01286501939963237,2.1799385799486966,0.17666083166550975,XRP
380,2020-08-11 00:00:00+00:00,2020-08-28 00:00:00+00:00,1,17,-0.038925752563880874,False,0.10784593437945789,0.06704707560627673,1.3651955897770638,0.8487327079301852,DOGE
381,2020-08-29 00:00:00+00:00,2020-08-30 00:00:00+00:00,1,1,0.001516028572695385,False,0.008294930875576072,0.011059907834101384,0.136044123233872,0.18139216431182859,DOGE
382,2020-10-22 00:00:00+00:00,2020-10-24 00:00:00+00:00,1,2,0.004453062517871053,False,0.0015226494099733906,0.027027027027026983,0.054379120968088605,0.9652293971835478,DOGE
383,2020-10-27 00:00:00+00:00,2020-10-28 00:00:00+00:00,1,1,-0.0013198256762832392,False,0.021356313225927223,0.014612214312476573,0.6731266018237896,0.46056030651101554,DOGE
384,2020-11-06 00:00:00+00:00,2021-03-05 00:00:00+00:00,1,119,0.9126161947573778,False,0.012903225806451679,32.66223908918406,0.3959558022852887,1002.2922389318588,DOGE
385,2021-03-06 00:00:00+00:00,2021-03-07 00:00:00+00:00,1,1,0.0012381055391135448,False,0.009953563496870592,0.06519281243690699,0.05878892775639765,0.38504958970671,DOGE
386,2021-03-16 00:00:00+00:00,2021-03-19 00:00:00+00:00,1,3,-0.00035614074847218865,False,0.03030833917309032,0.04139803784162586,0.2527888614237046,0.34528328297353555,DOGE
387,2021-03-20 00:00:00+00:00,2021-03-25 00:00:00+00:00,1,5,-0.011505636833865499,False,0.13193765752790496,0.04125302196389072,1.3087944775427276,0.40922150915760885,DOGE
388,2021-03-26 00:00:00+00:00,2021-04-06 00:00:00+00:00,1,11,0.016954350654941764,False,0.000604158952271506,0.37299994153300453,0.006058508587898262,3.7404450278636343,DOGE
389,2021-04-07 00:00:00+00:00,2021-05-29 00:00:00+00:00,1,52,0.22458756505256972,False,0.1150193948797517,10.546594259115594,1.4748531727755956,135.23526202946317,DOGE
390,2021-08-08 00:00:00+00:00,2021-09-08 00:00:00+00:00,1,31,-0.011969123128964086,False,0.22787661296480108,0.34465908223257224,3.023272915444751,4.572643303842387,DOGE
391,2021-10-09 00:00:00+00:00,2021-10-11 00:00:00+00:00,1,2,-0.01862495782167132,False,0.07896352695566745,0.03524499570182982,0.9528169639852329,0.4252853322920093,DOGE
392,2021-10-18 00:00:00+00:00,2021-11-17 00:00:00+00:00,1,30,0.026448278502976787,False,0.11772119989916821,0.4326527182589699,1.5635075748566623,5.74625303564379,DOGE
393,2022-01-03 00:00:00+00:00,2022-01-04 00:00:00+00:00,1,1,-0.007578234852494275,False,0.040885371867652946,0.0001720282126268837,0.5422674974693131,0.0022816304241347293,DOGE
394,2022-01-15 00:00:00+00:00,2022-01-19 00:00:00+00:00,1,4,-0.03037381861774516,False,0.11808057648214876,0.06343487280270767,1.3746096957980016,0.7384634611730355,DOGE
395,2022-02-07 00:00:00+00:00,2022-02-10 00:00:00+00:00,1,3,0.012331048970604278,False,0.017799142523060883,0.12407431466805253,0.24866441368107176,1.7333906209155057,DOGE
396,2022-02-20 00:00:00+00:00,2022-02-21 00:00:00+00:00,1,1,-0.010674202808003694,False,0.04418555089862899,0.0014917951268025003,0.5930963569860017,0.020024153531680574,DOGE
397,2022-03-24 00:00:00+00:00,2022-04-22 00:00:00+00:00,1,29,0.058611019041958604,False,0.02087666589631013,0.38279023187735906,0.36941877073673485,6.773586242770563,DOGE
398,2022-04-23 00:00:00+00:00,2022-04-24 00:00:00+00:00,1,1,-0.005634218953690438,False,0.02399647758127244,0.0034490350040360914,0.33287014387021036,0.047843720984403204,DOGE
399,2022-04-26 00:00:00+00:00,2022-04-27 00:00:00+00:00,1,1,-0.025017229277539445,False,0.14591107456833854,0.05546771235215989,1.9466606047162456,0.7400179238561537,DOGE
400,2022-07-11 00:00:00+00:00,2022-07-14 00:00:00+00:00,1,3,-0.021101260128617856,False,0.14725568942436412,0.0002974862412614328,1.8642335202986693,0.0037661283238368494,DOGE
401,2022-07-15 00:00:00+00:00,2022-07-24 00:00:00+00:00,1,9,0.02425335025406831,False,0.0137776353732779,0.2332585709708427,0.16903646292658198,2.8618266281523432,DOGE
402,2022-07-29 00:00:00+00:00,2022-08-02 00:00:00+00:00,1,4,-0.00391722190145207,False,0.03458755426917496,0.07887120115774256,0.5007767821944611,1.1419386874308912,DOGE
403,2022-08-06 00:00:00+00:00,2022-08-07 00:00:00+00:00,1,1,-0.006854653779652561,False,0.020773638968481473,0.02191977077363902,0.3282684534200567,0.3463798163673694,DOGE
404,2022-08-08 00:00:00+00:00,2022-08-26 00:00:00+00:00,1,18,0.04679013003154214,False,0.054716981132075605,0.2997097242380261,0.8974961897948733,4.915993718637689,DOGE
405,2022-10-01 00:00:00+00:00,2022-10-02 00:00:00+00:00,1,1,-0.007901801590928884,False,0.02384428223844292,0.02854825628548241,0.41719733372542145,0.49950156963043185,DOGE
406,2022-10-05 00:00:00+00:00,2022-10-08 00:00:00+00:00,1,3,-0.01968375575369424,False,0.07035404953654453,0.01610697462391742,1.3118237861460187,0.3003311475841875,DOGE
407,2022-10-12 00:00:00+00:00,2022-10-13 00:00:00+00:00,1,1,-0.0035588726360514518,False,0.019099817306095303,0.012788573326689916,0.34957352851355994,0.23406227561342738,DOGE
408,2022-10-14 00:00:00+00:00,2022-10-15 00:00:00+00:00,1,1,-0.007852624883186731,False,0.02584759986572675,0.024504867405169453,0.4606393631183759,0.4367100455537838,DOGE
409,2022-10-17 00:00:00+00:00,2022-10-21 00:00:00+00:00,1,4,0.003167236129685955,False,0.012572205232755767,0.039415562351342096,0.24206227866278138,0.7588979547265519,DOGE
410,2022-10-26 00:00:00+00:00,2022-11-27 00:00:00+00:00,1,32,0.20790455342805708,False,0.006826480393713284,1.5223051277980628,0.15352284316406364,34.2355940255862,DOGE
411,2022-12-07 00:00:00+00:00,2022-12-17 00:00:00+00:00,1,10,-0.06830962952208217,False,0.2637834598481822,0.010587295245705208,2.704113149108757,0.10853312904412332,DOGE
412,2022-12-19 00:00:00+00:00,2022-12-20 00:00:00+00:00,1,1,-0.022967881128044067,False,0.11360448807854139,0.01351523651663911,1.1396708891151164,0.13558374213939722,DOGE
413,2023-01-14 00:00:00+00:00,2023-02-11 00:00:00+00:00,1,28,-0.008390856681889965,False,0.09523246184786452,0.18123743049804805,1.6200498328107347,3.083125893001304,DOGE
414,2023-02-15 00:00:00+00:00,2023-02-20 00:00:00+00:00,1,5,0.015412675574708561,False,0.011605647284039228,0.1012203876525484,0.16674309919705518,1.4542748651619464,DOGE
415,2023-02-22 00:00:00+00:00,2023-02-23 00:00:00+00:00,1,1,-0.0005187484374106977,False,0.031008659021764567,0.062017318043529134,0.48390187914377897,0.9678037582875579,DOGE
416,2023-04-01 00:00:00+00:00,2023-04-30 00:00:00+00:00,1,29,0.049369691090164564,False,0.030949284785435544,0.36840052015604696,0.49896580742405844,5.939370304337656,DOGE
417,2023-05-01 00:00:00+00:00,2023-05-02 00:00:00+00:00,1,1,-0.003902949199456125,False,0.028312570781426977,0.0065433496917076455,0.44349814951574373,0.10249735011030643,DOGE
418,2023-07-04 00:00:00+00:00,2023-07-05 00:00:00+00:00,1,1,0.0020703640234510075,False,0.011836913634370965,0.0504164839982463,0.22988350880509054,0.9791334634290816,DOGE
419,2023-07-09 00:00:00+00:00,2023-08-17 00:00:00+00:00,1,39,0.026898047015753077,False,0.040803897685749116,0.2769488428745432,0.7959177000332489,5.402142896867457,DOGE
420,2023-09-15 00:00:00+00:00,2023-09-16 00:00:00+00:00,1,1,0.003435016867770256,False,0.011446074480090315,0.014509108495889054,0.2901492634028356,0.3677948409331699,DOGE
421,2023-09-20 00:00:00+00:00,2023-09-21 00:00:00+00:00,1,1,-0.001852359262204689,False,0.022509578544061326,0.005747126436781596,0.6469881422798239,0.16518846185867792,DOGE
422,2023-10-02 00:00:00+00:00,2023-10-03 00:00:00+00:00,1,1,-0.020276144290977762,False,0.0449580497071395,0.01598860218458124,1.6044907373058122,0.5706111424925578,DOGE
423,2023-10-23 00:00:00+00:00,2024-01-03 00:00:00+00:00,1,72,0.21276667173093147,False,0.006486135884546855,0.7444462461488567,0.2226777157747188,25.557834828043056,DOGE
424,2024-02-05 00:00:00+00:00,2024-02-06 00:00:00+00:00,1,1,-0.0006785632369396321,False,0.013030148185999067,0.02593254982115488,0.2701372815834337,0.5376261584454586,DOGE
425,2024-02-10 00:00:00+00:00,2024-02-14 00:00:00+00:00,1,4,-0.004981482106058612,False,0.026602917739365024,0.027338482285153804,0.6674619120674024,0.6859170801429958,DOGE
426,2024-02-15 00:00:00+00:00,2024-02-18 00:00:00+00:00,1,3,-0.014155928318230851,False,0.043234400560878815,0.03189997663005371,1.0762805437406595,0.7941205093005377,DOGE
427,2024-02-20 00:00:00+00:00,2024-04-18 00:00:00+00:00,1,58,0.1884031313304458,False,0.08581964465303393,1.562297463403732,2.0644753557313145,37.582591078749324,DOGE
428,2024-04-20 00:00:00+00:00,2024-04-22 00:00:00+00:00,1,2,0.0021137191406287153,False,0.03666730658475706,0.06085621040506827,0.2717850395421964,0.4510777881407154,DOGE
429,2024-05-16 00:00:00+00:00,2024-05-17 00:00:00+00:00,1,1,-0.009853359051044064,False,0.04315064081921803,0.026019192374573428,0.5186884142618069,0.3127613721817482,DOGE
430,2024-05-21 00:00:00+00:00,2024-06-03 00:00:00+00:00,1,13,-0.016065988022901528,False,0.09461742698527636,0.05581704079169672,1.2857550068913581,0.7584970544480255,DOGE
431,2024-06-04 00:00:00+00:00,2024-06-11 00:00:00+00:00,1,7,-0.034106853536782486,False,0.13970077646613208,0.047598005176440826,2.099904256879245,0.7154667011689788,DOGE
432,2024-07-17 00:00:00+00:00,2024-07-18 00:00:00+00:00,1,1,-0.00767224659061203,False,0.03599486932820272,0.023328523328523407,0.5727899474792791,0.3712291196357918,DOGE
433,2024-07-20 00:00:00+00:00,2024-07-26 00:00:00+00:00,1,6,0.00015217103834100945,False,0.04313850570129973,0.14600111633840995,0.6931027688462378,2.3457877444685047,DOGE
434,2024-07-27 00:00:00+00:00,2024-08-04 00:00:00+00:00,1,8,-0.0701232738875399,False,0.21608527131782948,0.03443649373881921,3.270170308672453,0.5211516669909171,DOGE
435,2024-08-09 00:00:00+00:00,2024-08-10 00:00:00+00:00,1,1,-0.0085493267852878,False,0.05474350619122996,0.0034447444372031964,0.5968559849765446,0.03755726436076842,DOGE
436,2024-09-03 00:00:00+00:00,2024-09-06 00:00:00+00:00,1,3,-0.0027648294912021396,False,0.07277682446754828,0.0168567679418592,1.1306892727971143,0.26189335444815093,DOGE
437,2024-09-13 00:00:00+00:00,2024-09-17 00:00:00+00:00,1,4,-0.011461105643288989,False,0.04266095256647507,0.05600467517288405,0.7600872498665999,0.9978314353271595,DOGE
438,2024-09-24 00:00:00+00:00,2024-12-19 00:00:00+00:00,1,86,0.33207050298508484,False,0.06481481481481474,3.490740740740741,1.3228616620775129,71.24554951474613,DOGE
439,2025-01-16 00:00:00+00:00,2025-01-30 00:00:00+00:00,1,14,-0.03857293066686267,False,0.2095094653197953,0.12700927056012884,2.79160992685378,1.692335665870333,DOGE
440,2020-04-10 00:00:00+00:00,2020-08-23 00:00:00+00:00,1,135,0.32743924008564906,False,0.14289670451398517,3.29880919412905,1.7855929262586159,41.220897165877155,ADA
441,2020-10-02 00:00:00+00:00,2020-10-03 00:00:00+00:00,1,1,-0.012057247450414539,False,0.08609609303274511,0.024074262980720056,1.0526601026212827,0.29434571589884034,ADA
442,2020-10-04 00:00:00+00:00,2020-10-09 00:00:00+00:00,1,5,0.007308883876475443,False,0.042242950573603506,0.06776026589471418,0.5012965775418652,0.8041102462092854,ADA
443,2020-10-10 00:00:00+00:00,2020-10-29 00:00:00+00:00,1,19,-0.019067475359134504,False,0.06377097729516296,0.1292201382033564,0.8809612005855963,1.7851055906602857,ADA
444,2020-10-31 00:00:00+00:00,2020-11-01 00:00:00+00:00,1,1,-0.0025939241094865735,False,0.013821922211507548,0.02314368370298949,0.2009840547992234,0.33653144059405005,ADA
445,2020-11-02 00:00:00+00:00,2020-11-03 00:00:00+00:00,1,1,-0.023504295652408202,False,0.07004683363877008,0.018020769700671898,1.1074693019581563,0.284915794253769,ADA
446,2020-11-04 00:00:00+00:00,2020-11-08 00:00:00+00:00,1,4,0.03834159007290299,False,0.021060508873209316,0.2208680778276673,0.30886655975071414,3.2391792509897233,ADA
447,2020-11-09 00:00:00+00:00,2020-11-10 00:00:00+00:00,1,1,-0.0030305129994119837,False,0.04987344145495458,0.013780819349395323,0.7135574765432932,0.19716719746590966,ADA
448,2020-11-14 00:00:00+00:00,2020-11-15 00:00:00+00:00,1,1,-0.007482589215840985,False,0.04667981591058503,0.009955856109702314,0.7517756337384631,0.16033846514341588,ADA
449,2020-11-18 00:00:00+00:00,2020-11-20 00:00:00+00:00,1,2,-0.012435518922808112,False,0.07559730074776576,0.02024439175633777,1.2332910474076157,0.3302661188473956,ADA
450,2020-11-21 00:00:00+00:00,2020-12-22 00:00:00+00:00,1,31,0.06664431634138747,False,0.021262234222072178,0.5553493081336484,0.3464254355720149,9.04830244815479,ADA
451,2020-12-25 00:00:00+00:00,2020-12-27 00:00:00+00:00,1,2,0.0060990041764151,False,0.029133189627016734,0.09367038996668621,0.2793784708969477,0.8982706889377208,ADA
452,2020-12-29 00:00:00+00:00,2021-03-27 00:00:00+00:00,1,88,0.33576781292555596,False,0.047273962520523106,7.413066862933816,0.4953222722243068,77.67187108770548,ADA
453,2021-04-02 00:00:00+00:00,2021-04-24 00:00:00+00:00,1,22,-0.024470299936926128,False,0.23712939311937817,0.3209074125591159,2.5046851090804694,3.3895925218588028,ADA
454,2021-04-27 00:00:00+00:00,2021-06-07 00:00:00+00:00,1,41,0.09103680214008218,False,0.19234993861859528,0.9952994766427603,1.680091000158956,8.693497409875246,ADA
455,2021-06-10 00:00:00+00:00,2021-06-11 00:00:00+00:00,1,1,-0.009050800914995261,False,0.07475429975429972,0.00577395577395582,0.5237544982606889,0.040454332651195704,ADA
456,2021-06-17 00:00:00+00:00,2021-06-18 00:00:00+00:00,1,1,-0.0007703421214748246,False,0.01960255978443914,0.03637588413607279,0.1568651748584582,0.2910900152012639,ADA
457,2021-06-21 00:00:00+00:00,2021-06-22 00:00:00+00:00,1,1,-0.03727118716784644,False,0.18248738081884464,0.007501402131239592,1.5780300631868098,0.06486715972377682,ADA
458,2021-08-06 00:00:00+00:00,2021-09-17 00:00:00+00:00,1,42,0.18161374486572496,False,0.018244753731881516,1.2392730943967691,0.3006870718138597,20.42413964079509,ADA
459,2021-10-19 00:00:00+00:00,2021-10-21 00:00:00+00:00,1,2,0.010507120422279588,False,0.01704065345976893,0.037555159139986895,0.26601593846761323,0.5862610214162318,ADA
460,2021-10-26 00:00:00+00:00,2021-10-28 00:00:00+00:00,1,2,-0.05600840067737929,False,0.16929885860703478,0.028185418122524935,3.107295118934481,0.5173124785237626,ADA
461,2021-11-10 00:00:00+00:00,2021-11-11 00:00:00+00:00,1,1,-0.028196254280114255,False,0.15574925162880784,0.027645712273287635,2.7149454038695606,0.48190664602320227,ADA
462,2022-01-13 00:00:00+00:00,2022-01-14 00:00:00+00:00,1,1,-0.01551138064192926,False,0.0659198292943149,0.03155006858710553,0.8328155402907498,0.398596108301005,ADA
463,2022-01-15 00:00:00+00:00,2022-01-21 00:00:00+00:00,1,6,0.008508227321525166,False,0.03220562050011619,0.2667802121235581,0.3983699615057452,3.29995886381922,ADA
464,2022-02-08 00:00:00+00:00,2022-02-09 00:00:00+00:00,1,1,-0.0055528772694220276,False,0.05476250104349268,0.053844227397946406,0.68286633767976,0.6714158350662287,ADA
465,2022-03-22 00:00:00+00:00,2022-04-20 00:00:00+00:00,1,29,0.015642830851313284,False,0.04756709578878461,0.360244381409557,0.7543526591812694,5.713010276643469,ADA
466,2022-06-07 00:00:00+00:00,2022-06-08 00:00:00+00:00,1,1,0.0011642100155125168,False,0.061935271890915175,0.059799572860193835,0.6077341433787891,0.5867777936071055,ADA
467,2022-06-09 00:00:00+00:00,2022-06-13 00:00:00+00:00,1,4,-0.048331733403381545,False,0.23719550281074325,0.027482823235477922,2.419773542398418,0.28036875803958067,ADA
468,2022-06-16 00:00:00+00:00,2022-06-17 00:00:00+00:00,1,1,-0.01955066614335322,False,0.1266604303086997,0.023012160898035507,1.0229209719038366,0.1858482711139907,ADA
469,2022-06-24 00:00:00+00:00,2022-06-28 00:00:00+00:00,1,4,0.0016105031977721924,False,0.009591326105087674,0.09674728940783986,0.08104946652535334,0.8175424449513816,ADA
470,2022-07-17 00:00:00+00:00,2022-07-18 00:00:00+00:00,1,1,-0.007979884583631433,False,0.03604981428883552,0.017697181559973775,0.49734786364363176,0.24415258760687342,ADA
471,2022-07-20 00:00:00+00:00,2022-07-23 00:00:00+00:00,1,3,-0.01933212945753388,False,0.0769081375024277,0.06525538939599915,1.1159556007844484,0.9468714188474092,ADA
472,2022-07-24 00:00:00+00:00,2022-07-26 00:00:00+00:00,1,2,-0.02466889961882608,False,0.08359133126934987,0.03850619195046424,1.162344218186886,0.5354317116184937,ADA
473,2022-07-28 00:00:00+00:00,2022-08-20 00:00:00+00:00,1,23,-0.04798209420842684,False,0.1283757338551859,0.16399217221135026,1.7557812395554502,2.2429034737004074,ADA
474,2022-09-17 00:00:00+00:00,2022-09-19 00:00:00+00:00,1,2,-0.019333059390149152,False,0.07800969850305708,0.033733923676997714,1.294718483800161,0.5598782632649355,ADA
475,2022-09-24 00:00:00+00:00,2022-09-27 00:00:00+00:00,1,3,-0.011697406664671174,False,0.055447260125622726,0.016244314489928538,0.8352732816806242,0.24470896924237043,ADA
476,2022-11-06 00:00:00+00:00,2022-11-07 00:00:00+00:00,1,1,-0.01974648451740255,False,0.05936180197090578,0.01102768653214449,1.0787836737112322,0.20040645321908154,ADA
477,2022-11-08 00:00:00+00:00,2022-11-09 00:00:00+00:00,1,1,-0.026235316558816637,False,0.16117850953206236,0.027977222084674506,2.7646634965037205,0.47988782658206053,ADA
478,2023-01-10 00:00:00+00:00,2023-02-25 00:00:00+00:00,1,46,0.05471848775847161,False,0.034090909090909186,0.3320707070707069,0.6968180361206014,6.787523833322873,ADA
479,2023-03-29 00:00:00+00:00,2023-05-02 00:00:00+00:00,1,34,0.014990902523187497,False,0.003533568904593703,0.2568632780646914,0.05576454621929087,4.053653552094532,ADA
480,2023-05-03 00:00:00+00:00,2023-05-07 00:00:00+00:00,1,4,-0.017986243032013804,False,0.047266223811957116,0.014052120592743866,0.9092612749224422,0.27032091957153415,ADA
481,2023-06-05 00:00:00+00:00,2023-06-06 00:00:00+00:00,1,1,-0.04537722456519048,False,0.08163265306122462,0.004770739464616931,2.425698855688848,0.14176162143635848,ADA
482,2023-07-09 00:00:00+00:00,2023-08-11 00:00:00+00:00,1,33,0.06768690120913412,False,0.04407713498622582,0.3068181818181819,0.7859962919881377,5.471271063761187,ADA
483,2023-10-02 00:00:00+00:00,2023-10-12 00:00:00+00:00,1,10,-0.05206246583943739,False,0.08276899924755453,0.013544018058690717,2.7306514306626695,0.4468338704720724,ADA
484,2023-10-16 00:00:00+00:00,2023-10-17 00:00:00+00:00,1,1,0.013074269178737575,False,0.0008093889113718251,0.0534196681505463,0.028665572744345717,1.8919278011270244,ADA
485,2023-10-20 00:00:00+00:00,2024-01-06 00:00:00+00:00,1,78,0.42883855667268805,False,0.006885378695828299,1.760226812474686,0.22785529528405454,58.25053607673511,ADA
486,2024-02-11 00:00:00+00:00,2024-03-20 00:00:00+00:00,1,38,0.052494858763146954,False,0.037889775199419926,0.47153734590282814,0.7472001211682104,9.298887632337381,ADA
487,2024-03-21 00:00:00+00:00,2024-03-29 00:00:00+00:00,1,8,0.003342571650997814,False,0.06407251132989535,0.06922956711986249,0.6118354136934542,0.6610807030882927,ADA
488,2024-05-16 00:00:00+00:00,2024-05-19 00:00:00+00:00,1,3,0.02600561167856233,False,0.00906277630415572,0.08443854995579124,0.15503228351394566,1.4444471293250363,ADA
489,2024-05-23 00:00:00+00:00,2024-05-24 00:00:00+00:00,1,1,-0.014637473136853034,False,0.0870374198883606,0.010957204879057207,1.6651685007140407,0.20962928868846467,ADA
490,2024-05-28 00:00:00+00:00,2024-05-31 00:00:00+00:00,1,3,-0.021521034661861956,False,0.054405803285683854,0.0023469170044804564,1.0979553157891666,0.04736277832815965,ADA
491,2024-06-04 00:00:00+00:00,2024-06-07 00:00:00+00:00,1,3,-0.0007655437045708677,False,0.015512344330347379,0.01791566528293639,0.36221710981714006,0.4183352535916261,ADA
492,2024-06-08 00:00:00+00:00,2024-06-09 00:00:00+00:00,1,1,-0.01753063119611068,False,0.03850434008457597,0.00022256843979533608,0.8015935981957165,0.004633489006913722,ADA
493,2024-06-10 00:00:00+00:00,2024-06-12 00:00:00+00:00,1,2,-0.03175426744690256,False,0.07385723936050438,0.01621256473767166,1.5770161211196647,0.34617427048968175,ADA
494,2024-07-13 00:00:00+00:00,2024-07-30 00:00:00+00:00,1,17,-0.013062850602693549,False,0.08431419649291381,0.09632476579389855,1.4139783108103314,1.6153997226066727,ADA
495,2024-08-02 00:00:00+00:00,2024-08-04 00:00:00+00:00,1,2,-0.030039756696865757,False,0.11136595310907241,0.006625891946992842,1.8824793976618057,0.11200106256111389,ADA
496,2024-09-03 00:00:00+00:00,2024-09-04 00:00:00+00:00,1,1,-0.02115143934094175,False,0.05567133075320035,0.010717475439118928,0.9596078529435743,0.18473734067363176,ADA
497,2024-09-09 00:00:00+00:00,2024-09-17 00:00:00+00:00,1,8,-0.014307338344351956,False,0.037485242030696544,0.07703659976387253,0.6363397967798664,1.3077534406263416,ADA
498,2024-09-25 00:00:00+00:00,2024-10-10 00:00:00+00:00,1,15,-0.055464154005646374,False,0.14499484004127974,0.07223942208462339,3.1672356605748213,1.577982179645819,ADA
499,2024-10-14 00:00:00+00:00,2024-10-18 00:00:00+00:00,1,4,-0.006687446675234167,False,0.0264140109101349,0.06574791846109669,0.5573254126284419,1.3872556466512314,ADA
500,2024-10-21 00:00:00+00:00,2024-10-22 00:00:00+00:00,1,1,-0.006133296569882223,False,0.0320723684210526,0.022478070175438555,0.7317869391907251,0.5128763163558924,ADA
501,2024-10-30 00:00:00+00:00,2024-11-01 00:00:00+00:00,1,2,-0.020337013562348388,False,0.044918585064570506,0.022178551375631562,0.9296732672238163,0.4590261756917567,ADA
502,2024-11-02 00:00:00+00:00,2024-11-03 00:00:00+00:00,1,1,-0.011952947465182487,False,0.03468531468531459,0.0181818181818182,0.6873978917952305,0.3603295400539528,ADA
503,2024-11-07 00:00:00+00:00,2024-12-21 00:00:00+00:00,1,44,0.22844665539470196,False,0.004955947136563942,2.6591409691629955,0.09555281125758387,51.269391729207385,ADA
504,2025-01-07 00:00:00+00:00,2025-01-08 00:00:00+00:00,1,1,-0.022974307302742622,False,0.09796926454445662,0.053787047200878124,1.290265569502842,0.7083810969819522,ADA
505,2025-01-16 00:00:00+00:00,2025-01-31 00:00:00+00:00,1,15,-0.02880770463639516,False,0.20394308565051608,0.08462754580117174,2.422966698438004,1.0054262177740918,ADA
506,2025-03-03 00:00:00+00:00,2025-03-11 00:00:00+00:00,1,8,-0.03280980140485619,False,0.41972477064220176,0.036785462244177905,4.958217380159971,0.4345474248690021,ADA
507,2025-03-25 00:00:00+00:00,2025-03-31 00:00:00+00:00,1,6,-0.015221608700472945,False,0.11097444307776418,0.05794724613912805,1.227887520982204,0.6411629419907071,ADA
508,2020-10-22 00:00:00+00:00,2020-10-23 00:00:00+00:00,1,1,0.01069961327789313,False,0.0,0.13262291356278869,0.0,1.106386058077991,AVAX
509,2020-11-18 00:00:00+00:00,2020-11-19 00:00:00+00:00,1,1,-0.006199179637352576,False,0.08883862413228295,0.0070977302862492075,1.0200591029133452,0.08149725931968003,AVAX
510,2020-11-25 00:00:00+00:00,2020-11-26 00:00:00+00:00,1,1,-0.01437736781568144,False,0.08592433039895121,0.03364394081288629,1.016610408059828,0.39805699083977386,AVAX
511,2020-11-30 00:00:00+00:00,2020-12-05 00:00:00+00:00,1,5,-0.011498313698188465,False,0.06809406809406815,0.05327105327105322,0.6720689301608811,0.5257700234763744,AVAX
512,2020-12-06 00:00:00+00:00,2020-12-08 00:00:00+00:00,1,2,-0.019111606680903354,False,0.08816743572841139,0.009997802680729506,0.9420972338933039,0.10682971748821254,AVAX
513,2021-01-02 00:00:00+00:00,2021-01-03 00:00:00+00:00,1,1,-0.00962861590194872,False,0.09816370652144173,0.07960920609726053,1.090309595256352,0.8842237559522507,AVAX
514,2021-01-05 00:00:00+00:00,2021-03-09 00:00:00+00:00,1,63,0.40036091034209637,False,0.03851703851703859,15.833028083028083,0.3630569656067788,149.2402155905171,AVAX
515,2021-03-10 00:00:00+00:00,2021-03-11 00:00:00+00:00,1,1,-0.01365571571317929,False,0.1682848084867292,0.04449477585218107,1.0798003485327794,0.28550096057459545,AVAX
516,2021-03-24 00:00:00+00:00,2021-03-25 00:00:00+00:00,1,1,-0.011834229036222076,False,0.14168062093878028,0.07298347603551232,0.8166176498829277,0.42066158579414914,AVAX
517,2021-03-27 00:00:00+00:00,2021-04-07 00:00:00+00:00,1,11,0.01059151706996296,False,0.08972736400016969,0.22556810950690787,0.5318952552068595,1.3371462374898107,AVAX
518,2021-04-10 00:00:00+00:00,2021-04-17 00:00:00+00:00,1,7,0.020517693938209645,False,0.021970817484171946,0.29609770156807735,0.18795799740648966,2.53308421789467,AVAX
519,2021-04-22 00:00:00+00:00,2021-04-23 00:00:00+00:00,1,1,-0.0133111681292323,False,0.11410294612762036,0.07645690712712905,0.6547038548087172,0.438697102236929,AVAX
520,2021-05-01 00:00:00+00:00,2021-05-05 00:00:00+00:00,1,4,-0.007979336398647495,False,0.09198488737072522,0.14135971041230933,0.7145932818337717,1.0981662561099388,AVAX
521,2021-05-06 00:00:00+00:00,2021-05-13 00:00:00+00:00,1,7,-0.011135160267641773,False,0.16776228250468544,0.2483990419731276,1.3149778411978486,1.9470361936707337,AVAX
522,2021-05-15 00:00:00+00:00,2021-05-20 00:00:00+00:00,1,5,-0.05525088565795489,False,0.5407515465867034,0.08031445011751354,3.6057760317567555,0.535543395234692,AVAX
523,2021-05-21 00:00:00+00:00,2021-05-22 00:00:00+00:00,1,1,-0.012844990206502625,False,0.26892334745424024,0.06806010710574706,0.9855398163313072,0.24942403138835179,AVAX
524,2021-07-24 00:00:00+00:00,2021-08-04 00:00:00+00:00,1,11,0.03422681346216126,False,0.029769959404600817,0.2713576905728461,0.29831348840430366,2.719172645818621,AVAX
525,2021-08-05 00:00:00+00:00,2021-10-11 00:00:00+00:00,1,67,0.3077849904887409,False,0.06099073466112207,4.807251769169038,0.7757518156414204,61.144275583803946,AVAX
526,2021-10-12 00:00:00+00:00,2021-10-14 00:00:00+00:00,1,2,-0.0013346225867924546,False,0.07794882914137034,0.03209019947961832,0.6165374421285329,0.2538179177608419,AVAX
527,2021-10-26 00:00:00+00:00,2021-10-28 00:00:00+00:00,1,2,-0.03275736835084045,False,0.19762726921037935,0.04705342942701978,2.445877933060268,0.5823434446581524,AVAX
528,2021-11-03 00:00:00+00:00,2021-12-06 00:00:00+00:00,1,33,0.08505524833338023,False,0.00987821779258673,1.1820540795565124,0.12439494034055892,14.88543275651367,AVAX
529,2021-12-07 00:00:00+00:00,2021-12-10 00:00:00+00:00,1,3,-0.014222485515710764,False,0.1034527308549465,0.040179580762895246,0.6570443404599452,0.25518674977588884,AVAX
530,2021-12-23 00:00:00+00:00,2021-12-28 00:00:00+00:00,1,5,-0.004728491276572886,False,0.06404244923150766,0.07275174228721816,0.5707755035541554,0.6483966937042068,AVAX
531,2022-01-01 00:00:00+00:00,2022-01-09 00:00:00+00:00,1,8,-0.058962178272822914,False,0.27705097752603686,0.07386259820939163,2.7106495583998034,0.72266707378693,AVAX
532,2022-01-10 00:00:00+00:00,2022-01-13 00:00:00+00:00,1,3,0.01682410924772076,False,0.10557545902373482,0.08420286609941784,0.9234778123120808,0.736529864941587,AVAX
533,2022-02-11 00:00:00+00:00,2022-02-12 00:00:00+00:00,1,1,-0.024040363504851194,False,0.12331321996708731,0.016785518376302808,1.3698047133814508,0.18645918251544658,AVAX
534,2022-02-16 00:00:00+00:00,2022-03-05 00:00:00+00:00,1,17,-0.035617749969146795,False,0.30765920826161786,0.06153184165232373,3.4177388730453555,0.6835477746090728,AVAX
535,2022-03-19 00:00:00+00:00,2022-04-15 00:00:00+00:00,1,27,-0.03747675574909516,False,0.15282314512365835,0.20928604759682684,1.7518519844079772,2.3991011145251235,AVAX
536,2022-07-11 00:00:00+00:00,2022-08-19 00:00:00+00:00,1,39,0.0484611138844356,False,0.14733542319749218,0.6138975966562173,1.4004366858672894,5.835152857780371,AVAX
537,2022-08-23 00:00:00+00:00,2022-08-25 00:00:00+00:00,1,2,0.005485170570494133,False,0.03325942350332594,0.05277161862527706,0.35746221954381396,0.5671733883428505,AVAX
538,2022-10-29 00:00:00+00:00,2022-11-10 00:00:00+00:00,1,12,-0.08683992201607243,False,0.3495633187772926,0.12445414847161577,7.084115947699695,2.522139968887463,AVAX
539,2022-12-08 00:00:00+00:00,2022-12-09 00:00:00+00:00,1,1,0.0029200735556536603,False,0.01613998039067806,0.019232219624405987,0.2559473615030006,0.3049840055292746,AVAX
540,2022-12-11 00:00:00+00:00,2022-12-12 00:00:00+00:00,1,1,-0.013284436852428323,False,0.042884700994212745,0.0013355097195430095,0.7858438406154659,0.02447264555549989,AVAX
541,2022-12-14 00:00:00+00:00,2022-12-17 00:00:00+00:00,1,3,-0.0505789381358922,False,0.15854545454545452,0.03163636363636367,2.722362656726488,0.5432237411357906,AVAX
542,2023-01-12 00:00:00+00:00,2023-02-25 00:00:00+00:00,1,44,0.04001837074515063,False,0.0880161636570273,0.43951256471776745,1.7356100751524361,8.666844858777706,AVAX
543,2023-04-01 00:00:00+00:00,2023-04-22 00:00:00+00:00,1,21,-0.0035333743944197557,False,0.06779661016949148,0.21971751412429374,1.0778042033929378,3.492983789162614,AVAX
544,2023-04-23 00:00:00+00:00,2023-04-24 00:00:00+00:00,1,1,-0.006905843355345577,False,0.04556550040683476,0.002499128211089112,0.6820529623220942,0.037408517066134676,AVAX
545,2023-04-25 00:00:00+00:00,2023-04-27 00:00:00+00:00,1,2,0.004655504323821309,False,0.04333944303198726,0.07816472535919111,0.6680692144032306,1.2048942720887719,AVAX
546,2023-04-28 00:00:00+00:00,2023-04-29 00:00:00+00:00,1,1,-0.0038102994583074823,False,0.028850496838301674,0.005250677506775066,0.4492837144744472,0.08176787758536916,AVAX
547,2023-07-09 00:00:00+00:00,2023-07-25 00:00:00+00:00,1,16,-0.015000581866135735,False,0.07254456099171122,0.17354947553729932,1.3506040094042226,3.2310708657739093,AVAX
548,2023-07-26 00:00:00+00:00,2023-08-01 00:00:00+00:00,1,6,-0.02047871795168437,False,0.049441068347212895,0.009903218546027433,0.8666010835435787,0.17358322158991196,AVAX
549,2023-08-04 00:00:00+00:00,2023-08-05 00:00:00+00:00,1,1,-0.002522814462696683,False,0.01680604696043741,0.013830813766484448,0.3485793399318271,0.2868691218577731,AVAX
550,2023-10-05 00:00:00+00:00,2023-10-13 00:00:00+00:00,1,8,-0.03986989816856843,False,0.12059056678557277,0.1773682124455013,2.76521134010991,4.067155545436923,AVAX
551,2023-10-16 00:00:00+00:00,2023-10-18 00:00:00+00:00,1,2,-0.004334154972234033,False,0.0209309931320179,0.0709691485882481,0.40282096027600955,1.3658148184358432,AVAX
552,2023-10-20 00:00:00+00:00,2024-01-08 00:00:00+00:00,1,80,0.4168752572556395,False,0.00651286013908812,4.52378849762667,0.12362087717677175,85.86622317934484,AVAX
553,2024-01-12 00:00:00+00:00,2024-01-13 00:00:00+00:00,1,1,-0.01890070906506926,False,0.13253625031798527,0.007300941236326609,1.2174502493396995,0.06706491776592945,AVAX
554,2024-02-03 00:00:00+00:00,2024-02-06 00:00:00+00:00,1,3,-0.017164380746552185,False,0.07230488833274397,0.02331274992519244,0.9558142284469568,0.30817637087247596,AVAX
555,2024-02-10 00:00:00+00:00,2024-04-10 00:00:00+00:00,1,60,0.07005974512472586,False,0.11092109763477075,0.7227498750295983,1.738960498118136,11.33087852082621,AVAX
556,2024-05-16 00:00:00+00:00,2024-05-17 00:00:00+00:00,1,1,-0.0022116490330095595,False,0.02700675168792198,0.010185238617346689,0.3593292656762625,0.13551627220483037,AVAX
557,2024-05-18 00:00:00+00:00,2024-05-19 00:00:00+00:00,1,1,0.005734025381785233,False,0.0023619884647074576,0.033781928041746886,0.03346003279288504,0.47855628296801683,AVAX
558,2024-05-21 00:00:00+00:00,2024-06-02 00:00:00+00:00,1,12,-0.03135950383859547,False,0.12215852442671976,0.042946161515453794,1.8376993794257417,0.6460632586718152,AVAX
559,2024-06-05 00:00:00+00:00,2024-06-08 00:00:00+00:00,1,3,-0.028081807002847445,False,0.14946668513644548,0.03163873112619485,2.600064594412871,0.5503751189656175,AVAX
560,2024-07-17 00:00:00+00:00,2024-07-19 00:00:00+00:00,1,2,-0.010312123201884908,False,0.051687801393106005,0.03611359171280583,0.7586651274122246,0.5300694152133774,AVAX
561,2024-07-20 00:00:00+00:00,2024-07-26 00:00:00+00:00,1,6,0.004530987839225135,False,0.06838851783430441,0.17233906494244716,1.0359502882704286,2.6105947264414806,AVAX
562,2024-07-27 00:00:00+00:00,2024-07-29 00:00:00+00:00,1,2,-0.012549453133099658,False,0.057331056355208694,0.028125326734743616,0.7903260640910621,0.3877161907121488,AVAX
563,2024-08-02 00:00:00+00:00,2024-08-03 00:00:00+00:00,1,1,-0.026282153741710477,False,0.09167704764870759,0.007785736530675913,1.2302122037610301,0.10447662027694671,AVAX
564,2024-09-01 00:00:00+00:00,2024-09-06 00:00:00+00:00,1,5,-0.018250118360880332,False,0.10256297726674272,0.0015360308961643175,1.4088562838745393,0.02109968760616563,AVAX
565,2024-09-08 00:00:00+00:00,2024-10-23 00:00:00+00:00,1,45,0.08605607955931807,False,0.003718325376423041,0.41603929489533614,0.05235929040881641,5.858422826853161,AVAX
566,2024-10-30 00:00:00+00:00,2024-11-02 00:00:00+00:00,1,3,-0.032504237533462564,False,0.09296959321150773,0.001079310729837356,1.7479316469227313,0.02029224089702123,AVAX
567,2024-11-07 00:00:00+00:00,2024-12-21 00:00:00+00:00,1,44,0.13095401226377354,False,0.018032361980227417,1.068352649313141,0.3087983107667589,18.29519026807651,AVAX
568,2025-01-17 00:00:00+00:00,2025-01-20 00:00:00+00:00,1,3,-0.03003659259271724,False,0.1285015229440257,0.04411544415039686,1.6465708376444377,0.5652789333821083,AVAX
569,2025-03-26 00:00:00+00:00,2025-03-28 00:00:00+00:00,1,2,-0.009234313480053104,False,0.05561380515508954,0.014853647881170811,0.7344147071090911,0.1961516106968507,AVAX
570,2025-04-08 00:00:00+00:00,2025-04-09 00:00:00+00:00,1,1,-0.007889518725478177,False,0.04563170834082864,0.0629010013791449,0.4684239131085847,0.6456986660327274,AVAX
571,2025-04-12 00:00:00+00:00,2025-04-17 00:00:00+00:00,1,5,-0.0033714115353769857,False,0.0344809543742151,0.09920468815403939,0.39576112297458915,1.1386389820331146,AVAX
572,2025-04-18 00:00:00+00:00,2025-04-19 00:00:00+00:00,1,1,-0.00010904144430603309,False,0.010873562010821071,0.015601197667699775,0.13683056608828842,0.19632211656145698,AVAX
573,2025-04-20 00:00:00+00:00,2025-04-21 00:00:00+00:00,1,1,-0.005350500415712068,False,0.03379261792215632,0.007241275269033587,0.4686216494332698,0.10041892487855907,AVAX
574,2020-02-15 00:00:00+00:00,2020-03-12 00:00:00+00:00,1,26,-0.029350061044452317,False,0.25237020316027087,0.11805869074492113,3.597984314102135,1.6831357748438451,LINK
575,2020-04-10 00:00:00+00:00,2020-05-17 00:00:00+00:00,1,37,0.028955371443703984,False,0.11228493812254764,0.2752792031391486,1.1761740153876372,2.883523392563235,LINK
576,2020-05-18 00:00:00+00:00,2020-05-28 00:00:00+00:00,1,10,0.0071518769279883074,False,0.011366640232619536,0.10362146444620669,0.16044390325642496,1.462651397128349,LINK
577,2020-05-29 00:00:00+00:00,2020-09-06 00:00:00+00:00,1,100,0.32819621798624543,False,0.0956973293768545,4.0187932739861525,1.6346014958466855,68.64481527261074,LINK
578,2020-10-14 00:00:00+00:00,2020-10-16 00:00:00+00:00,1,2,-0.004824842653523753,False,0.04800872885979257,0.030369158028732628,0.49131861472918326,0.310796244923387,LINK
579,2020-10-17 00:00:00+00:00,2020-12-09 00:00:00+00:00,1,53,0.044090723165891216,False,0.0793005671077505,0.5513232514177694,0.8557071991253516,5.9491538647177284,LINK
580,2020-12-14 00:00:00+00:00,2020-12-16 00:00:00+00:00,1,2,-0.005320856440946745,False,0.047832470442778885,0.007186461633567728,0.5639970332618799,0.08473622632205925,LINK
581,2021-01-04 00:00:00+00:00,2021-03-13 00:00:00+00:00,1,68,0.11877094305688347,False,0.10102777170347688,1.7024564472629202,0.9835208759246958,16.57367502027216,LINK
582,2021-03-24 00:00:00+00:00,2021-03-25 00:00:00+00:00,1,1,-0.01774457611656526,False,0.12450563390791732,0.04167599432878147,1.2533430742973686,0.419533777042302,LINK
583,2021-03-26 00:00:00+00:00,2021-03-31 00:00:00+00:00,1,5,0.019325159503028506,False,0.006298658111967504,0.12163060913109823,0.058541218409699204,1.1304636523959837,LINK
584,2021-04-02 00:00:00+00:00,2021-05-20 00:00:00+00:00,1,48,0.0209897831338795,False,0.35094828445212073,0.7627129903344737,4.330744042795102,9.41197004114177,LINK
585,2021-06-21 00:00:00+00:00,2021-06-22 00:00:00+00:00,1,1,-0.029373639477212606,False,0.21534836444280162,0.010672703751617153,1.2865934601634001,0.06376380375407588,LINK
586,2021-07-30 00:00:00+00:00,2021-09-11 00:00:00+00:00,1,43,0.09019861438641437,False,0.028454864697376674,0.8790539144804793,0.33960452030437543,10.491375943050924,LINK
587,2021-09-13 00:00:00+00:00,2021-09-14 00:00:00+00:00,1,1,-0.01545648611508843,False,0.1480676492562658,0.017999049106839554,1.32856508501157,0.1614998841871854,LINK
588,2021-09-15 00:00:00+00:00,2021-09-18 00:00:00+00:00,1,3,-0.017806762447472643,False,0.11125174439360001,0.04309869211047283,0.9937063634605852,0.3849597580734124,LINK
589,2021-09-19 00:00:00+00:00,2021-09-20 00:00:00+00:00,1,1,-0.006821316539858126,False,0.052577863804328696,0.014288228048565981,0.46795449610958395,0.12716835704182877,LINK
590,2021-09-24 00:00:00+00:00,2021-09-25 00:00:00+00:00,1,1,-0.013538041412243781,False,0.16054143385535538,0.003344613205319796,1.2907001528576854,0.02688958651786758,LINK
591,2021-10-09 00:00:00+00:00,2021-10-11 00:00:00+00:00,1,2,-0.007684236521024174,False,0.036539189700870875,0.058614161302536855,0.3871312222352106,0.6210146445804202,LINK
592,2021-10-19 00:00:00+00:00,2021-11-19 00:00:00+00:00,1,31,0.0024372108792389594,False,0.014029224312140551,0.49137260997979165,0.16733140522994192,5.86077088013125,LINK
593,2022-01-02 00:00:00+00:00,2022-01-21 00:00:00+00:00,1,19,-0.01058745165504937,False,0.03399884259259268,0.3836323302469135,0.36761408438272436,4.148042611722786,LINK
594,2022-03-22 00:00:00+00:00,2022-04-14 00:00:00+00:00,1,23,-0.02375097843894541,False,0.09915921526758312,0.22274122514346728,1.4130701285774827,3.1741777181639543,LINK
595,2022-06-08 00:00:00+00:00,2022-06-12 00:00:00+00:00,1,4,-0.03759913274174955,False,0.20404411764705888,0.11121323529411764,2.2284016961627375,1.2145793028634737,LINK
596,2022-06-16 00:00:00+00:00,2022-06-17 00:00:00+00:00,1,1,-0.02041144825005157,False,0.15261647766088263,0.025003415767181285,1.1091044307933873,0.18170645553732293,LINK
597,2022-06-24 00:00:00+00:00,2022-06-27 00:00:00+00:00,1,3,-0.007769644882501756,False,0.04352183249821049,0.07301360057265566,0.3307348978776802,0.5548513089395285,LINK
598,2022-07-12 00:00:00+00:00,2022-07-13 00:00:00+00:00,1,1,-0.004744654852788141,False,0.020367610531544848,0.032786885245901704,0.215808643711203,0.3473992801204757,LINK
599,2022-07-17 00:00:00+00:00,2022-07-18 00:00:00+00:00,1,1,-0.012139570442453665,False,0.043372763117986116,0.017743403093721563,0.5477553141889087,0.2240817194409168,LINK
600,2022-07-19 00:00:00+00:00,2022-07-23 00:00:00+00:00,1,4,-0.010364485361293304,False,0.05644817289918957,0.07777619792407219,0.7412563594029102,1.0213280317213889,LINK
601,2022-07-25 00:00:00+00:00,2022-07-26 00:00:00+00:00,1,1,-0.02811545427074915,False,0.09843463545339168,0.0073332393174445915,1.314696267425673,0.09794298840420407,LINK
602,2022-07-27 00:00:00+00:00,2022-08-22 00:00:00+00:00,1,26,0.022964439802773056,False,0.024459523433801384,0.49960549155751943,0.2901688333611231,5.926932428524642,LINK
603,2022-08-23 00:00:00+00:00,2022-08-26 00:00:00+00:00,1,3,0.0030863568210179482,False,0.038231949971574655,0.04832291074474144,0.4658247416807871,0.5887747664366855,LINK
604,2022-09-17 00:00:00+00:00,2022-09-21 00:00:00+00:00,1,4,-0.026820306063934284,False,0.11145955834313338,0.06350450803606426,1.5413275410456333,0.8781772390951672,LINK
605,2022-09-24 00:00:00+00:00,2022-10-03 00:00:00+00:00,1,9,-0.017894255283539166,False,0.04902619207521829,0.1466756212222969,0.6300320917225857,1.8849179292083933,LINK
606,2022-10-05 00:00:00+00:00,2022-10-08 00:00:00+00:00,1,3,-0.005551719840433705,False,0.03252980819077246,0.028771384136858414,0.4749179394497856,0.42004694246156193,LINK
607,2022-10-12 00:00:00+00:00,2022-10-13 00:00:00+00:00,1,1,2.340301639165601e-05,False,0.006733062140552554,0.01977837003787348,0.10682976499200764,0.31381243466402803,LINK
608,2022-10-18 00:00:00+00:00,2022-10-21 00:00:00+00:00,1,3,-0.039675464309955215,False,0.09952218430034131,0.005870307167235515,1.7094005096728158,0.10082883664736808,LINK
609,2022-10-30 00:00:00+00:00,2022-11-02 00:00:00+00:00,1,3,0.0009729277043639922,False,0.019127472815406773,0.090658980741517,0.35985909515613074,1.7056335195071395,LINK
610,2022-11-04 00:00:00+00:00,2022-11-10 00:00:00+00:00,1,6,-0.013509940297433897,False,0.2544064282011405,0.22861586314152413,4.3631897339531776,3.920869429797965,LINK
611,2022-11-11 00:00:00+00:00,2022-11-13 00:00:00+00:00,1,2,-0.019595691559853433,False,0.14339255968906156,0.018045530260966117,1.1617518553730468,0.1462030408504318,LINK
612,2022-12-01 00:00:00+00:00,2022-12-02 00:00:00+00:00,1,1,-3.384947116165019e-05,False,0.03091573180276547,0.0186537959822593,0.4050804415363386,0.24441562506200973,LINK
613,2022-12-08 00:00:00+00:00,2022-12-09 00:00:00+00:00,1,1,0.004449333942109134,False,0.01555911007706852,0.027046677330231198,0.21343355557973162,0.3710153396058878,LINK
614,2022-12-11 00:00:00+00:00,2022-12-17 00:00:00+00:00,1,6,-0.05011816823523682,False,0.15776415645067138,0.02802101576182126,2.386785095031283,0.4239248272395971,LINK
615,2022-12-19 00:00:00+00:00,2022-12-20 00:00:00+00:00,1,1,-0.009326592478397238,False,0.04875588433086752,0.019838601210490827,0.6935541201666379,0.282204779929872,LINK
616,2023-01-14 00:00:00+00:00,2023-02-14 00:00:00+00:00,1,31,-0.0038938210857498417,False,0.05782621858916132,0.18422646079321836,1.3564816617511393,4.3215659223851794,LINK
617,2023-02-16 00:00:00+00:00,2023-03-04 00:00:00+00:00,1,16,-0.014315072208533263,False,0.0942178272215355,0.15478643043537973,1.5788593324334033,2.593840331854876,LINK
618,2023-03-07 00:00:00+00:00,2023-03-08 00:00:00+00:00,1,1,0.0008893741665719366,False,0.027725083904859116,0.017510579308332132,0.43504331518663225,0.27476419906524235,LINK
619,2023-03-14 00:00:00+00:00,2023-03-16 00:00:00+00:00,1,2,-0.011722240790380659,False,0.057100591715976354,0.06538461538461542,0.8523620524320027,0.9760207957900134,LINK
620,2023-04-01 00:00:00+00:00,2023-04-21 00:00:00+00:00,1,20,0.007222389047199504,False,0.07502637130801687,0.16086497890295368,1.209816190836989,2.5939819908982913,LINK
621,2023-04-23 00:00:00+00:00,2023-04-24 00:00:00+00:00,1,1,-0.004707095603390664,False,0.04449714046589482,0.0,0.7325784977099896,0.0,LINK
622,2023-04-25 00:00:00+00:00,2023-04-27 00:00:00+00:00,1,2,-0.0038658080607564226,False,0.05293701344656766,0.061571125265392726,0.8973903198954964,1.0437561207340642,LINK
623,2023-07-02 00:00:00+00:00,2023-08-17 00:00:00+00:00,1,46,0.04078442606350122,False,0.0761304214087973,0.30421408797293154,1.3806629638729782,5.517073419274245,LINK
624,2023-09-16 00:00:00+00:00,2023-09-18 00:00:00+00:00,1,2,-0.019342974494194833,False,0.05000000000000008,0.009433962264150882,1.213449292624167,0.2289526967215391,LINK
625,2023-09-19 00:00:00+00:00,2023-12-10 00:00:00+00:00,1,82,0.3205266330822415,False,0.007317073170731715,1.6463414634146343,0.1635115419063497,36.79009692892865,LINK
626,2023-12-11 00:00:00+00:00,2023-12-14 00:00:00+00:00,1,3,-0.030334848041990246,False,0.16568986568986563,0.005921855921856002,2.4743733697982297,0.08843559943641548,LINK
627,2023-12-15 00:00:00+00:00,2023-12-18 00:00:00+00:00,1,3,-0.025673877761598792,False,0.09563747480657955,0.0014303361289903283,1.204803420130222,0.018018813897257086,LINK
628,2023-12-19 00:00:00+00:00,2023-12-31 00:00:00+00:00,1,12,0.01419520705884393,False,0.05118593238822255,0.20549345692475465,0.6681885600374917,2.682541289631204,LINK
629,2024-01-11 00:00:00+00:00,2024-01-12 00:00:00+00:00,1,1,-0.0014104965833905583,False,0.03210187703123964,0.0410559129800358,0.3884537527754509,0.4968034565454629,LINK
630,2024-01-14 00:00:00+00:00,2024-01-19 00:00:00+00:00,1,5,0.004520247653247435,False,0.011637630662020894,0.14257839721254364,0.13603452829926574,1.6666266161694498,LINK
631,2024-01-20 00:00:00+00:00,2024-01-23 00:00:00+00:00,1,3,-0.025954773655755936,False,0.10055207493331672,0.027665777557223593,1.2819285350506078,0.3527082829318775,LINK
632,2024-01-31 00:00:00+00:00,2024-03-17 00:00:00+00:00,1,46,0.050671691230753366,False,0.025588007237012197,0.47971051951408616,0.39873657095628734,7.475303794897653,LINK
633,2024-03-22 00:00:00+00:00,2024-03-24 00:00:00+00:00,1,2,-0.006403322644252588,False,0.06140350877192984,0.007093350660602135,0.6856155859251595,0.07920250595784481,LINK
634,2024-03-26 00:00:00+00:00,2024-03-28 00:00:00+00:00,1,2,-0.002232109189644809,False,0.019076098164570066,0.07058156320890904,0.25308192147117886,0.9364031094433591,LINK
635,2024-05-12 00:00:00+00:00,2024-05-13 00:00:00+00:00,1,1,0.006684888286832092,False,0.002180615083840884,0.021580569967666805,0.033604938975065855,0.3325730167532399,LINK
636,2024-05-16 00:00:00+00:00,2024-06-14 00:00:00+00:00,1,29,0.029782815568144366,False,0.024024240675275966,0.38813938388283664,0.405997674715982,6.559361831747693,LINK
637,2024-07-17 00:00:00+00:00,2024-07-18 00:00:00+00:00,1,1,-0.010874102102965232,False,0.03366434255933515,0.020776110993731948,0.5606763693617066,0.3460241191667437,LINK
638,2024-07-20 00:00:00+00:00,2024-07-24 00:00:00+00:00,1,4,-0.004288247720795742,False,0.04207234738113855,0.06644872432662928,0.7160596351467781,1.1309387818618875,LINK
639,2024-07-28 00:00:00+00:00,2024-07-29 00:00:00+00:00,1,1,-0.006731451996844194,False,0.026216675282475475,0.007237279373753709,0.4380060937895328,0.12091435828555976,LINK
640,2024-08-02 00:00:00+00:00,2024-08-03 00:00:00+00:00,1,1,-0.030366291509052318,False,0.08635551758950066,0.005513706608682125,1.4234600531797952,0.0908863882875585,LINK
641,2024-09-03 00:00:00+00:00,2024-09-06 00:00:00+00:00,1,3,-0.022929167609991592,False,0.08776496838973603,0.01106359241353661,1.341823517057788,0.16914936284944526,LINK
642,2024-09-09 00:00:00+00:00,2024-09-10 00:00:00+00:00,1,1,0.005312233773467398,False,0.007635801275855464,0.04581480765513244,0.11649232908946142,0.6989539745367632,LINK
643,2024-09-11 00:00:00+00:00,2024-09-19 00:00:00+00:00,1,8,0.012129717279465128,False,0.04015495086923648,0.09155328798185952,0.6528550607888624,1.4885095385986118,LINK
644,2024-09-25 00:00:00+00:00,2024-10-11 00:00:00+00:00,1,16,-0.05456459917302493,False,0.15688534035723095,0.06807144620956472,3.076605328018184,1.3349174219680195,LINK
645,2024-10-15 00:00:00+00:00,2024-10-18 00:00:00+00:00,1,3,-0.010717893116552739,False,0.038652482269503546,0.03714539007092203,0.7461067477191115,0.7170154295741011,LINK
646,2024-10-19 00:00:00+00:00,2024-10-20 00:00:00+00:00,1,1,-0.0031718969552409202,False,0.016460546943041287,0.010712419439122201,0.32666867003594796,0.2125938963726029,LINK
647,2024-10-21 00:00:00+00:00,2024-10-23 00:00:00+00:00,1,2,-0.0006673220080530848,False,0.03606913250396596,0.030391583869082323,0.7523459378698872,0.6339211143162916,LINK
648,2024-10-30 00:00:00+00:00,2024-11-03 00:00:00+00:00,1,4,-0.017929790208374277,False,0.06195965417867434,0.0567892863197152,1.1775221418735902,1.0792610602671757,LINK
649,2024-11-06 00:00:00+00:00,2024-12-31 00:00:00+00:00,1,55,0.21772451010769123,False,0.0034167513159110543,1.8577892695539753,0.055339257712954,30.08959963970768,LINK
650,2025-01-07 00:00:00+00:00,2025-01-08 00:00:00+00:00,1,1,-0.023103625815808982,False,0.11164763184413835,0.0007977830030232577,1.277327009942173,0.00912719563328459,LINK
651,2025-01-17 00:00:00+00:00,2025-02-02 00:00:00+00:00,1,16,-0.002673728990690939,False,0.0369758852922007,0.18183793178361932,0.4438115942219913,2.1825517295170798,LINK
652,2025-03-26 00:00:00+00:00,2025-03-27 00:00:00+00:00,1,1,-0.003400595720294167,False,0.031890070002592745,0.03668654394607201,0.41424953550448723,0.4765553599502823,LINK
653,2025-03-28 00:00:00+00:00,2025-03-29 00:00:00+00:00,1,1,-0.021883259751634215,False,0.09811126152259397,0.0044478824211951805,1.3357118320559236,0.06055460999465166,LINK
654,2020-02-07 00:00:00+00:00,2020-02-28 00:00:00+00:00,1,21,-0.0535087078816575,False,0.22516286644951142,0.1506514657980455,3.644514941447288,2.4384638848743143,LTC
655,2020-04-10 00:00:00+00:00,2020-04-22 00:00:00+00:00,1,12,-0.02463152943755116,False,0.18171996542783067,0.003457216940362934,2.263343472426967,0.04306004228160606,LTC
656,2020-04-23 00:00:00+00:00,2020-05-07 00:00:00+00:00,1,14,0.01630707710547039,False,0.021276595744680864,0.2165909634233804,0.2901179123757102,2.95333515294824,LTC
657,2020-05-08 00:00:00+00:00,2020-05-17 00:00:00+00:00,1,9,-0.03138695698263137,False,0.17704156995146655,0.038404726735598235,2.7471368159222376,0.5959224082215105,LTC
658,2020-05-18 00:00:00+00:00,2020-05-22 00:00:00+00:00,1,4,-0.008518053477862109,False,0.04784798534798526,0.06707875457875458,0.7499158163874509,1.051317388524036,LTC
659,2020-06-02 00:00:00+00:00,2020-06-03 00:00:00+00:00,1,1,-0.017213142710652492,False,0.09673418768085985,0.034725093013641996,1.8552972949768542,0.6660041571711783,LTC
660,2020-06-04 00:00:00+00:00,2020-06-06 00:00:00+00:00,1,2,-0.0031371537078840363,False,0.01971174226367104,0.020347604917337874,0.33690442827836253,0.347772313061536,LTC
661,2020-06-08 00:00:00+00:00,2020-06-12 00:00:00+00:00,1,4,-0.03143225407519843,False,0.10229466009007084,0.013296161269568892,1.9267669438625017,0.2504393092651458,LTC
662,2020-06-13 00:00:00+00:00,2020-06-16 00:00:00+00:00,1,3,-0.00923412227451845,False,0.06836461126005351,0.010947274352100134,1.2392599011214558,0.19844357893775058,LTC
663,2020-06-19 00:00:00+00:00,2020-06-20 00:00:00+00:00,1,1,-0.00630894871092003,False,0.019797421731123376,0.008287292817679546,0.40085371919361934,0.16779923129035212,LTC
664,2020-06-22 00:00:00+00:00,2020-06-25 00:00:00+00:00,1,3,-0.005359594196020995,False,0.022537174721189566,0.039498141263940585,0.49217546559286873,0.8625755582555455,LTC
665,2020-07-10 00:00:00+00:00,2020-07-11 00:00:00+00:00,1,1,-0.0009720980315483469,False,0.020734730673878626,0.007212080234392615,0.4862933437525556,0.1691455108704553,LTC
666,2020-07-13 00:00:00+00:00,2020-07-16 00:00:00+00:00,1,3,-0.018089053253931123,False,0.049799017418490486,0.020098258150960217,1.2512101690516386,0.5049727139670274,LTC
667,2020-07-23 00:00:00+00:00,2020-08-28 00:00:00+00:00,1,36,0.07932982620837238,False,0.022873639795691784,0.5340883855207639,0.5922021972321319,13.82763382857549,LTC
668,2020-08-31 00:00:00+00:00,2020-09-03 00:00:00+00:00,1,3,-0.024864405577396498,False,0.1077948880774726,0.02397205905699314,1.597775966131263,0.3553227848097502,LTC
669,2020-10-12 00:00:00+00:00,2020-10-17 00:00:00+00:00,1,5,-0.03310970006059158,False,0.09918827954860421,0.021183923975450412,1.9781227896094853,0.4224733303157985,LTC
670,2020-10-19 00:00:00+00:00,2021-01-28 00:00:00+00:00,1,101,0.28519325529956885,False,0.02420033670033682,2.926978114478114,0.48941544643969537,59.193734300258164,LTC
671,2021-01-29 00:00:00+00:00,2021-01-31 00:00:00+00:00,1,2,-0.000685469065276228,False,0.039946039121636905,0.09443153713557666,0.3174390851112495,0.7504188503567978,LTC
672,2021-02-09 00:00:00+00:00,2021-03-16 00:00:00+00:00,1,35,0.04082744025776516,False,0.08765130284419544,0.47874306839186687,0.9464525165813296,5.169433507232303,LTC
673,2021-03-24 00:00:00+00:00,2021-03-25 00:00:00+00:00,1,1,-0.01687220843889698,False,0.0779074143771171,0.0607559546212161,0.9343748784337526,0.7286705401174176,LTC
674,2021-03-27 00:00:00+00:00,2021-05-16 00:00:00+00:00,1,50,0.13600112472251918,False,0.03153079562163041,1.254206828949518,0.3715569908991111,14.779497508458446,LTC
675,2021-05-17 00:00:00+00:00,2021-05-20 00:00:00+00:00,1,3,-0.06755508065156512,False,0.5619697840267686,0.07564132896204412,4.120067075548776,0.5545624655727526,LTC
676,2021-06-21 00:00:00+00:00,2021-06-22 00:00:00+00:00,1,1,-0.03919835100628693,False,0.19984503131658812,0.0036805062310324346,1.5537200411026795,0.02861455326101831,LTC
677,2021-07-30 00:00:00+00:00,2021-08-02 00:00:00+00:00,1,3,-0.004000549870329624,False,0.03904095056227443,0.05933941580026887,0.5897913812306267,0.8964401609646709,LTC
678,2021-08-03 00:00:00+00:00,2021-08-04 00:00:00+00:00,1,1,-0.008233322600509588,False,0.04138662893526703,0.013371064732932543,0.6403383118419473,0.2068785315181694,LTC
679,2021-08-05 00:00:00+00:00,2021-09-11 00:00:00+00:00,1,37,0.10536688155485038,False,0.04585933665240881,0.6329850641609983,0.7237987681669855,9.990415107405743,LTC
680,2021-09-14 00:00:00+00:00,2021-09-18 00:00:00+00:00,1,4,-0.000274168531224194,False,0.0180014490330492,0.08978431700384543,0.15850333572630151,0.7905537890249847,LTC
681,2021-09-19 00:00:00+00:00,2021-09-20 00:00:00+00:00,1,1,-0.007962133160286907,False,0.04913151364764266,0.002315963606286275,0.5015295567653618,0.023641123887930424,LTC
682,2021-10-09 00:00:00+00:00,2021-10-11 00:00:00+00:00,1,2,-0.0029958049865642907,False,0.012211745995683322,0.04668862887651936,0.15904568340956357,0.6080723337798182,LTC
683,2021-10-16 00:00:00+00:00,2021-11-27 00:00:00+00:00,1,42,0.04692954696707558,False,0.10460339197303282,0.5590435057410723,1.5257763601311944,8.154375773631665,LTC
684,2021-11-28 00:00:00+00:00,2021-12-04 00:00:00+00:00,1,6,-0.010715732794881777,False,0.0870880106617459,0.1273771080014352,0.8409897538728206,1.2300527006321116,LTC
685,2022-01-15 00:00:00+00:00,2022-01-16 00:00:00+00:00,1,1,0.005538871285092313,False,0.005114029025570012,0.043123704215618584,0.07548607327260776,0.636531212460926,LTC
686,2022-02-08 00:00:00+00:00,2022-02-10 00:00:00+00:00,1,2,0.005447460872220016,False,0.049978143668949336,0.040288503569867413,0.7317261928123068,0.5898609105323711,LTC
687,2022-02-19 00:00:00+00:00,2022-02-21 00:00:00+00:00,1,2,-0.010858400130042615,False,0.0558751743375174,0.02083333333333334,0.7042264732471732,0.26257430125752657,LTC
688,2022-03-01 00:00:00+00:00,2022-03-02 00:00:00+00:00,1,1,-0.002820223071225465,False,0.033972892096461885,0.020947016370357292,0.4023139933864229,0.248058887113908,LTC
689,2022-03-03 00:00:00+00:00,2022-03-05 00:00:00+00:00,1,2,-0.023914123964952023,False,0.10321059314347913,0.02475965898784681,1.2520869538847696,0.3003688386735857,LTC
690,2022-03-20 00:00:00+00:00,2022-04-12 00:00:00+00:00,1,23,-0.053224129861712384,False,0.1276905925735357,0.1502444044250064,2.140039844802854,2.5180321075181995,LTC
691,2022-07-10 00:00:00+00:00,2022-07-14 00:00:00+00:00,1,4,-0.023757929616081752,False,0.1452358926919518,0.018131359851988972,1.8959212256332847,0.23668825491982515,LTC
692,2022-07-15 00:00:00+00:00,2022-07-24 00:00:00+00:00,1,9,0.026113902899655234,False,0.013257945018522123,0.20354844999025146,0.17175412867079554,2.6369310342986845,LTC
693,2022-07-25 00:00:00+00:00,2022-07-26 00:00:00+00:00,1,1,-0.02653758283876431,False,0.07714726555803189,0.01131493228184474,1.1879587900422106,0.1742339558728585,LTC
694,2022-07-27 00:00:00+00:00,2022-08-20 00:00:00+00:00,1,24,-0.0077784300265483775,False,0.016344725111441354,0.22232540861812775,0.23360710055730613,3.1775874928078935,LTC
695,2022-08-23 00:00:00+00:00,2022-08-25 00:00:00+00:00,1,2,-0.005462854389940452,False,0.05805210701171534,0.009617065920615567,0.8874487890755913,0.14701711867216236,LTC
696,2022-09-13 00:00:00+00:00,2022-09-14 00:00:00+00:00,1,1,-0.01203912006637199,False,0.05004074979625102,0.099918500407498,0.7951684907894433,1.587746856201723,LTC
697,2022-09-17 00:00:00+00:00,2022-09-19 00:00:00+00:00,1,2,-0.01827477535426035,False,0.07029153997495975,0.04435700232516552,0.9608626237924064,0.6063458796450819,LTC
698,2022-09-24 00:00:00+00:00,2022-09-26 00:00:00+00:00,1,2,-0.01601473392460267,False,0.05452898550724647,0.013405797101449181,0.7417939370824371,0.18236794466478362,LTC
699,2022-10-05 00:00:00+00:00,2022-10-06 00:00:00+00:00,1,1,-0.005389263005050934,False,0.03602461984069518,0.0005430847212165303,0.6471017926518075,0.009755303406811527,LTC
700,2022-10-24 00:00:00+00:00,2022-10-25 00:00:00+00:00,1,1,-0.018054841722026677,False,0.03556214113724767,0.0035191702167067553,0.9385779758138203,0.0928801121899081,LTC
701,2022-10-26 00:00:00+00:00,2022-11-02 00:00:00+00:00,1,7,-0.0087618426347933,False,0.044178143444822016,0.030584868538722963,1.1085757496168003,0.7674755189654778,LTC
702,2022-11-03 00:00:00+00:00,2022-11-10 00:00:00+00:00,1,7,-0.04064372961146876,False,0.22213101296995558,0.20357905105893953,5.032443065016757,4.612142942070056,LTC
703,2022-11-11 00:00:00+00:00,2022-12-21 00:00:00+00:00,1,40,0.0036236052607957906,False,0.11779283000165211,0.4042623492483066,1.2891192902776043,4.424228475889617,LTC
704,2023-01-08 00:00:00+00:00,2023-03-01 00:00:00+00:00,1,52,0.09869044900374262,False,0.017417496071241465,0.3863279203771608,0.3689590773122309,8.183678782489341,LTC
705,2023-03-25 00:00:00+00:00,2023-03-26 00:00:00+00:00,1,1,-0.005983716604406988,False,0.038070794567425965,0.00823441343171849,0.5241553406259569,0.11337067760729902,LTC
706,2023-04-02 00:00:00+00:00,2023-04-21 00:00:00+00:00,1,19,-0.011494663039649853,False,0.06550643173710952,0.11966273916333361,1.028008069653656,1.8778959292188053,LTC
707,2023-04-26 00:00:00+00:00,2023-04-27 00:00:00+00:00,1,1,-0.01187010326480666,False,0.07672015827654434,0.03209496592657729,1.4019983855669065,0.5865093532744079,LTC
708,2023-04-28 00:00:00+00:00,2023-04-30 00:00:00+00:00,1,2,0.0048863587468650285,False,0.023634336677814987,0.021516164994425782,0.4067326602949496,0.37028020489115476,LTC
709,2023-05-18 00:00:00+00:00,2023-05-25 00:00:00+00:00,1,7,-0.04091367371777842,False,0.10369817755515298,0.003836725993818602,2.105556802806226,0.0779034377194491,LTC
710,2023-05-29 00:00:00+00:00,2023-06-11 00:00:00+00:00,1,13,-0.07494396456915825,False,0.20671552006999896,0.06704582740894668,4.694061508976658,1.5224654523823749,LTC
711,2023-06-24 00:00:00+00:00,2023-06-26 00:00:00+00:00,1,2,-0.012323468750437935,False,0.054569362261669994,0.028161297392066548,1.0403751682603348,0.5369004382387653,LTC
712,2023-07-01 00:00:00+00:00,2023-07-29 00:00:00+00:00,1,28,-0.03233480491201654,False,0.20080986563592854,0.05880728879072336,3.385533770555555,0.991455581752979,LTC
713,2023-09-16 00:00:00+00:00,2023-09-18 00:00:00+00:00,1,2,-0.017047111891594535,False,0.05376670716889438,0.0182260024301337,1.2036034447281097,0.4080011677044442,LTC
714,2023-09-20 00:00:00+00:00,2023-09-21 00:00:00+00:00,1,1,-0.019429034142314717,False,0.06067816775728731,0.008774538964901896,1.3288639100815471,0.19216414385983277,LTC
715,2023-09-24 00:00:00+00:00,2023-09-25 00:00:00+00:00,1,1,-0.01200992032329469,False,0.02844403444034453,0.0004612546125459244,0.6426472705667531,0.010421307090267081,LTC
716,2023-09-29 00:00:00+00:00,2023-10-12 00:00:00+00:00,1,13,-0.037479072294315074,False,0.06382325866830321,0.055998772629640856,1.5406375427902026,1.3517613055731301,LTC
717,2023-10-23 00:00:00+00:00,2023-11-22 00:00:00+00:00,1,30,0.01921893168542648,False,0.010884562317951985,0.17905871531503897,0.30492100512677084,5.016165267437523,LTC
718,2023-11-24 00:00:00+00:00,2023-11-28 00:00:00+00:00,1,4,-0.003890728444398276,False,0.023590333716916004,0.04042002301495976,0.4402271060334418,0.7542915658255928,LTC
719,2023-11-29 00:00:00+00:00,2023-11-30 00:00:00+00:00,1,1,0.000779057512195319,False,0.009027081243731331,0.009743516263074832,0.18859755199364622,0.2035656116756763,LTC
720,2023-12-02 00:00:00+00:00,2023-12-05 00:00:00+00:00,1,3,0.009544299791572886,False,0.006145251396648013,0.049441340782123,0.14455124242619444,1.162980450428936,LTC
721,2023-12-06 00:00:00+00:00,2023-12-07 00:00:00+00:00,1,1,-0.01809182448781616,False,0.029712288249529362,0.008335574079053571,0.7599796777008218,0.21320696840475759,LTC
722,2023-12-08 00:00:00+00:00,2023-12-14 00:00:00+00:00,1,6,-0.000799998555045964,False,0.06236501079913613,0.0751889848812096,1.598171959649893,1.9268003929112354,LTC
723,2023-12-15 00:00:00+00:00,2024-01-03 00:00:00+00:00,1,19,-0.003994347040194924,False,0.06768050417865458,0.06740649404027951,1.4353938035547316,1.429582492609167,LTC
724,2024-01-13 00:00:00+00:00,2024-01-14 00:00:00+00:00,1,1,-0.006042139284880749,False,0.02685667306111274,0.008906549739654582,0.43186388288983857,0.14322016524407666,LTC
725,2024-01-22 00:00:00+00:00,2024-01-23 00:00:00+00:00,1,1,-0.029642556167792922,False,0.07189633551623237,0.013236728438066085,1.3958562922790796,0.2569890460591338,LTC
726,2024-02-01 00:00:00+00:00,2024-02-06 00:00:00+00:00,1,5,0.005697148153607151,False,0.016336930455635543,0.03702038369304555,0.3473233886072481,0.7870539173026604,LTC
727,2024-02-07 00:00:00+00:00,2024-02-08 00:00:00+00:00,1,1,0.0017816889017219719,False,0.008055067369654322,0.007908611599296896,0.2091722052005201,0.20536907419687236,LTC
728,2024-02-12 00:00:00+00:00,2024-02-14 00:00:00+00:00,1,2,-0.02629365814665832,False,0.04751921733053797,0.027253668763102767,1.4233277468010195,0.8163203253711763,LTC
729,2024-02-15 00:00:00+00:00,2024-02-17 00:00:00+00:00,1,2,0.004643158891506508,False,0.02046365197481386,0.017029192902117886,0.54734371028688,0.4554818288401325,LTC
730,2024-02-20 00:00:00+00:00,2024-04-09 00:00:00+00:00,1,49,0.19896055640300211,False,0.06067825112107621,0.5835201793721974,1.778991372614992,17.10789855789568,LTC
731,2024-04-12 00:00:00+00:00,2024-04-13 00:00:00+00:00,1,1,-0.03344291260967292,False,0.20131512392513903,0.007587253414264037,2.5986658961927787,0.09793966945450175,LTC
732,2024-04-17 00:00:00+00:00,2024-04-18 00:00:00+00:00,1,1,0.0003027544859680089,False,0.04605757196495628,0.011264080100125048,0.42989859133553254,0.10513824244618881,LTC
733,2024-05-12 00:00:00+00:00,2024-05-15 00:00:00+00:00,1,3,-0.016227337792956792,False,0.037123540258143774,0.014382298709280907,0.7010645829598786,0.2716044907493577,LTC
734,2024-05-16 00:00:00+00:00,2024-05-19 00:00:00+00:00,1,3,0.006637295332299984,False,0.013224945401601594,0.028512496966755573,0.268197310880798,0.5782235601558458,LTC
735,2024-05-21 00:00:00+00:00,2024-05-25 00:00:00+00:00,1,4,-0.018314816660770925,False,0.10116161046577195,0.01127777151234916,2.367768710577771,0.2639652966084472,LTC
736,2024-05-26 00:00:00+00:00,2024-06-08 00:00:00+00:00,1,13,-0.0377410156308912,False,0.12233854840606993,0.017644982943183153,2.771112764658112,0.39967972567184284,LTC
737,2024-07-17 00:00:00+00:00,2024-07-18 00:00:00+00:00,1,1,-0.010708909572433868,False,0.028563618969523075,0.014213475468087905,0.6273927757179065,0.3121954482041228,LTC
738,2024-07-22 00:00:00+00:00,2024-07-26 00:00:00+00:00,1,4,-0.03342678855143707,False,0.0907369844489521,0.008519269776876205,2.096035186609144,0.19679615015853194,LTC
739,2024-08-02 00:00:00+00:00,2024-08-04 00:00:00+00:00,1,2,-0.03491215192181471,False,0.10080529191832045,0.005752085130859814,2.054815778573566,0.11725054371318237,LTC
740,2024-08-05 00:00:00+00:00,2024-08-06 00:00:00+00:00,1,1,-0.04562036903249567,False,0.21131047741108627,0.00224287087471965,3.5505612059878,0.03768601734937784,LTC
741,2024-09-01 00:00:00+00:00,2024-09-10 00:00:00+00:00,1,9,-0.027290447125482543,False,0.08238373883584839,0.054819833692639396,1.733111331755601,1.153247914214944,LTC
742,2024-09-19 00:00:00+00:00,2024-09-21 00:00:00+00:00,1,2,0.0028938835912083933,False,0.008023453170806912,0.024841845394229276,0.1939846950866114,0.6006064597873975,LTC
743,2024-09-22 00:00:00+00:00,2024-10-02 00:00:00+00:00,1,10,-0.027312507899396796,False,0.07304295764107173,0.07019907199521026,1.921510558281438,1.8466976472008065,LTC
744,2024-10-05 00:00:00+00:00,2024-10-26 00:00:00+00:00,1,21,0.03303863036160987,False,0.025735860687317026,0.17414085375250418,0.6251511787976826,4.2300648625232355,LTC
745,2024-10-28 00:00:00+00:00,2024-11-04 00:00:00+00:00,1,7,-0.028594802372787515,False,0.08177339901477836,0.04686840253342714,1.9729391790842914,1.1307895811274844,LTC
746,2024-11-05 00:00:00+00:00,2024-11-06 00:00:00+00:00,1,1,-0.0021138331700472114,False,0.010987334045475337,0.026552723943232028,0.23482304241522975,0.5674890191701377,LTC
747,2024-11-07 00:00:00+00:00,2024-12-28 00:00:00+00:00,1,51,0.13969359768692244,False,0.016469594594594617,1.0736204954954953,0.35899828356993896,23.402392382802738,LTC
748,2025-01-07 00:00:00+00:00,2025-01-08 00:00:00+00:00,1,1,-0.02838047043377633,False,0.10502763885232955,0.007984557339650755,1.4772572021907517,0.11230610309052458,LTC
749,2025-01-16 00:00:00+00:00,2025-02-03 00:00:00+00:00,1,18,-0.0037482940904851694,False,0.11356251068924236,0.20788438515478025,1.6124325534860569,2.9516743505456358,LTC
750,2025-02-06 00:00:00+00:00,2025-02-07 00:00:00+00:00,1,1,-0.004158516122471575,False,0.03775045978124098,0.06146549220791786,0.31805942599872283,0.5178659884850987,LTC
751,2025-02-09 00:00:00+00:00,2025-02-15 00:00:00+00:00,1,6,0.04600447156738156,False,0.023131332441215843,0.2788185815331675,0.21604502918287682,2.6041460749026903,LTC
752,2025-02-16 00:00:00+00:00,2025-02-25 00:00:00+00:00,1,9,-0.039176819223814885,False,0.19189653883531446,0.04746953726545559,2.2652667628251075,0.5603601068928481,LTC
753,2025-02-26 00:00:00+00:00,2025-02-28 00:00:00+00:00,1,2,0.02502466186276228,False,0.005763688760807011,0.15317439524932325,0.058083461348490954,1.543611987958356,LTC
754,2025-03-02 00:00:00+00:00,2025-03-09 00:00:00+00:00,1,7,-0.04457498116070673,False,0.24476819059884095,0.04893754024468769,2.630571261403165,0.52594124529205,LTC
755,2025-04-27 00:00:00+00:00,2025-04-28 00:00:00+00:00,1,1,-0.007966060785899448,False,0.028505747126436828,0.00620689655172421,0.5257462226431273,0.11447700009164982,LTC
