,entry,exit,direction,bars,return,open,qty,entry_price,exit_price,exit_reason,pnl,mae,mfe,mae_atr,mfe_atr,symbol
0,2019-10-05 09:00:00+00:00,2019-10-06 18:00:00+00:00,-1,34,0.031178030773805283,False,0.00012370826593589482,8083.5342120000005,7822.482529231541,target,0.031178030773805283,0.011315074025940118,0.04002385633745623,2.1022455100844955,7.436095609166237,BTC
1,2019-10-09 04:00:00+00:00,2019-10-09 14:00:00+00:00,-1,11,-0.02043021876849782,False,0.00012704440228262826,8116.674267,8275.121540043925,stop,-0.02106719275797761,0.0409435837965234,0.0004526813420293101,6.392293934811106,0.07067461928679086,BTC
2,2019-10-09 15:00:00+00:00,2019-10-11 14:00:00+00:00,1,48,-0.015643556050981083,False,0.00011979508718792583,8431.988838,8313.575179,time,-0.015801725512204066,0.019387933397546454,0.042221493509998965,2.703617515312075,5.88772238049436,BTC
3,2019-10-13 13:00:00+00:00,2019-10-13 20:00:00+00:00,1,8,-0.0152702866319793,False,0.0001184406646463088,8394.997743999998,8275.97934972116,stop,-0.015183385148719272,0.030696582876889728,0.007266500582873961,6.634008591378449,1.5704036989841896,BTC
4,2019-10-13 21:00:00+00:00,2019-10-15 20:00:00+00:00,-1,48,0.012774923458088122,False,0.00011865107699940994,8252.143614,8143.502318,time,0.012508256222803747,0.018961907756250576,0.0208604723877992,2.8285691565809414,3.1117801830033045,BTC
5,2019-10-19 13:00:00+00:00,2019-10-20 02:00:00+00:00,1,14,-0.021477734378174934,False,0.0001233005699754883,8042.411999999999,7879.233878243274,stop,-0.021298051299653467,0.02129236850835288,0.004594144144816297,3.1945424083068783,0.6892698806491635,BTC
6,2019-11-08 08:00:00+00:00,2019-11-08 13:00:00+00:00,-1,6,0.030520595859428713,False,0.00010609500412237173,9145.915402,8857.774769165451,target,0.02961523083694045,0.0042439270749772265,0.04520656312976482,0.8082427865483283,8.609450141051282,BTC
7,2019-11-08 14:00:00+00:00,2019-11-10 13:00:00+00:00,-1,48,-0.001230771969147138,False,0.00011352352507405997,8808.316712,8815.633897,time,-0.0012307118620780114,0.01039168901310057,0.015719996967338775,1.2250554450355613,1.8531990186102483,BTC
8,2019-11-14 05:00:00+00:00,2019-11-15 14:00:00+00:00,-1,34,0.025684823818799628,False,0.00011500995320261205,8683.774086,8455.615516717473,target,0.02565195883466319,0.011081116695002027,0.03498180433893884,2.530500983660492,7.988499058928773,BTC
9,2019-11-17 08:00:00+00:00,2019-11-17 08:00:00+00:00,-1,1,-0.013093846628332498,False,0.00012162169578568287,8422.612458,8524.423335838015,stop,-0.013412975227982077,0.017499029278025033,0.007934884613683,4.454845247815531,2.02003679470498,BTC
10,2019-11-17 09:00:00+00:00,2019-11-18 12:00:00+00:00,1,28,-0.017729287895664567,False,0.00011820927913290732,8552.284915999999,8411.691641837404,stop,-0.01792359087146414,0.021072136600926945,0.009203982885642361,3.9157574200482186,1.7103421907802883,BTC
11,2019-12-06 18:00:00+00:00,2019-12-08 17:00:00+00:00,1,48,0.0046582407097221275,False,0.00013285503906157348,7474.5817019999995,7520.933043,time,0.004625799994678789,0.013188925605512032,0.019041640545840458,1.3063373354835577,1.8860373253976808,BTC
12,2019-12-09 08:00:00+00:00,2019-12-09 15:00:00+00:00,-1,8,-0.017922611098368957,False,0.0001336176768217163,7466.539366,7592.829562843059,stop,-0.01788070165286334,0.028117528577696324,0.01051884442713055,5.078675170600754,1.899946286810421,BTC
13,2019-12-09 16:00:00+00:00,2019-12-11 15:00:00+00:00,-1,48,0.03285780546706615,False,0.00013203752877246732,7420.47319,7172.151,time,0.032193451603416176,0.004572054791023365,0.04079701957659117,0.5820553240851467,5.193752817219791,BTC
14,2019-12-13 16:00:00+00:00,2019-12-14 08:00:00+00:00,1,17,-0.012693355036799255,False,0.00013958798389325554,7249.724265,7164.682800074794,stop,-0.012845350270345937,0.012049322402746575,0.006658975325870572,3.1615191365471773,1.747191851861852,BTC
15,2019-12-22 08:00:00+00:00,2019-12-22 17:00:00+00:00,1,10,0.017642632809723273,False,0.00013919279402282436,7178.022760999999,7312.735801481399,target,0.017627266846876596,0.004270362747600011,0.028138283441701217,1.365246937807706,8.995888071929695,BTC
16,2019-12-22 18:00:00+00:00,2019-12-23 00:00:00+00:00,1,7,0.032892815537986175,False,0.00013904353920659524,7312.503093,7561.219061436221,target,0.03344397776868535,0.0004393971474796474,0.04382861831631908,0.07751234519123956,7.731636428857263,BTC
17,2019-12-23 01:00:00+00:00,2019-12-23 17:00:00+00:00,1,17,-0.026293687525680294,False,0.00013911201365855206,7549.314115,7359.777747558262,stop,-0.027613638219376346,0.026136694273715504,0.018768047380420847,3.159928397897542,2.269058407670149,BTC
18,2020-01-20 13:00:00+00:00,2020-01-22 07:00:00+00:00,-1,43,-0.025354594067947857,False,0.00011907596721340662,8587.682922,8802.272574754581,stop,-0.025927269411553766,0.027052358605934104,0.01619562846733614,3.2882850365224754,1.9686210552649135,BTC
19,2020-02-07 21:00:00+00:00,2020-02-08 21:00:00+00:00,-1,25,-0.01779622909195629,False,0.000102242293377675,9748.014718,9931.491726411085,stop,-0.017736778664652845,0.02133616823699995,0.006920867474217644,3.456848690859736,1.1213068533259263,BTC
20,2020-02-23 04:00:00+00:00,2020-02-24 02:00:00+00:00,1,23,-0.01632114280008149,False,9.992332019022373e-05,9796.73814,9661.73585234923,stop,-0.015977135577191826,0.024164996207605025,0.02267712547025373,5.376221382800009,5.045200330519727,BTC
21,2020-02-24 03:00:00+00:00,2020-02-25 21:00:00+00:00,-1,43,0.048042888772283944,False,9.883727081971111e-05,9742.736302,9277.652663070785,target,0.04626268193630916,0.01082485399695686,0.050882656230594486,1.360577184475667,6.395447104628638,BTC
22,2020-03-07 17:00:00+00:00,2020-03-08 00:00:00+00:00,-1,8,0.031020649686333033,False,0.0001115481769770836,9047.285,8757.729833985592,target,0.031306292430313534,0.00030009002700811854,0.03617383557608715,0.056258709606964004,6.7816092768390925,BTC
23,2020-03-08 01:00:00+00:00,2020-03-08 15:00:00+00:00,-1,15,0.041173496226245054,False,0.00011836493730834264,8790.731989000002,8424.532014300428,target,0.04284161740049702,0.0010542934321732846,0.05593072222145324,0.1518516380172067,8.055795024071735,BTC
24,2020-03-25 10:00:00+00:00,2020-03-25 11:00:00+00:00,1,2,-0.05813779269446219,False,0.00015778264919038933,6866.129220999999,6473.61749709516,stop,-0.06298392992434718,0.0626072139285185,0.005930674720693716,3.301868501015582,0.31278037819069826,BTC
25,2020-03-26 21:00:00+00:00,2020-03-27 23:00:00+00:00,1,27,-0.038109397311416104,False,0.0001517964553979565,6721.975988,6473.289909128073,stop,-0.03888576684092024,0.07318919152318759,0.017557934186420043,5.981628328195505,1.434980142946499,BTC
26,2020-04-01 01:00:00+00:00,2020-04-01 22:00:00+00:00,-1,22,-0.03838865657883085,False,0.00015579619716526636,6299.80949,6529.996608756591,stop,-0.03767794286488477,0.047491993285657334,0.025367352814981654,3.93277226440399,2.100649281491397,BTC
27,2020-04-06 01:00:00+00:00,2020-04-06 19:00:00+00:00,1,19,0.05818388300923429,False,0.0001374840241496898,6864.85884,7270.79199042518,target,0.054914438607623045,0.009927201940834058,0.06367809887843232,1.0072915689977973,6.4612780632791145,BTC
28,2020-04-25 06:00:00+00:00,2020-04-27 05:00:00+00:00,1,48,0.01576631902352782,False,0.00013201139869463944,7565.428948,7696.6903,time,0.01574618318192232,0.012838524909506504,0.030424058382155412,1.8439590882904824,4.369716875722613,BTC
29,2020-05-16 18:00:00+00:00,2020-05-17 12:00:00+00:00,-1,19,-0.03778495424141556,False,0.00010890183901402294,9315.444528,9659.092612638606,stop,-0.03833166626828935,0.04921240963027065,0.0059518928842683776,4.036101153612362,0.48813788873277525,BTC
30,2020-05-20 16:00:00+00:00,2020-05-22 15:00:00+00:00,-1,48,0.018829237425247565,False,0.00010376495513877484,9407.196994,9222.345873999999,time,0.01837992237590927,0.01993186770932851,0.0632491266399007,1.7838485519845737,5.660626721803426,BTC
31,2020-05-24 07:00:00+00:00,2020-05-24 11:00:00+00:00,1,5,-0.02082961945880538,False,0.00010724256729290701,9273.531224999999,9090.281423955777,stop,-0.020715416830043826,0.019898700993482538,0.002254672410401217,3.0666289263422404,0.3474721106381161,BTC
32,2020-05-24 12:00:00+00:00,2020-05-24 23:00:00+00:00,-1,12,0.04083925126652486,False,0.00010691360238153332,9108.306688,8728.020620901749,target,0.0397693396452026,0.007480348909393237,0.04768248400904093,1.074979883221389,6.852315542043653,BTC
33,2020-05-25 00:00:00+00:00,2020-05-26 08:00:00+00:00,-1,33,-0.03584172465877261,False,0.00011638529667201098,8708.756589,9011.279643484868,stop,-0.036328140562597575,0.034799848623946784,0.009803533733832933,3.032448713525072,0.8542770855245656,BTC
34,2020-05-30 05:00:00+00:00,2020-06-01 04:00:00+00:00,1,48,0.0011992477837457873,False,0.00010270062797703989,9515.45378,9542.116506,time,0.0011719565963028882,0.015101095893295339,0.02496425556701093,2.041893452497201,3.3755397852534834,BTC
35,2020-06-01 21:00:00+00:00,2020-06-01 23:00:00+00:00,1,3,0.035998701315505754,False,0.00010120317465404901,9667.829479,10025.705552299412,target,0.03522167061796156,0.00446216796579884,0.08579180288622465,0.7232583939285729,13.905716244506971,BTC
36,2020-06-02 00:00:00+00:00,2020-06-02 14:00:00+00:00,1,15,-0.03531968413505607,False,9.903167544057887e-05,10235.479723,9891.952581770254,stop,-0.03580132828032556,0.08651081795514201,0.0026203243742187713,7.800239555449081,0.23626129442547666,BTC
37,2020-06-09 00:00:00+00:00,2020-06-09 00:00:00+00:00,1,1,-0.018570053811591925,False,9.996473160926973e-05,9781.803661,9609.850867905256,stop,-0.018158455581401247,0.023694368547191317,0.011060980443860094,4.1126468798157845,1.9198615324794932,BTC
38,2020-06-09 21:00:00+00:00,2020-06-11 13:00:00+00:00,1,41,-0.017025867727722445,False,9.84935374111779e-05,9743.552188999998,9592.22537201243,stop,-0.01633933233608658,0.015759364349005205,0.027960830476955908,3.103145074838178,5.5057114907320495,BTC
39,2020-06-14 00:00:00+00:00,2020-06-14 14:00:00+00:00,1,15,-0.017490155902617842,False,9.959863688811454e-05,9471.390565,9316.740868230781,stop,-0.016499121512809262,0.017536027456597703,0.000592250415765671,3.2812585374455816,0.1108190973039137,BTC
40,2020-06-14 15:00:00+00:00,2020-06-15 05:00:00+00:00,-1,15,0.026933564667570273,False,9.919929415547752e-05,9343.1962,9084.209679006,target,0.024963063819552506,0.009721919357746156,0.04005654938510226,2.1043674315877907,8.670479032582621,BTC
41,2020-06-20 16:00:00+00:00,2020-06-21 06:00:00+00:00,-1,15,-0.017162265935065285,False,0.0001028572864975591,9253.613083,9403.737777157767,stop,-0.016335071009855866,0.018031542436816962,0.0019217448190772016,3.3982059378365594,0.362170051623581,BTC
42,2020-06-21 19:00:00+00:00,2020-06-22 04:00:00+00:00,-1,10,-0.01177161950935902,False,0.00010048572471944286,9309.446328,9410.602914394818,stop,-0.01101195524272734,0.01187542933326636,0.003914983417475694,3.3727923740697374,1.1119114807986143,BTC
43,2020-06-22 05:00:00+00:00,2020-06-22 20:00:00+00:00,1,16,0.023282866682142907,False,9.82605950204333e-05,9408.191611,9638.361864700018,target,0.02152395101138878,0.000730385953445744,0.028571738344031032,0.1791268217210106,7.00720578820769,BTC
44,2020-07-04 00:00:00+00:00,2020-07-04 17:00:00+00:00,-1,18,-0.011489075282027188,False,0.0001044662202296008,9055.352579,9153.00810714236,stop,-0.010868417705058106,0.015311101339282226,0.0013817881623977555,4.38247070114469,0.39550689416184154,BTC
45,2020-07-15 16:00:00+00:00,2020-07-17 15:00:00+00:00,-1,48,0.005304690286021664,False,0.00010162650271249204,9201.438740000001,9148.933857,time,0.004960469140612994,0.003538713990286108,0.01710805716889454,1.1349175817290509,5.486805354572983,BTC
46,2020-07-19 06:00:00+00:00,2020-07-19 22:00:00+00:00,-1,17,-0.006835916374036986,False,0.00010279234702738177,9145.335576,9200.507556643719,stop,-0.006426243379822367,0.006331580018994406,0.004082471954116022,3.3143382663737997,2.137016823341597,BTC
47,2020-07-19 23:00:00+00:00,2020-07-21 07:00:00+00:00,1,33,0.012253960465610232,False,0.0001015967492534044,9189.706085,9315.241942069702,target,0.011440839910173363,0.00638715585211228,0.02047768593025678,2.8053857935143798,8.994270771362695,BTC
48,2020-08-05 06:00:00+00:00,2020-08-05 21:00:00+00:00,1,16,0.04168657100152856,False,8.356572999517344e-05,11309.481827,11796.936575233449,target,0.03939735732124786,0.002606823853734427,0.04324496740711725,0.3628869400514729,6.019982467366665,BTC
49,2020-08-07 15:00:00+00:00,2020-08-09 14:00:00+00:00,-1,48,0.004304932724264708,False,8.461207101716162e-05,11635.248378,11583.474,time,0.0042381307673938886,0.015792668624714404,0.02718621620472638,1.8294860600621743,3.1493602983949613,BTC
50,2020-08-09 15:00:00+00:00,2020-08-10 01:00:00+00:00,-1,11,-0.020062442370233958,False,8.540736597741362e-05,11576.526,11799.953000838696,stop,-0.01983614991389625,0.02607120650875749,0.004286778261457729,4.117740324694374,0.6770626324600039,BTC
51,2020-08-21 10:00:00+00:00,2020-08-22 00:00:00+00:00,-1,15,0.02814148718231782,False,8.225261802676846e-05,11779.375127,11438.597618475078,target,0.02726584913144378,0.0015336019784779515,0.03135778621680357,0.31806452975484556,6.503512428367668,BTC
52,2020-08-22 01:00:00+00:00,2020-08-22 21:00:00+00:00,-1,21,-0.023846890488635464,False,8.718451219810976e-05,11425.771240000002,11689.000159808578,stop,-0.02375508692465731,0.02283336105020758,0.0035631065198888363,3.0134622731916916,0.4702455783639761,BTC
53,2020-08-25 03:00:00+00:00,2020-08-25 13:00:00+00:00,-1,11,0.022624017119891725,False,8.323538216095715e-05,11682.474206,11407.784076419553,target,0.021999485767979273,0.0019007783461310655,0.02380011298096424,0.48503659087967654,6.073262401339475,BTC
54,2020-08-25 14:00:00+00:00,2020-08-27 13:00:00+00:00,-1,48,0.0037433896775938237,False,8.682324393333404e-05,11453.093041000002,11411.212337,time,0.003722406821331404,0.012215648515135298,0.028210112311441743,2.172322349406052,5.016635619260938,BTC
55,2020-09-12 00:00:00+00:00,2020-09-13 16:00:00+00:00,1,41,-0.01655059627331961,False,9.605660407588601e-05,10390.926343,10234.467193959685,stop,-0.016519433117716316,0.016257101380936927,0.018196034767138262,3.3039051338906207,3.6979515151510745,BTC
56,2020-09-27 01:00:00+00:00,2020-09-27 06:00:00+00:00,1,6,-0.014632637337500748,False,9.113143328486677e-05,10771.2304,10624.316665410843,stop,-0.014363362637334806,0.014040215869860175,0.002067507533772523,3.156651069593905,0.464836148416106,BTC
57,2020-09-27 07:00:00+00:00,2020-09-28 00:00:00+00:00,-1,18,-0.015099636306660497,False,9.080576781005427e-05,10651.683536,10803.93062036906,stop,-0.014604886182865168,0.03495376695539854,0.006354257124824183,7.495958660772751,1.362692861927611,BTC
58,2020-09-29 00:00:00+00:00,2020-09-30 23:00:00+00:00,-1,48,-0.008612889704673063,False,8.912463878028088e-05,10688.732418000001,10776.231899999999,time,-0.008204892087482814,0.01639180167939714,0.005355398167102066,2.808928294396443,0.9177105563837625,BTC
59,2020-10-18 01:00:00+00:00,2020-10-19 13:00:00+00:00,1,37,0.020346770977188174,False,8.305246752082864e-05,11371.420403,11618.873050351842,target,0.01921598948867593,0.0010245336630880378,0.02889521144722732,0.2824880588188119,7.967090282113017,BTC
60,2020-11-10 15:00:00+00:00,2020-11-11 13:00:00+00:00,-1,23,-0.033040434733346814,False,6.331233663090392e-05,15220.422503,15712.43144535016,stop,-0.0318391014819516,0.03311126855385689,0.009817237528757699,3.102632787577378,0.9199068586156831,BTC
61,2020-12-04 04:00:00+00:00,2020-12-06 03:00:00+00:00,-1,48,-0.0017027164506429875,False,4.862074297738448e-05,19164.688868,19189.575146,time,-0.0015865935924212972,0.015295376513492512,0.034161205147095274,1.6080348786835788,3.5914388459765383,BTC
62,2020-12-07 19:00:00+00:00,2020-12-08 23:00:00+00:00,-1,29,0.04037478619782669,False,4.912233659603678e-05,18936.697286000002,18159.297944169703,target,0.03755722439884373,0.020208524655612358,0.04242383314612808,2.9535608797842374,6.200421658000589,BTC
63,2020-12-14 23:00:00+00:00,2020-12-16 13:00:00+00:00,1,39,0.03519049504150693,False,5.01657600169869e-05,19291.48571,19999.681107629873,target,0.03405637726286982,0.01305475968963105,0.0660500859889447,2.1336968088992747,10.79536207886466,BTC
64,2020-12-28 22:00:00+00:00,2020-12-30 00:00:00+00:00,-1,27,-0.04494612460592937,False,3.761021464257844e-05,26637.136461000002,27840.935224519093,stop,-0.04502830498837798,0.04646083263536873,0.027184846316352828,3.105737387900107,1.81720793192895,BTC
65,2021-01-02 06:00:00+00:00,2021-01-02 13:00:00+00:00,1,8,0.05684985397606846,False,3.228339744332633e-05,29637.528592,31358.916416939523,target,0.05439394680915811,0.005190331289685223,0.06752558337607832,0.5361787382412873,6.9756206440125474,BTC
66,2021-01-02 14:00:00+00:00,2021-01-03 05:00:00+00:00,1,16,0.07229299943201045,False,3.1979376431100056e-05,31620.193213,34016.800980473905,target,0.07310225171964628,0.03454100377068429,0.08221982609300262,2.734347842370224,6.508716584208372,BTC
67,2021-01-21 09:00:00+00:00,2021-01-22 01:00:00+00:00,-1,17,0.12188634351593457,False,3.259422414653681e-05,33266.51705,29191.784911809104,target,0.13216091291622414,0.007761346028859277,0.13185982299881321,0.38018638954946815,6.4590999867994245,BTC
68,2021-01-31 10:00:00+00:00,2021-02-02 09:00:00+00:00,-1,48,-0.04724962344474369,False,3.650520846409677e-05,33322.840147999996,34945.129159534416,stop,-0.05747714587546214,0.071937441147071,0.033904677481934396,4.46174532173015,2.1028553939042856,BTC
69,2021-02-02 10:00:00+00:00,2021-02-04 01:00:00+00:00,1,40,0.07779361460165729,False,3.273069295244472e-05,35409.579688,38339.727938024254,target,0.09016124970120513,0.030262423260650765,0.08413402074381622,2.194250112753429,6.100340442451011,BTC
70,2021-02-10 13:00:00+00:00,2021-02-11 13:00:00+00:00,-1,25,-0.05521382897950011,False,2.7344487162366753e-05,45681.651392,48278.88119595975,stop,-0.06896987576828893,0.06651135664793614,0.041847247937599245,3.529201091082879,2.220483245619886,BTC
71,2021-02-13 11:00:00+00:00,2021-02-14 05:00:00+00:00,-1,19,-0.04077256591245406,False,2.5240773408402377e-05,46756.548826000006,48691.53011008832,stop,-0.048118618407463676,0.0497430035449211,0.01078883789899175,3.6333642509986346,0.7880460595150018,BTC
72,2021-02-14 06:00:00+00:00,2021-02-15 02:00:00+00:00,1,21,-0.04079799332623066,False,2.3084205299777895e-05,49040.147632,47289.66517276458,stop,-0.04618548404270374,0.07526359136797472,0.01702711774576991,6.377278329448135,1.4427516285020745,BTC
73,2021-02-15 03:00:00+00:00,2021-02-16 03:00:00+00:00,-1,25,-0.04974475826690344,False,2.3145413852873306e-05,46915.011273,49300.27633558154,stop,-0.054016208926497083,0.06181664777024263,0.012043293983500871,3.670306573669833,0.7150594972501872,BTC
74,2021-03-02 17:00:00+00:00,2021-03-03 07:00:00+00:00,-1,15,-0.04672750258714427,False,2.170355607700881e-05,47542.952834,49720.729501383525,stop,-0.048215826949375,0.050755096647558735,0.010199047494863172,3.3470150743931524,0.6725702040683766,BTC
75,2021-03-03 09:00:00+00:00,2021-03-04 09:00:00+00:00,1,25,-0.04144674390077596,False,1.9311004874503692e-05,50936.516372,48908.245497226046,stop,-0.04076848103193556,0.04685275990550221,0.0342582051598494,3.5556070999871796,2.5998194715712617,BTC
76,2021-03-09 23:00:00+00:00,2021-03-11 22:00:00+00:00,1,48,0.05045069586756817,False,1.7181940241347515e-05,54875.4577,57930.005783,time,0.04756828793206428,0.03306501259487443,0.060583409038244815,2.886969552512841,5.289653429860072,BTC
77,2021-03-20 12:00:00+00:00,2021-03-21 02:00:00+00:00,1,15,-0.02894010916960774,False,1.668612966660926e-05,59356.79169699999,57744.71155136393,stop,-0.028663300580694523,0.03074276160873132,0.009960246942219546,3.432744835608701,1.1121637895595184,BTC
78,2021-03-28 13:00:00+00:00,2021-03-29 08:00:00+00:00,-1,20,-0.028193179448034723,False,1.7321096028847786e-05,55526.037189999995,57051.97058364909,stop,-0.027115405573303518,0.03176821000144572,0.014968242504971604,3.507295856326321,1.6525342445100093,BTC
79,2021-03-31 07:00:00+00:00,2021-03-31 07:00:00+00:00,1,1,-0.024337973694416874,False,1.5631587385550152e-05,59792.802461,58396.66153958901,stop,-0.022747643282866638,0.040018235682475506,0.001716887899123953,5.206964025419531,0.22339249529512317,BTC
80,2021-03-31 08:00:00+00:00,2021-04-02 02:00:00+00:00,-1,43,-0.028582567159939568,False,1.5662871036929433e-05,58221.048444,60053.944699443,stop,-0.026064693759820706,0.03738856674994024,0.024201701646704203,3.5982461466547635,2.329152659826973,BTC
81,2021-04-02 03:00:00+00:00,2021-04-03 18:00:00+00:00,1,40,-0.03376317909618397,False,1.4801278565677225e-05,59849.159363,58172.72576703889,stop,-0.029908912312631066,0.03423873258722548,0.004993230317362664,3.7055847003538487,0.5404066234702133,BTC
82,2021-04-28 07:00:00+00:00,2021-04-28 20:00:00+00:00,-1,14,-0.030769074482393913,False,1.580153050281569e-05,54167.864764000005,55790.4799341267,stop,-0.02633633291600757,0.04442237563698832,0.00398898433492634,4.495218831130267,0.40365597837396994,BTC
83,2021-05-02 04:00:00+00:00,2021-05-03 01:00:00+00:00,-1,22,-0.026931906374845115,False,1.4684972372347585e-05,56493.047,58031.68231562921,stop,-0.02234267813740756,0.033476208142924256,0.006957440266941145,3.7295577593641815,0.7751228939101851,BTC
84,2021-05-23 06:00:00+00:00,2021-05-23 16:00:00+00:00,-1,11,0.1460166195411436,False,2.1906947400137182e-05,36849.321886,31434.20295476322,target,0.1178728150448524,0.012643600754482696,0.15611201486412063,0.516230339443638,6.373956279500739,BTC
85,2021-05-31 02:00:00+00:00,2021-05-31 10:00:00+00:00,-1,9,-0.05195170564976436,False,2.6565631291247878e-05,34824.279581,36601.332856038694,stop,-0.04806202800671861,0.0639970286769677,0.019362341134197845,3.785766082435273,1.145385900842118,BTC
86,2021-05-31 11:00:00+00:00,2021-06-02 10:00:00+00:00,1,48,0.005241572161343015,False,2.3773581024895264e-05,36892.504432,37144.913182,time,0.004597209673768941,0.037744914676818855,0.02713981019763805,2.1848975715752696,1.5710117747398424,BTC
87,2021-06-02 15:00:00+00:00,2021-06-04 07:00:00+00:00,1,41,-0.04221083400090934,False,2.3289708928208136e-05,37856.383509,36314.69652384326,stop,-0.03721577920680277,0.04047860273382136,0.0426246868144808,3.0031046769730296,3.16232250329441,BTC
88,2021-06-04 08:00:00+00:00,2021-06-06 07:00:00+00:00,-1,48,0.012762528706607563,False,2.3059462667546528e-05,36620.470562,36142.579522,time,0.010777296611773906,0.034953658933269814,0.04971182876849899,2.410778344929631,3.428659657941457,BTC
89,2021-06-06 23:00:00+00:00,2021-06-07 01:00:00+00:00,-1,3,-0.03725546189632273,False,2.4064200143424144e-05,35539.335,36830.81330975827,stop,-0.03186182737650069,0.03603514246960448,0.0017069818554568024,3.000545020086911,0.14213558084555677,BTC
90,2021-06-07 02:00:00+00:00,2021-06-07 20:00:00+00:00,1,19,-0.04021100396627852,False,2.2441253651442543e-05,36689.743621999995,35257.57681991497,stop,-0.033108286757677095,0.07576350629861578,0.0029778452290545013,5.866144421847536,0.23056575695814271,BTC
91,2021-06-18 14:00:00+00:00,2021-06-20 10:00:00+00:00,-1,45,0.07735713446230329,False,2.125551772200175e-05,37178.843,34275.28554505031,target,0.06113190532596227,0.0032098094069253186,0.09491535279890234,0.24660162959041737,7.292109189679151,BTC
92,2021-07-02 04:00:00+00:00,2021-07-03 07:00:00+00:00,-1,28,-0.04169191426097454,False,2.5888463753489796e-05,32886.751014,34221.922790985314,stop,-0.03549597305172847,0.05361578543436467,0.006165127528520209,3.9925382315556,0.45909067937026476,BTC
93,2021-07-04 06:00:00+00:00,2021-07-05 03:00:00+00:00,1,22,-0.028283963562141134,False,2.3181240827391595e-05,35196.195692,34235.054595500835,stop,-0.02307664513264679,0.028331916913016245,0.021574897316888168,3.14610298718097,2.3957732583071563,BTC
94,2021-08-17 10:00:00+00:00,2021-08-17 19:00:00+00:00,1,10,-0.03096693601696429,False,1.6915614769780506e-05,46868.816428,45468.16954346901,stop,-0.02455104652922683,0.03360350331055298,0.00693816479235292,3.406533029325739,0.7033518889273882,BTC
95,2021-08-17 21:00:00+00:00,2021-08-19 18:00:00+00:00,-1,46,-0.03456878348665047,False,1.7074411771320217e-05,44995.037438,46531.77472608591,stop,-0.02655794485505904,0.03973688352773764,0.023483866180931658,3.5224266436976723,2.0816981249926907,BTC
96,2021-08-21 18:00:00+00:00,2021-08-22 14:00:00+00:00,1,21,-0.02983584685401984,False,1.4926841880748084e-05,49689.40235,48265.65676377451,stop,-0.022129422211817486,0.028948876057471835,0.00014002281514669744,3.062140642681142,0.01481126770905026,BTC
97,2021-08-22 15:00:00+00:00,2021-08-22 23:00:00+00:00,-1,9,-0.025393100242030692,False,1.490561645205214e-05,48275.522997,49459.727532362,stop,-0.018272276414107672,0.0265284956742899,0.004136941137072988,3.285553334569508,0.5123600265431091,BTC
98,2021-08-23 02:00:00+00:00,2021-08-24 13:00:00+00:00,1,36,-0.0286487074500886,False,1.4061135194539569e-05,49875.35812,48546.74471268336,stop,-0.020091457524328678,0.029179903159760955,0.014529056177531922,3.322621611533736,1.6543768423887657,BTC
99,2021-08-27 01:00:00+00:00,2021-08-29 00:00:00+00:00,1,48,0.04690947872435026,False,1.440421827640234e-05,47292.58352,49605.933754,time,0.03195533246400261,0.014698785058042391,0.052367967568374384,1.410847918123363,5.026486048230757,BTC
100,2021-08-29 01:00:00+00:00,2021-08-29 02:00:00+00:00,1,2,-0.022624102513411272,False,1.4368044343048766e-05,49635.706246,48561.8417135447,stop,-0.016134786582475778,0.0248955104995526,0.001253810184377421,3.499620604731841,0.17625105360858961,BTC
101,2021-08-29 04:00:00+00:00,2021-08-31 03:00:00+00:00,-1,48,0.02149245897104859,False,1.4452752706367028e-05,48228.407136,47191.363162999995,time,0.014980958349953595,0.02526006841910894,0.031047617471120843,2.910500470275551,3.57734997987073,BTC
102,2021-09-19 12:00:00+00:00,2021-09-20 03:00:00+00:00,-1,16,0.04118089449585119,False,1.5043626678962924e-05,47329.956752000006,45343.98523550894,target,0.02932138165421802,0.0099311996092228,0.04688271243573954,1.4200906028012759,6.703892982072334,BTC
103,2021-09-20 04:00:00+00:00,2021-09-20 12:00:00+00:00,-1,9,0.06482019491059025,False,1.6279045320860218e-05,45539.254124,42547.829825624605,target,0.04805351690401835,0.006713897315214641,0.06744498088696887,0.6132447533425093,6.160398160170135,BTC
104,2021-09-26 03:00:00+00:00,2021-09-26 09:00:00+00:00,-1,7,-0.032462128524481895,False,1.8776589161792318e-05,42041.133875,43367.29584830355,stop,-0.025625250376746088,0.0407664105848287,0.03130562270069119,3.9154522408215966,3.006781043395406,BTC
105,2021-10-10 02:00:00+00:00,2021-10-10 04:00:00+00:00,-1,3,-0.0248131378319853,False,1.4040701611495768e-05,54396.416178,55691.11818301024,stop,-0.018951377638708248,0.031317942278134774,0.005430802224788425,3.9990240568676647,0.6934653800732663,BTC
106,2021-10-10 05:00:00+00:00,2021-10-10 23:00:00+00:00,1,19,-0.029089126157798982,False,1.3315291330773488e-05,55936.625954999996,54381.80363268723,stop,-0.02166594392267851,0.028733158776737603,0.015238209857092982,3.1340258837225474,1.662084718384306,BTC
107,2021-10-31 01:00:00+00:00,2021-10-31 08:00:00+00:00,1,8,-0.024637504399108494,False,1.1582068185677526e-05,62436.735403,60960.14850179501,stop,-0.017816525733477192,0.030210826860581907,0.0003245620846317911,3.880423741111345,0.04168831341432318,BTC
108,2021-10-31 09:00:00+00:00,2021-11-01 07:00:00+00:00,-1,23,-0.023578477850455734,False,1.1598841918587069e-05,60810.381411,62229.37578574906,stop,-0.016630607805726647,0.02679836158214288,0.02319310253076094,3.491214009397229,3.02153115699188,BTC
109,2021-11-06 11:00:00+00:00,2021-11-07 00:00:00+00:00,-1,14,-0.023594875463391545,False,1.1374384085726514e-05,60548.280065,61938.5290174533,stop,-0.01624977641401835,0.023973594847644126,0.007403679584601905,3.1747216072737436,0.9804379234713292,BTC
110,2021-11-07 01:00:00+00:00,2021-11-08 00:00:00+00:00,1,24,0.03691661355473254,False,1.0843406573950675e-05,62014.608803,64412.83729318106,target,0.02482456263752653,0.007846680199915456,0.05010740625440622,1.2174206210766836,7.774216367762533,BTC
111,2021-11-12 07:00:00+00:00,2021-11-14 06:00:00+00:00,-1,48,-0.004385481103382525,False,1.0803308577400277e-05,64542.651394,64860.58233899999,time,-0.0030578827376920754,0.013283442614811765,0.03454539511228187,1.5310210795758148,3.98162808037458,BTC
112,2021-11-27 09:00:00+00:00,2021-11-28 18:00:00+00:00,1,34,-0.031139204592269057,False,1.2603699528528877e-05,55080.359152,53441.29707346294,stop,-0.021617343293458387,0.03332148120049712,0.0031394284761798383,3.3924787782181722,0.31962698227877767,BTC
113,2021-11-28 21:00:00+00:00,2021-11-29 01:00:00+00:00,1,5,0.0551860650447981,False,1.2239187809171671e-05,54954.54141799999,58049.547071445515,target,0.03711808959039143,0.0010923832034804043,0.06156831618818272,0.11637733443199617,6.559196901433825,BTC
114,2021-11-29 02:00:00+00:00,2021-12-01 01:00:00+00:00,1,48,-0.013902955246446805,False,1.2297844080459183e-05,57710.68801399999,57018.019460999996,time,-0.009867164286083013,0.03137526299393171,0.02623954137633314,2.6770191694168584,2.238826022740797,BTC
115,2021-12-03 16:00:00+00:00,2021-12-03 20:00:00+00:00,-1,5,0.05691602070572487,False,1.2495118782806646e-05,56009.861999,52782.58049688178,target,0.039832670186197856,0.0003000900270080596,0.0965162527823496,0.031248592951620236,10.050307657609444,BTC
116,2021-12-03 21:00:00+00:00,2021-12-04 05:00:00+00:00,-1,9,0.09340594964931033,False,1.3841138970216934e-05,53440.872927000004,48403.56072533928,target,0.0690907509164406,0.011594441465175694,0.23487608340803037,0.7380329606678527,14.950809984969933,BTC
117,2021-12-04 06:00:00+00:00,2021-12-06 05:00:00+00:00,-1,48,-0.025210237726908533,False,1.702353672213821e-05,47509.122986,48681.340022,time,-0.020389367154850686,0.046104134876273205,0.029610375809600752,1.3471691299481092,0.8652192330233978,BTC
118,2021-12-16 18:00:00+00:00,2021-12-18 17:00:00+00:00,-1,48,0.028799228417543142,False,1.6397516499795975e-05,48079.47183,46671.547265,time,0.022704848956644656,0.006682231683741808,0.056289341937224055,0.6452607118544718,5.435504569020622,BTC
119,2021-12-24 19:00:00+00:00,2021-12-25 17:00:00+00:00,1,23,-0.025290364045597948,False,1.571989464950977e-05,51596.324255,50357.6412569323,stop,-0.020512730559725384,0.0289036918139664,0.004044391689002507,3.6564875561465855,0.5116394119547931,BTC
120,2021-12-26 00:00:00+00:00,2021-12-27 13:00:00+00:00,-1,38,-0.020287788554873905,False,1.5689606842270243e-05,50388.518908,51385.05193177888,stop,-0.016039039759860485,0.02152377397677016,0.020610228887579317,3.316257142354859,3.1755034608600603,BTC
121,2022-01-12 12:00:00+00:00,2022-01-14 11:00:00+00:00,1,48,-0.022932499432916156,False,1.8046124892849687e-05,42919.852094,41970.525064,time,-0.01776206957174387,0.025923483882544444,0.034408970067407396,2.9240166629445445,3.8811296462975244,BTC
122,2022-01-15 13:00:00+00:00,2022-01-15 20:00:00+00:00,-1,8,-0.02221690822973179,False,1.7728389217700276e-05,42687.180003,43593.57086424517,stop,-0.01681319943029211,0.02606918510245444,0.0014692936613661127,3.7371516118442436,0.21063079468218276,BTC
123,2022-01-30 20:00:00+00:00,2022-01-31 17:00:00+00:00,-1,22,-0.025557522431424062,False,1.973521905607879e-05,37494.478281,38413.30822842919,stop,-0.018911588826433647,0.029481186822117745,0.02332285502004538,3.654922032496983,2.8914445401344726,BTC
124,2022-02-01 14:00:00+00:00,2022-02-02 14:00:00+00:00,1,25,-0.028276479914314624,False,1.855674312737746e-05,38856.503455,37796.36640090575,stop,-0.02038876018103004,0.03230716465401518,0.010390964422920793,3.5908173602061186,1.1549158163116904,BTC
125,2022-02-06 15:00:00+00:00,2022-02-06 23:00:00+00:00,-1,9,-0.02459720326114991,False,1.6970257984452467e-05,41287.61,42265.54265800808,stop,-0.01723431070729261,0.033162248916805845,0.004543978205568222,4.255416805811753,0.5830883565745762,BTC
126,2022-02-07 00:00:00+00:00,2022-02-07 18:00:00+00:00,1,19,0.04910407215529232,False,1.6128434934291296e-05,42374.04840199999,44496.87126900465,target,0.033559052774620735,0.018036709514966186,0.051142425133439126,2.1602039827611703,6.125178784392442,BTC
127,2022-02-20 05:00:00+00:00,2022-02-21 11:00:00+00:00,-1,31,0.04057038177545398,False,1.814197602788332e-05,39520.840189999995,37879.13748144427,target,0.02908840123799623,0.004027237508990941,0.055827259223053365,0.5816880577849227,8.063604373075574,BTC
128,2022-03-05 18:00:00+00:00,2022-03-06 10:00:00+00:00,1,17,-0.02821467533158606,False,1.8928109077473178e-05,39416.22132,38344.23826246449,stop,-0.021050250822395335,0.03339288434866128,0.006945837800567817,3.7234814519228148,0.7744972835662057,BTC
129,2022-03-06 11:00:00+00:00,2022-03-06 16:00:00+00:00,-1,6,-0.028893900436889674,False,1.8965529767308552e-05,38228.528,39294.33784895637,stop,-0.02094877952662541,0.029074412700379193,0.004513069401992105,3.163507257730477,0.49105472757003155,BTC
130,2022-03-13 00:00:00+00:00,2022-03-14 22:00:00+00:00,-1,47,-0.024588311184363474,False,1.815513723601192e-05,38781.06219,39686.52407055559,stop,-0.017312027644170596,0.03114762055979682,0.03303318985239989,4.0554808651562375,4.300985659700576,BTC
131,2022-03-19 16:00:00+00:00,2022-03-20 17:00:00+00:00,1,26,-0.019509720573247805,False,1.63821019666467e-05,41921.5727,41157.76707051716,stop,-0.013398563566882446,0.02436866353537345,0.012524036341795011,4.078380948445941,2.0960440091380907,BTC
132,2022-04-10 00:00:00+00:00,2022-04-10 22:00:00+00:00,1,23,-0.01832627310563091,False,1.5754683510896308e-05,42740.61834,42007.80811447786,stop,-0.012340269332162921,0.02111851384132317,0.015413479860291618,3.7598439321551615,2.7441456894905376,BTC
133,2022-04-20 11:00:00+00:00,2022-04-20 15:00:00+00:00,1,5,-0.019741705077966826,False,1.581030302879669e-05,41809.73916,41025.76137038175,stop,-0.013049753604174435,0.018475101149136048,0.00854013555630146,3.003004376962685,1.3881420322630942,BTC
134,2022-05-19 12:00:00+00:00,2022-05-21 11:00:00+00:00,1,48,-0.009077238367757368,False,2.1971920613217532e-05,29491.04466,29263.2184,time,-0.005881822551644628,0.026755398769247925,0.04385586726109559,2.3180847968202416,3.799667499860249,BTC
135,2022-05-21 16:00:00+00:00,2022-05-23 15:00:00+00:00,1,48,0.02606188640739428,False,2.1736202800033785e-05,29540.259420000002,30349.69236,time,0.01673415664077222,0.010719588325132033,0.03783787285372451,1.323280179758799,4.670898328639914,BTC
136,2022-05-29 11:00:00+00:00,2022-05-30 02:00:00+00:00,1,16,0.030197436927771604,False,2.2599150331743075e-05,29152.7432,30068.565008157602,target,0.019894893608250242,0.002910299021191232,0.038667263394958976,0.5558496155754272,7.385214830826639,BTC
137,2022-05-30 03:00:00+00:00,2022-05-30 20:00:00+00:00,1,18,0.03962630787826723,False,2.246244435684982e-05,30215.86204,31450.17107856357,target,0.026895251681707057,0.0007665523482115836,0.04249880272487503,0.11259112236731644,6.242219346434113,BTC
138,2022-06-23 20:00:00+00:00,2022-06-25 19:00:00+00:00,1,48,0.012013651717148688,False,3.3750825329876e-05,20906.670120000002,21189.14135,time,0.008477041346163724,0.012037790741206877,0.03448324749288176,0.880497073856877,2.522256713653491,BTC
139,2022-06-26 19:00:00+00:00,2022-06-28 18:00:00+00:00,-1,48,0.038025393412388565,False,3.372992333334485e-05,21170.94681,20347.60245,time,0.027153720980142116,0.018376749679245862,0.043406032722444934,1.9985673333456135,4.720632352476448,BTC
140,2022-07-03 06:00:00+00:00,2022-07-03 20:00:00+00:00,-1,15,-0.031028699138911927,False,3.8954034776235175e-05,19028.789650000002,19602.20954136681,stop,-0.022999965330208122,0.032404076209860196,0.005617259529693786,3.2593787506231062,0.565014605855294,BTC
141,2022-07-03 21:00:00+00:00,2022-07-05 19:00:00+00:00,1,47,0.05329603324649302,False,3.694838569771479e-05,19439.23002,20501.17976507268,target,0.03827977826470706,0.02021325019539019,0.055875154462522406,2.220048670795283,6.136843961061427,BTC
142,2022-07-25 01:00:00+00:00,2022-07-26 03:00:00+00:00,-1,27,0.061605573833732004,False,3.391284548760338e-05,22308.00559,20914.9768060979,target,0.04660633827834075,0.0007304288110499172,0.066666900543842,0.07018265604399927,6.405634717040509,BTC
143,2022-07-30 13:00:00+00:00,2022-07-30 22:00:00+00:00,1,10,-0.030283844166134145,False,3.294219035004245e-05,24380.111839999998,23668.26480060482,stop,-0.024321993531074438,0.035894496536485035,0.013120865158426701,3.7252306103146213,1.3617198522982306,BTC
144,2022-07-31 22:00:00+00:00,2022-08-02 21:00:00+00:00,-1,48,0.02026939927759662,False,3.303548052374923e-05,23575.02537,23085.9237,time,0.015786057297852606,0.00046551932936480297,0.04123114841848416,0.049344396202141205,4.370443921645666,BTC
145,2022-08-07 00:00:00+00:00,2022-08-07 17:00:00+00:00,-1,18,-0.017270168287022852,False,3.464367654883887e-05,22936.31704,23311.979107891366,stop,-0.013722847203595913,0.01707697706292249,0.004596075290385865,3.1872597665586895,0.857814928435259,BTC
146,2022-08-07 18:00:00+00:00,2022-08-08 08:00:00+00:00,1,15,0.028455521683572654,False,3.359750158850351e-05,23242.070529999997,23929.3466505278,target,0.022220219766577506,0.008599514821281138,0.039748157067485,1.7448928373635597,8.065138092886476,BTC
147,2022-08-18 10:00:00+00:00,2022-08-19 00:00:00+00:00,1,15,-0.019963769968970445,False,3.41349857508038e-05,23527.056,23084.664408172,stop,-0.016032818243464194,0.028140197396563364,0.0028879091374628216,4.561037143932701,0.46807990216441053,BTC
148,2022-08-19 01:00:00+00:00,2022-08-19 06:00:00+00:00,-1,6,0.04013902104887703,False,3.434507803459986e-05,22916.323040000003,21974.03908607154,target,0.03159193443331362,0.0015524724423678093,0.07402247895699077,0.22653655419902974,10.80134942080604,BTC
149,2022-08-28 23:00:00+00:00,2022-08-29 14:00:00+00:00,-1,16,-0.019794452289289076,False,4.117022652210142e-05,19884.63282,20253.506544270385,stop,-0.016204824122452006,0.024187883394871743,0.01894089890466476,3.977132166863272,3.114388186566954,BTC
150,2022-08-29 15:00:00+00:00,2022-08-30 15:00:00+00:00,1,25,-0.024264718416432168,False,3.979213048514812e-05,20166.048,19694.940396318903,stop,-0.019471223618067694,0.026363519515573773,0.020229645392096714,3.4285320094622427,2.630831847997456,BTC
151,2022-09-04 07:00:00+00:00,2022-09-04 23:00:00+00:00,-1,17,-0.014537088309211589,False,3.977117523454327e-05,19687.0921,19954.960775121723,stop,-0.01138223181109256,0.01703186525957278,0.005947658466026156,3.841104336266989,1.341343204417834,BTC
152,2022-09-05 00:00:00+00:00,2022-09-05 10:00:00+00:00,1,11,-0.01849174728759282,False,3.858233997469459e-05,19998.69781,19650.216352573832,stop,-0.014268168557709916,0.017386022495231725,0.002400265780104772,3.044775972237124,0.4203532795526042,BTC
153,2022-09-16 14:00:00+00:00,2022-09-17 00:00:00+00:00,-1,11,-0.02664424978778149,False,3.881039663594777e-05,19513.54418,20014.875920353654,stop,-0.02017844677852228,0.02845489342572101,0.010943382608007644,3.362951081856442,1.293347328003066,BTC
154,2022-09-17 01:00:00+00:00,2022-09-18 21:00:00+00:00,1,45,-0.027262151961015276,False,3.696157851513363e-05,19943.68131,19424.37965284214,stop,-0.02009629375377017,0.027762242155482977,0.011979668461719849,3.2349222678138116,1.3958993675945115,BTC
155,2022-09-24 22:00:00+00:00,2022-09-26 21:00:00+00:00,-1,48,-0.009067261884554773,False,3.786758332315037e-05,18935.81755,19091.325679999998,time,-0.006501713219549027,0.01983977977227607,0.016625506090176694,2.60648881608154,2.1842074954025392,BTC
156,2022-10-02 11:00:00+00:00,2022-10-03 14:00:00+00:00,-1,28,-0.01647992552558096,False,3.722219014184759e-05,19089.47144,19388.215783857977,stop,-0.011709842981520766,0.02071972297625852,0.01013498150580544,4.0507534392210856,1.9814121664717785,BTC
157,2022-10-13 08:00:00+00:00,2022-10-13 12:00:00+00:00,-1,5,0.022598669599209923,False,3.679220043199951e-05,18994.3,18548.183068497478,target,0.01579290155416872,0.002226983884639038,0.05667489720600391,0.5689091403574328,14.47826689349378,BTC
158,2022-10-13 13:00:00+00:00,2022-10-13 15:00:00+00:00,-1,3,-0.03026886143444295,False,3.889744414752654e-05,18372.28666,18909.75383889596,stop,-0.021631187616239948,0.036544897890244385,0.005975666613074802,3.7876181727716514,0.6193352496450384,BTC
159,2022-10-16 20:00:00+00:00,2022-10-16 21:00:00+00:00,1,2,-0.011320613699164608,False,3.57668105924229e-05,19375.61094,19175.542710188045,stop,-0.007845228386608316,0.01463752244397609,0.002079369787345802,4.378652683787476,0.6220204365046276,BTC
160,2022-10-17 12:00:00+00:00,2022-10-18 18:00:00+00:00,1,31,-0.015966285238950356,False,3.52110283501173e-05,19458.63584,19174.377469174284,stop,-0.010939437293723882,0.014930945950628391,0.012732863805934838,3.129601308901221,2.6688722445906086,BTC
161,2022-10-22 15:00:00+00:00,2022-10-23 12:00:00+00:00,1,22,-0.010583736921335296,False,3.5056845579118936e-05,19232.16792,19048.719727396474,stop,-0.007135758014859043,0.009472042920889798,0.0006672196318884956,3.0748778216132626,0.216597292197043,BTC
162,2022-10-23 18:00:00+00:00,2022-10-24 04:00:00+00:00,1,11,-0.0109160316148055,False,3.425412677337941e-05,19474.54061,19283.285862253553,stop,-0.007281903297538031,0.010759720303358674,0.011063644288962768,3.389381143774484,3.4851191552565997,BTC
163,2022-11-06 22:00:00+00:00,2022-11-07 07:00:00+00:00,-1,10,0.02096506737800991,False,3.1253970889013446e-05,21110.96481,20649.12444518796,target,0.01383278247614953,0.002692211867696158,0.023919551500592988,0.7383744817081408,6.560251313747945,BTC
164,2022-11-07 08:00:00+00:00,2022-11-08 04:00:00+00:00,-1,21,0.03273425610439687,False,3.266594659764011e-05,20621.91157,19932.068141239775,target,0.022050916455848224,0.01278680829878073,0.053094572066385806,2.2934632904213728,9.523131113688407,BTC
165,2022-11-19 22:00:00+00:00,2022-11-20 11:00:00+00:00,1,14,-0.0099156888506699,False,4.1717745521087525e-05,16676.0013,16527.70873859713,stop,-0.006898197768452394,0.013066759595419399,0.008305270400764486,4.560743099929643,2.8988215782752196,BTC
166,2022-11-20 12:00:00+00:00,2022-11-21 02:00:00+00:00,-1,15,0.023644853120521035,False,4.1712699113547716e-05,16512.64472,16107.01793966742,target,0.016286266991734816,0.006798140570664517,0.03685931177716274,1.6604714300366612,9.003025680419242,BTC
167,2022-11-28 00:00:00+00:00,2022-11-28 01:00:00+00:00,-1,2,0.019467570189885566,False,4.29462525934524e-05,16417.57325,16082.091690532772,target,0.013726062939895324,0.003497882977315098,0.02056170207737622,1.0270624130494135,6.037409338434476,BTC
168,2022-11-28 02:00:00+00:00,2022-11-28 16:00:00+00:00,-1,15,-0.016103477651671923,False,4.4562166655952904e-05,16130.25947,16373.84766014974,stop,-0.011575168635989687,0.01612748576573273,0.009061197699382111,3.2697743205322833,1.8371165835197203,BTC
169,2022-12-08 15:00:00+00:00,2022-12-08 18:00:00+00:00,1,4,0.020917059238488567,False,4.1858561822229986e-05,16895.56715,17266.081837393107,target,0.014793049274565626,0.0012113917111092895,0.022706124428619835,0.33143868294136286,6.212431459047279,BTC
170,2022-12-08 19:00:00+00:00,2022-12-10 18:00:00+00:00,1,48,-0.00532119356907505,False,4.1868030043627504e-05,17245.07197,17171.8469,time,-0.0038419932353438695,0.011195776412871698,0.006977531332390292,2.438379379285481,1.519668479593619,BTC
171,2022-12-11 19:00:00+00:00,2022-12-11 20:00:00+00:00,1,2,-0.006698478090621011,False,4.174888848504022e-05,17202.25913,17104.183395371194,stop,-0.004810680829761444,0.007043210376287363,0.0036472459533285415,3.9107584814154,2.0251415595662223,BTC
172,2022-12-11 21:00:00+00:00,2022-12-12 21:00:00+00:00,-1,25,-0.008704450640865651,False,4.174463351585246e-05,17088.77183,17220.938892969767,stop,-0.006209446229603259,0.007486095037878402,0.0130946701276192,3.0218698178180787,5.285851733476112,BTC
173,2022-12-23 23:00:00+00:00,2022-12-25 22:00:00+00:00,-1,48,-0.003107383258512333,False,4.2144580425405914e-05,16779.26471,16819.0442,time,-0.0021974018289521555,0.0048056509861213095,0.004723968026606064,1.3616348225005779,1.3384907443305083,BTC
174,2022-12-26 03:00:00+00:00,2022-12-27 14:00:00+00:00,1,36,-0.008043202626926057,False,4.174740216022642e-05,16886.26436,16768.54781815776,stop,-0.005670117376948557,0.009656627216275578,0.004840362454209437,4.341264499242028,2.1760489677500434,BTC
175,2023-01-08 16:00:00+00:00,2023-01-08 16:00:00+00:00,1,1,-0.005557442088826342,False,4.1144249480328965e-05,16995.99727,16918.50024818922,stop,-0.0038862500728094563,0.0050480868310941495,0.0011239546404092063,3.5541562086794896,0.7913315474049935,BTC
176,2023-01-09 00:00:00+00:00,2023-01-10 18:00:00+00:00,1,43,0.014366742377477983,False,4.059614495800638e-05,17129.73738,17396.765696742685,target,0.009990651351507649,0.001841089521712092,0.017995758671695488,0.7086300146299783,6.926515294564439,BTC
177,2023-01-29 01:00:00+00:00,2023-01-29 18:00:00+00:00,1,18,0.023476739069305842,False,3.0520419602637825e-05,23112.13156,23682.805130314748,target,0.016560302825046558,0.002575771076997239,0.02847285800064038,0.6259083626441924,6.918860177495702,BTC
178,2023-02-11 22:00:00+00:00,2023-02-13 09:00:00+00:00,1,36,-0.01354431027021147,False,3.3083317758634694e-05,21822.24471,21554.033611110834,stop,-0.00977834535483362,0.016123213476694515,0.01185282694046017,4.032712768809719,2.964610412085485,BTC
179,2023-02-24 14:00:00+00:00,2023-02-25 20:00:00+00:00,-1,31,0.042640045259123384,False,2.996990449686142e-05,23762.968969999998,22728.134082456825,target,0.030367127780043086,0.003662464488754577,0.04473216168156273,0.5046082097596721,6.163122152889261,BTC
180,2023-03-03 22:00:00+00:00,2023-03-05 21:00:00+00:00,-1,48,-0.012512459473470877,False,3.341478399598195e-05,22221.93142,22480.44211,time,-0.00929101465002895,0.019263338181969746,0.0033494577313388538,2.8240543801384383,0.49103902386605064,BTC
181,2023-03-25 20:00:00+00:00,2023-03-26 11:00:00+00:00,-1,16,-0.025265214904763883,False,2.6986249319051118e-05,27171.246180000002,27829.330598925484,stop,-0.01852571942827964,0.030188303273471648,0.0011610133665205776,3.787312719523699,0.1456564368897287,BTC
182,2023-03-26 12:00:00+00:00,2023-03-27 14:00:00+00:00,1,27,-0.019936519515509652,False,2.5653811263432534e-05,27860.3556,27335.00815138225,stop,-0.01424911504077667,0.034075501893450315,0.01172075492101768,5.507294152889579,1.894312378605921,BTC
183,2023-04-02 13:00:00+00:00,2023-04-03 01:00:00+00:00,-1,13,0.02251895632942997,False,2.479854592169911e-05,28246.62347,27584.3878016354,target,0.01577397019665414,0.0034367481162166,0.02457721967148795,0.87953459444189,6.289816479209505,BTC
184,2023-04-03 02:00:00+00:00,2023-04-03 08:00:00+00:00,-1,7,-0.021617484543555436,False,2.5868211688757042e-05,27688.39099,28258.97067343053,stop,-0.015483505133753446,0.02786760018950455,0.004665890121482973,4.118143311073641,0.6895033681883498,BTC
185,2023-04-08 04:00:00+00:00,2023-04-10 03:00:00+00:00,1,48,0.007683509100608926,False,2.501456791855782e-05,28014.301770000002,28261.31906,time,0.00538433928233607,0.008977620504871235,0.0187332254185251,2.5168863092271265,5.251881448761203,BTC
186,2023-04-15 18:00:00+00:00,2023-04-17 11:00:00+00:00,-1,42,0.023904789120623018,False,2.3362700421689927e-05,30225.52962,29486.55618363294,target,0.0168803666845128,0.01106582363336596,0.031156761580014354,2.7156893350130744,7.646252817663343,BTC
187,2023-04-29 18:00:00+00:00,2023-04-30 15:00:00+00:00,-1,22,-0.015319478475773342,False,2.4817699794245947e-05,29133.657280000003,29552.562891131955,stop,-0.011076448041693538,0.02802060558872603,0.0022742520571039553,5.972620284110133,0.48475911501725144,BTC
188,2023-05-13 21:00:00+00:00,2023-05-15 20:00:00+00:00,1,48,0.014892117505573184,False,2.6467015355157632e-05,26899.667479999996,27330.298450000002,time,0.010602501319657339,0.012738725497434903,0.027893747034526677,2.446177409706069,5.356348551639202,BTC
189,2023-05-20 16:00:00+00:00,2023-05-21 21:00:00+00:00,1,30,-0.009748499050156517,False,2.6816888611819028e-05,26944.0808,26712.642953054386,stop,-0.007043840511288312,0.01121139749551225,0.012764183812869218,4.056197791232147,4.617983994356244,BTC
190,2023-06-18 17:00:00+00:00,2023-06-18 23:00:00+00:00,1,7,-0.012989282382541956,False,2.688099811554642e-05,26617.782939999997,26298.495180055157,stop,-0.009293994859607755,0.014534754486205,0.003441949324123692,3.7272457004463226,0.882642416263048,BTC
191,2023-06-19 00:00:00+00:00,2023-06-19 17:00:00+00:00,-1,18,-0.015157568559419193,False,2.6830278748737487e-05,26321.701119999998,26696.829938128874,stop,-0.010704556516858891,0.014372128848182975,0.0030583555231857742,3.0913323389626575,0.6578283170669272,BTC
192,2023-07-01 12:00:00+00:00,2023-07-03 11:00:00+00:00,1,48,0.00143687875707866,False,2.2790547881563607e-05,30517.65255,30610.41412,time,0.0009993693229932814,0.012050486170175545,0.009251938678356868,2.377240169530051,1.8251612392745744,BTC
193,2023-07-09 21:00:00+00:00,2023-07-10 18:00:00+00:00,-1,22,-0.010284614671738496,False,2.308832093023043e-05,30167.347080000003,30449.007881029884,stop,-0.007163371840106888,0.012883231626875848,0.007907459657205095,4.278294977765111,2.6259284873623425,BTC
194,2023-07-16 02:00:00+00:00,2023-07-17 18:00:00+00:00,-1,41,0.015150574584793682,False,2.279519361001946e-05,30241.02497,29761.2280000144,target,0.010444048880260763,0.006632547349138344,0.02020516733828148,2.5082488120675652,7.641044127706806,BTC
195,2023-07-30 15:00:00+00:00,2023-07-30 19:00:00+00:00,1,5,-0.0062994365226350406,False,2.381384858934854e-05,29386.01316,29231.484801873197,stop,-0.004408308310514643,0.009732969166069706,0.0019222355782815349,5.88680963689251,1.1626292792597905,BTC
196,2023-07-30 20:00:00+00:00,2023-07-31 00:00:00+00:00,-1,5,-0.008544269022220746,False,2.383217431126474e-05,29178.44384,29399.156945784827,stop,-0.00594156300532311,0.011904547134340917,0.0059099738473235835,4.917829789880157,2.4414406626136373,BTC
197,2023-07-31 01:00:00+00:00,2023-07-31 16:00:00+00:00,1,16,-0.011583451082460507,False,2.3403886134437962e-05,29458.53491,29148.768819367742,stop,-0.007986143126804048,0.010303801968677013,0.0009323304802465993,3.0250755822295727,0.27372130975887615,BTC
198,2023-08-06 06:00:00+00:00,2023-08-07 14:00:00+00:00,1,33,-0.006076490184185241,False,2.3417378006550106e-05,29100.52754,28963.68633262789,stop,-0.004140873173599146,0.0051108193758881895,0.004129562937813381,3.481735325035384,2.813256368513912,BTC
199,2023-08-13 05:00:00+00:00,2023-08-14 02:00:00+00:00,-1,22,0.005843277870248157,False,2.3062327218224915e-05,29368.98666,29175.328318323845,target,0.0039577524914905845,0.0032011094249991853,0.010180353291086233,2.9127588056253084,9.26332397805975,BTC
200,2023-08-27 01:00:00+00:00,2023-08-27 14:00:00+00:00,-1,14,-0.0069995621162737415,False,2.6223150826164312e-05,25979.903690000003,26136.728216859537,stop,-0.00476862621117842,0.007455620787176047,0.000935480373214743,3.9002958402984786,0.48938248235561393,BTC
201,2023-08-27 15:00:00+00:00,2023-08-27 18:00:00+00:00,1,4,-0.0058935813539247985,False,2.5878297071868507e-05,26141.8402,26014.170828610302,stop,-0.00398704495498504,0.004660735398420756,0.001069542151053335,3.0494921409420517,0.699795226553421,BTC
202,2023-09-10 11:00:00+00:00,2023-09-10 22:00:00+00:00,-1,12,-0.006995024289359608,False,2.608355930632198e-05,25783.2627,25938.428588570154,stop,-0.004704288570974968,0.00985279880811981,0.010648873387152766,5.170832458472983,5.5886191557144285,BTC
203,2023-09-24 18:00:00+00:00,2023-09-24 18:00:00+00:00,1,1,-0.005838031851320129,False,2.5040590247599475e-05,26669.29839,26540.206929206423,stop,-0.0038987250841838812,0.010378915333737804,0.0026472991140432294,6.855573948821208,1.7486176789570398,BTC
204,2023-09-24 20:00:00+00:00,2023-09-26 19:00:00+00:00,-1,48,0.0059738392515958855,False,2.5124959150121677e-05,26424.57025,26243.670739999998,time,0.003966128942616917,0.003308653619447201,0.017391777639221992,1.12235603967546,5.899610209827499,BTC
205,2023-10-14 22:00:00+00:00,2023-10-15 17:00:00+00:00,-1,20,-0.008713544837299449,False,2.4922418140150688e-05,26798.45805,27006.411533258535,stop,-0.0058196230383225555,0.008024415046521637,0.00030069080784294,3.2279858467705513,0.1209590563728073,BTC
206,2023-10-29 02:00:00+00:00,2023-10-29 12:00:00+00:00,-1,11,-0.012493773801673182,False,1.947226393098579e-05,34000.29685,34394.30016952388,stop,-0.008271662290927137,0.012985273391811698,0.0019793018365955478,3.452047032580753,0.5261839951640794,BTC
207,2023-10-29 13:00:00+00:00,2023-10-30 17:00:00+00:00,1,29,-0.012446836792456914,False,1.8977402120171127e-05,34451.03221,34070.27121646368,stop,-0.008137631014803633,0.011640644249944742,0.012689541124201908,3.246901479494408,3.5394681742354503,BTC
208,2023-11-04 23:00:00+00:00,2023-11-05 21:00:00+00:00,1,23,-0.01443745933647825,False,1.8351628939733292e-05,35182.35154,34719.87278244079,stop,-0.009321595584158722,0.023487672194409642,0.0047651294658173,5.483910166128791,1.1125641444678787,BTC
209,2023-11-13 04:00:00+00:00,2023-11-14 15:00:00+00:00,-1,36,0.026938584774323857,False,1.7230702358119428e-05,36930.11764,35922.78069313054,target,0.01714187989273939,0.0039041944411202846,0.03425165476943766,0.8587932396290291,7.534227612306106,BTC
210,2023-11-25 12:00:00+00:00,2023-11-27 11:00:00+00:00,-1,48,0.015531491251200494,False,1.7364054879843283e-05,37633.7065,37034.40699,time,0.010149421753324337,0.006717209743876803,0.02136134265701406,1.5473247145591293,4.9206344136408795,BTC
211,2023-12-24 06:00:00+00:00,2023-12-26 05:00:00+00:00,-1,48,0.016719445547848422,False,1.525046667536465e-05,43514.9416,42806.037959999994,time,0.011095411400788072,0.009039616865761912,0.022174948753694256,2.2710143636350435,5.570991324118033,BTC
212,2024-01-07 14:00:00+00:00,2024-01-07 17:00:00+00:00,1,4,-0.016632702091365085,False,1.5189651542349645e-05,44419.62189,43729.26906757134,stop,-0.01122239310591209,0.01649545536012217,0.0015146033923162528,3.2458180079677237,0.29802917581734983,BTC
213,2024-01-08 01:00:00+00:00,2024-01-08 11:00:00+00:00,-1,11,-0.02032026022287997,False,1.5214726860457813e-05,43608.81343,44455.32079979373,stop,-0.013482415137025167,0.026134317362920233,0.010335374768301818,4.1036524621642405,1.6228771360796217,BTC
214,2024-01-18 17:00:00+00:00,2024-01-20 16:00:00+00:00,-1,48,0.008227380035438514,False,1.549817377070682e-05,41941.31383000001,41579.27004,time,0.005347910313310166,0.00609628422791813,0.03913358166729624,0.9182440404659136,5.894439433043357,BTC
215,2024-01-20 21:00:00+00:00,2024-01-22 03:00:00+00:00,1,31,-0.015609872534721462,False,1.5693066626821793e-05,41761.22461,41167.45887868837,stop,-0.01023011229241255,0.017018768406274414,0.0029279646643964284,3.667235298577108,0.6309231734008663,BTC
216,2024-02-04 05:00:00+00:00,2024-02-05 12:00:00+00:00,-1,32,-0.009908378135707052,False,1.5041843398434374e-05,42889.1294,43287.642786249344,stop,-0.006392207522331898,0.009295376371057906,0.01661095503607963,3.1022455699143348,5.54375203495493,BTC
217,2024-02-25 17:00:00+00:00,2024-02-25 20:00:00+00:00,-1,4,-0.012975074672599163,False,1.2430444056372447e-05,51385.07985,52000.112501935255,stop,-0.008287690897617567,0.012939945835269497,5.604447844416083e-05,3.3277216160521377,0.014412766850280858,BTC
218,2024-02-26 08:00:00+00:00,2024-02-26 15:00:00+00:00,-1,8,-0.012287158634584527,False,1.228660779832583e-05,51312.10175,51890.98014312963,stop,-0.0077464596747085,0.03066329766934558,0.0075927848735995625,8.379305212442727,2.0748669159583883,BTC
219,2024-03-10 02:00:00+00:00,2024-03-11 00:00:00+00:00,1,23,-0.018825310694031667,False,9.018111805322344e-06,69050.50894,67925.37094167933,stop,-0.011722619045942273,0.029695783151746886,0.013747777888572406,5.568230851289356,2.577834050869924,BTC
220,2024-03-27 16:00:00+00:00,2024-03-28 13:00:00+00:00,-1,22,-0.03495885087877767,False,8.867488665777146e-06,68901.42337,71277.93756566153,stop,-0.02135924928093544,0.036843602146908676,0.007788276986940294,3.2336671515916127,0.6835568183519434,BTC
221,2024-03-29 06:00:00+00:00,2024-03-31 05:00:00+00:00,-1,48,-0.002600315466196318,False,8.397287492246678e-06,70215.9289,70449.72858000001,time,-0.0015332066941547812,0.006962395964258246,0.017316995146951605,1.0978030761181687,2.7304753477163395,BTC
222,2024-03-31 06:00:00+00:00,2024-04-01 05:00:00+00:00,1,24,-0.014959164415391713,False,8.347656501564584e-06,70449.72858000001,69572.43829775295,stop,-0.008797337017756953,0.020485935277396207,0.014844222129435916,5.05560908444057,3.66332233470614,BTC
223,2024-04-21 17:00:00+00:00,2024-04-22 03:00:00+00:00,-1,11,-0.021196479627798023,False,8.976004848218202e-06,64537.932810000006,65843.58102764255,stop,-0.012278967987024493,0.02421935630633959,0.0033349814694817554,3.64662701399886,0.5021369422033087,BTC
224,2024-04-22 04:00:00+00:00,2024-04-24 03:00:00+00:00,1,48,0.012135949569512413,False,8.630714882212525e-06,65697.20324999999,66565.72429,time,0.00688125124378438,0.0035100923417161274,0.023209462116639018,0.4420154563183783,2.9226983194905314,BTC
225,2024-04-28 23:00:00+00:00,2024-04-29 23:00:00+00:00,-1,25,-0.017270402503511244,False,9.09371769445322e-06,63108.961630000005,64144.57139748701,stop,-0.009911399044575706,0.017288168618533405,0.021910701654496673,3.2203903404213667,4.081462502879116,BTC
226,2024-05-11 16:00:00+00:00,2024-05-13 15:00:00+00:00,1,48,0.027931734817868998,False,9.220776756774852e-06,61164.44383,62961.60585,time,0.01575304264747306,0.00992641789873026,0.034740055446360565,1.6586787535759437,5.804973400757117,BTC
227,2024-05-18 11:00:00+00:00,2024-05-19 19:00:00+00:00,1,33,-0.016005010187146042,False,8.626591069498787e-06,67203.45499,66202.97205218773,stop,-0.009278692183985126,0.0203509624647052,0.008132692137351101,4.184068595229597,1.67204582218536,BTC
228,2024-05-19 20:00:00+00:00,2024-05-20 04:00:00+00:00,-1,9,-0.017343837818078647,False,8.645517412698296e-06,65983.09913,67064.68944891347,stop,-0.009893931597218302,0.017351426124200566,0.0003773561764801156,3.2357769263381564,0.07037118448509111,BTC
229,2024-05-26 08:00:00+00:00,2024-05-26 21:00:00+00:00,1,14,-0.012228132373142405,False,8.07962003714533e-06,69380.00776,68607.50005496855,stop,-0.006854652029130984,0.017656494998350994,0.0030310207045155537,4.887523681258501,0.8390218711634527,BTC
230,2024-05-26 22:00:00+00:00,2024-05-27 14:00:00+00:00,-1,17,-0.013274140652171706,False,8.08063205797948e-06,68523.03692000001,69377.3896766917,stop,-0.007350017104416467,0.014987121501911194,0.0037116994726452655,3.696124804383362,0.9153795467335967,BTC
231,2024-06-02 01:00:00+00:00,2024-06-02 19:00:00+00:00,1,19,-0.009892041807434481,False,8.041429051988895e-06,67943.07681,67352.22198306628,stop,-0.005404610340672539,0.009519392414457184,0.00887247411072898,3.40025217305454,3.169178038039379,BTC
232,2024-06-23 01:00:00+00:00,2024-06-23 16:00:00+00:00,1,16,-0.008776277636100956,False,8.390091606933816e-06,64475.43683,63978.290834171115,stop,-0.004747569701200604,0.009111017449154655,0.00038096942351497465,3.6872528046440327,0.15417933103284148,BTC
233,2024-06-23 17:00:00+00:00,2024-06-24 00:00:00+00:00,-1,8,0.011939977521973026,False,8.393854816318257e-06,63880.92997,63054.72527445324,target,0.006402302532411843,0.004468783252436487,0.015637373633557286,2.0731184284380415,7.254352162733248,BTC
234,2024-07-18 15:00:00+00:00,2024-07-19 14:00:00+00:00,-1,24,-0.023895033954442514,False,8.486493873211619e-06,63938.012839999996,65408.794384522116,stop,-0.012965673722378217,0.030216565610736993,0.011442533283460024,3.994006411274894,1.512466766875927,BTC
235,2024-07-20 18:00:00+00:00,2024-07-21 18:00:00+00:00,1,25,-0.017436459999061973,False,7.859499278584565e-06,67389.01064000001,66279.15054837948,stop,-0.009235114336253734,0.02432163084802943,0.004908654346731854,4.511161048306938,0.9104541725405471,BTC
236,2024-07-31 18:00:00+00:00,2024-07-31 19:00:00+00:00,1,2,-0.021546713629524934,False,7.805027452344862e-06,66676.09683000001,65305.436832500774,stop,-0.011213098655031667,0.02672767175534755,0.0005129749884309988,3.9571008303947326,0.07594727184891822,BTC
237,2024-07-31 20:00:00+00:00,2024-08-02 19:00:00+00:00,-1,48,0.039005216277162115,False,7.808727711828809e-06,65208.53157,62638.485909999996,time,0.01986128713894611,0.006770102306721838,0.045045203430886,0.8003567567244512,5.325212425245306,BTC
238,2024-08-11 12:00:00+00:00,2024-08-11 20:00:00+00:00,-1,9,0.03675349817547358,False,8.727531962450311e-06,60619.308750000004,58332.57398709986,target,0.019444693817717542,0.0019348826705318503,0.03899597007529391,0.3077521326117603,6.202491312115216,BTC
239,2024-08-11 21:00:00+00:00,2024-08-12 11:00:00+00:00,-1,15,-0.026066511818597773,False,9.382133833154487e-06,58462.35603,59932.871724707715,stop,-0.014297524702493592,0.02523750444205285,0.014494045186361994,3.0473020883670436,1.7500832646389242,BTC
240,2024-08-17 17:00:00+00:00,2024-08-18 23:00:00+00:00,1,31,-0.017791162801263822,False,8.963085038237889e-06,59600.47478,58598.89944342411,stop,-0.009504112535142904,0.02094739655360841,0.010897987346536422,3.806362717837892,1.980279154460351,BTC
241,2024-08-25 22:00:00+00:00,2024-08-26 06:00:00+00:00,1,9,-0.012705043483304255,False,8.150261011557314e-06,64378.3077,63625.94622723157,stop,-0.006666336458460763,0.012557144306544053,0.012381380133731038,3.3074172464860707,3.261122846876983,BTC
242,2024-08-26 07:00:00+00:00,2024-08-27 14:00:00+00:00,-1,32,0.02838761013707605,False,8.134185983827741e-06,63685.988470000004,61822.79692258003,target,0.01470573799749995,0.005279207217744126,0.03015401842910275,1.0826955407742964,6.184190152620351,BTC
243,2024-09-01 03:00:00+00:00,2024-09-02 22:00:00+00:00,-1,44,-0.014578702541856836,False,9.10735002180977e-06,58495.546070000004,59285.21140768717,stop,-0.00776664943119046,0.01426183677303688,0.023976971995810004,3.242401962389071,5.451119816371855,BTC
244,2024-09-13 15:00:00+00:00,2024-09-15 14:00:00+00:00,1,48,0.029635694350364093,False,8.983348745903836e-06,58438.426269999996,60224.52722,time,0.015557932356764318,0.0018553933930225994,0.03693757460248602,0.27911407948837486,5.556663709419861,BTC
245,2024-09-15 16:00:00+00:00,2024-09-15 17:00:00+00:00,1,2,-0.011880603554769796,False,8.960652837866837e-06,60322.69138,59666.01575192345,stop,-0.0064218309048189245,0.010936040234748501,6.773902003607426e-06,3.098255616597575,0.001919093152407456,BTC
246,2024-09-15 18:00:00+00:00,2024-09-16 02:00:00+00:00,-1,9,0.022804936474034435,False,8.935775867509486e-06,59771.963030000006,58351.22521006249,target,0.012180318731917498,0.006525416771141199,0.02831198682818313,1.6471876704900335,7.146693807620764,BTC
247,2024-09-16 03:00:00+00:00,2024-09-17 11:00:00+00:00,-1,33,-0.01888284801665815,False,9.382441901389204e-06,58224.62737,59277.36947546953,stop,-0.010315495625723524,0.018029701131945595,0.01336766597154779,3.0429243879432013,2.256099338365004,BTC
248,2024-09-22 07:00:00+00:00,2024-09-22 22:00:00+00:00,-1,16,-0.01227787971811208,False,8.530246587354461e-06,62832.144700000004,63549.68842707008,stop,-0.006580620472150113,0.01858690811170091,0.007848605237885574,5.015953407550303,2.118062775739771,BTC
249,2024-10-06 13:00:00+00:00,2024-10-07 00:00:00+00:00,1,12,0.016172750451468997,False,8.509780260937527e-06,62209.95739,63284.30244979389,target,0.00856174197030228,0.0008834179013412633,0.023951834601955782,0.306925914531856,8.321586792343231,BTC
250,2024-10-07 01:00:00+00:00,2024-10-07 11:00:00+00:00,1,11,-0.01590968636385908,False,8.44881822503666e-06,63672.195929999994,62721.783638191606,stop,-0.00855869229550728,0.016495362138203438,0.004363035795175309,3.3822683989087188,0.8946125565289498,BTC
251,2024-10-19 17:00:00+00:00,2024-10-20 14:00:00+00:00,-1,22,-0.011456365620287515,False,7.784367960267274e-06,68007.5916,68732.01204250354,stop,-0.006064955475526673,0.010901847610789385,0.00011162871410961337,3.1602770753587324,0.03235943839494203,BTC
252,2024-10-20 15:00:00+00:00,2024-10-21 12:00:00+00:00,1,22,-0.009441105574861584,False,7.6239900756118634e-06,68642.68663,68083.60136258032,stop,-0.0049408247475680785,0.00819732818782295,0.013451008626408764,3.1338479048517,5.142335921676495,BTC
253,2024-11-09 17:00:00+00:00,2024-11-10 00:00:00+00:00,-1,8,-0.013483459826797885,False,6.817061267310093e-06,76043.08022999999,76999.55024215109,stop,-0.0069896952819606265,0.014186955167215772,0.004732583542269737,3.467472468337643,1.1567036720359694,BTC
254,2024-11-10 01:00:00+00:00,2024-11-10 04:00:00+00:00,1,4,0.026557190105650337,False,6.649938441996617e-06,76903.064,79023.3565006053,target,0.013581364059147349,0.0032178691865904414,0.0377908999828668,0.7002731932391802,8.224061536331448,BTC
255,2024-11-10 05:00:00+00:00,2024-11-11 14:00:00+00:00,1,34,0.04013484004185986,False,6.620412044506382e-06,79297.48211,82630.32628195407,target,0.021070068822021813,0.00943639180071313,0.0427733365517828,1.3471054835929088,6.1061682725082616,BTC
256,2024-11-23 17:00:00+00:00,2024-11-25 15:00:00+00:00,-1,47,0.029204381233457574,False,5.587801100380807e-06,97722.17455,94850.388100634,target,0.01594711295649548,0.013065872263686789,0.03128025511176063,2.6676609960644195,6.386494129481322,BTC
257,2024-12-25 20:00:00+00:00,2024-12-26 08:00:00+00:00,1,13,-0.021447397107736417,False,5.676129109711795e-06,99010.99438999999,97002.51839008284,stop,-0.012053419747220637,0.034723359877165585,0.009483851927608214,5.210749555373884,1.4231911137007796,BTC
258,2024-12-26 09:00:00+00:00,2024-12-28 08:00:00+00:00,-1,48,0.013571590900050268,False,5.739551955766867e-06,95816.84632000001,94474.73391999998,time,0.007463638976321347,0.018239524124633998,0.024806142252501672,2.2372806045236193,3.0427493916697506,BTC
259,2024-12-28 17:00:00+00:00,2024-12-29 19:00:00+00:00,1,27,-0.017009985320832855,False,5.87567162838763e-06,94867.35166999999,93374.38354995998,stop,-0.009481525825111572,0.01617365345390156,0.008776974536997856,3.1421298907390676,1.705143128085506,BTC
260,2025-01-11 22:00:00+00:00,2025-01-13 06:00:00+00:00,1,33,-0.015850460132301045,False,5.772524955101838e-06,94919.96745,93528.72340302197,stop,-0.008684909030671498,0.01788630459544052,0.010688294331057564,3.7363470137861694,2.232723724077395,BTC
261,2025-01-26 22:00:00+00:00,2025-01-26 23:00:00+00:00,-1,2,0.017549975450341645,False,5.161768356458206e-06,104468.65000000001,102531.72756838548,target,0.00946370091706825,0.0018632383973564716,0.019320150112019305,0.602966841076056,6.252237984515271,BTC
262,2025-01-27 00:00:00+00:00,2025-01-27 05:00:00+00:00,-1,6,0.02457132850063117,False,5.3517095761428885e-06,102529.232,99908.73357682217,target,0.013482451906111984,0.006703141987838126,0.028023539667204406,1.5735968255227397,6.578669098794621,BTC
263,2025-01-27 07:00:00+00:00,2025-01-27 13:00:00+00:00,-1,7,-0.02447281081093834,False,5.685091004515693e-06,98888.3246,101212.02442748872,stop,-0.013758348087161542,0.02783215724538626,0.012219082534643398,3.600341433342892,1.5806489140975881,BTC
264,2025-02-09 02:00:00+00:00,2025-02-09 14:00:00+00:00,1,13,-0.014871277758384645,False,5.656037483573259e-06,96963.78040999999,95627.41461653313,stop,-0.008155866409290797,0.01371832249501282,0.003485008407996796,3.0516448367044386,0.7752411359334384,BTC
265,2025-02-16 08:00:00+00:00,2025-02-17 15:00:00+00:00,-1,32,0.015420314000785904,False,5.559628600816509e-06,97178.23778,95599.14573794739,target,0.008331208761084145,0.001818948604523709,0.017355097381145358,0.671634896355645,6.4082563970409065,BTC
266,2025-03-09 09:00:00+00:00,2025-03-09 15:00:00+00:00,-1,7,0.03190985522824227,False,6.39943500664416e-06,85727.27410000001,82907.41185138148,target,0.01750594183141791,0.001454915035027229,0.0362542041914757,0.2653872189560198,6.613033884593369,BTC
267,2025-03-09 16:00:00+00:00,2025-03-10 14:00:00+00:00,-1,23,0.045159478536408386,False,6.820176047745544e-06,83005.49088,79180.20797909105,target,0.02556532545578971,0.012360737935798621,0.04653536578181603,1.6093070445945925,6.058674843236542,BTC
268,2025-03-22 21:00:00+00:00,2025-03-23 11:00:00+00:00,-1,15,-0.010469772837024096,False,7.054634882869464e-06,83870.73122999999,84666.17436269185,stop,-0.006194727826181308,0.013760089521995368,0.0033531510441797106,4.496074634484399,1.0956336680246455,BTC
269,2025-03-23 12:00:00+00:00,2025-03-23 23:00:00+00:00,1,12,0.01496385474441044,False,6.914322341282881e-06,84676.79542,86032.66436638022,target,0.008761077455081484,0.001745406392234428,0.016936216975226664,0.6540252451148666,6.34620883011723,BTC
270,2025-04-17 17:00:00+00:00,2025-04-19 16:00:00+00:00,1,48,-0.00294767024016889,False,6.997353503602873e-06,84924.06958,84774.56,time,-0.0017516345754710976,0.00781956850730558,0.007959232563193003,1.2763088335128825,1.2991047803847358,BTC
271,2019-12-10 15:00:00+00:00,2019-12-12 01:00:00+00:00,-1,35,0.03626387910656897,False,0.006854656959000946,145.886221,140.52485518025168,target,0.03626387910656897,0.002630673393068452,0.04685994985091837,0.4294939158074684,7.650536706321122,ETH
272,2019-12-14 07:00:00+00:00,2019-12-15 00:00:00+00:00,-1,18,0.022073197310633737,False,0.007214970777211931,143.62689899999998,140.35718193129287,target,0.022873657069402014,0.003293958188152583,0.02601809985467969,0.8681503446175883,6.8572887283075294,ETH
273,2019-12-15 01:00:00+00:00,2019-12-15 07:00:00+00:00,-1,7,-0.017450297811200655,False,0.007540070975644496,140.467847,142.77743012448593,stop,-0.018482265429292016,0.025145633505723155,0.0011949140218543732,4.6747102401600165,0.2221410255105357,ETH
274,2019-12-22 08:00:00+00:00,2019-12-22 20:00:00+00:00,1,13,0.027520923654510997,False,0.008050945424828518,129.258766,132.97301952352407,target,0.028639794256883854,0.00587013185627974,0.03149677291519249,1.225709545987201,6.576665767506195,ETH
275,2019-12-22 21:00:00+00:00,2019-12-23 17:00:00+00:00,1,21,-0.02375171957380517,False,0.008045870635945779,132.89985800000002,129.91437395736418,stop,-0.025397596525618422,0.03686879785830939,0.016479641385320216,4.988828713664755,2.2299101926225218,ETH
276,2020-01-21 14:00:00+00:00,2020-01-23 02:00:00+00:00,1,37,-0.026601297225765458,False,0.006173594375059144,169.090712,164.86746477325832,stop,-0.02776902683220596,0.02797736164243003,0.014899032419947568,3.400314034327948,1.8107993771157653,ETH
277,2020-02-09 21:00:00+00:00,2020-02-11 16:00:00+00:00,-1,44,-0.019429976270976132,False,0.004510265227446025,225.29239200000004,231.67276387165566,stop,-0.01974335150944067,0.03767374443785019,0.035386867391421016,4.034743185514498,3.789825625105518,ETH
278,2020-02-23 04:00:00+00:00,2020-02-24 18:00:00+00:00,1,39,-0.032483220635986146,False,0.0037469390018696268,265.91975199999996,258.09620765044247,stop,-0.032365796721304324,0.03166275516081243,0.04264537671500247,3.2609030695025343,4.3919879721065715,ETH
279,2020-03-06 07:00:00+00:00,2020-03-07 16:00:00+00:00,1,34,0.05622912738737289,False,0.004099583862356153,235.15052400000002,248.74467696068385,target,0.05420596365331686,0.0035744083649161514,0.0708034824536474,0.3709789064891033,7.34851640178799,ETH
280,2020-03-07 18:00:00+00:00,2020-03-08 14:00:00+00:00,-1,21,0.0757977403468932,False,0.004259140320787841,239.068258,220.89861341272555,target,0.07717917364991236,0.00816395290754168,0.08544947861710692,0.6445063877695139,6.745841802863037,ETH
281,2020-03-25 12:00:00+00:00,2020-03-27 11:00:00+00:00,-1,48,-0.011346417829947912,False,0.008153989809967416,134.339686,135.810731,time,-0.01242891636370518,0.0528534360278317,0.008632490029789065,2.2654886266550003,0.3700196137087764,ETH
282,2020-03-31 21:00:00+00:00,2020-04-01 13:00:00+00:00,1,17,-0.03214825092504484,False,0.008057835063551465,134.400308,130.23832348975756,stop,-0.0348157685811485,0.03125222004699578,0.004461983822239489,3.0563244470529196,0.43636164783679443,ETH
283,2020-04-01 14:00:00+00:00,2020-04-01 22:00:00+00:00,-1,9,-0.028200236264403617,False,0.008025061523611066,130.610805,134.15215667564613,stop,-0.0295583524736462,0.029776977486663532,0.01792198585714244,3.3325311146394307,2.0057635309629664,ETH
284,2020-04-06 01:00:00+00:00,2020-04-06 09:00:00+00:00,1,9,0.05521652526199616,False,0.007047518198687545,144.533347,152.67384682473872,target,0.056243629565038575,0.010124632345226177,0.07573790566131426,1.0785679244556454,8.068290573559224,ETH
285,2020-04-06 10:00:00+00:00,2020-04-06 17:00:00+00:00,1,8,0.07690353938530878,False,0.006975155248717565,154.096215,166.11496845510706,target,0.08265938654898321,0.008022357979396101,0.07952035032138845,0.6171430363144802,6.117332406777872,ETH
286,2020-04-06 18:00:00+00:00,2020-04-08 17:00:00+00:00,1,48,0.02735692868679577,False,0.006982183444367786,165.77971899999997,170.508832,time,0.03166576558298343,0.027565006308159834,0.06261490285189847,1.6404357955492184,3.7263088868833316,ETH
287,2020-04-18 01:00:00+00:00,2020-04-18 16:00:00+00:00,1,16,0.0727397509801644,False,0.006898471136409479,172.381699,185.1342892355154,target,0.08649994240230043,0.006100989873640734,0.07563622516564238,0.4948166516341352,6.134424815292287,ETH
288,2020-05-02 17:00:00+00:00,2020-05-03 14:00:00+00:00,1,22,-0.029389752073563043,False,0.005948169454942562,214.46432,208.4887114824159,stop,-0.037491628478010464,0.03345227774951094,0.0250656146439651,3.639912564536205,2.727367217370575,ETH
289,2020-05-13 13:00:00+00:00,2020-05-14 09:00:00+00:00,1,21,0.05573624124472306,False,0.0063837397977152335,193.95817,205.0278993891996,target,0.06901141496252845,0.003651148080021561,0.05749605701064316,0.3838413614831095,6.04450006386633,ETH
290,2020-05-20 16:00:00+00:00,2020-05-21 18:00:00+00:00,-1,27,0.0610568602345622,False,0.006287964311310923,207.88761499999998,195.07584321733984,target,0.07981291126144842,0.018290579744252758,0.07830007093015123,1.7807302836035275,7.62312127134387,ETH
291,2020-06-07 12:00:00+00:00,2020-06-07 23:00:00+00:00,-1,12,-0.02279742520353212,False,0.005807044369903109,238.848324,244.07564181846976,stop,-0.03162009293535648,0.0283094973695525,0.017619231860299782,3.935694059906643,2.4494926655702707,ETH
292,2020-06-09 22:00:00+00:00,2020-06-11 13:00:00+00:00,1,40,-0.020476551804280048,False,0.0055406920030293795,244.623365,240.0128189418111,stop,-0.02775356452595175,0.021270923977356044,0.026067154296565222,3.439467694219257,4.215008956766958,ETH
293,2020-06-21 23:00:00+00:00,2020-06-22 01:00:00+00:00,-1,3,-0.0158140233602669,False,0.005819067417200381,228.151534,231.55248367951697,stop,-0.02099515851338126,0.023574095276519172,0.0031625209234840876,4.843276274293262,0.6497370260025573,ETH
294,2020-06-22 02:00:00+00:00,2020-06-22 15:00:00+00:00,1,14,0.03442959547262743,False,0.005598980396623849,233.36999,241.6658252587805,target,0.044986880022214966,0.0028280842793882515,0.03646574266039945,0.477340722962004,6.154902840670194,ETH
295,2020-06-22 16:00:00+00:00,2020-06-24 10:00:00+00:00,1,43,-0.022392153280873624,False,0.005595326988853194,241.562447,236.53837206940779,stop,-0.03026570190450806,0.020957094378167115,0.03248664309150671,3.0662343076587213,4.753123586236098,ETH
296,2020-06-27 15:00:00+00:00,2020-06-27 19:00:00+00:00,-1,5,0.0340356107251298,False,0.0057723456319279,228.911306,220.91801223928329,target,0.04497313044380961,0.00030009002700807447,0.06693118949747284,0.051563724834630016,11.50062023890353,ETH
297,2020-06-27 20:00:00+00:00,2020-06-28 11:00:00+00:00,-1,16,-0.03410715134994146,False,0.00627808143881759,217.63469,224.8804757279636,stop,-0.04660156638551858,0.033337102646641394,0.005213736835795829,3.0321668361003935,0.47421397393836845,ETH
298,2020-07-04 00:00:00+00:00,2020-07-04 17:00:00+00:00,-1,18,-0.01757674874164785,False,0.0058719098753658725,224.752554,228.54406785977176,stop,-0.023196505340277625,0.026773649032704683,0.0019690721734801787,4.848906161100215,0.35661355618638674,ETH
299,2020-07-15 16:00:00+00:00,2020-07-16 07:00:00+00:00,-1,16,0.028600729958780883,False,0.005445579911822154,238.088552,231.0683261788814,target,0.037081711163402746,0.006264257510373786,0.03464489128397904,1.274700875444808,7.0498176641437515,ETH
300,2020-07-18 09:00:00+00:00,2020-07-19 23:00:00+00:00,1,39,0.02146707673488822,False,0.005693594053529017,234.230248,239.58932349319448,target,0.028628750004449782,0.004056897040897928,0.024333970734642343,1.0638939509697647,6.3814200869961475,ETH
301,2020-08-05 10:00:00+00:00,2020-08-07 09:00:00+00:00,1,48,0.0012404957840157875,False,0.0034585334912881397,393.878128,396.26108600000003,time,0.0016898538416589212,0.020001435570954077,0.03554874212258872,1.6518526018500268,2.9358533770930118,ETH
302,2020-08-07 15:00:00+00:00,2020-08-09 00:00:00+00:00,-1,34,-0.036251305544210966,False,0.0035442001635833946,384.834515,398.9276225188638,stop,-0.04944426314594823,0.0413047280855253,0.061232852255988596,3.412643504958297,5.059127737357018,ETH
303,2020-08-23 11:00:00+00:00,2020-08-24 07:00:00+00:00,-1,21,-0.027193675989184454,False,0.0033984150114890173,386.79392700000005,397.16406331996234,stop,-0.0357457142045514,0.032823868509186685,0.008024756293549705,3.715553034367637,0.9083757933107256,ETH
304,2020-08-29 07:00:00+00:00,2020-08-30 16:00:00+00:00,1,34,0.05010883874550081,False,0.003202136833187397,399.339766,419.96243303867936,target,0.0640762052031105,0.00903933519107631,0.06360557140207272,1.0502325406979387,7.389994888350751,ETH
305,2020-09-11 04:00:00+00:00,2020-09-11 22:00:00+00:00,-1,19,-0.04893901183917644,False,0.003764207333235021,356.73294799999996,373.88622807945654,stop,-0.06571612623887303,0.051402742871959305,0.003175899524705361,3.2281367711821014,0.19944924073057255,ETH
306,2020-09-12 19:00:00+00:00,2020-09-13 12:00:00+00:00,1,18,-0.03401381301249092,False,0.0033345111714847275,382.994864,370.42192270451187,stop,-0.043439062796662244,0.04411250799436304,0.01946536807866954,4.0672027932677075,1.794719979006081,ETH
307,2020-09-21 10:00:00+00:00,2020-09-21 14:00:00+00:00,-1,5,0.06567699415691441,False,0.00344288089549542,358.322471,334.4425456575131,target,0.0810231850270462,0.004374632145244329,0.07719993368766422,0.39385273886373057,6.950391327425942,ETH
308,2020-09-21 15:00:00+00:00,2020-09-23 14:00:00+00:00,-1,48,-0.004732323489956394,False,0.003891688265415639,337.818624,339.06168799999995,time,-0.006221513641956393,0.03309875538419101,0.015448005613805285,1.8938906740895813,0.8839254958584726,ETH
309,2020-09-27 01:00:00+00:00,2020-09-27 11:00:00+00:00,1,11,-0.0325606605885748,False,0.0036356509073785055,359.897937,348.5690729317806,stop,-0.04260442814112929,0.031225344311990283,0.006452004196956578,3.0036550378989775,0.6206367083450337,ETH
310,2020-09-30 00:00:00+00:00,2020-09-30 12:00:00+00:00,1,13,-0.0257577207259025,False,0.0035181517634689384,359.80791,350.96669364106987,stop,-0.032605638300803194,0.024423893293507668,0.0003393199443559044,3.017862593508577,0.0419270160984244,ETH
311,2020-09-30 23:00:00+00:00,2020-10-01 16:00:00+00:00,1,18,-0.02211589642936296,False,0.0034348851580442903,359.03767899999997,351.5607744864403,stop,-0.02727449992684192,0.037538341484209425,0.03175800665756875,5.485119732621262,4.640494547672646,ETH
312,2020-10-04 19:00:00+00:00,2020-10-06 11:00:00+00:00,1,41,-0.020501141592998488,False,0.0034370584991476024,350.875231,344.0781170565212,stop,-0.024723939981237394,0.02136152779618687,0.016059181447321956,3.359152203953213,2.525345343608127,ETH
313,2020-10-06 12:00:00+00:00,2020-10-06 15:00:00+00:00,-1,4,-0.021093902207139324,False,0.0034150556001126694,345.8962,352.84313095114555,stop,-0.024917272280897428,0.023110401328490928,0.01499351539565928,3.5054838831070563,2.2742801314231085,ETH
314,2020-10-09 11:00:00+00:00,2020-10-10 02:00:00+00:00,1,16,0.045895457319167415,False,0.0032445218372145726,356.396887,373.19179945922224,target,0.05307063757861572,0.0004402030593493465,0.05873539798904021,0.05604804444711531,7.478376461023612,ETH
315,2020-10-10 03:00:00+00:00,2020-10-12 02:00:00+00:00,1,48,-0.006373419529105869,False,0.003214264007825195,376.26284499999997,374.57759300000004,time,-0.007708065331721443,0.02036567017399751,0.006477267241202141,2.34659964102836,0.7463320800734656,ETH
316,2020-10-12 11:00:00+00:00,2020-10-12 13:00:00+00:00,-1,3,-0.024830835105721122,False,0.003270290483542179,367.459729,376.21222496181105,stop,-0.02983921590811134,0.050101465676528664,0.005224324867446798,6.392702227624297,0.6665983273540461,ETH
317,2020-10-12 14:00:00+00:00,2020-10-14 13:00:00+00:00,1,48,0.0045475065174759265,False,0.003050408504386783,384.165215,386.57399300000003,time,0.0053290448025888676,0.025809767810445798,0.029322761562365865,2.5171304772580294,2.859739667093368,ETH
318,2020-10-18 02:00:00+00:00,2020-10-19 13:00:00+00:00,1,36,0.03137271474912269,False,0.0031831349778971693,369.82091299999996,381.949403169894,target,0.03693164242775665,0.00492376968416592,0.03385175516020646,0.9008110528975444,6.193229408426547,ETH
319,2020-11-15 12:00:00+00:00,2020-11-16 21:00:00+00:00,-1,34,-0.024084983518716168,False,0.0026677339306260244,455.113425,465.79601062246024,stop,-0.029242096947183913,0.025238928076006584,0.032988314945884056,3.2685278094005144,4.272100006037378,ETH
320,2020-12-03 09:00:00+00:00,2020-12-04 21:00:00+00:00,1,37,-0.044893117902028046,False,0.0019536930100398186,606.4818899999999,580.7084568411057,stop,-0.053192931915155575,0.0497655255625192,0.03003900083479845,3.537055141359399,2.1350041247036438,ETH
321,2020-12-07 19:00:00+00:00,2020-12-08 22:00:00+00:00,-1,28,0.05139681113923431,False,0.0019296447713715499,586.474005,556.0946412836029,target,0.058165077170219855,0.01581654927740568,0.05451904897302316,1.832032116260541,6.314945625291453,ETH
322,2020-12-16 11:00:00+00:00,2020-12-16 14:00:00+00:00,1,4,0.04013795604330859,False,0.0019986133578298077,595.338548,619.841810649836,target,0.0477582101938896,0.006078134890065811,0.055147532627099455,0.8860570247425724,8.039285005228407,ETH
323,2020-12-16 15:00:00+00:00,2020-12-17 10:00:00+00:00,1,20,0.058699320954626835,False,0.0019936810936120554,620.766174,659.2743592494264,target,0.07264685396620843,0.006066976838850724,0.08614165565019984,0.5868114494005253,8.331811897180453,ETH
324,2021-01-01 19:00:00+00:00,2021-01-02 12:00:00+00:00,-1,18,-0.03799535693979874,False,0.001807418925151999,724.932455,752.2867958045673,stop,-0.04978366866725596,0.046676824532569695,0.012873551095184422,3.7418877789807667,1.0320192943190147,ETH
325,2021-01-02 13:00:00+00:00,2021-01-03 08:00:00+00:00,1,20,0.07357231808106193,False,0.0016717012145111322,754.006134,812.196340662451,target,0.092735918278231,0.004583694805856871,0.09054815726472591,0.3563624394786892,7.039727464386797,ETH
326,2021-01-24 04:00:00+00:00,2021-01-25 00:00:00+00:00,1,21,0.11677219788260554,False,0.00104494218173725,1295.0083859999997,1449.634268473262,target,0.15801717607346338,0.00348135660644266,0.14397714795956568,0.1749404146791272,7.234944539077721,ETH
327,2021-01-31 16:00:00+00:00,2021-02-01 23:00:00+00:00,-1,32,-0.04631710003795795,False,0.0011525549662461522,1311.196523,1372.4490947921176,stop,-0.06999560880053873,0.05226789104290505,0.03141903008234263,3.3793094183809216,2.0313546645013587,ETH
328,2021-02-02 00:00:00+00:00,2021-02-02 16:00:00+00:00,1,17,0.07931692871770046,False,0.0010465289132610262,1377.153022,1491.9502058220507,target,0.11431397330529099,0.010277014808017439,0.09501266446772538,0.7397231288498586,6.838859995180455,ETH
329,2021-02-11 10:00:00+00:00,2021-02-13 09:00:00+00:00,1,48,0.02446706724917195,False,0.0008792655845220012,1769.1405829999999,1830.1907780000001,time,0.03805961014884461,0.016347249776475142,0.06202978895770447,0.9916512976601045,3.7628299288611897,ETH
330,2021-02-18 21:00:00+00:00,2021-02-20 20:00:00+00:00,1,48,0.012906196921271913,False,0.0008206871493200602,1941.792363,1987.713507,time,0.02056736754137699,0.024612499209834427,0.05469567139295623,1.9466650243654329,4.326019457719634,ETH
331,2021-03-08 00:00:00+00:00,2021-03-09 23:00:00+00:00,1,48,0.07943370484140473,False,0.0009339927536786517,1728.248319,1872.748007,time,0.12821961506761914,0.03494192260226937,0.08425391154683938,2.278955748964165,5.495145137775486,ETH
332,2021-03-10 00:00:00+00:00,2021-03-10 02:00:00+00:00,1,3,-0.04141734228941515,False,0.0009298048228767516,1873.9320109999999,1799.2502162719568,stop,-0.07216520534240693,0.05439472211460071,0.004620225786836214,4.12447222878317,0.350327976827715,ETH
333,2021-03-10 04:00:00+00:00,2021-03-10 17:00:00+00:00,-1,14,-0.050134572967245154,False,0.0009384156295257865,1779.835889,1870.135303792396,stop,-0.08373605805548548,0.05323193648670154,0.005368971970426415,3.167338416682298,0.319457684660229,ETH
334,2021-03-17 04:00:00+00:00,2021-03-17 19:00:00+00:00,-1,16,-0.04071303065858913,False,0.0008975645038275505,1767.549576,1838.8939272339471,stop,-0.06459080616403652,0.042041493494154765,0.014483087969692028,3.149064866053955,1.0848373758098533,ETH
335,2021-03-17 20:00:00+00:00,2021-03-18 19:00:00+00:00,1,24,-0.03877462213916314,False,0.0008312803344114565,1830.789072,1765.3364265979899,stop,-0.05901105679813736,0.03949612388772223,0.012131888014677841,3.3413058303770624,1.0263373760969443,ETH
336,2021-03-20 12:00:00+00:00,2021-03-21 00:00:00+00:00,1,13,-0.026640527340518652,False,0.0007927155233799445,1845.4134579999998,1801.2025107491643,stop,-0.038972104968478784,0.031544940646032575,0.015403887880392902,3.999053744872517,1.952800488829869,ETH
337,2021-03-21 01:00:00+00:00,2021-03-22 20:00:00+00:00,-1,44,0.05629692897784727,False,0.0007885680159725923,1805.698128,1705.3128854255394,target,0.08016208611371077,0.0036118285215390278,0.07453523150576147,0.3898106035951914,8.044297620748564,ETH
338,2021-04-10 02:00:00+00:00,2021-04-10 04:00:00+00:00,1,3,0.05197650460952023,False,0.0007163402261603393,2099.669712,2210.9585185795277,target,0.07817671067349993,0.004376741707268992,0.053470451737411245,0.4954520916764172,6.05291537131029,ETH
339,2021-04-10 05:00:00+00:00,2021-04-10 18:00:00+00:00,1,14,-0.036829567350770906,False,0.0007192851862187668,2199.7597299999998,2128.0504876930977,stop,-0.05827375187907265,0.03489459732950006,0.003745986385522312,3.2401453585623763,0.3478343734898708,ETH
340,2021-04-12 07:00:00+00:00,2021-04-12 10:00:00+00:00,1,4,-0.032309775954095156,False,0.0006952602464368715,2191.95739,2126.8986531489513,stop,-0.049239479342048184,0.03282791459737273,0.008226715574977372,3.350986893484035,0.8397614166565558,ETH
341,2021-04-27 07:00:00+00:00,2021-04-29 06:00:00+00:00,1,48,0.06488230348023247,False,0.0005756192571132134,2562.008372,2734.169503,time,0.09568461620241485,0.011517671964890747,0.07809952152646601,0.7371268932783337,4.998341491650073,ETH
342,2021-04-29 10:00:00+00:00,2021-05-01 09:00:00+00:00,1,48,0.02310524623440901,False,0.000568190202786468,2763.908924,2834.2594670000003,time,0.03628507877622269,0.02903457610457789,0.03963266482799633,1.9188813511459728,2.6193040036382755,ETH
343,2021-05-01 18:00:00+00:00,2021-05-03 07:00:00+00:00,1,38,0.058689194594645715,False,0.0005471534645380352,2936.490683,3114.281289183743,target,0.09429657751701247,0.027172121969235675,0.0725693829827827,2.692741243624696,7.191583005676897,ETH
344,2021-05-03 08:00:00+00:00,2021-05-03 22:00:00+00:00,1,15,0.06363886229739682,False,0.0005400599224638602,3149.6646159999996,3355.365395176195,target,0.10825019022446768,0.018162129297641872,0.0810357339963845,1.6685775200977802,7.444854171836919,ETH
345,2021-05-28 05:00:00+00:00,2021-05-29 15:00:00+00:00,-1,35,0.1337878867944811,False,0.0006812957181896688,2655.613077,2298.8518408254677,target,0.24205678020733298,0.00847146114576847,0.13975043285268482,0.37835259078978584,6.241537017521299,ETH
346,2021-06-02 08:00:00+00:00,2021-06-04 07:00:00+00:00,1,48,-0.029354753186759334,False,0.0007610968634646853,2695.20832,2620.143721,time,-0.06021583375428931,0.03963638699364065,0.0731007241770461,1.9595321182328673,3.613932241452431,ETH
347,2021-06-04 08:00:00+00:00,2021-06-05 04:00:00+00:00,-1,21,-0.0654166450028811,False,0.0007599167756086726,2620.153718,2789.6479188049825,stop,-0.1302510010744786,0.06478485626010133,0.030358416551497874,3.0193657122921165,1.4148856277007165,ETH
348,2021-06-07 01:00:00+00:00,2021-06-07 20:00:00+00:00,1,20,-0.04598197733996948,False,0.0006735323723127368,2762.8185969999995,2639.032174263931,stop,-0.08556545971311176,0.04949242673712884,0.03142855745009328,3.335237532691232,2.1179342238083727,ETH
349,2021-06-11 16:00:00+00:00,2021-06-13 15:00:00+00:00,-1,48,0.0261111523508301,False,0.0007350897220395308,2415.0552660000003,2350.995087,time,0.046354666710543425,0.015624791089149203,0.06610004675561748,1.051706599412803,4.449202232384095,ETH
350,2021-06-16 11:00:00+00:00,2021-06-17 17:00:00+00:00,-1,31,0.06693434072500737,False,0.0007322182232407181,2487.833426,2319.8695742969053,target,0.12193006968779807,0.00030410958872613864,0.07383268673873025,0.027026315209919438,6.561534192179364,ETH
351,2021-07-02 04:00:00+00:00,2021-07-02 22:00:00+00:00,-1,19,-0.059279189485179504,False,0.00095296346063599,2039.497967,2157.9388014182223,stop,-0.11521307887642562,0.05908416431385439,0.011310610441025241,3.0689778982938103,0.587501132711768,ETH
352,2021-07-04 06:00:00+00:00,2021-07-05 11:00:00+00:00,1,30,-0.03935226021230542,False,0.0008017711112509713,2280.393913,2193.6477456740035,stop,-0.07194986086164598,0.0462700379958433,0.04806454111947988,3.6769607462988225,3.8195652876072845,ETH
353,2021-07-12 11:00:00+00:00,2021-07-13 05:00:00+00:00,-1,19,0.05856671432116149,False,0.0008323729386276808,2110.116775,1984.8984260537575,target,0.10286681720725117,0.0021720243421124675,0.06403284244778347,0.2196111850333125,6.474295954405549,ETH
354,2021-07-25 14:00:00+00:00,2021-07-26 00:00:00+00:00,-1,11,-0.03733754148720481,False,0.0008726592593545399,2130.580634,2208.394285354133,stop,-0.0694206050390771,0.06413714825871271,0.011480736100598589,5.313558283761757,0.9511423888842961,ETH
355,2021-07-26 01:00:00+00:00,2021-07-27 01:00:00+00:00,1,25,-0.04047522255527862,False,0.000791787701326996,2260.517952,2171.9292914243097,stop,-0.07244458976022033,0.04654594842164738,0.07653646273719132,3.5895500675472287,5.902371190278297,ETH
356,2021-07-30 00:00:00+00:00,2021-07-31 23:00:00+00:00,1,48,0.06906754698053114,False,0.0007206407924890129,2383.164735,2551.682660994955,target,0.11861700047604978,0.02817041307050041,0.07160028112785932,2.3903000682079156,6.075386840629948,ETH
357,2021-08-01 00:00:00+00:00,2021-08-02 23:00:00+00:00,1,48,0.027971047466649943,False,0.0007253769536129833,2531.1291109999997,2606.307873,time,0.05135547875553242,0.009884565307739299,0.06632253102793233,0.8499733023421605,5.7030712997934545,ETH
358,2021-08-15 08:00:00+00:00,2021-08-15 21:00:00+00:00,-1,14,-0.03727461542447806,False,0.0005967992495122767,3162.5009649999997,3277.4764475436436,stop,-0.07035129665850096,0.03635699602071119,0.01691729602365504,3.025962239823469,1.408012337937223,ETH
359,2021-08-15 23:00:00+00:00,2021-08-16 15:00:00+00:00,1,17,-0.038467520913752856,False,0.0005491693481695611,3308.682307,3185.8352931341806,stop,-0.06989652050107295,0.037758931020874235,0.010372012123193537,3.0748537083261214,0.8446324903153132,ETH
360,2021-08-21 20:00:00+00:00,2021-08-23 03:00:00+00:00,-1,32,-0.03340392453639213,False,0.0005427515867250514,3219.024003,3325.244606227633,stop,-0.058361011546943876,0.04542556901213638,0.029410778829784354,4.1690183636289,2.6992304047361557,ETH
361,2021-08-23 04:00:00+00:00,2021-08-24 14:00:00+00:00,1,35,-0.03731633836045888,False,0.0005042947678361589,3348.774331,3234.1619619093394,stop,-0.06301868936502839,0.037259701212156736,0.010220356947665555,3.2938839085346134,0.9035142041990323,ETH
362,2021-08-24 15:00:00+00:00,2021-08-26 14:00:00+00:00,-1,48,0.03810478571841528,False,0.000501710240356483,3240.417583,3117.6850249999998,time,0.061948881461478866,0.00419156378833909,0.05814608092132425,0.4139956275680454,5.743017278805297,ETH
363,2021-08-27 12:00:00+00:00,2021-08-29 11:00:00+00:00,1,48,0.005889565808212777,False,0.0005345055227578921,3157.4969650000003,3181.605232,time,0.009939817657764674,0.007628499810767171,0.04250298147159091,0.7192565915891361,4.007413035848042,ETH
364,2021-09-19 12:00:00+00:00,2021-09-20 07:00:00+00:00,-1,20,0.06931153888859395,False,0.0005105034325761643,3325.422074,3092.387170974473,target,0.11766599815114863,0.01701375787523564,0.07139607205241642,1.4567240855023929,6.112957439014854,ETH
365,2021-09-26 03:00:00+00:00,2021-09-26 09:00:00+00:00,-1,7,-0.05204753936608123,False,0.0006359065170856958,2854.673341,3000.397540498251,stop,-0.09448217831510974,0.061767718382178226,0.04115474065373986,3.6525624061336894,2.433637869152761,ETH
366,2021-09-26 10:00:00+00:00,2021-09-28 09:00:00+00:00,1,48,-0.02596238095837263,False,0.0005770906109507594,2981.8943,2908.487192,time,-0.04467666756809606,0.036149604632196394,0.06103693883448524,1.653971869180323,2.792655157373565,ETH
367,2021-10-02 15:00:00+00:00,2021-10-04 14:00:00+00:00,1,48,-0.016494898374410507,False,0.0004975736178430212,3368.640289,3318.454165,time,-0.02764786676879776,0.023386376175945515,0.035794771971867215,2.0177954538260865,3.088401880316327,ETH
368,2021-10-10 02:00:00+00:00,2021-10-10 06:00:00+00:00,-1,5,-0.02941930154296532,False,0.0004704366511425202,3504.188428,3603.725247189107,stop,-0.04849767943768511,0.029496579343192858,0.005390243244076985,3.1494742278459085,0.5755390135757813,ETH
369,2021-10-19 23:00:00+00:00,2021-10-20 18:00:00+00:00,1,20,0.061911246299680915,False,0.00041189951104814176,3884.444984,4133.947220864617,target,0.09905805534704497,0.014016155261371621,0.06517662550063798,1.3092864741619825,6.088322554095008,ETH
370,2021-11-06 11:00:00+00:00,2021-11-06 20:00:00+00:00,-1,10,-0.026762174825630303,False,0.00038689700821448175,4391.502154,4505.021240695132,stop,-0.04547051520002175,0.030399130256239016,0.014936154349885796,3.5704798982315142,1.7543014689443395,ETH
371,2021-11-09 19:00:00+00:00,2021-11-10 14:00:00+00:00,-1,20,-0.026052708718587364,False,0.0003483985346899082,4746.255696,4867.0616046137175,stop,-0.043080460305974684,0.027660604992403214,0.014667498015050018,3.3000868019014806,1.74992617224665,ETH
372,2021-11-20 16:00:00+00:00,2021-11-20 18:00:00+00:00,-1,3,-0.030619492836619886,False,0.0003821336423755775,4214.515266,4339.708822952636,stop,-0.049312940295660794,0.0423500029623572,0.0029126163331355116,4.3219421089246035,0.29724104596896783,ETH
373,2021-11-20 19:00:00+00:00,2021-11-22 00:00:00+00:00,1,30,-0.03453123537227444,False,0.000357053418927159,4372.441339,4227.0674153487025,stop,-0.05390999646667162,0.037151176289343,0.014538482296606118,3.381718794980909,1.3233782545677661,ETH
374,2021-12-12 00:00:00+00:00,2021-12-13 14:00:00+00:00,1,39,-0.04404883498199472,False,0.0003685215641418138,4090.086658,3915.303522094147,stop,-0.06639415408031127,0.04693461876278913,0.02036224387498044,3.317239619575955,1.4391603448818326,ETH
375,2021-12-20 06:00:00+00:00,2021-12-21 03:00:00+00:00,-1,22,-0.03946311558834449,False,0.0003748731089837773,3843.676551,3992.601984748448,stop,-0.056862047238750345,0.04714326156108448,0.024371600928706764,3.6798054630543335,1.9023450493477516,ETH
376,2021-12-22 03:00:00+00:00,2021-12-22 12:00:00+00:00,1,10,-0.02813593125911882,False,0.00034124546125598095,4055.8163799999998,3946.1064705579906,stop,-0.03894094287345156,0.032411817420590336,0.001781052030762845,3.633877129247323,0.19968408918893388,ETH
377,2021-12-22 13:00:00+00:00,2021-12-23 18:00:00+00:00,-1,30,-0.0276202984335181,False,0.0003402689889181137,3953.01374,4059.5099403594177,stop,-0.03715173166141257,0.0392071139120301,0.016226541119991143,4.416455790661293,1.8278264922172587,ETH
378,2021-12-24 19:00:00+00:00,2021-12-24 23:00:00+00:00,1,5,-0.02498730125916336,False,0.00031738969862458,4120.915904,4022.016803196673,stop,-0.03268179727713867,0.02583549542873675,0.003024593631697585,3.26943122228885,0.3827563857439688,ETH
379,2021-12-25 00:00:00+00:00,2021-12-26 23:00:00+00:00,-1,48,-0.005318143876611037,False,0.00031534665879621695,4043.976443,4063.4586719999998,time,-0.006781986695180261,0.0233664954116055,0.010379991968711876,2.7481430593425937,1.2207950906784024,ETH
380,2022-01-02 16:00:00+00:00,2022-01-03 20:00:00+00:00,1,29,-0.021953153824941375,False,0.00033581345307742423,3777.312854,3698.8628678419304,stop,-0.027846971319300133,0.025762455417731676,0.021890467958574928,3.7747424814511263,3.2074147437516634,ETH
381,2022-02-02 13:00:00+00:00,2022-02-02 14:00:00+00:00,1,2,-0.034124164961972375,False,0.00044300460970286463,2800.479892,2707.669929103257,stop,-0.04233530927045033,0.04198562265556154,0.0008356096420064307,3.8342345152259294,0.07631001109405336,ETH
382,2022-02-02 15:00:00+00:00,2022-02-04 06:00:00+00:00,-1,40,-0.041231397027746905,False,0.0004463048222457629,2684.914284,2791.7703581485985,stop,-0.04940717867176348,0.04583971888169218,0.04181671074904233,3.4826574919909605,3.1770107787187007,ETH
383,2022-02-06 15:00:00+00:00,2022-02-06 23:00:00+00:00,-1,9,-0.028873708353607662,False,0.00038615616632960403,2975.1771790000003,3058.363800676917,stop,-0.03317251306692605,0.033551891196460314,0.009134642196043898,3.64009592567888,0.9910312848135877,ETH
384,2022-02-07 00:00:00+00:00,2022-02-08 06:00:00+00:00,1,31,0.0598304020966836,False,0.0003651869479876343,3055.176278,3241.7050933746764,target,0.06675340787002493,0.021061396183045377,0.06267190648827112,2.0698017473841452,6.159060891971818,ETH
385,2022-03-06 10:00:00+00:00,2022-03-07 19:00:00+00:00,-1,34,0.04945800538230376,False,0.0004536496022855755,2606.5577980000003,2475.6007417740434,target,0.05848230634588201,0.018968388898928885,0.06711449028071786,2.2652709258227754,8.015045681761114,ETH
386,2022-03-11 02:00:00+00:00,2022-03-11 11:00:00+00:00,-1,10,-0.03599212804687012,False,0.00048444159521304303,2561.601289,2651.0383185859228,stop,-0.04466429506030694,0.042695446582436354,0.016045154714942125,3.7014766543938946,1.3910327762663104,ETH
387,2022-03-11 12:00:00+00:00,2022-03-11 16:00:00+00:00,1,5,-0.03878616701631065,False,0.00045103304623001845,2652.315456,2552.044485714499,stop,-0.046399190335403614,0.03876064431455004,0.00900516714403975,3.099502274097248,0.7200998986257704,ETH
388,2022-03-13 00:00:00+00:00,2022-03-14 23:00:00+00:00,-1,48,-0.009723094429331629,False,0.0004479725652397513,2566.859711,2589.736688,time,-0.011180418360100766,0.016541725602704782,0.029845694593941936,2.1371180958058797,3.8559322969412317,ETH
389,2022-03-26 21:00:00+00:00,2022-03-27 20:00:00+00:00,1,24,0.03594398813496501,False,0.00036230452028845076,3142.9426,3259.3206873633576,target,0.04092950235537886,0.005950665468723506,0.037244523651179674,0.9642330660551153,6.035022708416998,ETH
390,2022-03-27 21:00:00+00:00,2022-03-28 13:00:00+00:00,1,17,0.04112948752788795,False,0.0003642422612701721,3238.591286,3375.7614112540905,target,0.04851765195437079,0.004965518825891029,0.04860406889886264,0.7034164022323838,6.885262240961878,ETH
391,2022-04-09 18:00:00+00:00,2022-04-11 02:00:00+00:00,1,33,-0.027372008819150823,False,0.0003789330980394426,3241.07203,3156.5507299677206,stop,-0.03361691799534171,0.027618031679474853,0.020406201833163277,3.2131515458266824,2.374109050407412,ETH
392,2022-04-11 03:00:00+00:00,2022-04-11 16:00:00+00:00,-1,14,0.050413744643808794,False,0.0003778084524901033,3161.7411930000003,2999.5830547424157,target,0.06022085880837844,0.008621454235517405,0.05954351779861201,1.0086008865012868,6.965836991824043,ETH
393,2022-04-16 16:00:00+00:00,2022-04-16 22:00:00+00:00,-1,7,-0.01776396472007603,False,0.00041618060205431,3014.925251,3065.341635558851,stop,-0.022289395238531882,0.024901031617649175,0.0008641179409459107,4.550255241611831,0.15790338531087555,ETH
394,2022-04-16 23:00:00+00:00,2022-04-17 23:00:00+00:00,1,25,-0.018586236228097394,False,0.0004026768055522729,3060.677928,3006.7949543280324,stop,-0.02290686724868404,0.026163461129778878,0.007149420002613186,4.534367137507719,1.2390598839842242,ETH
395,2022-04-24 00:00:00+00:00,2022-04-25 06:00:00+00:00,-1,31,0.03540117304833992,False,0.00041290256209597815,2929.4009160000005,2822.406861484377,target,0.04281974175324314,0.012903349552990754,0.039052666152713286,2.119692585038719,6.415361106815257,ETH
396,2022-05-20 11:00:00+00:00,2022-05-20 15:00:00+00:00,1,5,-0.03577788074297823,False,0.0006116632557797485,2047.494064,1976.2509380572808,stop,-0.04480739085024321,0.04727928920628115,0.008422947984673523,4.110571733546345,0.7323107534013092,ETH
397,2022-05-20 16:00:00+00:00,2022-05-22 15:00:00+00:00,-1,48,-0.023568486096576757,False,0.0006163578108307176,1959.202063,2004.051035,time,-0.028460584842379316,0.039994821606106075,0.018988374758566164,2.783115617401685,1.3213421192400874,ETH
398,2022-06-25 13:00:00+00:00,2022-06-25 21:00:00+00:00,-1,9,-0.04964877091603796,False,0.0009858678740756442,1196.0110889999999,1254.174074673765,stop,-0.05854130814192675,0.051829712592238474,0.014198103308722655,3.2181498892760367,0.8815720231822757,ETH
399,2022-06-25 22:00:00+00:00,2022-06-27 13:00:00+00:00,1,40,-0.050143900629605484,False,0.0008973841308642546,1248.704499,1187.185381382794,stop,-0.05618963046044729,0.05460419102726398,0.025062375465982892,3.344407264591379,1.5350248579728807,ETH
400,2022-07-03 14:00:00+00:00,2022-07-03 19:00:00+00:00,-1,6,-0.0390946706228694,False,0.001022017912278299,1041.447472,1080.9994322807197,stop,-0.041611506197647835,0.03970678225430451,0.0012074271951375067,3.1624949075960855,0.09616700571352486,ETH
401,2022-07-03 20:00:00+00:00,2022-07-04 23:00:00+00:00,1,28,0.07028090574760076,False,0.0009491299472413486,1077.5831779999999,1154.4447308508434,target,0.07188095352027035,0.030859035923071862,0.07711406756945514,2.595824057668772,6.48674029481996,ETH
402,2022-07-10 03:00:00+00:00,2022-07-11 22:00:00+00:00,-1,44,0.0655027950080959,False,0.0009196841182403226,1190.24282,1111.4518580045797,target,0.07170246545383076,0.003996814700381946,0.08254014924450453,0.36226337738660214,7.481275835092122,ETH
403,2022-07-29 12:00:00+00:00,2022-07-31 11:00:00+00:00,-1,48,-0.02298722718831685,False,0.0006940469680879666,1680.505697,1718.2853309999998,time,-0.026811149761297143,0.051052670129686506,0.014582334974375308,2.7418122906575957,0.7831524807157789,ETH
404,2022-07-31 23:00:00+00:00,2022-08-02 22:00:00+00:00,-1,48,0.020788970429694846,False,0.0006770656812383283,1683.054932,1647.053968,time,0.023689837046615893,0.012634803294703116,0.07442117878538741,0.910539293990965,5.3632340772278155,ETH
405,2022-08-07 00:00:00+00:00,2022-08-08 06:00:00+00:00,-1,31,-0.03006994854269917,False,0.0006885726722269887,1689.333048,1738.5710522248287,stop,-0.03497822327765918,0.029986361813008258,0.013220038539138295,3.1194888246229406,1.3752839621256236,ETH
406,2022-08-14 08:00:00+00:00,2022-08-14 16:00:00+00:00,1,9,-0.02833198720651978,False,0.0005596272702013838,2016.074641,1960.9480948149064,stop,-0.031965574421464506,0.03763483725104793,0.00020602362211850293,4.173669135772567,0.022847831841019135,ETH
407,2022-08-14 17:00:00+00:00,2022-08-15 02:00:00+00:00,-1,10,-0.0303435547567912,False,0.000565206554773153,1939.61794,1996.3726735101895,stop,-0.033265177052022324,0.03465221609571204,0.017847813884418952,3.5906434794567756,1.8493806101647012,ETH
408,2022-09-04 08:00:00+00:00,2022-09-04 12:00:00+00:00,-1,5,-0.022792342486155383,False,0.0006884009956760232,1544.186605,1577.7525561955958,stop,-0.024228706710451513,0.025782761533538815,0.0029054811027842413,3.609253454523094,0.40672981028949734,ETH
409,2022-09-04 13:00:00+00:00,2022-09-06 00:00:00+00:00,1,36,0.04623049439028529,False,0.0006615150147322123,1570.320955,1644.1536881627562,target,0.048023816398082786,0.017003501682240508,0.06538729848383135,2.1698469383063976,8.344188865959097,ETH
410,2022-09-30 15:00:00+00:00,2022-10-01 16:00:00+00:00,1,26,-0.039990418118969216,False,0.0007991884893977702,1359.897847,1307.2512178628153,stop,-0.04346217451395224,0.04257514424905179,0.009884678492324992,3.324002446822467,0.7717342142715924,ETH
411,2022-10-01 17:00:00+00:00,2022-10-03 16:00:00+00:00,-1,48,-0.008849081122996656,False,0.0007965149938216989,1309.896913,1320.205943,time,-0.009232711191704893,0.013484333633206984,0.03772580308386452,1.705184507915555,4.770681052333111,ETH
412,2022-10-08 22:00:00+00:00,2022-10-09 11:00:00+00:00,-1,14,-0.017411184809820984,False,0.0007918052000263144,1306.028074,1327.5260075788392,stop,-0.018005251308022798,0.016524856111171035,0.0025482407815377596,3.068550065573118,0.47319046923487335,ETH
413,2022-10-13 03:00:00+00:00,2022-10-13 10:00:00+00:00,-1,8,0.03611084898936289,False,0.000790077960725393,1286.0940560000001,1238.4943302425456,target,0.03669275975941689,0.00225951125926039,0.05294640441134278,0.36629757257096335,8.58333382175034,ETH
414,2022-10-13 11:00:00+00:00,2022-10-13 12:00:00+00:00,-1,2,-0.028936272425019994,False,0.0008479799550733443,1241.547424,1276.2142976286316,stop,-0.030464319677936256,0.03419327782359436,0.052794941806427596,3.7147726857509946,5.735665611823888,ETH
415,2022-10-13 13:00:00+00:00,2022-10-13 17:00:00+00:00,-1,5,-0.046780398421600894,False,0.0008403452956499388,1216.574918,1272.1140244031649,stop,-0.0478256132914355,0.05377809539880714,0.01007329496825948,3.558445137187736,0.6665402935793767,ETH
416,2022-10-16 20:00:00+00:00,2022-10-18 19:00:00+00:00,1,48,-0.01873956819743332,False,0.0007452078514189943,1307.712196,1284.9034981657255,stop,-0.018262035199220667,0.017283769371529246,0.026219686644262247,3.023959863150668,4.587383592796773,ETH
417,2022-10-22 11:00:00+00:00,2022-10-23 22:00:00+00:00,1,36,0.028191345079682937,False,0.000733273429535421,1304.09111,1342.304770814364,target,0.02695812485655994,0.004502070411322751,0.05130691367108539,0.9218342145005678,10.505492838024558,ETH
418,2022-11-05 14:00:00+00:00,2022-11-07 07:00:00+00:00,-1,42,0.05013022003774387,False,0.0006017440563831649,1633.939671,1550.931604212365,target,0.049288708372839475,0.005135029859985472,0.054432652917697645,0.6064708641967558,6.4287489957481085,ETH
419,2022-11-19 23:00:00+00:00,2022-11-20 08:00:00+00:00,1,10,-0.017028243255246926,False,0.0008435426564389169,1224.007092,1204.3832031264399,stop,-0.01758169851906274,0.01697465001289391,0.002510531205320721,3.235892936269148,0.4785848419501882,ETH
420,2022-11-20 11:00:00+00:00,2022-11-20 21:00:00+00:00,-1,11,0.036100062596610416,False,0.0008488503870280574,1195.6412,1151.281390815106,target,0.0366386934133204,0.0006848208308646525,0.053060399725268735,0.1107488983896044,8.580902555586812,ETH
421,2022-12-08 12:00:00+00:00,2022-12-08 18:00:00+00:00,1,7,0.039297374872057554,False,0.0008479140310012268,1240.17194,1290.1714629010373,target,0.04132351564164485,0.004049390119244158,0.04365367273186329,0.6026385503645266,6.49662919070094,ETH
422,2022-12-08 19:00:00+00:00,2022-12-09 21:00:00+00:00,1,27,-0.02636497579732534,False,0.000848658866342192,1287.776217,1255.3735587377928,stop,-0.028813826051392443,0.026228327992176365,0.007651782095304855,3.1639562363347293,0.9230441104265502,ETH
423,2022-12-22 10:00:00+00:00,2022-12-22 14:00:00+00:00,1,5,-0.015779792868443773,False,0.0008731857051518841,1218.605472,1200.585725662319,stop,-0.016790786498440066,0.023473940218774896,0.0015546688764581855,4.859514599081775,0.3218435435838775,ETH
424,2022-12-22 15:00:00+00:00,2022-12-22 20:00:00+00:00,-1,6,-0.01866093529388535,False,0.0008784031406601481,1192.252217,1213.3918028073247,stop,-0.01954318870712383,0.04004000354901419,0.008599033705969593,6.893317891584591,1.480416274767252,ETH
425,2022-12-24 19:00:00+00:00,2022-12-25 14:00:00+00:00,1,20,-0.009373408575013625,False,0.0008412634797322107,1221.656387,1211.4176548544012,stop,-0.0096333791541648,0.02792633621290111,0.006011193555033577,10.36426441156568,2.2309263541948643,ETH
426,2023-01-08 01:00:00+00:00,2023-01-08 15:00:00+00:00,-1,15,-0.010836238698047057,False,0.0008078043690653467,1260.331787,1272.8339184883241,stop,-0.011032391133023655,0.012035095168158226,0.0013740723021216377,3.754385551858427,0.4286461491341737,ETH
427,2023-01-08 16:00:00+00:00,2023-01-08 16:00:00+00:00,1,1,-0.009718905759625317,False,0.0007902348511759631,1274.3922029999999,1263.2753390492662,stop,-0.00978760999586413,0.010555779428289416,0.004400369828690892,3.7583798073988706,1.5667494022200437,ETH
428,2023-02-01 20:00:00+00:00,2023-02-02 18:00:00+00:00,1,23,0.05934447879517692,False,0.0006163305297032057,1618.0952829999999,1716.291015359749,target,0.059183152187471735,0.0031427586826479185,0.061124161252499074,0.3107232592167745,6.04332069978277,ETH
429,2023-02-04 14:00:00+00:00,2023-02-05 12:00:00+00:00,1,23,-0.02302229795918422,False,0.0006268534879988039,1685.3454519999998,1648.713409270535,stop,-0.024322244532794034,0.03124312106904463,0.003740804588470979,4.3712851322791515,0.523383161503232,ETH
430,2023-02-11 22:00:00+00:00,2023-02-12 22:00:00+00:00,1,25,-0.02088363899457581,False,0.0006727560607874378,1534.200122,1503.9354626218287,stop,-0.021554889910304683,0.02815807493463357,0.008799294046725465,4.347059117191713,1.3584398613706745,ETH
431,2023-02-24 14:00:00+00:00,2023-02-25 20:00:00+00:00,-1,31,0.04241734927021721,False,0.0006185125997273493,1633.899683,1563.4980646962438,target,0.042866444678863795,0.00416201623071124,0.04762818905571706,0.5795591491086892,6.632206890265316,ETH
432,2023-03-05 23:00:00+00:00,2023-03-07 22:00:00+00:00,-1,48,0.006159696106909466,False,0.0006735765617983356,1563.9706680000002,1553.235831,time,0.00648895641209077,0.012806718444159362,0.02555717240599819,2.6215601481968793,5.231602847544267,ETH
433,2023-03-25 19:00:00+00:00,2023-03-26 08:00:00+00:00,-1,14,-0.02460294388600158,False,0.000610064167566952,1737.428615,1778.4309769805882,stop,-0.026077716717426234,0.028807736080713728,0.014624264145666815,3.710350690453106,1.8835617078070341,ETH
434,2023-03-26 09:00:00+00:00,2023-03-27 14:00:00+00:00,1,30,-0.02311416111580003,False,0.0005825931245008713,1774.5922179999998,1735.4285561532795,stop,-0.023896927382662476,0.032200196428450546,0.014317532637799625,4.436177301262621,1.9725070137079825,ETH
435,2023-04-01 15:00:00+00:00,2023-04-03 14:00:00+00:00,-1,48,0.011707508248443847,False,0.0005562800800776368,1815.5751639999999,1792.767669,time,0.011824212175016512,0.005169070488562917,0.029921737792619342,0.9555313781481345,5.531199354473781,ETH
436,2023-04-16 19:00:00+00:00,2023-04-17 00:00:00+00:00,1,6,-0.020651209069637362,False,0.000479215447683274,2132.219474,2090.297822508328,stop,-0.02110125074550211,0.0267418409292702,0.00650989551932022,4.142414706633329,1.0084080228135002,ETH
437,2023-04-29 14:00:00+00:00,2023-04-29 17:00:00+00:00,1,4,-0.016634536974909582,False,0.0005232992319421938,1912.27351,1882.457179136333,stop,-0.016646035749076214,0.016301805069715198,0.0026128532209809224,3.1971274027302274,0.5124355613617939,ETH
438,2023-04-30 16:00:00+00:00,2023-04-30 20:00:00+00:00,1,5,-0.016859338706528584,False,0.0005126582130927013,1919.495676,1889.1981239417698,stop,-0.016590351722111183,0.02213377009972489,0.00766051426103866,4.287062197204827,1.4837554086664841,ETH
439,2023-05-01 00:00:00+00:00,2023-05-02 23:00:00+00:00,-1,48,-0.0018154997166828367,False,0.0005179511965434544,1867.8494770000002,1869.76076,time,-0.001756414045248234,0.009481772068938367,0.03349813663812709,1.3741632985611192,4.854779212537409,ETH
440,2023-05-16 00:00:00+00:00,2023-05-17 23:00:00+00:00,-1,48,-0.004711588746347956,False,0.0005320607713356593,1815.015332,1822.1964950000001,time,-0.004549973984863774,0.012580978021181789,0.018741071439059308,2.278986165563562,3.3948586878973463,ETH
441,2023-05-20 15:00:00+00:00,2023-05-21 15:00:00+00:00,1,25,-0.010434023790832792,False,0.0005285346983049558,1818.515391,1801.4219041168687,stop,-0.010028646143832474,0.009499722182994656,0.005715986266293951,3.130942544107461,1.883889258857472,ETH
442,2023-06-03 18:00:00+00:00,2023-06-04 13:00:00+00:00,-1,20,-0.012289867412742635,False,0.0005035675392752802,1888.763201,1910.2209828376385,stop,-0.011689136695290958,0.013642154287185307,0.005433820922901378,3.701259933958747,1.4742527643990737,ETH
443,2023-06-14 19:00:00+00:00,2023-06-14 20:00:00+00:00,-1,2,0.030614412074588766,False,0.000542205497850898,1732.610061,1677.8619866041656,target,0.028760118586932535,0.0035610661272732188,0.061820061773264795,0.6761814805091286,11.738501729823339,ETH
444,2023-06-14 21:00:00+00:00,2023-06-16 15:00:00+00:00,-1,43,-0.03104025827402141,False,0.0005915437626828708,1636.7188370000001,1685.433255570151,stop,-0.030052893089388393,0.030720708935055702,0.006817809355975644,3.1289526021211302,0.6944046236121504,ETH
445,2023-06-16 16:00:00+00:00,2023-06-17 05:00:00+00:00,1,14,0.037625761990390194,False,0.0005577035329991879,1682.1444920000001,1747.2664144167463,target,0.03529815432549204,0.0033614781767511313,0.055200672975243954,0.5209758978379964,8.555230363665238,ETH
446,2023-06-17 06:00:00+00:00,2023-06-17 15:00:00+00:00,1,10,-0.0234143452060207,False,0.0005532402897616416,1759.517697,1720.23401210089,stop,-0.022792368425502155,0.025187411911549506,0.0012175512662661691,3.4295022575638594,0.16578101914650764,ETH
447,2023-06-18 12:00:00+00:00,2023-06-18 23:00:00+00:00,1,12,-0.01412353693814154,False,0.0005481457197449245,1734.290131,1711.610771247691,stop,-0.013426451582905974,0.013561820239637859,0.0076168737651658965,3.1833112240607395,1.7878779780636473,ETH
448,2023-07-02 04:00:00+00:00,2023-07-02 22:00:00+00:00,-1,19,-0.014806703679865738,False,0.0004898981585410317,1913.085902,1939.8690226027413,stop,-0.013877098260184179,0.026613597406563275,0.01543887912671476,5.829561635400948,3.3818012678170732,ETH
449,2023-07-10 01:00:00+00:00,2023-07-10 18:00:00+00:00,-1,18,-0.014349428768676582,False,0.0004983340153741776,1852.8539770000002,1877.7942355562427,stop,-0.013249403887614235,0.020042606412043116,0.0026197299194939275,4.570195724343253,0.5973613526537721,ETH
450,2023-07-22 13:00:00+00:00,2023-07-22 23:00:00+00:00,-1,11,0.0161408528333629,False,0.00048308235519056605,1883.924653,1851.6798342925365,target,0.014689640995899159,0.0032248354467496665,0.02576252342295769,1.1304787392574933,9.031153831005891,ETH
451,2023-07-23 00:00:00+00:00,2023-07-23 17:00:00+00:00,-1,18,-0.01377197523299544,False,0.0004958500840178668,1865.04032,1889.013745548004,stop,-0.012736052756065494,0.016063824293085487,0.004482648396577293,3.8398537645702544,1.0715203308250312,ETH
452,2023-07-29 20:00:00+00:00,2023-07-30 19:00:00+00:00,1,24,-0.007866785025792767,False,0.0004856457811530772,1878.003232,1865.3947184917579,stop,-0.007174856808791293,0.011918633375387148,0.004359293882194995,5.5731775752065955,2.038414820121546,ETH
453,2023-08-06 10:00:00+00:00,2023-08-07 01:00:00+00:00,-1,16,-0.007479236011428231,False,0.0004944666776544005,1829.990838,1842.1152066020522,stop,-0.006767732473783663,0.008442207293717672,0.0027272475339026477,4.005175198391137,1.293868274330196,ETH
454,2023-08-07 02:00:00+00:00,2023-08-07 15:00:00+00:00,1,14,-0.009915363829881601,False,0.00048783573906662885,1840.992132,1824.7422263382398,stop,-0.008905005680183667,0.0155851464551507,0.0031873400749546582,5.481763397310149,1.121083090745796,ETH
455,2023-08-13 19:00:00+00:00,2023-08-13 21:00:00+00:00,1,3,-0.005399260988096748,False,0.00047949709400182147,1854.436164,1846.273934213906,stop,-0.004801005331925578,0.004549180049316577,0.004041032064342389,3.326483780854941,2.954912198291464,ETH
456,2023-08-13 23:00:00+00:00,2023-08-14 05:00:00+00:00,-1,7,-0.008220431760419145,False,0.0004812230165263376,1837.808492,1851.2556002510792,stop,-0.007270114881811747,0.007308437227528124,0.0019199454216037625,3.125569530650326,0.8210952250739875,ETH
457,2023-08-26 18:00:00+00:00,2023-08-28 12:00:00+00:00,-1,43,-0.01026926375760579,False,0.0005332374183120062,1644.9063800000001,1660.1397828164804,stop,-0.009007434457774327,0.011534771966779035,0.016357392935639366,3.862836035982954,5.477865281472466,ETH
458,2023-09-03 17:00:00+00:00,2023-09-03 18:00:00+00:00,-1,2,-0.011134628759618643,False,0.0005336709587086561,1626.6918460000002,1643.169525125946,stop,-0.00966617384282368,0.01000690698734827,0.00036998156810103694,3.055041632230582,0.11295289295040631,ETH
459,2023-09-03 21:00:00+00:00,2023-09-04 15:00:00+00:00,1,19,-0.012683706365298673,False,0.000522632890860334,1642.552618,1623.2236423577142,stop,-0.010888353390147898,0.015532298764994557,0.0014899869709988564,4.062117231924404,0.38967198879009085,ETH
460,2023-09-10 02:00:00+00:00,2023-09-10 15:00:00+00:00,-1,14,0.011746308960365014,False,0.0005200061427563462,1629.9108800000001,1609.1707030519337,target,0.009955744728410267,0.0006375317894680914,0.013651593024521715,0.3006107428886091,6.43703669135988,ETH
461,2023-09-10 17:00:00+00:00,2023-09-11 14:00:00+00:00,-1,22,0.023743592378380952,False,0.0005318325391991056,1612.386139,1572.6805898651999,target,0.0203605914338141,0.009596870517379176,0.04006865194218839,2.3382919522104455,9.762787379768367,ETH
462,2023-09-24 18:00:00+00:00,2023-09-24 18:00:00+00:00,1,1,-0.008338647840484804,False,0.0005493516452639097,1598.029265,1586.2960243650587,stop,-0.007320332215466415,0.013484900102877577,0.0007388694474253828,5.7427906771372825,0.31466103137023627,ETH
463,2023-09-24 20:00:00+00:00,2023-09-26 19:00:00+00:00,-1,48,-0.0035383892057406162,False,0.0005493341155341183,1584.754431,1589.186613,time,-0.0030803789523454112,0.009241538445018566,0.014358332467726078,2.622193758639006,4.074032695457718,ETH
464,2023-10-07 20:00:00+00:00,2023-10-09 09:00:00+00:00,-1,38,0.02037841747407996,False,0.0005323359978312467,1629.570982,1595.4779805661744,target,0.017677855218328393,0.006952147605191053,0.030364422628139338,1.9937847986760167,8.708118367819747,ETH
465,2023-10-15 19:00:00+00:00,2023-10-16 13:00:00+00:00,1,19,0.01774426254678069,False,0.000565624777048424,1564.919335,1594.4173308462966,target,0.015706460864017415,0.008255591653227319,0.049255359861727285,2.6278398845775146,15.678488545792582,ETH
466,2023-10-28 20:00:00+00:00,2023-10-29 17:00:00+00:00,-1,22,-0.016171157374437774,False,0.0005069071732776788,1777.1766870000001,1804.6600575154014,stop,-0.014568007223509418,0.01812611724857719,0.008264055626788738,3.5869443706098627,1.6353589355295288,ETH
467,2023-11-04 23:00:00+00:00,2023-11-05 17:00:00+00:00,1,19,0.027701302417581383,False,0.0004768138468651635,1858.7874689999999,1912.725739412986,target,0.024551542546659057,0.006766491172208262,0.030219985843900784,1.3990959187640195,6.2485352870873,ETH
468,2023-11-26 07:00:00+00:00,2023-11-26 14:00:00+00:00,1,8,-0.014284739102990643,False,0.0004356354708849421,2090.847066,2063.265836609241,stop,-0.013011213845389337,0.014753382254309659,0.001967113743937608,3.432274264207533,0.4576356635858008,ETH
469,2023-11-26 15:00:00+00:00,2023-11-27 15:00:00+00:00,-1,25,0.030673127557547593,False,0.00043497893840253253,2064.090587,1999.364014833699,target,0.02753943607718512,0.00905939551188885,0.03201922794292562,1.73339131433894,6.126440945786019,ETH
470,2023-12-10 10:00:00+00:00,2023-12-10 20:00:00+00:00,-1,11,-0.019705840010394313,False,0.00039821256186068276,2323.822644,2367.807297302944,stop,-0.018235298958798937,0.02414011936101963,2.2654052423405556e-05,3.8889409253107785,0.0036495375302815617,ETH
471,2023-12-10 21:00:00+00:00,2023-12-11 01:00:00+00:00,1,5,-0.018591954820588542,False,0.0003812804854426364,2379.1935439999997,2337.885814045939,stop,-0.016865507186570705,0.021517183471308106,0.0003305557053076264,3.7822009194662227,0.05810370554382341,ETH
472,2023-12-11 03:00:00+00:00,2023-12-13 02:00:00+00:00,-1,48,0.02333232067762166,False,0.00039932099543040373,2229.470958,2176.6427969999995,time,0.0207721715771201,0.012347791255686821,0.037439805035576465,0.9494552254673918,2.8788483539626526,ETH
473,2024-01-03 12:00:00+00:00,2024-01-03 12:00:00+00:00,-1,1,0.05362919529840024,False,0.00039460312360803417,2308.767162,2182.7041013388994,target,0.04885870321340481,0.0007029024090042797,0.10464769508879572,0.07723934314251665,11.49934774229481,ETH
474,2024-01-03 13:00:00+00:00,2024-01-05 12:00:00+00:00,-1,48,0.002487615233777715,False,0.0004268399295281623,2248.865138,2242.3725099999997,time,0.0023878753881226315,0.02075929819496364,0.026673515003815228,1.2657441984331332,1.6263481814664202,ETH
475,2024-01-07 10:00:00+00:00,2024-01-08 12:00:00+00:00,-1,27,-0.01669317784700057,False,0.0004310982717396048,2232.1901420000004,2267.8694712221168,stop,-0.016063733405045806,0.016898138420324352,0.0299079100583182,3.2332071346393776,5.722433192191304,ETH
476,2024-01-18 11:00:00+00:00,2024-01-19 16:00:00+00:00,-1,30,0.03511764943820647,False,0.00037615439121295907,2515.535113,2425.4712185863737,target,0.03322935864357112,0.008091672779603917,0.03974705520240525,1.3560297697000525,6.660945342257296,ETH
477,2024-01-21 23:00:00+00:00,2024-01-22 05:00:00+00:00,-1,7,0.021616813147026053,False,0.00039790634800731053,2461.531319,2406.132726398925,target,0.02117278084034109,0.002002282466185379,0.02450966946238572,0.5338057270325895,6.534243868010757,ETH
478,2024-01-22 10:00:00+00:00,2024-01-23 08:00:00+00:00,-1,23,0.04006085903196152,False,0.0004189314630485198,2388.533225,2291.2084513419477,target,0.04008616621730723,0.00698620175149528,0.043241276243917486,1.0287272832687904,6.367334099098924,ETH
479,2024-02-04 07:00:00+00:00,2024-02-05 08:00:00+00:00,-1,26,-0.012959220014871393,False,0.00045529420238997866,2285.81405,2314.0346280686,stop,-0.01348689204132383,0.017125605645831113,0.010632557797078784,4.266344296086627,2.648791128821828,ETH
480,2024-02-28 08:00:00+00:00,2024-02-28 17:00:00+00:00,1,10,-0.026535025549587258,False,0.00031058265560255006,3307.431932,3224.3951489643414,stop,-0.027257600635699833,0.04671054013395185,0.05884869953538328,5.647379792363078,7.1149028808041095,ETH
481,2024-02-29 01:00:00+00:00,2024-03-02 00:00:00+00:00,1,48,-0.003290927670754804,False,0.00028919545293615913,3457.7770219999998,3461.581214,time,-0.003290840105848533,0.04551682222382467,0.021176315746828468,2.403079546659812,1.1180123909919466,ETH
482,2024-03-03 05:00:00+00:00,2024-03-03 07:00:00+00:00,1,3,-0.019481201068306316,False,0.00028927976077780336,3445.393308,3381.686448085498,stop,-0.01941657319529795,0.02598057754165698,0.0006636954900591788,4.283476548994751,0.10942497574519879,ETH
483,2024-03-03 08:00:00+00:00,2024-03-03 16:00:00+00:00,-1,9,-0.022016404780950984,False,0.0002879612245055136,3393.7415720000004,3466.297254562912,stop,-0.021515883366336395,0.028189662050083608,0.004771009122671105,4.013155959173776,0.6792136655594708,ETH
484,2024-03-03 17:00:00+00:00,2024-03-05 01:00:00+00:00,1,33,0.04305440138383915,False,0.0002741535365365962,3486.1855419999997,3645.510441298654,target,0.04114924822836026,0.01892198255235605,0.05025964794159553,2.4841895632275617,6.598383257279618,ETH
485,2024-03-14 13:00:00+00:00,2024-03-14 19:00:00+00:00,-1,7,0.054227837326042395,False,0.0002526382401286382,3945.955858,3729.492772349457,target,0.05405969543465923,0.0025758377350809394,0.05598791926475717,0.28173326558993145,6.123700694814855,ETH
486,2024-03-14 20:00:00+00:00,2024-03-16 19:00:00+00:00,-1,48,0.049467500917818014,False,0.0002773906285311833,3788.733039,3604.0909030000003,time,0.0519883172275618,0.03943982314453052,0.05878826423167267,2.6393062951378643,3.934100700661973,ETH
487,2024-03-29 08:00:00+00:00,2024-03-31 05:00:00+00:00,-1,46,-0.02441112548355221,False,0.00031321956738187184,3521.3232860000003,3609.2671863782116,stop,-0.026924186315235153,0.02652318643145437,0.013155078996629302,3.2257135732947924,1.5999026733405022,ETH
488,2024-04-01 06:00:00+00:00,2024-04-02 02:00:00+00:00,-1,21,0.04606425016392688,False,0.00030649412659021697,3510.7464600000003,3348.0594227740526,target,0.049566200482177816,0.018102571838810564,0.05562818683295075,2.343894427620569,7.202655970509673,ETH
489,2024-04-06 21:00:00+00:00,2024-04-08 08:00:00+00:00,1,36,0.037305924981265504,False,0.0003345807065599151,3364.178951,3494.816125107612,target,0.04199115261258249,0.005549333514036261,0.07602480507880693,0.8574412816655594,11.746781147729843,ETH
490,2024-04-08 09:00:00+00:00,2024-04-09 14:00:00+00:00,1,30,-0.029282821340033287,False,0.000324120812926169,3602.3003659999995,3502.8227680649175,stop,-0.03419005185605324,0.030922009461328646,0.03692352677067143,3.3951356201537264,4.054082614442736,ETH
491,2024-04-22 04:00:00+00:00,2024-04-24 03:00:00+00:00,1,48,0.013096744656925206,False,0.0003552829299372245,3190.106745,3235.62902,time,0.014843725597585558,0.012475051207103134,0.024075449863982468,1.3824604676704797,2.667993671992887,ETH
492,2024-05-06 06:00:00+00:00,2024-05-06 12:00:00+00:00,1,7,-0.022409562929933145,False,0.0003612385976506978,3178.603295,3110.8348134856474,stop,-0.025731426490901183,0.029926129866419796,0.013637028901399893,4.269770242703783,1.9456902867826353,ETH
493,2024-05-06 13:00:00+00:00,2024-05-08 12:00:00+00:00,-1,48,0.03132615209908667,False,0.0003619926373042485,3100.899451,3002.00033,time,0.03516369251352471,0.00892984420732187,0.040233310680153477,0.9317934655193426,4.198184774291809,ETH
494,2024-05-13 03:00:00+00:00,2024-05-13 07:00:00+00:00,-1,5,-0.02015159785015338,False,0.00040144973166159314,2883.714626,2938.9147687603772,stop,-0.023328829002880816,0.025833129716907044,0.006905893468253253,4.114347126197975,1.0998761379788018,ETH
495,2024-05-19 13:00:00+00:00,2024-05-20 05:00:00+00:00,-1,17,-0.017639078868173962,False,0.00036883785941976604,3075.437092,3127.1520726581666,stop,-0.020008670985620147,0.020388291525489526,0.009877325105760991,3.7045964275380165,1.7947312188805462,ETH
496,2024-06-04 16:00:00+00:00,2024-06-06 15:00:00+00:00,1,48,0.006374759430601353,False,0.0002921486042570229,3814.253933,3845.94587,time,0.007103579064451312,0.009565155765941497,0.020398764310587913,1.514362067242485,3.22954645449347,ETH
497,2024-06-09 13:00:00+00:00,2024-06-10 07:00:00+00:00,1,19,-0.011789825059698654,False,0.000302491281661956,3707.321863,3668.041626540004,stop,-0.01322149348492714,0.01745784838536427,0.004695609834618747,5.08559883678296,1.3678654657662992,ETH
498,2024-06-16 14:00:00+00:00,2024-06-17 07:00:00+00:00,1,18,-0.01699723987356571,False,0.00030840801302300767,3593.327675,3536.537358080243,stop,-0.018836529019975252,0.015842606115792073,0.01680957888150293,3.064524944033005,3.2515719575775535,ETH
499,2024-06-29 23:00:00+00:00,2024-06-30 17:00:00+00:00,-1,19,-0.013440342042125039,False,0.000322817108009331,3374.58732,3417.563807268184,stop,-0.014641566152272871,0.014008432888913964,0.007730521550113598,3.380521635927925,1.8655331088352833,ETH
500,2024-07-11 04:00:00+00:00,2024-07-11 12:00:00+00:00,-1,9,-0.028676159477917077,False,0.0003495308302330332,3074.787287,3160.113141740314,stop,-0.030819213562568594,0.046121145875545506,0.0007081097964745092,5.042044240996608,0.07741180002209455,ETH
501,2024-07-11 13:00:00+00:00,2024-07-11 15:00:00+00:00,1,3,-0.029052496085235528,False,0.0003270142761428511,3192.25739,3102.6618042710966,stop,-0.030328299834578333,0.02796058684979666,0.0,3.020060410304576,0.0,ETH
502,2024-07-20 18:00:00+00:00,2024-07-21 17:00:00+00:00,1,24,-0.01925412862360401,False,0.0002874100725505521,3526.617668,3462.8502773199134,stop,-0.019515704429266836,0.023143327597030534,0.002895786547168192,3.9033945006611446,0.48840847263274084,ETH
503,2024-08-04 15:00:00+00:00,2024-08-04 17:00:00+00:00,-1,3,0.056088335572133795,False,0.0003473289482002209,2862.04113,2698.926119043789,target,0.055755716900582064,0.00229167566155831,0.08691039670698229,0.2412605668190991,9.149659318605892,ETH
504,2024-08-04 18:00:00+00:00,2024-08-05 01:00:00+00:00,-1,8,0.09157911520893733,False,0.0003890864710271564,2698.180303,2448.4643266622465,target,0.09614208604447229,0.027114458184524095,0.21725023429614743,1.7578297890171315,14.084328402132222,ETH
505,2024-08-05 02:00:00+00:00,2024-08-07 01:00:00+00:00,-1,48,-0.08043079227017036,False,0.0004946605124616503,2316.674789,2499.989772,time,-0.09217107702407838,0.10427238736614905,0.071785988171342,2.9822678145738815,2.0531326410416026,ETH
506,2024-08-17 17:00:00+00:00,2024-08-19 09:00:00+00:00,1,41,-0.020546000516615405,False,0.0004022667944008051,2619.645658,2568.23721861439,stop,-0.02165130263847551,0.020859942577775882,0.02618840521064093,3.23744668861981,4.064419900165564,ETH
507,2024-08-31 17:00:00+00:00,2024-09-01 22:00:00+00:00,-1,30,0.03338625899846148,False,0.00041176313916396014,2506.6477800000002,2420.843857685759,target,0.034459465591403865,0.008318767465606898,0.042135070129398086,1.4581305449160422,7.385521114980779,ETH
508,2024-09-13 16:00:00+00:00,2024-09-15 15:00:00+00:00,1,48,-0.0013686473108104106,False,0.00044302453386442893,2407.552049,2406.87772,time,-0.0014598055506949226,0.014010932396668502,0.023350669001465933,1.7769096491245453,2.961403844335452,ETH
509,2024-09-15 17:00:00+00:00,2024-09-15 23:00:00+00:00,-1,7,0.026153783814669436,False,0.0004464155502969759,2385.9939870000003,2321.2376002872575,target,0.027857567319905793,0.002274110089783635,0.043585184022511235,0.5027469822307468,9.635558030250893,ETH
510,2024-09-29 07:00:00+00:00,2024-10-01 06:00:00+00:00,-1,48,-0.0035787884236490207,False,0.0004127067667032808,2648.375249,2656.526719,time,-0.003911624286151315,0.00925274883506508,0.0285289061769207,1.7263935649543594,5.322971683006475,ETH
511,2024-10-12 15:00:00+00:00,2024-10-14 04:00:00+00:00,1,38,0.028731920557479796,False,0.0004408005491993357,2470.710991,2544.887351467538,target,0.03129166924636074,0.014453730577992933,0.03127804477395465,2.888601498502604,6.250967977903394,ETH
512,2024-10-20 14:00:00+00:00,2024-10-20 22:00:00+00:00,1,9,0.021530861040017665,False,0.00042094664612139137,2661.578234,2721.846588514647,target,0.024122798433365844,0.0003074243655690519,0.036835951221563766,0.08145906818819762,9.760521931240683,ETH
513,2024-10-20 23:00:00+00:00,2024-10-21 12:00:00+00:00,1,14,-0.01998368489851465,False,0.0004164723455761947,2748.094181,2696.4463690904995,stop,-0.022871431869538647,0.021867584239100697,0.007971276658367214,3.546171964067134,1.2926676076628694,ETH
514,2024-11-20 16:00:00+00:00,2024-11-20 18:00:00+00:00,1,3,-0.030301801229502705,False,0.00035801550722971504,3132.919594,3041.0734837334644,stop,-0.03398752438582882,0.030294296151668086,0.0014524490219010194,3.1311753839615766,0.15012306610678997,ETH
515,2024-11-20 19:00:00+00:00,2024-11-21 08:00:00+00:00,-1,14,-0.033804181430624886,False,0.0003566176408788108,3049.894757,3150.5157584522135,stop,-0.03676699195058147,0.033317622769368296,0.006359156149728096,3.0583624026230534,0.5837332457770165,ETH
516,2024-12-02 03:00:00+00:00,2024-12-02 04:00:00+00:00,1,2,-0.025399038968766118,False,0.0002804690426953863,3746.8637219999996,3655.398115232882,stop,-0.02669132381516077,0.025843940208295467,0.0051072788923814515,3.214622985801084,0.6352737233572543,ETH
517,2024-12-02 09:00:00+00:00,2024-12-04 07:00:00+00:00,-1,47,-0.03242700277804103,False,0.0002841077273762551,3604.928197,3722.6134263977588,stop,-0.033211345739983814,0.03324388072409638,0.028549305665962466,3.0842341153492545,2.648690242733044,ETH
518,2024-12-07 21:00:00+00:00,2024-12-08 08:00:00+00:00,1,12,-0.021573621968913007,False,0.00024643827667280644,4021.195997,3940.213070935283,stop,-0.021378954800079217,0.02018951502502443,0.0010927104779967132,3.0520857433237736,0.16518703234528234,ETH
519,2024-12-08 09:00:00+00:00,2024-12-08 23:00:00+00:00,-1,15,-0.019385540177038734,False,0.00024597982821312515,3941.777112,4014.9540556905627,stop,-0.018796174332703346,0.019735486251410337,0.004002537827917708,3.242594470781766,0.6576279329815521,ETH
520,2024-12-25 11:00:00+00:00,2024-12-26 07:00:00+00:00,1,21,-0.029152292834457003,False,0.0002705649537252768,3514.1339239999998,3415.546808893099,stop,-0.027718043246193716,0.028210058621544944,0.002818923869789378,3.0483316695287974,0.30460819034622166,ETH
521,2024-12-26 08:00:00+00:00,2024-12-28 07:00:00+00:00,-1,48,0.02427787630675968,False,0.00026992213825245177,3419.813748,3335.080224,time,0.02241050555978661,0.0070723886685772714,0.03423687856348135,0.8675799785222067,4.199886595704849,ETH
522,2024-12-29 15:00:00+00:00,2024-12-30 01:00:00+00:00,-1,11,-0.018928363969323663,False,0.0002807711676261015,3367.48945,3428.4879074937107,stop,-0.017896653518819274,0.020600079385549402,0.012727419235121858,3.4702499242619362,2.1440366714175942,ETH
523,2025-01-26 10:00:00+00:00,2025-01-27 02:00:00+00:00,-1,17,0.03767797868195854,False,0.0002814302863277118,3296.0109,3168.7101357253346,target,0.03494999096803328,0.01463863484189327,0.04095584149918929,2.2740994655411737,6.36245512440486,ETH
524,2025-01-27 03:00:00+00:00,2025-01-29 02:00:00+00:00,-1,48,0.0166556456906625,False,0.0003037865033788931,3168.4991649999997,3113.7438429999997,time,0.016031846494403833,0.021934938714115233,0.046813698623777183,2.6929912820042152,5.747400706940603,ETH
525,2025-02-09 02:00:00+00:00,2025-02-09 21:00:00+00:00,1,20,-0.02941758079707392,False,0.0003694222922023933,2648.944445,2573.9092731303176,stop,-0.028787430587471685,0.04938738720886998,0.018518906688509244,5.284927412732187,1.9817018705203804,ETH
526,2025-02-16 19:00:00+00:00,2025-02-17 09:00:00+00:00,-1,15,-0.021378640731046183,False,0.0003547352287923137,2677.466519,2732.249693439886,stop,-0.02030525548517423,0.02408376745046415,0.01667864702811625,3.584822397099968,2.482584485284243,ETH
527,2025-02-17 10:00:00+00:00,2025-02-18 06:00:00+00:00,1,21,-0.02661706440798786,False,0.00034007015093395066,2733.21972,2663.573378280718,stop,-0.02474020051212463,0.030334085252392406,0.042272591242682886,3.6127798151496235,5.034652045872738,ETH
528,2025-03-15 16:00:00+00:00,2025-03-16 11:00:00+00:00,1,20,-0.021858158075414812,False,0.00046699206413329417,1937.3910429999999,1896.8561077331797,stop,-0.019776086380230942,0.037112302784606116,0.010472308661334206,5.3972052941355955,1.5229774362646007,ETH
529,2025-03-23 03:00:00+00:00,2025-03-24 06:00:00+00:00,1,28,0.03096951906560386,False,0.0004421688721182582,2001.4302489999998,2065.535954807185,target,0.027407100113272326,0.01247620246195237,0.03753303470732165,2.3371007637077725,7.030864106787261,ETH
530,2025-04-05 13:00:00+00:00,2025-04-06 16:00:00+00:00,-1,28,0.04694289147211649,False,0.0005078635151428696,1796.500888,1710.5408268031535,target,0.042829626507076474,0.011065461827926509,0.048149649453443535,1.3875591796853706,6.0377496336524334,ETH
531,2025-04-18 22:00:00+00:00,2025-04-20 10:00:00+00:00,1,37,-0.019237277757801347,False,0.0005972059727589752,1599.459694,1570.710947368098,stop,-0.018375580113739548,0.019712715561558777,0.020525872657595125,3.3450426473702226,3.483026942672367,ETH
532,2020-09-26 14:00:00+00:00,2020-09-28 13:00:00+00:00,-1,48,-0.0030629813536277137,False,0.3296207500006617,3.03378959,3.0419123,time,-0.0030629813536277137,0.058610000702125076,0.018719027248030134,2.7781888269466215,0.8873057793684873,SOL
533,2020-09-29 20:00:00+00:00,2020-10-01 19:00:00+00:00,-1,48,0.04419483862164631,False,0.34469468373136886,2.89223207,2.76332875,time,0.044059470655021624,0.03615475088760771,0.08216217241516172,2.203827435796614,5.008228387911492,SOL
534,2020-10-03 22:00:00+00:00,2020-10-05 21:00:00+00:00,-1,48,-0.021641513874189146,False,0.4018170488003023,2.59072255,2.64569347,time,-0.022528739966198304,0.027628373404940614,0.06335010671057774,2.021349126508008,4.634825256875836,SOL
535,2020-10-18 18:00:00+00:00,2020-10-18 21:00:00+00:00,1,4,-0.030689415234020506,False,0.45187391294381385,2.2538759600000002,2.186926225870519,stop,-0.03125617966180611,0.03144625580903769,0.0004987142238296289,3.2073734270444296,0.05086655654376899,SOL
536,2020-10-18 22:00:00+00:00,2020-10-19 08:00:00+00:00,-1,11,0.06182793884450278,False,0.45087563785042223,2.18954294,2.052479591742396,target,0.06103725655635187,0.014777997457314207,0.06318347883143127,1.4164425608158975,6.056014613330077,SOL
537,2020-11-28 14:00:00+00:00,2020-11-30 13:00:00+00:00,1,48,0.03194355748190803,False,0.546510793166087,1.91807525,1.9691090900000001,time,0.03348479663601234,0.038671710090623354,0.03478734736814934,1.8831113038638783,1.693963026379975,SOL
538,2020-12-01 06:00:00+00:00,2020-12-01 12:00:00+00:00,1,7,-0.047793290082574026,False,0.5273880517462674,2.0511151499999998,1.953225101459017,stop,-0.05169960882969665,0.05734205122515905,0.040117128480085675,3.6262208530324367,2.5369439137615126,SOL
539,2020-12-07 11:00:00+00:00,2020-12-07 12:00:00+00:00,-1,2,-0.028076069031534708,False,0.5648191629049156,1.82365274,1.8730054111422163,stop,-0.02891930608290509,0.028814290597890965,0.0,3.2309643211742216,0.0,SOL
540,2020-12-07 13:00:00+00:00,2020-12-07 20:00:00+00:00,1,8,-0.031420367464086954,False,0.5356532132381003,1.86896052,1.812266837364411,stop,-0.03145539199759009,0.03154722604841319,0.016928918327285034,3.1501703618590637,1.690449001478165,SOL
541,2020-12-19 01:00:00+00:00,2020-12-20 00:00:00+00:00,1,24,-0.04680683335844465,False,0.5649000614242072,1.7165148,1.638189890144168,stop,-0.045386682016395355,0.04795461128561187,0.03086789580841376,3.1727343289258534,2.0422568355265773,SOL
542,2021-01-14 17:00:00+00:00,2021-01-16 10:00:00+00:00,-1,42,-0.0839921856506673,False,0.2814288320159645,3.2842144400000004,3.565413291373396,stop,-0.0776316786616496,0.08650030781790222,0.09448665599314532,3.0423662392860975,3.3232599918805263,SOL
543,2021-01-19 19:00:00+00:00,2021-01-21 18:00:00+00:00,-1,48,0.11577754129100035,False,0.22817518692333516,3.71048652,3.27678274,time,0.09802200815829451,0.008870394710394996,0.1286856905223307,0.38881657327361485,5.6406880248075755,SOL
544,2021-01-24 05:00:00+00:00,2021-01-25 18:00:00+00:00,1,38,0.09915230761264344,False,0.26362383093011393,3.58337469,3.9484637099492153,target,0.09366551274085871,0.040011079611660685,0.11065694891091625,2.35626954795754,6.516634930108129,SOL
545,2021-02-15 02:00:00+00:00,2021-02-15 15:00:00+00:00,-1,14,-0.061389247591954355,False,0.12346390112298691,8.40997625,8.918434718769321,stop,-0.06374220390578617,0.08661424578933871,0.09785714317564215,4.32056445045888,4.881392087122303,SOL
546,2021-03-04 04:00:00+00:00,2021-03-06 03:00:00+00:00,-1,48,0.1019910956206533,False,0.07066694230625056,13.791261380000002,12.398618469999999,time,0.09939912168575553,0.009088263687160938,0.1195946719124543,0.45558698587389984,5.99517993521089,SOL
547,2021-03-06 12:00:00+00:00,2021-03-06 18:00:00+00:00,-1,7,-0.042643622154722255,False,0.08875641823054495,12.1003688,12.606891157932024,stop,-0.04579862733957737,0.06608320896797792,0.01702169606599105,4.771625096631429,1.2290739721049693,SOL
548,2021-03-06 19:00:00+00:00,2021-03-08 18:00:00+00:00,1,48,0.0612017152533255,False,0.07983707605584059,12.87856241,13.737877400000002,time,0.06292679371773473,0.011535636142481546,0.09023814560991816,0.6901980899212344,5.399112365258913,SOL
549,2021-03-15 06:00:00+00:00,2021-03-17 05:00:00+00:00,-1,48,0.04709666324815233,False,0.07736765571003346,14.102967840000002,13.48934559,time,0.05138780791658035,0.02406813685253342,0.06045307978239002,1.353656613846168,3.400043458959665,SOL
550,2021-03-17 10:00:00+00:00,2021-03-17 16:00:00+00:00,-1,7,-0.047222507972057605,False,0.0866776049691187,13.1810445,13.79000095625317,stop,-0.05395177997033727,0.06176714599514477,0.0022793717144343677,4.038331547432269,0.1490251581876332,SOL
551,2021-03-17 17:00:00+00:00,2021-03-19 16:00:00+00:00,1,48,0.027759619613774187,False,0.07826859910273051,13.90787111,14.38138429,time,0.03021772250141211,0.004880050258101684,0.06270757638621796,0.3130666251146354,4.022837526265166,SOL
552,2021-03-20 07:00:00+00:00,2021-03-21 02:00:00+00:00,1,20,-0.03066995244390211,False,0.07726857952883508,14.47894238,14.056469823571186,stop,-0.03431254021749001,0.043024025073853465,0.034067241035598446,4.468159482170207,3.5379736276021494,SOL
553,2021-04-02 15:00:00+00:00,2021-04-03 03:00:00+00:00,1,13,0.07591393180850375,False,0.055793523357167044,19.43692933,20.969823971699178,target,0.08232522550207498,0.022129489833361618,0.09428293116091702,1.6835964519644315,7.172980921775449,SOL
554,2021-04-03 04:00:00+00:00,2021-04-03 21:00:00+00:00,1,18,0.09229897020281597,False,0.05526690169562869,21.11173162,23.147937849155806,target,0.10769259209023306,0.028975909272192638,0.1095773867174615,1.8025628580469075,6.816701609715943,SOL
555,2021-04-18 00:00:00+00:00,2021-04-18 03:00:00+00:00,-1,4,0.120937196566155,False,0.05128344039062995,24.851542300000002,21.839232450817377,target,0.15413114191215194,0.006472745154331831,0.24001497484524334,0.32040070521359953,11.880734583034677,SOL
556,2021-05-01 11:00:00+00:00,2021-05-01 17:00:00+00:00,1,7,0.09855769911768567,False,0.032413739139692754,44.07401824,48.48343528060161,target,0.14079989658658537,0.008347735348216836,0.10972863272109955,0.5006352131525356,6.58070903541503,SOL
557,2021-05-01 18:00:00+00:00,2021-05-03 17:00:00+00:00,1,48,-0.012537148121506872,False,0.03271554705009456,47.97118704,47.564126480000006,time,-0.01967584572981642,0.04099308692028558,0.04550675300529329,1.9129180602438811,2.1235456079743456,SOL
558,2021-05-07 03:00:00+00:00,2021-05-07 15:00:00+00:00,-1,13,-0.052615051217886705,False,0.03639180978085049,42.58452081,44.81804551944259,stop,-0.08153900656721336,0.05977475245893231,0.02628938376446644,3.439707633040771,1.5128091758255449,SOL
559,2021-05-27 02:00:00+00:00,2021-05-29 01:00:00+00:00,-1,48,0.07898505491942381,False,0.04576452473179165,32.0813727,29.5358581,time,0.11596497097482522,0.10494025088895267,0.12831036684412206,2.298189302806357,2.8099943541431323,SOL
560,2021-06-02 10:00:00+00:00,2021-06-03 03:00:00+00:00,1,18,0.11366293928740136,False,0.04949459767294678,32.006599099999995,35.68528327148523,target,0.18005957097778522,0.016671533840032275,0.11989405334851731,0.8703097223775421,6.258869836793873,SOL
561,2021-06-07 21:00:00+00:00,2021-06-08 14:00:00+00:00,-1,18,0.16049499898089797,False,0.042894988919407046,41.1286577,34.49740559270644,target,0.2831474144035145,0.00095656659371116,0.16389199348949335,0.03559716870670287,6.098990891255162,SOL
562,2021-06-10 17:00:00+00:00,2021-06-12 16:00:00+00:00,-1,48,0.08456711013180042,False,0.05074898087602714,40.342893499999995,36.9150712,time,0.1731393803939072,0.028681792494631174,0.15276280319357846,1.1258899338644894,5.996630176331097,SOL
563,2021-06-13 04:00:00+00:00,2021-06-13 18:00:00+00:00,-1,15,-0.07500168262602414,False,0.06217574910556822,35.713282799999995,38.361975572912584,stop,-0.16654124460444888,0.08923058733766151,0.028148708860782645,3.6251313652400943,1.1435850690536224,SOL
564,2021-06-13 19:00:00+00:00,2021-06-15 18:00:00+00:00,1,48,0.06084859968473142,False,0.05352543828907415,38.3735086,40.7717648,time,0.12498052083684046,0.04621700398800644,0.08772956976886917,2.0237017317483,3.8414104538854583,SOL
565,2021-06-18 13:00:00+00:00,2021-06-20 10:00:00+00:00,-1,46,0.11317858850037536,False,0.05817523261946812,37.4547602,33.19545377710541,target,0.2466092842871719,0.00700150791514068,0.1305511014858935,0.36941197551376925,6.888107660510083,SOL
566,2021-06-20 11:00:00+00:00,2021-06-20 19:00:00+00:00,-1,9,-0.06565207575324712,False,0.07319084629245694,33.140055,35.27632089104125,stop,-0.1592423051329467,0.06931023500111877,0.057303918173943806,3.2416991282605547,2.680153394190473,SOL
567,2021-07-05 01:00:00+00:00,2021-07-07 00:00:00+00:00,-1,48,-0.005496957127670989,False,0.06648834063920554,34.085771199999996,34.2592747,time,-0.012457788934794246,0.027789566339634555,0.050688927936006316,1.9241784637930748,3.5097540672347582,SOL
568,2021-07-10 12:00:00+00:00,2021-07-12 11:00:00+00:00,-1,48,0.04214937382194797,False,0.06883835409732039,32.7411747,31.348401699999997,time,0.09499830623367703,0.017067967326169123,0.05317997035701966,0.9999034467293986,3.115475594766457,SOL
569,2021-07-12 12:00:00+00:00,2021-07-13 12:00:00+00:00,-1,25,0.06792079315025076,False,0.07496735105195433,31.331597700000003,29.182511678862,target,0.15953554333581768,0.01102408831197256,0.0698208154255729,0.9643233354161292,6.107520160151451,SOL
570,2021-08-01 23:00:00+00:00,2021-08-03 22:00:00+00:00,-1,48,0.0027299483434032254,False,0.07262330441912089,34.539635,34.431326299999995,time,0.006847754451566185,0.04106485201711024,0.06397389549715853,1.9309086261825907,3.008113766354191,SOL
571,2021-08-30 01:00:00+00:00,2021-08-30 17:00:00+00:00,1,17,0.11240506254450106,False,0.025937137952759207,96.97408349999999,108.00824756194413,target,0.28272460587452913,0.010044781707062918,0.11883501327444887,0.5296732010861722,6.266310579744771,SOL
572,2021-09-05 16:00:00+00:00,2021-09-05 22:00:00+00:00,-1,7,-0.057028665331875665,False,0.02050398846728319,136.45905,144.1008475451831,stop,-0.15956362718757147,0.06153457758939407,0.006295295181961156,3.3152048344500322,0.3391620425314295,SOL
573,2021-09-05 23:00:00+00:00,2021-09-06 17:00:00+00:00,1,19,0.10454496186681188,False,0.01841757881939765,143.2539633,158.67205829754695,target,0.2758305032400403,0.05258467637802525,0.10914906882719366,2.9314762820692875,6.084812696699959,SOL
574,2021-09-12 21:00:00+00:00,2021-09-14 20:00:00+00:00,-1,48,0.12063923688458938,False,0.016953556304692165,171.8944162,151.1283249,time,0.351569477598251,0.03326800210512018,0.12620780057659609,1.4358551301513758,5.447159626551088,SOL
575,2021-09-24 06:00:00+00:00,2021-09-26 05:00:00+00:00,-1,48,0.08503676716581951,False,0.022878471387363625,142.7451636,130.5531542,time,0.2777123208785239,0.027943758649347308,0.10259656601073114,1.1659392378927054,4.280789978400223,SOL
576,2021-09-26 08:00:00+00:00,2021-09-26 09:00:00+00:00,-1,2,-0.07202732158649802,False,0.027933069325310485,126.8569315,135.86273666654358,stop,-0.25522906339931045,0.08389820228309715,0.008560285095655186,3.5615166652168115,0.3633879773050313,SOL
577,2021-09-30 19:00:00+00:00,2021-10-01 15:00:00+00:00,1,21,0.10360632392747426,False,0.02312825460746425,142.1756399,157.08428536470768,target,0.3406860225023583,0.02971423165720529,0.11832800690633644,1.7002107575771621,6.770578912681861,SOL
578,2021-10-05 16:00:00+00:00,2021-10-07 15:00:00+00:00,-1,48,0.04038283217346754,False,0.022338765759504525,162.45125000000002,156.0748084,time,0.14654769964898146,0.02879479228383884,0.07599972299382138,1.5415421603897697,4.068679364590313,SOL
579,2021-10-09 17:00:00+00:00,2021-10-11 16:00:00+00:00,-1,48,0.06550418668224976,False,0.024116482203522416,156.55302,146.39790620000002,time,0.24731158876115156,0.013746013970219219,0.07200768148707705,0.8700902734293725,4.55791645562447,SOL
580,2021-10-14 02:00:00+00:00,2021-10-15 08:00:00+00:00,1,31,0.09329037508287345,False,0.026849417998792792,149.8289352,164.06417656362734,target,0.3752903595899227,0.02115702948678499,0.10392561876792952,1.3360933414587008,6.563035105166186,SOL
581,2021-10-19 16:00:00+00:00,2021-10-20 11:00:00+00:00,-1,20,-0.03295955369510137,False,0.028270882346133015,155.5703149,160.600135066767,stop,-0.1449597449790971,0.03279986354260444,0.015037026192970733,3.072885738401488,1.4087577918222143,SOL
582,2021-11-02 10:00:00+00:00,2021-11-03 00:00:00+00:00,1,15,0.08447209081079528,False,0.020594381238223564,206.5199374,224.27583550698606,target,0.359272500410155,0.012594122546930387,0.088577707461575,0.8788980600119536,6.181516414357861,SOL
583,2021-11-03 01:00:00+00:00,2021-11-04 22:00:00+00:00,1,46,0.11379695369925052,False,0.020567185172957445,224.2612582,250.18643990123167,target,0.5248796666032484,0.01518879465557193,0.11614463420503546,0.7883280987391884,6.028133287589465,SOL
584,2021-11-09 16:00:00+00:00,2021-11-10 21:00:00+00:00,-1,30,0.075350999401164,False,0.02133380443364017,240.8057366,222.81255123592857,target,0.38710087693221257,0.030623287900525948,0.1070520036772247,2.459018762089183,8.596166630331506,SOL
585,2021-12-09 10:00:00+00:00,2021-12-10 16:00:00+00:00,-1,31,0.09306070724210577,False,0.029459285683730425,187.5267251,169.95085164702454,target,0.5141048845218956,0.010565293554523961,0.0957768824172784,0.6763617997026272,6.131379523659256,SOL
586,2021-12-12 18:00:00+00:00,2021-12-13 01:00:00+00:00,1,8,-0.03965207209190394,False,0.03442695236560528,175.40060440000002,168.6346816323839,stop,-0.23943936455874706,0.043332829017321266,0.007961178952471025,3.395493106860892,0.6238256044809798,SOL
587,2021-12-23 17:00:00+00:00,2021-12-25 16:00:00+00:00,1,48,0.03881794015662328,False,0.0314644759246225,184.305275,191.762454,time,0.2251079090592353,0.008113034203714422,0.07208000422125742,0.5836828661921618,5.185712570981733,SOL
588,2021-12-26 01:00:00+00:00,2021-12-28 00:00:00+00:00,1,48,-0.003176623567990277,False,0.03083177231378615,195.388599,195.081458,time,-0.01913654199133709,0.0270670808177503,0.04821878578493724,2.09078844213433,3.7246454721775666,SOL
589,2021-12-28 02:00:00+00:00,2021-12-29 05:00:00+00:00,-1,28,0.08181245899901249,False,0.03136896082186359,191.432553,175.64292436792726,target,0.4912871096566695,0.009180502335984542,0.08505634357809566,0.6678233064063948,6.187309421676705,SOL
590,2022-01-03 03:00:00+00:00,2022-01-05 02:00:00+00:00,-1,48,0.028014161090220112,False,0.03745620409128673,173.43795300000002,168.510538,time,0.18198916129071538,0.013964919200816397,0.04069439749441707,1.6400055577793655,4.779049352281614,SOL
591,2022-01-20 14:00:00+00:00,2022-01-20 21:00:00+00:00,1,8,-0.03373476095934127,False,0.04798960344985716,139.161736,134.61833813842225,stop,-0.22529141161656563,0.051463399393062985,0.03318630632776822,4.771309538270031,3.076791307784758,SOL
592,2022-01-20 22:00:00+00:00,2022-01-21 12:00:00+00:00,-1,15,0.09423435602549143,False,0.0488568089834848,132.080364,119.53328812878311,target,0.6080966660734226,0.010445428511992932,0.12553239177929584,0.6597406507271875,7.928714628100163,SOL
593,2022-02-06 19:00:00+00:00,2022-02-07 03:00:00+00:00,-1,9,-0.048545703536635156,False,0.06294101544035269,112.186334,117.52900484180503,stop,-0.34278712459177235,0.06599436612306095,0.0016609331400382708,4.184893345333682,0.10532456712788171,SOL
594,2022-02-07 04:00:00+00:00,2022-02-08 09:00:00+00:00,1,30,-0.05082711137295251,False,0.056382805238169915,119.155736,113.15137875387882,stop,-0.3414735437961345,0.06080895677569402,0.022863053776949444,3.640828421524563,1.368884789472891,SOL
595,2022-02-13 17:00:00+00:00,2022-02-15 01:00:00+00:00,-1,33,-0.04504268323415042,False,0.0679388086540208,93.861833,97.9803978940487,stop,-0.2872309351006121,0.08894101823048767,0.035923366209990905,6.12457840188339,2.473723341490145,SOL
596,2022-02-27 01:00:00+00:00,2022-02-28 14:00:00+00:00,-1,38,-0.056891049392429956,False,0.06933140922247132,87.833642,92.72070005591105,stop,-0.34644545118145526,0.08386715878182537,0.04364662460427176,4.5478362183153855,2.3668108359185105,SOL
597,2022-03-06 04:00:00+00:00,2022-03-07 07:00:00+00:00,-1,28,0.07286365227581046,False,0.06556617436977943,87.593714,81.13811861255094,target,0.4184694148179373,0.014570520437117198,0.07470529220852547,1.1862137479818022,6.081899754178145,SOL
598,2022-03-11 05:00:00+00:00,2022-03-11 12:00:00+00:00,-1,8,-0.047193428378910794,False,0.07659380131224067,80.445859,84.15690145726782,stop,-0.2907895833818435,0.04828267170346207,0.00405066219754076,3.161434056738721,0.26522768877206165,SOL
599,2022-03-13 04:00:00+00:00,2022-03-13 12:00:00+00:00,1,9,-0.029271764103987255,False,0.07108034184460278,82.594771,80.2666790721012,stop,-0.17185056240647723,0.03226319254520347,0.009264860120503331,3.4697468312069937,0.9963898953785246,SOL
600,2022-03-13 13:00:00+00:00,2022-03-15 12:00:00+00:00,-1,48,-0.004185671273415962,False,0.07104591490670292,80.21592799999999,80.514147,time,-0.023854199165040058,0.025606784727342496,0.03335906055964328,2.7994029552007524,3.6469027137823686,SOL
601,2022-03-27 12:00:00+00:00,2022-03-27 19:00:00+00:00,-1,8,-0.030070147486112603,False,0.05653119751584874,100.389874,103.31546318200127,stop,-0.17065289206350967,0.030382805341502783,0.017032335352866357,3.1611849185789076,1.7721326599196896,SOL
602,2022-03-27 21:00:00+00:00,2022-03-28 14:00:00+00:00,1,18,0.07134616324500373,False,0.052503158542196504,104.841443,112.44513331827889,target,0.3927254481290408,0.007930480315880364,0.08640244488050405,0.6560837949972101,7.148021516518386,SOL
603,2022-04-10 00:00:00+00:00,2022-04-11 09:00:00+00:00,1,34,-0.044448500278423425,False,0.052223081872946296,112.923867,108.03403550346158,stop,-0.26212313382871855,0.07415497912412089,0.027240769216661687,5.1718082131142475,1.8998593975796074,SOL
604,2022-04-16 15:00:00+00:00,2022-04-17 23:00:00+00:00,1,33,-0.02777289864648051,False,0.05478381009592854,102.860849,100.13525407296855,stop,-0.15650331717119523,0.032479306096336084,0.025171394414603764,3.718188993669349,2.8815887072860753,SOL
605,2022-04-18 00:00:00+00:00,2022-04-19 00:00:00+00:00,-1,25,-0.03685788289314811,False,0.054753221857763094,100.05997300000001,103.63677909877619,stop,-0.2019298147075827,0.03677821300231593,0.054567004530373185,3.1136320218538165,4.6196255547194065,SOL
606,2022-04-30 15:00:00+00:00,2022-04-30 22:00:00+00:00,-1,8,0.06500933110907066,False,0.05749738087050522,91.77246,85.71746953479865,target,0.34303318283289774,0.010433849108981156,0.07205277051525043,0.9488437732509305,6.552406684703291,SOL
607,2022-04-30 23:00:00+00:00,2022-05-01 05:00:00+00:00,-1,7,-0.047563156443124886,False,0.06588602540532557,85.294404,89.23578107363828,stop,-0.2672911111204331,0.05317577457953746,0.04249286975497242,3.475894869947927,2.7775946689737676,SOL
608,2022-05-20 15:00:00+00:00,2022-05-22 14:00:00+00:00,-1,48,-0.03636943177311534,False,0.10635725794726239,50.324898000000005,52.095623999999994,time,-0.19466440700967855,0.050772124764167384,0.050966779902862525,1.8591615180556562,1.86628935335573,SOL
609,2022-05-22 15:00:00+00:00,2022-05-23 20:00:00+00:00,1,30,-0.04419458307198547,False,0.09900550861519562,52.095623999999994,49.856554238064106,stop,-0.22794477660218834,0.04656099329955223,0.049224403185956715,3.271815485042301,3.4589718382860952,SOL
610,2022-06-09 09:00:00+00:00,2022-06-10 12:00:00+00:00,1,28,-0.051469045868790565,False,0.12177737768720782,40.482141,38.444632444226265,stop,-0.2537325642145826,0.0669959871934638,0.03650644366857974,4.016059543170816,2.1883706416483872,SOL
611,2022-07-02 22:00:00+00:00,2022-07-03 13:00:00+00:00,1,16,-0.052517855805741614,False,0.137774064477657,33.940179,32.19077049260324,stop,-0.24557750663329272,0.0527451254750307,0.0017625422659084814,3.0869619234966454,0.10315457237823197,SOL
612,2022-07-03 14:00:00+00:00,2022-07-04 00:00:00+00:00,-1,11,-0.04985070088850031,False,0.13759169363028492,32.200337000000005,33.77066278130526,stop,-0.22086347561503403,0.052162901276467936,0.0024949117768552297,3.2297120136819157,0.15447466190729192,SOL
613,2022-07-10 01:00:00+00:00,2022-07-11 13:00:00+00:00,-1,37,0.07760191604477765,False,0.11202177965655974,37.578723000000004,34.64104320957926,target,0.32667577503801437,0.009081655063158958,0.07953231939254561,0.6970337634064313,6.104252089854786,SOL
614,2022-07-25 01:00:00+00:00,2022-07-26 15:00:00+00:00,-1,39,0.11306119235207761,False,0.11508172722470839,39.418171,34.926072005499165,target,0.5128807534594872,0.002836991092255401,0.1153825985482686,0.14936758981077625,6.074894171612619,SOL
615,2022-07-30 13:00:00+00:00,2022-08-01 12:00:00+00:00,1,48,-0.032925590106413535,False,0.11703402858526624,43.142939,41.787459999999996,time,-0.16624762471773025,0.03506805598014535,0.08105755150338743,1.9675875927780124,4.547951923235432,SOL
616,2022-08-06 19:00:00+00:00,2022-08-07 00:00:00+00:00,1,6,-0.031135004173059918,False,0.12008560608842356,40.662195,39.436226599789116,stop,-0.15203049213684708,0.03620549751433732,0.005848307008512492,3.6376421925598597,0.5875916584431435,SOL
617,2022-08-07 01:00:00+00:00,2022-08-07 17:00:00+00:00,-1,17,-0.03557598675814541,False,0.12020151230341976,39.358188999999996,40.72430400178769,stop,-0.16830692810171108,0.036378985831893924,0.005289598055438915,3.1726336056274342,0.4613090818005727,SOL
618,2022-08-28 23:00:00+00:00,2022-08-29 23:00:00+00:00,-1,25,-0.03700033511033164,False,0.14600051516485363,31.250622000000003,32.35217557671795,stop,-0.1688179846919332,0.043819223822168844,0.04321904376815299,3.7625414285629826,3.711006916518765,SOL
619,2022-09-04 03:00:00+00:00,2022-09-06 00:00:00+00:00,1,46,0.043947953048874625,False,0.13970964329435825,31.449432,32.8753541874435,target,0.1930980294498134,0.014290623754349573,0.06774583401061096,1.8911214256611526,8.965010932973197,SOL
620,2022-10-01 18:00:00+00:00,2022-10-03 17:00:00+00:00,-1,48,-0.015111778551936628,False,0.14048571448286878,32.650202,33.10993,time,-0.06931601992153631,0.015920207783094314,0.029408761391430255,1.5138641882368404,2.79650060460676,SOL
621,2022-10-05 09:00:00+00:00,2022-10-07 08:00:00+00:00,-1,48,0.009083407178783875,False,0.1340529995266291,33.699887000000004,33.370008,time,0.04103493627125876,0.023148831329908994,0.01750412397525263,2.5829504743816876,1.9531130829528747,SOL
622,2022-10-08 20:00:00+00:00,2022-10-10 00:00:00+00:00,-1,29,-0.017842398727028655,False,0.1394913999537797,32.680192999999996,33.22708810093178,stop,-0.081336463613481,0.020801804934261064,0.011327748278597786,3.7982998464922937,2.0683870790864005,SOL
623,2022-11-16 14:00:00+00:00,2022-11-18 13:00:00+00:00,-1,48,0.01109753698351753,False,0.3228992784869513,13.865839,13.5480632,time,0.04968666284840003,0.04573549426039064,0.0745601474241839,2.1599079166205266,3.521183170537203,SOL
624,2022-11-18 15:00:00+00:00,2022-11-20 14:00:00+00:00,-1,48,0.04279430647247357,False,0.33725438042261185,13.4229719,12.7828337,time,0.19372794551396175,0.012070955762039594,0.07248557973961049,0.8073222053181002,4.847935759417904,SOL
625,2022-11-28 00:00:00+00:00,2022-11-28 01:00:00+00:00,-1,2,0.06655736843621231,False,0.3349720257695091,14.0927709,13.138922056633252,target,0.3141963053956383,0.003918966709378639,0.08719157564677354,0.3474078752670765,7.729343544599001,SOL
626,2022-11-28 02:00:00+00:00,2022-11-28 17:00:00+00:00,-1,16,-0.06358910852425509,False,0.386671112464198,13.0210925,13.725674412610559,stop,-0.32016355123245,0.06035649466433023,0.021357078908701373,3.365936915326303,1.1910330562125673,SOL
627,2022-12-03 23:00:00+00:00,2022-12-04 20:00:00+00:00,-1,22,-0.024063767818276814,False,0.3545163956043744,13.299009100000001,13.602968811060022,stop,-0.1134538497120978,0.03383642319637179,0.0041363307285804665,4.5017090186040924,0.5503110431239838,SOL
628,2022-12-11 17:00:00+00:00,2022-12-11 22:00:00+00:00,1,6,-0.013875593635546682,False,0.33634710124617473,13.6801028,13.503875241675534,stop,-0.06384525450945414,0.0207675924774483,0.007667866355507205,4.9502396327363485,1.827740792428205,SOL
629,2022-12-11 23:00:00+00:00,2022-12-12 02:00:00+00:00,-1,4,0.03342993252177503,False,0.33697967932366674,13.4649593,12.999123851816645,target,0.15168556643159598,0.0034192973758189475,0.05287496858605434,0.5930081127945036,9.17009604283831,SOL
630,2022-12-12 03:00:00+00:00,2022-12-12 21:00:00+00:00,-1,19,-0.030276397484069087,False,0.36262159927079934,12.931119500000001,13.30414948217491,stop,-0.1419691533398209,0.034558531455841764,0.003953215342260229,3.6327816456527864,0.4155607177644799,SOL
631,2022-12-25 18:00:00+00:00,2022-12-27 14:00:00+00:00,-1,45,0.04379116885341775,False,0.4026645387483101,11.2926112,10.77552295336812,target,0.199124316301315,0.017302357846164042,0.052123569082055975,2.267181293785224,6.829911959910044,SOL
632,2023-01-07 23:00:00+00:00,2023-01-08 03:00:00+00:00,-1,5,-0.02777555559676598,False,0.36436551812921597,13.026091,13.370516848634715,stop,-0.13182996396619542,0.028627851594158215,0.014746634274242332,3.286353578919697,1.6928498516481558,SOL
633,2023-01-08 09:00:00+00:00,2023-01-08 23:00:00+00:00,1,15,0.06678560654452086,False,0.3393691252182295,13.5970779,14.51606920723822,target,0.30817740171726354,0.012802596357854237,0.13914181516897836,1.1365367569567844,12.352165369348237,SOL
634,2023-01-22 21:00:00+00:00,2023-01-24 20:00:00+00:00,-1,48,-0.016166537539226457,False,0.20612344841065375,23.8818333,24.2592756,time,-0.07958149200883366,0.05938265635578322,0.008325713419999478,2.856244308967965,0.40045819829101975,SOL
635,2023-02-04 14:00:00+00:00,2023-02-04 23:00:00+00:00,1,10,-0.028130548384828587,False,0.19498094601886243,24.838449299999997,24.166703176400436,stop,-0.13623693058590935,0.02795864152437241,0.0010286753287776184,3.1352398931358234,0.11535409991421582,SOL
636,2023-02-05 00:00:00+00:00,2023-02-06 05:00:00+00:00,-1,30,0.05464415530899721,False,0.193609666565141,24.3107046,22.953476989861517,target,0.2571984223242444,0.00614113833623727,0.06131885622105748,0.6600016042324681,6.590071947539723,SOL
637,2023-02-11 22:00:00+00:00,2023-02-12 18:00:00+00:00,1,21,0.060869592015720446,False,0.24038447417014414,20.650193199999997,21.90450729363662,target,0.30215579248093666,0.003496006032524549,0.09098252891890636,0.3453355122114023,8.987255151791167,SOL
638,2023-02-24 14:00:00+00:00,2023-02-25 18:00:00+00:00,-1,29,0.06676157259029299,False,0.22389161607266714,23.5209416,21.93396437105403,target,0.35157589645998644,0.010546278470416249,0.0715932902958273,0.9378523981648509,6.366600235789516,SOL
639,2023-03-05 23:00:00+00:00,2023-03-07 15:00:00+00:00,-1,41,0.05320620544845655,False,0.2670184530215235,21.0386865,19.89761594628219,target,0.29889743267134333,0.006716840426325996,0.05573953012703531,0.7430574711068011,6.1662436008668156,SOL
640,2023-03-25 19:00:00+00:00,2023-03-27 18:00:00+00:00,-1,48,0.028292550406889765,False,0.2893229601411786,20.4498632,19.8509535,time,0.16739612686681574,0.03311204546346303,0.05637510572686857,2.6080454591033826,4.44034297608311,SOL
641,2023-04-02 08:00:00+00:00,2023-04-02 15:00:00+00:00,1,8,-0.02490433730604501,False,0.287288575241842,21.177351299999998,20.67297236180709,stop,-0.15151826416913244,0.03670672923105353,0.0010694774657679358,4.681192416924016,0.13638997283878362,SOL
642,2023-04-02 16:00:00+00:00,2023-04-04 12:00:00+00:00,-1,45,-0.026252575440700452,False,0.2884776189846812,20.564828700000003,21.085131889597037,stop,-0.15574321526130988,0.0342415349173317,0.030529245303171523,4.110112769710771,3.664515661261597,SOL
643,2023-04-07 06:00:00+00:00,2023-04-09 05:00:00+00:00,-1,48,0.015467589881094382,False,0.2827599896206153,20.429869200000002,20.0970273,time,0.08935239370408986,0.014494992459373976,0.029802892717492327,1.7519331034953949,3.6021180747790225,SOL
644,2023-04-09 20:00:00+00:00,2023-04-11 01:00:00+00:00,1,30,0.037733093411976754,False,0.2892400835432041,20.281082499999997,21.074438564920964,target,0.22134617460365,0.010753000980100435,0.04466810388449457,1.6493161870897584,6.8512805792207505,SOL
645,2023-04-11 02:00:00+00:00,2023-04-11 04:00:00+00:00,1,3,0.045396409076050866,False,0.28765468351791024,21.162346799999998,22.144694873178643,target,0.27634828741133455,0.006301134806088625,0.06174424851595397,0.8144575449831326,7.980795620265135,SOL
646,2023-04-11 05:00:00+00:00,2023-04-12 07:00:00+00:00,1,27,0.06622720322529854,False,0.2839494707562556,22.4117215,23.926059224771677,target,0.4214564413522166,0.022832761865258774,0.07533015703412176,2.027506116882168,6.689175627271193,SOL
647,2023-04-22 15:00:00+00:00,2023-04-23 18:00:00+00:00,1,28,-0.03202993408730621,False,0.31437261596298927,21.583473100000003,20.915413474218965,stop,-0.21733120315314564,0.03166650227390901,0.030649696503200787,3.098325179039466,2.9988385071510577,SOL
648,2023-04-28 17:00:00+00:00,2023-04-30 16:00:00+00:00,1,48,0.025174329724643802,False,0.28542653065933227,23.0109012,23.6249104,time,0.1653430264024124,0.011903106167784552,0.04298392276787494,0.8411531318969834,3.0375316113092814,SOL
649,2023-05-15 01:00:00+00:00,2023-05-15 01:00:00+00:00,-1,1,-0.023652415591932867,False,0.3258798775331786,20.6617996,21.129605368532165,stop,-0.15925797552511917,0.025515705805219488,0.0019262407326803468,3.427319985823158,0.25873645867446565,SOL
650,2023-05-15 07:00:00+00:00,2023-05-16 00:00:00+00:00,1,18,-0.02665579172216654,False,0.30667452810064394,21.436429,20.88938271851825,stop,-0.17523535464782047,0.02735665534590668,0.003805251331740015,3.2532542867128154,0.45252060423589635,SOL
651,2023-05-20 01:00:00+00:00,2023-05-21 21:00:00+00:00,-1,45,0.034144299348187565,False,0.3168972967902916,20.191940600000002,19.489735629388086,target,0.2184815659062889,0.009759309612865887,0.044173099439486344,1.683776745370589,7.621198686953862,SOL
652,2023-05-21 22:00:00+00:00,2023-05-23 03:00:00+00:00,-1,30,-0.02408398257586291,False,0.33756125914710644,19.6031173,20.061439744203696,stop,-0.1593698049645472,0.0289179874468231,0.017197127112023286,3.759951862371002,2.2359913611272533,SOL
653,2023-06-18 22:00:00+00:00,2023-06-19 18:00:00+00:00,-1,21,-0.031140648672230736,False,0.4188976785138439,15.4163737,15.877664761520757,stop,-0.20110267046602404,0.03714403342466986,0.010792012650809016,3.7629114088864912,1.0932950405328128,SOL
654,2023-07-02 00:00:00+00:00,2023-07-03 23:00:00+00:00,1,48,0.028636760559431478,False,0.3349166851768123,18.681602799999997,19.2452247,time,0.17917392458079925,0.01325383066168154,0.057189803864152566,1.0157675227773124,4.383000423202964,SOL
655,2023-07-04 14:00:00+00:00,2023-07-05 10:00:00+00:00,1,21,-0.030044429248142712,False,0.3311386619087178,19.435829,18.876875963212104,stop,-0.19336457685983433,0.06610621033967723,0.0264548015934901,6.966507654610507,2.7879011193542103,SOL
656,2023-07-12 13:00:00+00:00,2023-07-13 01:00:00+00:00,1,13,-0.035681717433077506,False,0.27941426532357366,22.3417005,21.569535409259185,stop,-0.22274632641057923,0.0358388342015417,0.018230461016161104,3.1371629788833295,1.5958088108071362,SOL
657,2023-07-26 02:00:00+00:00,2023-07-26 15:00:00+00:00,1,14,0.060718281650477164,False,0.2571371600345328,23.4110212,24.8565889186162,target,0.36551455342087114,0.00559656064896474,0.06723238540316212,0.5438190061082243,6.532985399701877,SOL
658,2023-07-26 16:00:00+00:00,2023-07-28 15:00:00+00:00,1,48,0.010964518714124209,False,0.2564352639452655,24.9004679,25.209434899999998,time,0.07001237792658249,0.016283545418839213,0.032992637058037066,1.3608592208183392,2.7572824716414375,SOL
659,2023-08-05 17:00:00+00:00,2023-08-06 06:00:00+00:00,-1,14,-0.03029170607630332,False,0.28806689991578543,22.4092752,23.06456147722278,stop,-0.19554418386774602,0.02961830733374191,0.0010386413568610419,3.0710512828903616,0.10769423233775684,SOL
660,2023-08-06 09:00:00+00:00,2023-08-07 15:00:00+00:00,1,31,-0.027781127233805707,False,0.2691012198536073,23.2619765,22.644993918673038,stop,-0.17390502957821768,0.026952847278476008,0.01758335109658459,3.0825457816318176,2.010974357911797,SOL
661,2023-08-10 13:00:00+00:00,2023-08-12 12:00:00+00:00,1,48,-0.006399565950438608,False,0.24667920831898857,24.6713992,24.5516323,time,-0.03894725423434005,0.013432525545612342,0.01056287071063237,1.5860958122562363,1.2472505592971357,SOL
662,2023-08-12 17:00:00+00:00,2023-08-13 22:00:00+00:00,1,30,-0.016842907351853967,False,0.24438714506861506,24.7434208,24.356812784419873,stop,-0.10184862231124897,0.021558086261055636,0.022494027988240076,4.219002244957013,4.4021697209714965,SOL
663,2023-08-27 09:00:00+00:00,2023-08-28 05:00:00+00:00,1,21,-0.01736210830648276,False,0.2896506819790965,20.5251557,20.184945469644,stop,-0.10321991015689823,0.016329021075343064,0.019042208776033853,3.009002798298674,3.5089708824856563,SOL
664,2023-09-10 01:00:00+00:00,2023-09-10 04:00:00+00:00,-1,4,0.02903539736735623,False,0.30185745821764204,19.353192300000003,18.77220197410559,target,0.16962204571896314,0.00030009002700801484,0.08201191180227176,0.05997724651670503,16.391243322923724,SOL
665,2023-09-10 05:00:00+00:00,2023-09-12 04:00:00+00:00,-1,48,0.01489148892900733,False,0.32746999298799634,18.3574911,18.0374096,time,0.08952059494156173,0.01571613999039335,0.05651595277090998,1.4702810943168558,5.287197552144835,SOL
666,2023-09-24 02:00:00+00:00,2023-09-24 23:00:00+00:00,1,22,-0.018087793258243008,False,0.3109783465682147,19.6188839,19.28491199200533,stop,-0.11035449627059771,0.022880195544660847,0.0026564253229511806,4.103334821050207,0.4764033815143119,SOL
667,2023-09-25 00:00:00+00:00,2023-09-25 16:00:00+00:00,-1,17,-0.02124826469704113,False,0.3096894743081927,19.344195000000003,19.73559927152542,stop,-0.12729184291658902,0.0199442261619053,0.014794877739807876,3.0024875075306885,2.2272829854920464,SOL
668,2023-10-13 12:00:00+00:00,2023-10-15 11:00:00+00:00,1,48,0.017344218331053308,False,0.27307911691475467,21.4714395,21.8504429,time,0.1016961198987199,0.0062613175050512644,0.04175595679088026,0.807541950806515,5.385398005690803,SOL
669,2023-10-15 13:00:00+00:00,2023-10-16 01:00:00+00:00,-1,13,-0.01765578664373128,False,0.2738989177794099,21.778464500000002,22.13913074319848,stop,-0.10531849508006809,0.019126026997908798,0.00635786329196906,3.5296976765094925,1.1733401449073493,SOL
670,2023-10-16 02:00:00+00:00,2023-10-16 08:00:00+00:00,1,7,0.039770504267686295,False,0.2648292023408904,22.126636,23.02775897527518,target,0.233046380138726,0.0055424602275736794,0.04308671232265027,0.8165544772346989,6.347839481346254,SOL
671,2023-11-09 03:00:00+00:00,2023-11-09 12:00:00+00:00,1,10,0.09098068391320066,False,0.13844751546705455,44.0081985,48.06252025669624,target,0.5543294530171465,0.008548373094617836,0.09525046793269677,0.5567370168073027,6.203456585176105,SOL
672,2023-11-09 13:00:00+00:00,2023-11-09 16:00:00+00:00,1,4,-0.05562914068396124,False,0.13885453845892967,47.8713571,45.26793218807599,stop,-0.36977553151987874,0.14537622331162195,0.023576580409917034,8.061527977186712,1.307388913065428,SOL
673,2023-11-20 16:00:00+00:00,2023-11-21 22:00:00+00:00,-1,31,0.11852517940644719,False,0.1064263901126445,58.983299699999996,51.95353830207222,target,0.7440275508783657,0.007522473348502801,0.1319576853039301,0.3787044323844019,6.643155515031569,SOL
674,2023-11-23 16:00:00+00:00,2023-11-25 02:00:00+00:00,-1,35,-0.054561484513255404,False,0.1240027236787136,56.623008000000006,59.68284564726231,stop,-0.3830984010160216,0.05732637870457171,0.01753718205857243,3.2012406159740032,0.9793177375628558,SOL
675,2023-11-25 03:00:00+00:00,2023-11-26 14:00:00+00:00,1,36,-0.04737161356197228,False,0.11130466294030861,59.6408869,56.897313553506656,stop,-0.3144673998354742,0.04993029203259554,0.0016282973820096126,3.2766051266727403,0.10685472350447121,SOL
676,2023-11-26 15:00:00+00:00,2023-11-26 20:00:00+00:00,-1,6,-0.031561574182808555,False,0.11094673663131092,56.9988952,58.74570835741422,stop,-0.19959038990922773,0.03087963010202346,0.01577039689709632,3.053626238307682,1.5595037114885577,SOL
677,2023-12-18 00:00:00+00:00,2023-12-18 21:00:00+00:00,-1,22,-0.0544752309993394,False,0.08640220093616678,70.8807294,74.68324072240547,stop,-0.333619989236925,0.06538124874318792,0.056852256376470185,3.6778825246181572,3.198102272922963,SOL
678,2023-12-31 03:00:00+00:00,2024-01-01 12:00:00+00:00,-1,34,-0.04830337524775792,False,0.05750162552373173,100.70377979999999,105.6185669943598,stop,-0.2797070237993117,0.055461872544331346,0.010613105110082347,3.4313494335759267,0.6566181511245237,SOL
679,2024-01-03 12:00:00+00:00,2024-01-03 12:00:00+00:00,-1,1,0.11970025734042587,False,0.053261621105506814,103.46895,90.98646235208031,target,0.6596590223103621,0.0009186330778459268,0.19289796600815995,0.045688008359051964,9.59373671160475,SOL
680,2024-01-03 13:00:00+00:00,2024-01-05 12:00:00+00:00,-1,48,-0.003969133650390226,False,0.06156980742161313,100.22092470000001,100.5791647,time,-0.024491868760375055,0.08061265972334403,0.052094158137417496,2.4014547625979294,1.5518873163591158,SOL
681,2024-01-13 20:00:00+00:00,2024-01-15 19:00:00+00:00,1,48,0.011017221003299204,False,0.06482915390254429,94.80443279999999,96.00219070000001,time,0.06771284466720416,0.019033211282500146,0.0859091390502999,1.171656465130335,5.288440121221779,SOL
682,2024-01-16 08:00:00+00:00,2024-01-18 07:00:00+00:00,1,48,0.028871625143213425,False,0.06355381385033883,97.77232289999999,100.75376480000001,time,0.1794026200699588,0.03667012088550874,0.05996254283532026,2.860816121484165,4.677972286048796,SOL
683,2024-01-21 23:00:00+00:00,2024-01-22 10:00:00+00:00,-1,12,0.056676253697941034,False,0.06988367701065284,91.4835467,86.2277823335266,target,0.3623430008696333,0.005076905266069971,0.058398989684119884,0.5302216015954703,6.099071032270988,SOL
684,2024-02-03 14:00:00+00:00,2024-02-05 13:00:00+00:00,-1,48,-0.0036418240047329515,False,0.06897809367758942,97.9376099,98.25446749999999,time,-0.024602522808577977,0.008233712266649889,0.039163809530540675,0.7974089470766357,3.7928908747214405,SOL
685,2024-02-26 01:00:00+00:00,2024-02-26 09:00:00+00:00,1,9,-0.027225233100255045,False,0.06464529185228321,104.121227,101.4465126321365,stop,-0.18325160398534626,0.026615389386450566,0.010360740370452974,3.144034827013333,1.2238982524497763,SOL
686,2024-02-26 10:00:00+00:00,2024-02-26 15:00:00+00:00,-1,6,-0.033455463340132684,False,0.06449944263257985,101.51553620000001,104.80862341998304,stop,-0.21905618687793896,0.03612711844199462,0.011481357865300025,3.373255160666402,1.0720353944853065,SOL
687,2024-02-26 17:00:00+00:00,2024-02-28 11:00:00+00:00,1,43,0.07098943504301879,False,0.059136160751699196,107.0180958,115.00424539398865,target,0.4492665296743085,0.015493602157701614,0.07769624508680523,1.2457285808280498,6.246993574669934,SOL
688,2024-03-24 04:00:00+00:00,2024-03-24 20:00:00+00:00,-1,17,-0.04635872107288488,False,0.03945426830416316,171.7914471,179.65187731341945,stop,-0.3142150465842945,0.04661787903409548,0.002313544164795581,3.077627914337533,0.1527359942184411,SOL
689,2024-03-24 21:00:00+00:00,2024-03-25 14:00:00+00:00,1,18,0.07638707466902975,False,0.036084055697207115,179.12872249999998,193.0702065718313,target,0.4937424317511152,0.0002999100269918585,0.08692228294097298,0.023120565812016287,6.700984236589138,SOL
690,2024-03-31 19:00:00+00:00,2024-04-01 05:00:00+00:00,1,11,-0.029500628293876997,False,0.03501835981986933,198.679586,193.18349795783155,stop,-0.20524865163931377,0.02858666113789869,0.030578954397458807,3.133209966465958,3.351573106773415,SOL
691,2024-04-12 13:00:00+00:00,2024-04-12 18:00:00+00:00,-1,6,0.06527224069229366,False,0.03977721475741761,169.75005969999998,158.54880657419326,target,0.44073021708963,0.0003177630693936188,0.17525802201529347,0.028893356516914145,15.935748991222297,SOL
692,2024-04-12 19:00:00+00:00,2024-04-13 19:00:00+00:00,-1,25,0.15549555807143148,False,0.04763245805378638,151.0086838,127.43327016190571,target,1.118466300498157,0.026344949839235635,0.16428647131881033,1.0124911302268662,6.313870249957249,SOL
693,2024-04-26 23:00:00+00:00,2024-04-28 22:00:00+00:00,-1,48,-0.0005814183899549305,False,0.0597531588286159,139.0952589,139.0667075,time,-0.004832389815928401,0.04014328844963958,0.04824218275350587,2.7256026216625897,3.275491990464023,SOL
694,2024-05-12 06:00:00+00:00,2024-05-12 07:00:00+00:00,1,2,-0.027379229164011632,False,0.05632160533299058,147.484232,143.59176541270008,stop,-0.22742690062585044,0.026262007453108627,0.0018359115162901204,3.0185920019129875,0.21102224684036153,SOL
695,2024-05-12 08:00:00+00:00,2024-05-13 16:00:00+00:00,-1,33,-0.03099254120618529,False,0.05606811715715917,144.0947586,148.45095688794186,stop,-0.2503925155106767,0.0463947576230576,0.04382365230597641,4.651491099355109,4.3937147015328675,SOL
696,2024-05-26 03:00:00+00:00,2024-05-27 15:00:00+00:00,-1,37,-0.02642829608860494,False,0.047232078498137445,165.75026000000003,170.02861361123766,stop,-0.2068999757108304,0.03507529942939436,0.028647074218767533,4.125794504972063,3.369663076810939,SOL
697,2024-06-02 00:00:00+00:00,2024-06-03 23:00:00+00:00,-1,48,0.0068280600663240005,False,0.04585107379517117,166.230116,165.0444985,time,0.05204230838284051,0.0070678167607125504,0.029315482159682847,1.4447376258328837,5.992399283885306,SOL
698,2024-06-23 14:00:00+00:00,2024-06-23 23:00:00+00:00,-1,10,0.03535597137863619,False,0.057495988827797835,133.4679476,128.6234466783999,target,0.2713171855042552,0.0008919924381903572,0.039739485737023614,0.14744850120990113,6.569032830215442,SOL
699,2024-06-24 00:00:00+00:00,2024-06-24 09:00:00+00:00,-1,10,0.05424389738192201,False,0.06177190332276867,128.621402,121.53644396013298,target,0.4309780064670134,0.008720150632474104,0.05614463757750039,0.9498416168638817,6.115549556707499,SOL
700,2024-07-13 10:00:00+00:00,2024-07-15 00:00:00+00:00,1,39,0.05534578446000608,False,0.05957352532465914,140.602168,148.55297529393454,target,0.4635855232021575,0.011217238129642497,0.07336182753597366,1.1901946117118303,7.783988431868232,SOL
701,2024-08-11 04:00:00+00:00,2024-08-11 12:00:00+00:00,1,9,-0.0313677274466523,False,0.05679151966434116,155.65268179999998,150.92096046188803,stop,-0.27728294207356813,0.032461257599738884,0.014759258712624422,3.234453660453509,1.470618882276835,SOL
702,2024-08-11 13:00:00+00:00,2024-08-11 22:00:00+00:00,-1,10,0.06515753051851556,False,0.05653528345963487,151.4535503,141.44306393245398,target,0.557909361060518,0.0026176322655673337,0.06839423889028497,0.23762064226087679,6.208619593299134,SOL
703,2024-09-08 08:00:00+00:00,2024-09-09 21:00:00+00:00,1,38,0.05231525819469158,False,0.07037933975453127,129.588865,136.50112110140273,target,0.4771349695706584,0.023511780892594415,0.05768346686268141,2.644750097770558,6.488592051862529,SOL
704,2024-09-15 11:00:00+00:00,2024-09-15 21:00:00+00:00,-1,11,0.029152139256694402,False,0.07065607246339307,135.8342375,131.74232467856382,target,0.27978805671114587,0.003399455899327236,0.03065675912525377,0.6770855394293395,6.106050175142942,SOL
705,2024-09-15 22:00:00+00:00,2024-09-17 14:00:00+00:00,-1,41,-0.02223831307301807,False,0.07480969368435528,132.0323784,134.8561198485701,stop,-0.21965452940085556,0.021423696477166475,0.02417875401993058,3.0488537782093066,3.440932129739022,SOL
706,2024-09-29 02:00:00+00:00,2024-09-30 09:00:00+00:00,1,32,-0.022947375500821793,False,0.06113503770695629,157.9723775,154.56633559129557,stop,-0.22161765801772026,0.022841825622330645,0.02398281623633855,3.22209349901823,3.3830429126343455,SOL
707,2024-10-12 11:00:00+00:00,2024-10-14 03:00:00+00:00,1,41,0.03528678540250781,False,0.06429783477183812,146.7550133,152.095691609424,target,0.3329671514446614,0.016169895982694832,0.03907864250113497,2.6659684360460174,6.442986865410216,SOL
708,2024-10-14 04:00:00+00:00,2024-10-16 03:00:00+00:00,1,48,0.009082891896191415,False,0.06406919194691611,152.475729,154.09375799999998,time,0.08873074140129751,0.014990772728163205,0.049216167380973716,1.6449294919877158,5.400463783662941,SOL
709,2024-10-31 14:00:00+00:00,2024-11-02 13:00:00+00:00,-1,48,0.044071986427612383,False,0.05735991539510412,171.85742729999998,164.209248,time,0.43444963214410104,0.012408964416052479,0.051539391920130205,1.1928197085759524,4.954257292479894,SOL
710,2024-11-02 14:00:00+00:00,2024-11-04 13:00:00+00:00,-1,48,0.004221277717988853,False,0.06271482518154786,164.110752,163.308978,time,0.043446137955083106,0.01675239413929456,0.03863702970540273,1.8390209550141021,4.241441950143256,SOL
711,2024-11-29 03:00:00+00:00,2024-12-01 02:00:00+00:00,1,48,-0.03074549044195128,False,0.0427723786190195,241.64247099999997,234.59959899999998,time,-0.3177738061533979,0.030882282278929214,0.021674703864454456,2.9619430392669264,2.0788372329364906,SOL
712,2024-12-01 03:00:00+00:00,2024-12-02 17:00:00+00:00,-1,39,0.05814058956145482,False,0.042701903569298254,234.59959899999998,221.01462602914452,target,0.5824436733872976,0.021229367062984745,0.06176310216114211,2.1996662094292283,6.399541183225867,SOL
713,2024-12-26 05:00:00+00:00,2024-12-28 04:00:00+00:00,-1,48,0.05399546146476038,False,0.054340563570605224,195.071461,184.375296,time,0.5723677190692837,0.0025556736871929914,0.06362520143323273,0.2256011881963831,5.616492087586136,SOL
714,2025-01-26 22:00:00+00:00,2025-01-27 02:00:00+00:00,-1,5,0.06328052959826713,False,0.044867371835263375,249.015273,233.0076642882588,target,0.7070118953788908,0.00423559160566021,0.06531837507011069,0.39533462579943107,6.096578180875887,SOL
715,2025-01-27 03:00:00+00:00,2025-01-29 02:00:00+00:00,-1,48,0.019260877496605048,False,0.050584189141169,234.849524,230.099009,time,0.2288129213782103,0.037983794252868096,0.05999383673436788,2.595365601828149,4.099272946391218,SOL
716,2025-01-31 04:00:00+00:00,2025-02-01 20:00:00+00:00,-1,41,0.07223737794078264,False,0.0513573579498702,235.769248,218.49195312764607,target,0.8746852551364604,0.02557904413386434,0.08113546682729385,2.0943389730472357,6.643139961896273,SOL
717,2025-02-16 08:00:00+00:00,2025-02-17 05:00:00+00:00,-1,22,0.04947611797375592,False,0.0673603062155378,192.74216,182.95683402271212,target,0.6423568960244863,0.006266610273538369,0.06351573521849092,0.7406028186307239,7.506439761995373,SOL
718,2025-03-09 08:00:00+00:00,2025-03-09 12:00:00+00:00,1,5,-0.03659889778043854,False,0.09760975551310723,139.591865,134.62006256566707,stop,-0.49867929967894126,0.03905575013271745,0.000917925983723952,3.3166201791369283,0.07795041268513841,SOL
719,2025-03-09 13:00:00+00:00,2025-03-10 00:00:00+00:00,-1,12,0.07377061756338138,False,0.0969562707739423,135.389371,125.27311015883284,target,0.9683757215822401,0.00037395106887664383,0.0841230808288489,0.03002828859095239,6.75508738583649,SOL
720,2025-04-18 16:00:00+00:00,2025-04-19 02:00:00+00:00,-1,11,-0.03414971232807778,False,0.1061625937233167,132.770157,137.16167239030858,stop,-0.4813478528650228,0.041875698015480994,0.0012815907116839323,3.834040234268969,0.11733942561733698,SOL
721,2025-04-19 03:00:00+00:00,2025-04-21 02:00:00+00:00,1,48,0.01902229746608468,False,0.09905956361651776,137.43121699999998,140.077964,time,0.25896720622976993,0.014052244040012945,0.04233960178057672,1.482601898930721,4.4670996191862145,SOL
722,2020-02-24 01:00:00+00:00,2020-02-24 02:00:00+00:00,1,2,-0.028886619129606116,False,0.043198517413058864,23.148942599999998,22.503073920120745,stop,-0.028886619129606116,0.04133850156939773,0.003112772848639836,4.491874721703639,0.33823639325043914,BNB
723,2020-02-24 18:00:00+00:00,2020-02-25 16:00:00+00:00,-1,23,0.06867684328802348,False,0.044407076677078265,21.868437500000002,20.354623165825654,target,0.06669300147293869,0.012097915088812207,0.07629431686648865,1.0485929246176373,6.612848599732631,BNB
724,2020-03-07 17:00:00+00:00,2020-03-08 03:00:00+00:00,-1,11,0.06242910467345672,False,0.05030859305493768,20.628809500000003,19.33776383264938,target,0.06478932327409336,0.001027228449610526,0.0638335188465433,0.09848063721935374,6.119734723414921,BNB
725,2020-03-22 13:00:00+00:00,2020-03-24 12:00:00+00:00,-1,48,-0.04415151418083012,False,0.09394604630259822,11.736478,12.2426717,time,-0.04868126993229015,0.07144579489690173,0.08277423601867608,2.7525237590416873,3.188963767660599,BNB
726,2020-03-25 09:00:00+00:00,2020-03-27 08:00:00+00:00,1,48,0.04442516209902137,False,0.08418011794329512,12.5197548,13.0450853,time,0.04682031964381076,0.04470972546523024,0.06919026880622293,2.683223709849055,4.1524068381065105,BNB
727,2020-04-09 12:00:00+00:00,2020-04-10 07:00:00+00:00,-1,20,0.06669310563979329,False,0.07397642265865366,14.8795348,13.872796248188525,target,0.0734114193185454,0.019521121050101637,0.06979618744532261,1.7311259183072985,6.1895005299915065,BNB
728,2020-04-23 14:00:00+00:00,2020-04-25 13:00:00+00:00,1,48,0.0221059740588465,False,0.07388858343425408,15.890765799999999,16.258121100000004,time,0.025955644878051295,0.014647865491793937,0.03601048603963456,1.5361895857292274,3.776586674838409,BNB
729,2020-04-26 06:00:00+00:00,2020-04-26 13:00:00+00:00,-1,8,-0.020750942921277122,False,0.07456748606205209,16.094170300000002,16.410306651634798,stop,-0.02490324435669536,0.020804408910721956,0.002433819157487236,3.2276399007015355,0.37758784003467255,BNB
730,2020-04-26 14:00:00+00:00,2020-04-26 15:00:00+00:00,1,2,-0.01985626108798114,False,0.07166754842508677,16.3979179,16.088559799728184,stop,-0.023335049738776058,0.027193568276128493,0.0019564739984458774,4.392845799499704,0.31604857805468356,BNB
731,2020-05-19 04:00:00+00:00,2020-05-19 08:00:00+00:00,-1,5,-0.024638940769910692,False,0.07045858180068042,16.3480941,16.734352598881387,stop,-0.028380697178092034,0.02391140506097282,0.0026972012596870455,3.0760639667653167,0.3469793424887008,BNB
732,2020-05-19 09:00:00+00:00,2020-05-21 08:00:00+00:00,1,48,-0.016066808199804588,False,0.06721801930017554,16.714012699999998,16.4620599,time,-0.018050783117298543,0.017291640564566352,0.03793148368255106,2.1801904110274157,4.782533889248389,BNB
733,2020-05-26 13:00:00+00:00,2020-05-28 02:00:00+00:00,-1,38,-0.02559451439509238,False,0.06845139125089512,16.1491538,16.546135904550386,stop,-0.02829299639199597,0.026369567425879537,0.010969850321197698,3.2588628300051035,1.355700565166868,BNB
734,2020-05-28 13:00:00+00:00,2020-05-28 23:00:00+00:00,1,11,0.02948814891225037,False,0.06484499602201019,16.6109818,17.11767323241329,target,0.03176283666852397,0.002768156666091817,0.033051520169626515,0.5444947010174949,6.501213538012074,BNB
735,2020-06-01 22:00:00+00:00,2020-06-02 14:00:00+00:00,1,17,-0.02693841618606968,False,0.06316634271320928,17.555265,17.128271362974743,stop,-0.029872060498724467,0.05692110030808408,0.03832098233777747,7.106244686044371,4.784135858722253,BNB
736,2020-06-02 15:00:00+00:00,2020-06-04 14:00:00+00:00,-1,48,-0.019876705750756764,False,0.06288840127027814,17.157851100000002,17.4842437,time,-0.021447558326076022,0.02914985665075501,0.03292085335791275,2.0874919868476964,2.3575422139529105,BNB
737,2020-06-06 17:00:00+00:00,2020-06-08 16:00:00+00:00,-1,48,0.009486951910418057,False,0.060200286603161145,17.5677281,17.3842137,time,0.010033232104416178,0.008667705871426755,0.03971646737861335,1.26085962580382,5.777409955998553,BNB
738,2020-06-10 01:00:00+00:00,2020-06-10 18:00:00+00:00,1,18,-0.014352376195026887,False,0.06124026337490213,17.4332284,17.20033693037456,stop,-0.015322819268851937,0.014812425677850932,0.008992688927313027,3.4017732057442776,2.065231509398873,BNB
739,2020-06-20 14:00:00+00:00,2020-06-21 00:00:00+00:00,-1,11,-0.020422309999175714,False,0.06620179006041257,15.895230000000002,16.20737534501569,stop,-0.021490247309018738,0.021564330934500348,0.005424897909624601,3.3464418045281583,0.8418580295955664,BNB
740,2020-06-21 01:00:00+00:00,2020-06-23 00:00:00+00:00,1,48,0.01607480778261398,False,0.06385903725151605,16.1418411,16.4500635,time,0.016569950958066716,0.012752021205313479,0.026710639593645842,2.2203100414939283,4.65070598218467,BNB
741,2020-07-01 09:00:00+00:00,2020-07-02 16:00:00+00:00,1,32,-0.01776871308379256,False,0.06759575633255924,15.494647,15.235244746875791,stop,-0.01861045936667703,0.02772873754400478,0.031194837804307464,5.058036500940888,5.690292535125979,BNB
742,2020-07-04 00:00:00+00:00,2020-07-04 17:00:00+00:00,-1,18,-0.016691154972033558,False,0.06731231324553982,15.283413600000001,15.530258180928822,stop,-0.01717122469787656,0.023200733113706924,0.002120835099300179,4.392306919078623,0.4015113934213349,BNB
743,2020-07-04 18:00:00+00:00,2020-07-05 09:00:00+00:00,1,16,-0.017698548361067813,False,0.06489683070093193,15.5876749,15.327253145968731,stop,-0.01790368690797233,0.02070064342950847,0.002715292708600249,3.783974599282979,0.4963419941003055,BNB
744,2020-07-18 17:00:00+00:00,2020-07-19 07:00:00+00:00,1,15,0.043451185909891964,False,0.05788980159672923,17.165148,17.92854088135949,target,0.04317687909893671,0.01713635093621097,0.04857820043264412,2.3118999968364866,6.553783932449309,BNB
745,2020-07-19 08:00:00+00:00,2020-07-20 19:00:00+00:00,1,36,-0.031496565403692944,False,0.05832177602654782,17.778331899999998,17.253786726836505,stop,-0.03265765136382742,0.029773991338298677,0.03119910816829788,3.0575570273732398,3.203905426849899,BNB
746,2020-08-06 23:00:00+00:00,2020-08-07 16:00:00+00:00,-1,18,0.06210156011012081,False,0.04427288959897908,22.6821933,21.25162679930102,target,0.06236277416598488,0.014011286113146669,0.07350229662314009,1.332926640647813,6.992446555341829,BNB
747,2020-08-11 07:00:00+00:00,2020-08-11 16:00:00+00:00,-1,10,0.05487655657489104,False,0.04807539116455501,22.1853424,20.9518307805428,target,0.05852963483777412,0.006610562837200162,0.06857421321565892,0.7133662838030015,7.400055464428235,BNB
748,2020-08-23 09:00:00+00:00,2020-08-24 06:00:00+00:00,-1,22,-0.030591081336083653,False,0.051715663988662695,21.7554714,22.40032944926761,stop,-0.03441798427770154,0.03367100563033529,0.009260723258793768,3.4437363549950604,0.9471498924025116,BNB
749,2020-09-01 10:00:00+00:00,2020-09-01 12:00:00+00:00,1,3,-0.030220418464674693,False,0.04604728064918757,23.686103699999997,22.993639606041338,stop,-0.03296082609432241,0.029895322125098833,0.0034153485530844276,3.0986331117436796,0.3539989323563205,BNB
750,2020-09-01 15:00:00+00:00,2020-09-01 20:00:00+00:00,1,6,0.06888777146379575,False,0.044428681415127444,23.80714,25.496857357405293,target,0.07286396250492311,0.014791360911054504,0.07833196259609512,1.25041030722704,6.621912209733072,BNB
751,2020-09-01 21:00:00+00:00,2020-09-02 11:00:00+00:00,1,15,-0.052186417631227125,False,0.045418715191962826,24.8924655,23.685184758695435,stop,-0.05900111840453418,0.07602563514650648,0.04079686280975266,4.730481561062522,2.5384701738937134,BNB
752,2020-09-20 13:00:00+00:00,2020-09-21 10:00:00+00:00,-1,22,0.07384648716740064,False,0.0405701621377646,26.4130737,24.438728219481604,target,0.07913261681689863,0.00904575903258087,0.11047838404358068,0.7260926793944852,8.867972891655654,BNB
753,2020-10-01 14:00:00+00:00,2020-10-01 16:00:00+00:00,-1,3,0.05929043886328468,False,0.040296188257234175,28.5564305,26.817073662474876,target,0.06822641510709179,0.0017008253184864707,0.08276351275766065,0.16754296399273855,8.152773884039284,BNB
754,2020-10-01 17:00:00+00:00,2020-10-02 03:00:00+00:00,-1,11,-0.047947263080628466,False,0.045797307194326106,26.6160128,27.845392879739105,stop,-0.058444919064590706,0.055417286243565414,0.014503028793253346,3.623961198983406,0.9484118977513428,BNB
755,2020-10-05 09:00:00+00:00,2020-10-07 08:00:00+00:00,-1,48,0.03556453498179849,False,0.040621655490072676,28.568426900000002,27.3862134,time,0.04127252887716191,0.013006424935494053,0.054095624705188174,1.277188500574096,5.312013881408211,BNB
756,2020-10-18 02:00:00+00:00,2020-10-19 02:00:00+00:00,1,25,-0.0205324449275078,False,0.03906131617621348,30.766227100000002,30.15613364397404,stop,-0.02467526246680498,0.0200293359987583,0.005973202349533377,3.0757841427562105,0.9172686038772264,BNB
757,2020-10-24 22:00:00+00:00,2020-10-25 04:00:00+00:00,-1,7,-0.016603149993694697,False,0.0386377664902635,30.4648578,30.939967990694633,stop,-0.019543469265341857,0.01723763831256083,0.00048770291650602994,3.381970401090899,0.09568577772902953,BNB
758,2020-10-25 05:00:00+00:00,2020-10-25 05:00:00+00:00,1,1,-0.01655436279830033,False,0.03749849097669082,30.869258,30.388866165836582,stop,-0.019162512466793645,0.02472550522594346,0.0009958775167190623,4.858705523523719,0.1956957217666464,BNB
759,2020-10-25 09:00:00+00:00,2020-10-26 12:00:00+00:00,-1,28,-0.0213525298088546,False,0.037447127462693644,30.3998773,31.018282506330607,stop,-0.024307465414451473,0.024346239713276756,0.018088142086020807,3.6453110188284144,2.7082992869879696,BNB
760,2020-12-03 06:00:00+00:00,2020-12-04 00:00:00+00:00,-1,19,-0.029329456973590462,False,0.03715211825478889,29.987001199999998,30.875293155874466,stop,-0.032675379453629194,0.030813311202322002,0.003434861635981053,3.1534641969825303,0.35152707605922096,BNB
761,2020-12-07 08:00:00+00:00,2020-12-08 08:00:00+00:00,1,25,-0.02007179757583404,False,0.03667291668516499,29.4878437,28.92799928004579,stop,-0.021705746979089474,0.01935861115541648,0.006109510815129563,3.1071204123735185,0.9805964700104253,BNB
762,2020-12-27 12:00:00+00:00,2020-12-27 14:00:00+00:00,-1,3,-0.0460012315921459,False,0.032401574002880296,32.705185500000006,34.17622360789565,stop,-0.04874748157735093,0.05625451963878925,0.027921734307240185,3.778400635113729,1.8753959560470217,BNB
763,2020-12-27 16:00:00+00:00,2020-12-27 21:00:00+00:00,1,6,-0.054158707659231094,False,0.029009954992686614,34.8484514,33.00916169689893,stop,-0.05475185418723163,0.05249735143180576,0.0027131363432693592,3.000110557091399,0.15504989802855612,BNB
764,2020-12-31 00:00:00+00:00,2020-12-31 14:00:00+00:00,1,15,-0.03840480518375994,False,0.02501801613436761,38.2204627,36.83613512071369,stop,-0.03672268057312127,0.04056629853410951,0.0015577336273326263,3.3870808418631797,0.13006288265191351,BNB
765,2020-12-31 15:00:00+00:00,2021-01-01 10:00:00+00:00,-1,20,-0.03819749896629797,False,0.02493637886177897,36.8729348,38.30636250413531,stop,-0.03512173978314019,0.05500145868508411,0.0019780036602892225,4.278801386600056,0.15387746082888396,BNB
766,2021-01-03 09:00:00+00:00,2021-01-03 14:00:00+00:00,1,6,0.0631172109285827,False,0.02287012714343687,38.66859709999999,41.14915997801208,target,0.05581806728108707,0.01304927351501953,0.0749290927857326,1.22052241724517,7.008255083592913,BNB
767,2021-01-03 15:00:00+00:00,2021-01-04 11:00:00+00:00,1,21,-0.057755932266953816,False,0.023164879771944126,40.5861722,38.61755378153264,stop,-0.05430061427825944,0.06344949672292567,0.07539089384733849,3.9475725360152873,4.690518245038563,BNB
768,2021-01-19 08:00:00+00:00,2021-01-19 15:00:00+00:00,1,8,-0.04220759336362473,False,0.01931110996265363,45.873757999999995,44.086183814932134,stop,-0.03739057517005057,0.04520575794117408,0.03327048113215411,3.506238212168323,2.580517119845336,BNB
769,2021-01-19 17:00:00+00:00,2021-01-21 12:00:00+00:00,-1,44,0.11072032151695857,False,0.019327698657287184,43.8998261,39.01584263654116,target,0.0939442673772174,0.004650904528298363,0.11136322246160324,0.25082873624891994,6.00594920508317,BNB
770,2021-01-28 22:00:00+00:00,2021-01-30 21:00:00+00:00,1,48,0.04210978629071225,False,0.02201374442906458,42.8108394,44.6755933,time,0.03968539439963506,0.022747496046526844,0.05477959864529075,2.2289214890611,5.367598452721718,BNB
771,2021-02-14 11:00:00+00:00,2021-02-15 02:00:00+00:00,1,16,-0.07016795171505946,False,0.0072623951596768686,135.2325576,126.39052292059951,stop,-0.06891280646256795,0.13342613583757298,0.03833723544100148,6.1483439562019955,1.766599237409662,BNB
772,2021-02-15 03:00:00+00:00,2021-02-17 02:00:00+00:00,-1,48,-0.035371140882380005,False,0.007289476892722249,125.27640579999999,129.8679487,time,-0.0323009069402177,0.06963477395677334,0.033433317097927136,1.921562024701659,0.9225877940677434,BNB
773,2021-02-17 10:00:00+00:00,2021-02-17 14:00:00+00:00,1,5,0.09857953602286633,False,0.006582213678389779,133.83013699999998,147.1635466531632,target,0.08683857116458375,0.0018466468430797533,0.1147040819363432,0.11121101342956938,6.907848809561561,BNB
774,2021-02-28 03:00:00+00:00,2021-03-01 09:00:00+00:00,-1,31,-0.08069835617081252,False,0.004392856990107694,220.2978908,237.86735112729352,stop,-0.07809479555665635,0.08636083228446417,0.11483492060741965,3.2617974176847055,4.337246846620448,BNB
775,2021-03-04 18:00:00+00:00,2021-03-06 17:00:00+00:00,-1,48,0.03836474522489585,False,0.0037983887502545076,234.2157142,225.0004799,time,0.034130901483277486,0.00205061304977115,0.0790541072926866,0.09910773984662063,3.8207471176703947,BNB
776,2021-03-17 19:00:00+00:00,2021-03-19 18:00:00+00:00,1,48,0.014073945950366647,False,0.003529792899783317,261.7074887,266.6659762,time,0.013001134585884753,0.0256258952822239,0.06316789550852459,2.0018160127644293,4.934481442656586,BNB
777,2021-03-20 08:00:00+00:00,2021-03-21 00:00:00+00:00,1,17,-0.03524118139694742,False,0.0034675823098099007,270.1520213,261.5996326957726,stop,-0.03301303550186015,0.03202649107848819,0.017382726501184286,3.0630653353847292,1.662512038854444,BNB
778,2021-03-30 08:00:00+00:00,2021-03-30 08:00:00+00:00,1,1,0.06191316701770928,False,0.0032309859259500055,279.71688989999996,297.3235686513285,target,0.055954726448124055,0.0002999100269918103,0.06697168021100622,0.02858798113538958,6.383865020057737,BNB
779,2021-03-30 09:00:00+00:00,2021-04-01 08:00:00+00:00,1,48,0.07874057233531256,False,0.003261852450892724,294.2242408,318.63815678337653,target,0.07556859191981764,0.03814859295577123,0.09396492663156517,2.7584859735675256,6.7945083170167475,BNB
780,2021-04-11 15:00:00+00:00,2021-04-12 03:00:00+00:00,1,13,0.11029351747208285,False,0.0021195847571164684,488.4374873,543.8009394081669,target,0.11418518595158943,0.0003940878925244239,0.13605121316002644,0.0208607620374439,7.201774113019654,BNB
781,2021-04-12 04:00:00+00:00,2021-04-12 09:00:00+00:00,1,6,0.11592599189522966,False,0.0020749558985468687,553.9731421,620.1381006654623,target,0.13325343122082178,0.025223500993262354,0.15619323632188048,1.267118644335757,7.846466750014695,BNB
782,2021-04-16 01:00:00+00:00,2021-04-18 00:00:00+00:00,-1,48,0.056360453026057314,False,0.0023887824241369832,536.9778583,510.68015809999997,time,0.07229486460752098,0.024174444996850567,0.09203705057125257,1.5564118705179033,5.925577942129231,BNB
783,2021-04-26 22:00:00+00:00,2021-04-27 09:00:00+00:00,-1,12,-0.059258682770983916,False,0.0025904109571462594,523.0900259,553.5493321264606,stop,-0.08029658979106022,0.06864970143182383,0.014309249898469498,3.5562303705255416,0.7412557958305577,BNB
784,2021-04-27 10:00:00+00:00,2021-04-29 09:00:00+00:00,1,48,0.05144074482050082,False,0.002290424016631331,556.5439130999999,586.7199312,time,0.06557262570706934,0.029726159446877874,0.05995409547135699,1.7637354535344547,3.5572427025559796,BNB
785,2021-04-29 10:00:00+00:00,2021-05-01 09:00:00+00:00,1,48,0.04906617169096479,False,0.0022829913732112244,587.0780706,618.4893975,time,0.06576310389014084,0.03399389553011872,0.09951305001103536,1.8555249175295583,5.431826539304432,BNB
786,2021-05-02 04:00:00+00:00,2021-05-02 15:00:00+00:00,-1,12,-0.042868747701516066,False,0.0023277601175679427,604.0387340000001,629.5435662777304,stop,-0.06027591455319713,0.04243314965957111,0.013308308801269837,3.037356592076704,0.9526061532368917,BNB
787,2021-05-31 02:00:00+00:00,2021-05-31 10:00:00+00:00,-1,9,-0.07457674451569386,False,0.00426764270695815,315.345368,338.31701294706994,stop,-0.1003639926526052,0.09235788743216936,0.026273948631457322,3.8204288256762062,1.0868346332594079,BNB
788,2021-05-31 11:00:00+00:00,2021-06-02 10:00:00+00:00,1,48,0.11268363493373218,False,0.003631983238358799,342.90284,381.875403,time,0.14033815595309002,0.019663995783761955,0.1280746464508721,0.828991537038993,5.399350121134026,BNB
789,2021-06-02 12:00:00+00:00,2021-06-04 11:00:00+00:00,1,48,-0.024327329909072593,False,0.003572305108928178,387.91634,378.806324,time,-0.033711731786661314,0.05822477083589726,0.11410620135259066,2.915540516486801,5.713740877804733,BNB
790,2021-06-07 02:00:00+00:00,2021-06-07 18:00:00+00:00,1,17,-0.05336060664309392,False,0.003337708168564986,405.081488,383.8605650869763,stop,-0.07214587691884344,0.05725141406610019,0.00473611373719458,3.2964727298185337,0.2727001600686289,BNB
791,2021-06-16 01:00:00+00:00,2021-06-18 00:00:00+00:00,-1,48,0.02589733057261232,False,0.003549437202974631,360.59179,350.865228,time,0.033145939391345844,0.017022600542291922,0.048785886112382104,1.3321703394249516,3.8179307738562898,BNB
792,2021-06-18 14:00:00+00:00,2021-06-20 11:00:00+00:00,-1,46,0.07210032475842611,False,0.0037934319699345588,346.13612800000004,320.66220927803687,target,0.09467088828857424,0.004402522235413643,0.08663102627645983,0.3589252246501345,7.062783310401287,BNB
793,2021-07-02 04:00:00+00:00,2021-07-03 07:00:00+00:00,-1,28,-0.053112929822590374,False,0.005068705890170042,277.726657,291.6530226141965,stop,-0.07476785431232987,0.06399581225650951,0.006469155749784516,3.8529106078367277,0.3894798414650546,BNB
794,2021-07-11 12:00:00+00:00,2021-07-12 18:00:00+00:00,1,31,-0.026814638506581626,False,0.0041508492157856965,321.12630899999994,312.5237578282262,stop,-0.03574248894699677,0.03427408060795147,0.04008918185523089,3.8805776717479965,4.538974677849196,BNB
795,2021-07-18 01:00:00+00:00,2021-07-19 12:00:00+00:00,1,36,-0.03544711354030034,False,0.004240591721420193,305.901743,294.6432279101583,stop,-0.045982151613983724,0.08467340769614382,0.009735992252911043,6.956541090880786,0.7998831275448617,BNB
796,2021-07-30 00:00:00+00:00,2021-07-30 09:00:00+00:00,1,10,-0.030489061183548,False,0.003944396421612818,317.215136,307.8560799181075,stop,-0.03814859165275052,0.03535498381766995,0.02769371005045619,3.630797514025445,2.84401922297258,BNB
797,2021-08-04 13:00:00+00:00,2021-08-06 12:00:00+00:00,1,48,0.015473105294857776,False,0.0036880659409836954,328.91864599999997,334.339668,time,0.018770016404554665,0.016322109023882935,0.034480726884665656,1.864129490692219,3.9380045649834945,BNB
798,2021-08-20 14:00:00+00:00,2021-08-22 13:00:00+00:00,1,48,0.03287254406942329,False,0.0028294141848237454,435.370572,451.374547,time,0.040493835396814795,0.0030561826764900434,0.05861541785603278,0.2701734942801463,5.181736151663201,BNB
799,2021-08-29 01:00:00+00:00,2021-08-29 03:00:00+00:00,1,3,-0.027880797590656543,False,0.0025698675031664495,495.098485,481.78318518736796,stop,-0.035473784512728083,0.029889982394108863,0.00262880020729612,3.37076864432657,0.2964564245678316,BNB
800,2021-08-29 04:00:00+00:00,2021-08-31 00:00:00+00:00,-1,45,0.0633037933745886,False,0.0025671436734593647,481.805415,452.004310700132,target,0.07829816555051289,0.017506206317751797,0.06219401872019228,1.6981756612362988,6.033081465400486,BNB
801,2021-09-19 12:00:00+00:00,2021-09-19 15:00:00+00:00,-1,4,-0.02527468643773675,False,0.003250454761131788,404.608581,414.42541901478523,stop,-0.03324030434685658,0.02931578705198052,0.002739885044603182,3.671300692948018,0.34312371845974404,BNB
802,2021-09-19 17:00:00+00:00,2021-09-19 22:00:00+00:00,1,6,-0.02741292947371424,False,0.003070211837336105,417.53522300000003,406.5013776794492,stop,-0.03514122597739286,0.02966270225302657,0.004226654190561501,3.40507253123453,0.48519059256780356,BNB
803,2021-09-20 03:00:00+00:00,2021-09-20 11:00:00+00:00,-1,9,0.07763112281498216,False,0.003166009607365296,393.801824,362.8522192146847,target,0.09678895910933254,0.004845523518956502,0.08009567776913094,0.3699257576766233,6.114809714461819,BNB
804,2021-10-06 09:00:00+00:00,2021-10-06 13:00:00+00:00,-1,5,-0.03850108679694312,False,0.0031938510195913105,420.67376,436.4415992673228,stop,-0.051728878902742345,0.05126595012724348,0.014675885655430506,4.137554722663894,1.1844563467991414,BNB
805,2021-10-09 20:00:00+00:00,2021-10-11 00:00:00+00:00,-1,29,0.045713902821917715,False,0.0030778328136730117,419.72404500000005,400.4515100020468,target,0.05905506826191857,0.007209391589657326,0.047612342533294785,0.9420519927413731,6.221510040725522,BNB
806,2021-10-20 13:00:00+00:00,2021-10-21 14:00:00+00:00,1,26,-0.0198215868354045,False,0.0027603277660554386,489.396775,479.5372470655033,stop,-0.02677689259063037,0.03172635332547908,0.03527449685380545,4.794373163281684,5.330555936547912,BNB
807,2021-10-26 15:00:00+00:00,2021-10-27 08:00:00+00:00,-1,18,0.03662808499098695,False,0.002743746051395183,482.59517800000003,464.97059879257927,target,0.04849992913393224,0.010059822852187627,0.10919126506481598,1.6527448205818778,17.93921229432119,BNB
808,2021-11-09 18:00:00+00:00,2021-11-10 11:00:00+00:00,-1,18,-0.029675244061733237,False,0.002154922550583035,636.968852,655.553997006119,stop,-0.04073279027293637,0.029390994459490595,0.019575293141649523,3.0542637290628165,2.034232217311251,BNB
809,2021-11-25 01:00:00+00:00,2021-11-25 11:00:00+00:00,1,11,0.06787946924012662,False,0.002230257963901347,597.1891029999999,638.5588762612579,target,0.09040769799675384,0.00029991002699180356,0.07326137864910125,0.0259759219179963,6.345342536499536,BNB
810,2021-11-25 12:00:00+00:00,2021-11-26 05:00:00+00:00,1,18,-0.043468250955868065,False,0.002221805879821161,640.151988,613.5104966519441,stop,-0.06182460865737408,0.042586742697110824,0.029349298841824568,3.091234084014077,2.130370795602501,BNB
811,2021-11-27 09:00:00+00:00,2021-11-28 02:00:00+00:00,1,18,-0.04696251786517762,False,0.0022462522692954794,605.661644,577.891285801598,stop,-0.06389104230966361,0.05448858174680788,0.025589132403438023,3.5875331233194183,1.684790779119851,BNB
812,2021-11-28 03:00:00+00:00,2021-11-29 00:00:00+00:00,-1,22,-0.056402456658099606,False,0.0022221654930481838,583.474905,615.8524610409308,stop,-0.07313017316556601,0.060679721949652585,0.020009266722448123,3.2993433682257054,1.087965457695155,BNB
813,2021-12-03 02:00:00+00:00,2021-12-03 20:00:00+00:00,-1,19,0.061352996634892604,False,0.0019915942834161106,614.305653,576.0209970136887,target,0.07506217812910751,0.022764477148641764,0.0708696929409504,2.191637350221989,6.822940190278769,BNB
814,2021-12-22 05:00:00+00:00,2021-12-24 04:00:00+00:00,1,48,0.016630226833221545,False,0.0024273006148157568,534.96044,544.396632,time,0.02159451260088387,0.019871450681474518,0.0327118767884969,2.8741407104816084,4.731337349302214,BNB
815,2021-12-25 22:00:00+00:00,2021-12-26 03:00:00+00:00,1,6,-0.019274675958516917,False,0.002402527589647723,549.4647899999999,539.4184758550629,stop,-0.025444582951540597,0.02450528267698442,0.001520042803834755,4.086662455004192,0.2534923566609198,BNB
816,2021-12-26 04:00:00+00:00,2021-12-27 03:00:00+00:00,-1,24,-0.021521013953444433,False,0.0024048285096898215,538.358444,549.400584071243,stop,-0.027862390212502697,0.021624172760258662,0.00374925669411425,3.210764197600911,0.5566908521560289,BNB
817,2021-12-27 14:00:00+00:00,2021-12-27 19:00:00+00:00,1,6,0.0325779632358433,False,0.0022973141877248686,551.425378,569.9503815715808,target,0.04126967731152913,0.0004812582274732651,0.0372935719327738,0.0859523720925499,6.6606050316389025,BNB
818,2021-12-27 20:00:00+00:00,2021-12-28 00:00:00+00:00,1,5,-0.020848752559021824,False,0.002298965769319639,568.9806429999999,557.6814374034215,stop,-0.02727156566525763,0.02457138599001491,0.005042978237135127,3.7677407966208825,0.7732829905584722,BNB
819,2022-01-16 15:00:00+00:00,2022-01-17 02:00:00+00:00,1,12,-0.023009452214721563,False,0.0025683221659193655,498.689562,486.5710224716164,stop,-0.029470401841600546,0.02632812675553859,0.012393357453108234,3.2899232131624148,1.548655350704844,BNB
820,2022-01-17 03:00:00+00:00,2022-01-18 08:00:00+00:00,-1,30,0.04553670239492425,False,0.0025578317891223577,489.21319200000005,465.32279516234394,target,0.05698121659039692,0.001955809891569659,0.055278950858708716,0.24029939891793897,6.7918148493978405,BNB
821,2022-01-29 14:00:00+00:00,2022-01-29 14:00:00+00:00,1,1,-0.03217881615962775,False,0.003299063933855577,396.56893499999995,384.1981997133723,stop,-0.04209974696682423,0.03247590485119556,0.0019443403956994805,3.1526245565623685,0.18874840611477883,BNB
822,2022-01-30 16:00:00+00:00,2022-02-01 15:00:00+00:00,-1,48,-0.007518266248377906,False,0.0033266441659114115,380.625778,382.994864,time,-0.009519677771205017,0.018480676839496665,0.04165713127291143,1.9969795889726207,4.5013741439040755,BNB
823,2022-02-02 08:00:00+00:00,2022-02-03 10:00:00+00:00,-1,27,0.05069474233645282,False,0.003309979370155214,379.666066,359.9570580670018,target,0.06370741585598451,0.014523115162996965,0.054037133779556754,1.678603210900796,6.245692143332266,BNB
824,2022-02-13 18:00:00+00:00,2022-02-15 01:00:00+00:00,-1,32,-0.027767656876637944,False,0.003303462805796799,399.700054,410.3937410555179,stop,-0.03666425480532041,0.04325730213686683,0.02349275139202263,4.906988180142968,2.6649524520726864,BNB
825,2022-02-16 14:00:00+00:00,2022-02-17 21:00:00+00:00,-1,32,0.05455506571750533,False,0.003015345986077915,425.73224200000004,401.98974128978426,target,0.07003397489861833,0.01472230050173169,0.061569783573028176,1.5839337422371293,6.624131717192277,BNB
826,2022-02-27 01:00:00+00:00,2022-02-27 12:00:00+00:00,-1,12,-0.03598942806137473,False,0.003678810739003472,367.98957,380.85743509140553,stop,-0.048721191440731365,0.0355728288712095,0.014618811071194221,3.0792215750274647,1.265419700374284,BNB
827,2022-03-03 13:00:00+00:00,2022-03-03 16:00:00+00:00,1,4,-0.0279174425068016,False,0.0031773492976255075,410.733183,399.67176545218797,stop,-0.0364334570731614,0.03073329237194839,0.004934631736340607,3.4610993094357787,0.5557247264063815,BNB
828,2022-03-03 17:00:00+00:00,2022-03-04 22:00:00+00:00,-1,30,0.06179892234653345,False,0.003167407224571968,400.519808,375.1344060146522,target,0.07839868968555484,0.008314674913656233,0.07245536280692517,0.7871119004352568,6.859014803094297,BNB
829,2022-03-13 00:00:00+00:00,2022-03-14 23:00:00+00:00,-1,48,-0.005064077099678339,False,0.0036208105952300887,372.018361,373.381981,time,-0.0068213524830102144,0.013363961355660028,0.03485946490689478,1.9388430881760192,5.057410059302691,BNB
830,2022-03-23 04:00:00+00:00,2022-03-23 15:00:00+00:00,-1,12,-0.022099773430195375,False,0.003337870296790855,401.50951100000003,409.977036949194,stop,-0.02961782177544273,0.025803844532091225,0.009388347963692503,3.7247537050315183,1.355196657552282,BNB
831,2022-03-23 16:00:00+00:00,2022-03-25 15:00:00+00:00,1,48,0.007329471811772015,False,0.0031998431948507483,409.572835,412.98606700000005,time,0.009605777435182669,0.0184895929438289,0.02941397468413648,2.51841366015506,4.006391912954919,BNB
832,2022-04-10 23:00:00+00:00,2022-04-11 13:00:00+00:00,-1,15,0.04276852670200348,False,0.003145714143746842,419.67406,401.3043668468284,target,0.05646192375646112,0.0038742923496391797,0.047594221096247905,0.5310725616729051,6.524026231723322,BNB
833,2022-04-16 16:00:00+00:00,2022-04-16 22:00:00+00:00,-1,7,-0.01626666789888801,False,0.0033388688140087055,412.30627100000004,418.57138658219486,stop,-0.022393289577331457,0.015968054485399636,0.0006215549411326478,3.2170248004906625,0.12522237210046686,BNB
834,2022-04-18 00:00:00+00:00,2022-04-18 17:00:00+00:00,-1,18,-0.018875266888051648,False,0.003333537552923209,406.248089,413.4356601244737,stop,-0.02556170297299566,0.01797401931901769,0.025841571404905717,3.1012235108824013,4.458684914967577,BNB
835,2022-05-06 14:00:00+00:00,2022-05-08 13:00:00+00:00,-1,48,0.05481687696346061,False,0.003551886158358783,374.077743,353.17592099999996,time,0.07283417346174323,0.02438599240586198,0.05709439655168143,2.075281872620338,4.858812560091643,BNB
836,2022-05-20 12:00:00+00:00,2022-05-20 14:00:00+00:00,1,3,-0.037284093050323416,False,0.004443407973971938,315.41459599999996,303.964338320466,stop,-0.0522542429251094,0.0377743964645186,0.0009682621028738533,3.1467258511500464,0.0806592738725545,BNB
837,2022-05-20 16:00:00+00:00,2022-05-21 16:00:00+00:00,-1,25,-0.04948599072303114,False,0.004515293526361838,298.820327,312.9776664837333,stop,-0.06676954148050768,0.05046401344711719,0.017101671266158677,3.216774027212909,1.0901275620608641,BNB
838,2022-05-23 06:00:00+00:00,2022-05-23 23:00:00+00:00,1,18,-0.02815483775868326,False,0.003954192309319046,324.337272,315.5005363006964,stop,-0.03610835268243765,0.028788772694616438,0.03873353167994825,3.2042590854674913,4.3111344868455035,BNB
839,2022-06-02 22:00:00+00:00,2022-06-03 11:00:00+00:00,1,14,-0.028369946135413188,False,0.004068603399014521,306.341875,297.9505660825698,stop,-0.03535983542259381,0.03594635894945812,0.012561537661150575,3.979286336893413,1.3905707461406753,BNB
840,2022-06-03 12:00:00+00:00,2022-06-05 11:00:00+00:00,-1,48,-0.007071701978303144,False,0.004093768965615465,295.821227,297.38919,time,-0.008563999108494112,0.024267268014543045,0.009536932249963326,2.658873850814811,1.0449260197408106,BNB
841,2022-06-05 19:00:00+00:00,2022-06-06 20:00:00+00:00,1,26,-0.024373315980452843,False,0.0040003298822479496,300.59015,293.5608467918342,stop,-0.02930793166852392,0.045876919120603196,0.04002077247042197,5.960122051755765,5.199317938116281,BNB
842,2022-06-25 13:00:00+00:00,2022-06-26 11:00:00+00:00,-1,23,-0.04195631283899001,False,0.005014759535274238,233.939797,243.45828890786788,stop,-0.049221125090021245,0.042319447682516394,0.019705056852725174,3.144426810816655,1.4641284910240862,BNB
843,2022-06-26 23:00:00+00:00,2022-06-28 22:00:00+00:00,-1,48,0.034416886322476935,False,0.004772745725041368,235.48933200000002,226.948064,time,0.038682195225582916,0.030152822379231958,0.03732369498589443,2.5498785227368588,3.156284577169912,BNB
844,2022-07-02 19:00:00+00:00,2022-07-04 18:00:00+00:00,1,48,0.04459924202382748,False,0.005326356347352843,218.275463,228.121543,time,0.05185165400996139,0.019908160726247067,0.04670491524739085,1.907591131450988,4.475244265213852,BNB
845,2022-07-07 13:00:00+00:00,2022-07-07 14:00:00+00:00,-1,2,-0.026121019097702237,False,0.005155663542552103,235.559311,241.47384368393062,stop,-0.03172305175187019,0.025219504059425576,0.0018649697952292088,3.0506204290729646,0.2255918650709515,BNB
846,2022-07-07 15:00:00+00:00,2022-07-09 14:00:00+00:00,1,48,0.004174578925508886,False,0.004907798373087786,240.99227599999998,242.177325,time,0.004937447740556741,0.01739589363436679,0.03322813549426798,1.9027309466037954,3.6344325294093487,BNB
847,2022-07-26 21:00:00+00:00,2022-07-27 13:00:00+00:00,1,17,0.056150725579074266,False,0.004849778412690061,244.89344599999998,258.8723401919558,target,0.06668903467508892,0.0063433547339604174,0.0611145551032837,0.6667677623143797,6.423921861550051,BNB
848,2022-08-06 18:00:00+00:00,2022-08-07 00:00:00+00:00,1,7,-0.02985023385332046,False,0.003913221360460852,320.546135,311.2936778158799,stop,-0.037443177615598545,0.03274453769345864,0.004504390608234963,3.437958712892682,0.47293106052759964,BNB
849,2022-08-07 01:00:00+00:00,2022-08-07 14:00:00+00:00,-1,14,-0.03171694107102755,False,0.003917516789100289,310.63678100000004,320.1738241748833,stop,-0.03859713232423702,0.04604483395029758,0.007812278353476957,4.545023498689477,0.7711394666594608,BNB
850,2022-08-24 02:00:00+00:00,2022-08-25 07:00:00+00:00,-1,30,-0.03001063476133348,False,0.003992417020419383,295.141431,303.6401414984291,stop,-0.03536236141023025,0.043093133203653815,0.0038335214279015283,4.538215336290213,0.40371503399118747,BNB
851,2022-09-04 02:00:00+00:00,2022-09-05 07:00:00+00:00,1,30,-0.018394861590966156,False,0.004106164963480744,278.353481,273.47598907657965,stop,-0.021024688701789734,0.018657862590193235,0.01478881810714643,3.249022683804373,2.5752792027759255,BNB
852,2022-10-01 17:00:00+00:00,2022-10-02 19:00:00+00:00,-1,27,-0.019277402190205357,False,0.0040105682222599595,279.74605099999997,284.81703742283725,stop,-0.021628100612369097,0.02639518582516123,0.00767142553872885,4.44319518279368,1.29135825088029,BNB
853,2022-10-02 20:00:00+00:00,2022-10-04 14:00:00+00:00,1,43,0.033581288228825605,False,0.0038393805482471997,286.58594999999997,296.495817348456,target,0.03694991193739091,0.012861586550212916,0.03717575826728436,2.2316847665418664,6.450570704153751,BNB
854,2022-10-08 22:00:00+00:00,2022-10-10 21:00:00+00:00,-1,48,0.004192715878346361,False,0.004114447954294189,276.407053,274.972467,time,0.004768218263907328,0.01090039840625918,0.017572102257463043,2.0850978687616433,3.3613040185447574,BNB
855,2022-10-11 00:00:00+00:00,2022-10-12 23:00:00+00:00,-1,48,0.0008702802408853653,False,0.004208101683579972,271.38855900000004,270.88124,time,0.000993886710949091,0.009106651397194566,0.01617075906283891,1.6059350004869752,2.8516725666533307,BNB
856,2022-10-22 21:00:00+00:00,2022-10-23 22:00:00+00:00,1,26,0.018429596377372806,False,0.004222926694345414,270.67117699999994,275.88737484071873,target,0.021065480898469754,0.008317017810876582,0.022051934255268135,2.589445878482679,6.865716963500973,BNB
857,2022-10-23 23:00:00+00:00,2022-10-24 07:00:00+00:00,1,9,-0.012632886845629656,False,0.004219816148279245,275.862734,272.65204868779585,stop,-0.014705817496259918,0.01175488241191717,0.005500075990691829,3.1091790565604587,1.4547760224647792,BNB
858,2022-11-13 09:00:00+00:00,2022-11-14 11:00:00+00:00,-1,27,-0.03823602204735689,False,0.0041321489393389395,278.15652800000004,288.49335391586635,stop,-0.04394787969411531,0.038408129684448525,0.03802365551528617,3.1267771588071716,3.0954774037770543,BNB
859,2022-11-18 22:00:00+00:00,2022-11-20 11:00:00+00:00,1,38,-0.020630057822900207,False,0.004032934789482456,274.10220599999997,268.7188721799254,stop,-0.022805215251704203,0.029559068926282073,0.0024727783475044555,4.5838244020342955,0.38346206906519936,BNB
860,2022-12-04 11:00:00+00:00,2022-12-05 00:00:00+00:00,-1,14,-0.015106045012844597,False,0.0037336872746001784,289.962985,294.05117182505626,stop,-0.016354274237662676,0.01768161891422097,0.009942596638671032,3.8452632397533866,2.162239868863374,BNB
861,2022-12-05 01:00:00+00:00,2022-12-05 15:00:00+00:00,1,15,-0.016266257562728727,False,0.0036196714518257527,294.578347,290.07898840299663,stop,-0.017344333598129272,0.017952259742974208,0.009069414053029471,3.5956325296172196,1.8165000206396116,BNB
862,2022-12-08 08:00:00+00:00,2022-12-10 07:00:00+00:00,1,48,0.004384853679936383,False,0.0036738181480208626,285.515629,287.053858,time,0.00459941552984019,0.009861558226642652,0.023061333010250144,1.9676481850634024,4.6013610628155055,BNB
863,2022-12-22 13:00:00+00:00,2022-12-24 12:00:00+00:00,-1,48,0.000492497780813114,False,0.004308278767484674,244.53661700000004,244.003179,time,0.0005188621301009043,0.017189176212411467,0.018551892373648217,2.7396910542295556,2.9568871100648924,BNB
864,2022-12-25 01:00:00+00:00,2022-12-25 14:00:00+00:00,1,14,-0.011462135423075228,False,0.004291324197217454,245.62366500000002,243.00050906378985,stop,-0.012081672749043709,0.0188241837365305,0.0004329183834952262,5.439106962920893,0.12508852585601338,BNB
865,2022-12-25 16:00:00+00:00,2022-12-27 00:00:00+00:00,-1,33,-0.013431222144879929,False,0.004289048964286794,242.937097,245.94286493637105,stop,-0.013994918507614924,0.01491292620492624,0.007150398277789603,3.7069175618189,1.777380011521957,BNB
866,2022-12-31 14:00:00+00:00,2023-01-01 04:00:00+00:00,1,15,-0.012176897253061146,False,0.004167001402973297,246.693986,243.93274789147563,stop,-0.012517536038884863,0.012947157941661356,0.005294065012188845,3.564668347595331,1.45758521399793,BNB
867,2023-01-01 05:00:00+00:00,2023-01-02 07:00:00+00:00,-1,27,-0.012465215753832342,False,0.004168594320768389,243.596899,246.38839425637133,stop,-0.012657886227525653,0.013970214785041218,0.013123726176826257,3.756733733771999,3.529104283640716,BNB
868,2023-01-08 15:00:00+00:00,2023-01-08 20:00:00+00:00,1,6,0.019577883357946402,False,0.0038025262255213014,263.719092,269.1485874621706,target,0.019632677223308893,0.004091823583254272,0.028101522509413186,1.1924776519495595,8.189609570503896,BNB
869,2023-01-08 21:00:00+00:00,2023-01-09 01:00:00+00:00,1,5,0.03706878439295441,False,0.0037878920963644713,269.92095199999994,280.1863057086833,target,0.037900290632774725,0.0020411605542942014,0.0403045703543609,0.32202611754170524,6.358698380240505,BNB
870,2023-01-09 02:00:00+00:00,2023-01-10 02:00:00+00:00,1,25,-0.027629628969104637,False,0.003810257826163108,278.28346,270.8691675657442,stop,-0.029296572321555286,0.02951472574043746,0.018925091703258328,3.360201210385259,2.1545894279076605,BNB
871,2023-01-24 02:00:00+00:00,2023-01-24 22:00:00+00:00,1,21,-0.03103553999227673,False,0.0032887461831237596,313.504023,304.20808475712244,stop,-0.03199873291168014,0.044669356603439875,0.03373474094142634,4.56422310066297,3.446946533541114,BNB
872,2023-02-05 09:00:00+00:00,2023-02-05 12:00:00+00:00,1,4,-0.023365742830334036,False,0.002975530478420941,335.75069499999995,328.23762476540674,stop,-0.02334322821093802,0.037976674925423316,0.007235442952694578,5.1590433580579065,0.9829181722994083,BNB
873,2023-02-19 18:00:00+00:00,2023-02-20 09:00:00+00:00,-1,16,-0.022116809172264572,False,0.00313892513977644,310.836721,317.39732042137877,stop,-0.021579220268908995,0.02375291753254602,0.011796292883941455,3.4258989253927696,1.701387084737697,BNB
874,2023-02-25 21:00:00+00:00,2023-02-26 14:00:00+00:00,-1,18,-0.02136489989012004,False,0.0032036531091033734,297.82062700000006,303.79549829402083,stop,-0.02038454961612116,0.021890266855156125,0.0033262538259315206,3.3240851213120366,0.5050989522259685,BNB
875,2023-03-04 20:00:00+00:00,2023-03-05 01:00:00+00:00,-1,6,-0.013458058403256102,False,0.0032397142938495305,288.21351000000004,291.7756657897926,stop,-0.012566185175233613,0.014872619954560622,0.009380233424866345,3.7009403638512453,2.3342010090017165,BNB
876,2023-03-05 02:00:00+00:00,2023-03-05 23:00:00+00:00,1,22,-0.017907511267267664,False,0.0031483315444761828,292.58774999999997,287.63834461751924,stop,-0.016495741150370582,0.018653378345470636,0.00014440112410729467,3.366842231579418,0.02606368636971503,BNB
877,2023-03-25 19:00:00+00:00,2023-03-26 08:00:00+00:00,-1,14,-0.018558441104624946,False,0.002815791223464309,321.283586,326.8897464204535,stop,-0.016789218549603652,0.017201046803555,0.007543447924538542,3.0099622462271,1.3200064925437305,BNB
878,2023-03-26 09:00:00+00:00,2023-03-27 14:00:00+00:00,1,30,-0.014828454015193882,False,0.0027264997682459563,325.647665,321.0416963096471,stop,-0.01316586229281372,0.03533777833168259,0.012290384455850342,7.655398742260369,2.662527135183746,BNB
879,2023-03-27 15:00:00+00:00,2023-03-29 14:00:00+00:00,-1,48,0.0010197977831155468,False,0.002771451374151986,315.61528699999997,314.544335,time,0.0008920297876561752,0.013892587528563006,0.03217615691726614,1.9121179213349269,4.428592309006184,BNB
880,2023-04-02 04:00:00+00:00,2023-04-02 15:00:00+00:00,1,12,-0.012073623087507828,False,0.0027748988685774353,315.54463499999997,311.9796740561528,stop,-0.010571718110858398,0.012310889075962094,0.0013480343280121247,3.357178642293322,0.3676088726944249,BNB
881,2023-04-02 16:00:00+00:00,2023-04-03 20:00:00+00:00,-1,29,0.01784020710696497,False,0.0027644238849633914,312.916097,306.7734778922707,target,0.015432363102751806,0.003176260376276027,0.04948961446364958,0.9708265961821548,15.126541361336027,BNB
882,2023-04-07 08:00:00+00:00,2023-04-09 07:00:00+00:00,-1,48,-0.001765177613042952,False,0.002841887368698664,309.81702700000005,309.912946,time,-0.0015541772758878136,0.009111742589925288,0.0018301996035874836,2.6110404421688704,0.5244578778478791,BNB
883,2023-04-29 18:00:00+00:00,2023-04-30 16:00:00+00:00,-1,23,-0.015121485484345207,False,0.0027347725232189086,321.38355600000006,325.8800325723751,stop,-0.013290438694061426,0.03589618630020995,0.0034337662254259288,7.868007016659851,0.7526397520135113,BNB
884,2023-04-30 17:00:00+00:00,2023-05-01 18:00:00+00:00,1,26,-0.013615090722080454,False,0.002604077131015323,332.409693,327.1445628690406,stop,-0.011785501361585926,0.015552172842324411,0.01784035521491237,3.0015883756628488,3.443210371546618,BNB
885,2023-05-13 23:00:00+00:00,2023-05-15 22:00:00+00:00,1,48,0.006092837897876095,False,0.002741277232436725,311.473414,313.62588400000004,time,0.005202278114364383,0.006624687396273141,0.01581703535056763,1.678755617676265,4.008179610812641,BNB
886,2023-05-27 09:00:00+00:00,2023-05-28 00:00:00+00:00,-1,16,-0.010577230723982037,False,0.002814039314040421,305.268392,308.1905567405527,stop,-0.009086235261670982,0.01353434586833992,0.004122247939773649,4.380206159089828,1.334109235181428,BNB
887,2023-05-28 01:00:00+00:00,2023-05-28 23:00:00+00:00,1,23,0.016333684170230543,False,0.002750003599995254,309.072694,314.43274248768216,target,0.013882831539796161,0.006706169908364705,0.019015934160783468,2.320158862103465,6.579014365455646,BNB
888,2023-06-18 10:00:00+00:00,2023-06-18 22:00:00+00:00,1,13,-0.022702946481078012,False,0.0034814544658977944,248.124415,242.73669023822532,stop,-0.019611573726392155,0.022345302053407307,0.002601860038642353,3.129560601191374,0.36440226439041323,BNB
889,2023-06-19 16:00:00+00:00,2023-06-20 20:00:00+00:00,-1,29,-0.019020077852706735,False,0.003499256709319742,241.25760100000002,245.60290909852802,stop,-0.016057173471068047,0.019076700509842136,0.016196799536276694,3.2322870990987718,2.7443271000027543,BNB
890,2023-06-28 01:00:00+00:00,2023-06-28 19:00:00+00:00,-1,19,0.037793151069611126,False,0.0035091863836635095,235.999179,226.8486024850063,target,0.03129896894283896,0.0027577256953084895,0.06270860374476138,0.42674098113945236,9.703768265803207,BNB
891,2023-07-08 10:00:00+00:00,2023-07-08 19:00:00+00:00,1,10,-0.016766271210013974,False,0.0036222863092396323,237.27115999999998,233.52840716470772,stop,-0.01441000776741532,0.015767445145882793,0.0,3.0559429374680573,0.0,BNB
892,2023-07-08 20:00:00+00:00,2023-07-10 09:00:00+00:00,-1,38,-0.015698428703544445,False,0.0035999644775592324,234.73955700000002,238.1374150356483,stop,-0.013266021016384731,0.043070895801341116,0.01593066395707656,9.118260084291007,3.37257757410148,BNB
893,2023-07-10 10:00:00+00:00,2023-07-12 09:00:00+00:00,1,48,0.03334389487133379,False,0.003461426899581154,240.302069,247.845624,time,0.027735053149772797,0.0002999100269918985,0.0406485513863803,0.03690274747993257,5.0016441340161535,BNB
894,2023-07-22 11:00:00+00:00,2023-07-24 09:00:00+00:00,-1,47,0.021187696887260996,False,0.0035376112291035044,242.967088,237.61895044715195,target,0.018211314885214786,0.004745136510011656,0.030732919678405128,1.2934356926396415,8.37722058516263,BNB
895,2023-07-30 00:00:00+00:00,2023-07-30 20:00:00+00:00,1,21,-0.007884711270004743,False,0.003616200998742595,242.722795,241.09789959467378,stop,-0.006920682423744541,0.009610943216107925,0.005509185900730962,4.50768771248894,2.5838972338241524,BNB
896,2023-08-13 03:00:00+00:00,2023-08-13 19:00:00+00:00,-1,17,-0.008149948394219666,False,0.003630689620660995,239.848024,241.5127420019546,stop,-0.007097086970851594,0.007096060128475363,0.0010340881524211144,3.2066653175777358,0.46729798700272385,BNB
897,2023-08-13 20:00:00+00:00,2023-08-13 22:00:00+00:00,1,3,-0.006377733223965479,False,0.0035758380213686655,241.542441,240.24284038973144,stop,-0.005508554338456824,0.008166022467248327,0.0008593065431511615,4.8206056624157405,0.5072699719207637,BNB
898,2023-08-27 14:00:00+00:00,2023-08-28 07:00:00+00:00,1,18,-0.009230694780358246,False,0.003945326518679826,217.525238,215.73395851925684,stop,-0.007921856936487675,0.008804670288419535,0.010641349120142104,3.3278779688178086,4.022082614722923,BNB
899,2023-09-04 03:00:00+00:00,2023-09-04 12:00:00+00:00,1,10,-0.011175594480525982,False,0.0039508771724841045,215.214545,213.0235135480431,stop,-0.009502454132684362,0.010104080093657215,0.0068557401638444605,3.0669075222944304,2.080933730185843,BNB
900,2023-09-04 13:00:00+00:00,2023-09-04 13:00:00+00:00,-1,1,-0.01150026467665167,False,0.003945192277517988,213.116046,215.3527025615607,stop,-0.009669235993120614,0.015878457129408212,0.0003099062751943138,4.673818711054982,0.09122081168666553,BNB
901,2023-09-04 14:00:00+00:00,2023-09-06 13:00:00+00:00,1,48,-0.0045189268163881155,False,0.0038544501916693862,215.62466799999999,214.865521,time,-0.0037557457954065995,0.010131809223237798,0.0033174868470986717,2.3779061884626054,0.7786045246258855,BNB
902,2023-09-09 21:00:00+00:00,2023-09-10 05:00:00+00:00,-1,9,0.011568265122279714,False,0.0038572291164690993,214.495632,211.80114127481565,target,0.009571105916170799,0.0015588569188206686,0.014805112674742054,0.7445592524215512,7.071388972287647,BNB
903,2023-09-10 06:00:00+00:00,2023-09-11 09:00:00+00:00,-1,28,0.016324421259912913,False,0.0039363412513598525,212.616196,208.93458425968595,target,0.01366239630194938,0.005661864066084556,0.02114700612929787,1.961864669462357,7.327545081573107,BNB
904,2023-09-24 09:00:00+00:00,2023-09-24 18:00:00+00:00,1,10,-0.007268422175230623,False,0.004032518604659325,210.933261,209.61038082916846,stop,-0.0061824639304866825,0.006320771762970057,0.002023099619173034,3.174485911330062,1.0160628288948446,BNB
905,2023-09-24 20:00:00+00:00,2023-09-24 23:00:00+00:00,-1,4,0.014946090594867496,False,0.0040306510515546075,209.49713200000002,206.15814124913854,target,0.012620625898988021,0.0017320905376403517,0.016692982699161828,0.6520557145712992,6.284171944647152,BNB
906,2023-09-25 00:00:00+00:00,2023-09-26 01:00:00+00:00,-1,26,-0.012983089998303003,False,0.00411484903324728,208.277498,210.772058722794,stop,-0.011126903610247178,0.020033378737822075,0.008438251932525126,5.148380916635227,2.1685475918824273,BNB
907,2023-10-05 13:00:00+00:00,2023-10-06 17:00:00+00:00,-1,29,-0.010938585098976127,False,0.003989426708645387,212.03637,214.15393010227186,stop,-0.009252988051233575,0.01091147712064675,0.00842482824998374,3.3803038052273937,2.609956349348904,BNB
908,2023-10-07 12:00:00+00:00,2023-10-08 10:00:00+00:00,-1,23,0.016386308295218806,False,0.0039352124894109115,212.606199,208.94484107057608,target,0.013709614169343694,0.0033573856423630877,0.018231824933759404,1.1697315811660576,6.352067852502832,BNB
909,2023-10-15 01:00:00+00:00,2023-10-15 13:00:00+00:00,1,13,0.01371579064237213,False,0.004108574511887531,206.972073,210.01935433575363,target,0.011663362251614347,0.002232537913460449,0.02429277982832015,0.9098070360196517,9.899828298111224,BNB
910,2023-10-15 14:00:00+00:00,2023-10-16 05:00:00+00:00,1,16,0.023477673764752394,False,0.004127029436075741,208.87264299999998,213.98791705076096,target,0.02023830759174245,0.001353183432451606,0.02742033096215483,0.3315282784795453,6.717947398123848,BNB
911,2023-11-09 03:00:00+00:00,2023-11-09 16:00:00+00:00,1,14,-0.025273054220325213,False,0.0035349174560832908,249.58485299999998,243.64996726489153,stop,-0.022297451663661403,0.042810502606902896,0.02714566576682453,5.468410652110391,3.4674586561381817,BNB
912,2023-11-19 20:00:00+00:00,2023-11-20 17:00:00+00:00,1,22,-0.0158133718256235,False,0.0034971585649961803,245.903749,242.3664932847906,stop,-0.013598936845310024,0.050604145120211226,0.09530660307257036,10.775289062397999,20.293914564165018,BNB
913,2023-11-26 15:00:00+00:00,2023-11-27 11:00:00+00:00,-1,21,0.02542698791472203,False,0.0036506379671855543,231.840427,225.75285128268567,target,0.021520524453418382,0.005519197046682455,0.03019502288960157,1.2611650937110714,6.899719026169295,BNB
914,2023-12-15 06:00:00+00:00,2023-12-17 05:00:00+00:00,-1,48,0.030310382689351552,False,0.0034746705363945755,249.775045,241.47242,time,0.026305956475142774,0.0037431881956021757,0.03649301714668897,0.5727142480920634,5.583494546261922,BNB
915,2023-12-17 06:00:00+00:00,2023-12-18 10:00:00+00:00,-1,29,0.030344746160917313,False,0.003705457078373242,241.31758299999998,233.79252368485646,target,0.02713402762242666,0.010784199674335387,0.038569850088379154,2.075000521069278,7.4212701403716315,BNB
916,2024-01-07 08:00:00+00:00,2024-01-07 16:00:00+00:00,1,9,-0.02124548183395454,False,0.002982577179456826,308.902643,302.3441044858259,stop,-0.019574014237089994,0.021665865125019446,0.001642449527374271,3.104286460308955,0.23533026722671505,BNB
917,2024-01-07 17:00:00+00:00,2024-01-08 02:00:00+00:00,-1,10,0.04223481765310124,False,0.002975695464713075,303.039061,289.67830751584006,target,0.03808532957563874,0.011519765763793629,0.04418262436471854,1.5676985601771818,6.0127122392641885,BNB
918,2024-01-08 03:00:00+00:00,2024-01-08 13:00:00+00:00,-1,11,-0.03360042720446977,False,0.003211557834255778,292.64218100000005,302.0379305814571,stop,-0.03157893441390545,0.032352885587604206,0.011864936859529605,3.0524397845250566,1.1194366330273258,BNB
919,2024-01-20 21:00:00+00:00,2024-01-22 10:00:00+00:00,1,38,-0.014146345605713475,False,0.002876103765672142,315.79470999999995,311.1470322189934,stop,-0.012848536583594562,0.017526291051550427,0.01831978122749438,3.645809315547198,3.8108707005682882,BNB
920,2024-02-04 15:00:00+00:00,2024-02-05 15:00:00+00:00,1,25,-0.014805803689301364,False,0.002935948294939337,304.98146699999995,300.76884642743653,stop,-0.013257261987177082,0.014923749448683537,0.009241653362497793,3.3122753929252817,2.051153507220459,BNB
921,2024-02-25 12:00:00+00:00,2024-02-26 14:00:00+00:00,1,27,0.03652820018575346,False,0.00229742090773375,383.975158,398.0936031963785,target,0.03222344516138751,0.006185707461835327,0.03860885708653055,1.0093850846731698,6.300201669714755,BNB
922,2024-03-03 05:00:00+00:00,2024-03-03 07:00:00+00:00,1,3,-0.018347807392502507,False,0.0022134286664481488,413.103894,405.9338621978942,stop,-0.01677679475436181,0.029299878737042418,0.0017576837462586561,5.151897536166389,0.30905952352155525,BNB
923,2024-03-03 08:00:00+00:00,2024-03-03 16:00:00+00:00,-1,9,-0.023100915354183175,False,0.002205306693070445,407.017858,416.255779851873,stop,-0.0207353632901048,0.023050934536636442,0.005719301878887074,3.0885735737298394,0.7663240123839078,BNB
924,2024-03-03 17:00:00+00:00,2024-03-05 16:00:00+00:00,1,48,-0.026743086169275895,False,0.0021073149259522622,416.104794,406.9800591107646,stop,-0.02345004531625647,0.028850410216614816,0.028731238313971397,4.000440435975752,3.9839158841725903,BNB
925,2024-03-24 04:00:00+00:00,2024-03-24 21:00:00+00:00,-1,18,-0.033790388183670146,False,0.001549141470638185,550.894682,569.1827660968511,stop,-0.02883718351032175,0.034753136353565264,0.0029491698741793393,3.170212938311001,0.2690259778939698,BNB
926,2024-03-24 22:00:00+00:00,2024-03-25 17:00:00+00:00,1,20,0.04825530851303145,False,0.0014483770522810784,569.310742,597.789441596391,target,0.03979019891712092,0.006746301653306899,0.051429308881721446,0.8091820317146843,6.168664668321534,BNB
927,2024-03-26 15:00:00+00:00,2024-03-28 14:00:00+00:00,-1,48,-0.010192594196279775,False,0.0014884764514312187,580.705736,587.406169,time,-0.008810140164158565,0.019931375363579966,0.031006643957103872,1.989944839772002,3.0956976132129843,BNB
928,2024-03-29 05:00:00+00:00,2024-03-31 04:00:00+00:00,1,48,-0.013312063637625635,False,0.0014012124558616613,610.58312,603.158998,time,-0.011389224877674511,0.02350723354422243,0.017158810417163085,2.414666506268034,1.7625555437555953,BNB
929,2024-04-01 03:00:00+00:00,2024-04-01 05:00:00+00:00,-1,3,0.028102938799128882,False,0.0014083303164454588,599.410123,581.9742448138458,target,0.023723586133127576,0.001484587873735252,0.0490651089654687,0.3062227174906292,10.120553499859083,BNB
930,2024-04-01 06:00:00+00:00,2024-04-01 13:00:00+00:00,-1,8,-0.02523107298711978,False,0.0014990873735706998,578.946264,592.9677424393847,stop,-0.021897822032257257,0.02427468121635544,0.0028953706142234646,3.0455287431587585,0.3632564460526704,BNB
931,2024-04-24 10:00:00+00:00,2024-04-24 14:00:00+00:00,1,5,-0.023799661944488196,False,0.001383894573100542,611.3133389999999,597.3686291737305,stop,-0.020134352460216137,0.02447736380900386,0.010561950129473708,3.261065334666397,1.4071453814414538,BNB
932,2024-04-24 16:00:00+00:00,2024-04-25 09:00:00+00:00,-1,18,-0.02925462681990568,False,0.0013840878796592354,596.6809420000001,613.4518665728734,stop,-0.024160192750703288,0.02815417221755332,0.0073589446066137446,3.0383639910416536,0.7941683432221494,BNB
933,2024-05-10 15:00:00+00:00,2024-05-12 14:00:00+00:00,-1,48,-0.01417489008547926,False,0.0013697592472070046,585.2843620000001,592.807789,time,-0.01136399048774901,0.01562597361861489,0.007217623217481684,2.1194350721172173,0.978965161328243,BNB
934,2024-05-12 18:00:00+00:00,2024-05-13 02:00:00+00:00,1,9,-0.015587569989662318,False,0.0013225605077221447,597.57922,588.7510515471557,stop,-0.01231939708687503,0.019376878600296653,0.0018253312088060815,4.015222749193973,0.3782400429705798,BNB
935,2024-05-18 13:00:00+00:00,2024-05-20 12:00:00+00:00,-1,48,0.009896269963644786,False,0.001349416111779814,576.5569810000001,570.241021,time,0.007699449241975705,0.009076325796842444,0.014841518326876461,2.3679983566756118,3.872127532138709,BNB
936,2024-05-26 08:00:00+00:00,2024-05-26 21:00:00+00:00,1,14,-0.010856126271482585,False,0.0012994294021919546,604.661344,598.6987441421227,stop,-0.008529818308809431,0.010685888992433987,0.001436599194937104,3.3519359154525943,0.45063058778071147,BNB
937,2024-06-16 14:00:00+00:00,2024-06-17 07:00:00+00:00,1,18,-0.014045331522056548,False,0.0012755944522258166,609.272727,601.3205862185469,stop,-0.010915819721261972,0.013578035965493054,0.0053461657738045135,3.1934083188494915,1.257360806776727,BNB
938,2024-07-20 16:00:00+00:00,2024-07-21 18:00:00+00:00,1,27,-0.01957751640786506,False,0.0012871364848336519,595.328545,584.263286557971,stop,-0.01500164569665404,0.02442104468550219,0.01268451691662128,4.005135716189186,2.0803046061139914,BNB
939,2024-07-21 22:00:00+00:00,2024-07-22 23:00:00+00:00,1,26,-0.02567070954327905,False,0.00124625337248782,602.820792,587.9413356057214,stop,-0.019285568370834835,0.028301598462449836,0.005307063131292922,3.4810788735662244,0.6527654390806743,BNB
940,2024-07-30 21:00:00+00:00,2024-08-01 04:00:00+00:00,1,32,-0.02011601876328044,False,0.0012693629405366284,576.652944,565.6455568706305,stop,-0.014724561165373238,0.023433408500902513,0.028937779948280264,3.740558138393614,4.619193502661569,BNB
941,2024-08-19 00:00:00+00:00,2024-08-19 13:00:00+00:00,-1,14,-0.0182218111438731,False,0.0013504857365685067,531.110619,540.252734719064,stop,-0.013069727344594578,0.017490482524131067,0.003973972510611847,3.103326095155988,0.7050996206994001,BNB
942,2024-08-19 15:00:00+00:00,2024-08-20 00:00:00+00:00,1,10,0.04139246136755954,False,0.001298609841793774,542.2626300000001,565.2619772669798,target,0.029148057538219765,0.0035824522888475794,0.050763907518391785,0.5067874259516187,7.181256845368241,BNB
943,2024-09-01 01:00:00+00:00,2024-09-01 14:00:00+00:00,-1,14,0.030595033947660936,False,0.0013835191950489765,530.0509370000001,513.3123289555178,target,0.02243642897501318,0.0015641194876331393,0.03782832101662729,0.297179908077196,7.18731340624579,BNB
944,2024-09-15 01:00:00+00:00,2024-09-16 01:00:00+00:00,1,25,-0.014892889741003602,False,0.001363037670337709,554.4762929999999,546.7691614315663,stop,-0.011255630177363177,0.01665768783373383,0.013424752498841314,3.673430924779549,2.9604889633534,BNB
945,2024-09-29 07:00:00+00:00,2024-09-30 02:00:00+00:00,-1,20,0.032653798840926666,False,0.0012492910379460534,595.9511610000001,575.9051635074356,target,0.024311290212166024,0.00959615380294542,0.03441751999540112,1.711714970169328,6.139228843346349,BNB
946,2024-10-13 04:00:00+00:00,2024-10-14 03:00:00+00:00,-1,24,-0.01281266657460474,False,0.0013413888201187505,573.158001,579.925141789985,stop,-0.009850733418058357,0.013420381442079894,0.014320660246702144,3.499961022401897,3.7347487398055623,BNB
947,2024-10-20 03:00:00+00:00,2024-10-20 14:00:00+00:00,-1,12,-0.010431710903776462,False,0.0012772838754248346,594.211683,599.8133149937056,stop,-0.007917428660019809,0.011171636623644152,0.0011135476109446322,3.6731646625927863,0.3661275310351277,BNB
948,2024-10-20 15:00:00+00:00,2024-10-21 08:00:00+00:00,1,18,0.017394768673771727,False,0.001253040373705771,599.389763,610.5192072899569,target,0.013064507526032575,0.004337349685433404,0.02180590628472248,1.4015594663676467,7.046301680198667,BNB
949,2024-11-19 14:00:00+00:00,2024-11-21 13:00:00+00:00,-1,48,-0.018803051528495186,False,0.0012462148011980567,613.1559980000001,624.597323,time,-0.014367864453242602,0.02124092733738516,0.03244850913127669,2.7887112824896,4.260149384113364,BNB
950,2024-12-12 20:00:00+00:00,2024-12-13 19:00:00+00:00,-1,24,-0.03430586459149231,False,0.0010639238637870137,704.708524,728.2978220601843,stop,-0.025721035212355806,0.03351949805562453,0.010938599062553714,3.0321684704697,0.9895039339056958,BNB
951,2024-12-25 03:00:00+00:00,2024-12-26 12:00:00+00:00,1,34,-0.023691854349591694,False,0.0010308595529087022,702.360645,686.408589664607,stop,-0.017153736040039665,0.029088538979857033,0.025456088872974986,3.8925224675612657,3.4064412084397677,BNB
952,2024-12-26 13:00:00+00:00,2024-12-27 09:00:00+00:00,-1,21,-0.03326312228477279,False,0.001035124538891938,682.89507,704.5014723152209,stop,-0.023513083927421755,0.04105305665773794,0.0018232230026203808,3.931027665863706,0.1745823733441516,BNB
953,2024-12-27 10:00:00+00:00,2024-12-29 09:00:00+00:00,1,48,0.010557627538908506,False,0.0009701820772188959,704.3712479999999,712.5161810000001,time,0.0072147486222226,0.026706439329278214,0.038159922166499445,2.6349524987650845,3.764993941182812,BNB
954,2024-12-30 14:00:00+00:00,2024-12-30 18:00:00+00:00,-1,5,-0.02341822156364134,False,0.0010007103378878773,690.09291,705.5558342937311,stop,-0.016172228257951837,0.026311080344239502,0.004481874766688968,3.5715771711033,0.6083886100843772,BNB
955,2024-12-30 19:00:00+00:00,2025-01-01 18:00:00+00:00,1,48,-0.004020155830133009,False,0.0009532279804559483,707.5021869999999,705.328338,time,-0.002711236834683621,0.01761434413770932,0.010018079279803126,2.1063055299099345,1.197951829551888,BNB
956,2025-01-02 01:00:00+00:00,2025-01-02 09:00:00+00:00,-1,9,-0.016568753892668972,False,0.0009570697031676486,701.829388,712.7505364421934,stop,-0.011129226092016255,0.02017671565500192,0.0053993008340654305,3.9675258188592926,1.0617122146751625,BNB
957,2025-01-02 10:00:00+00:00,2025-01-02 16:00:00+00:00,1,7,-0.018215724143045228,False,0.0009234426477564563,715.334536,703.0133733769192,stop,-0.012032768510533042,0.019298014153198925,0.00044100205445696527,3.4197308055474536,0.07814836795972652,BNB
958,2025-01-05 10:00:00+00:00,2025-01-06 02:00:00+00:00,-1,17,-0.013963863323026479,False,0.0009192227578508809,705.528278,714.6700792658893,stop,-0.009056091096686043,0.01559359467658357,0.004320561053401154,3.697036917991711,1.024348397669192,BNB
959,2025-01-06 03:00:00+00:00,2025-01-06 16:00:00+00:00,1,14,0.025304666700300824,False,0.0008960791828446124,713.6440289999999,732.4255881050573,target,0.016181867694991612,0.003943182995509785,0.03162076621256241,0.898976166225355,7.208976914144602,BNB
960,2025-01-11 21:00:00+00:00,2025-01-12 09:00:00+00:00,1,13,-0.013584217471318053,False,0.0009370772373869823,699.689844,690.8803901136882,stop,-0.00890667456736095,0.013134168058611973,0.0022726583980544088,3.204966651705536,0.5545683856014754,BNB
961,2025-01-12 10:00:00+00:00,2025-01-13 00:00:00+00:00,-1,15,-0.012522789547138707,False,0.0009354813492877157,691.3625290000001,699.2858083827533,stop,-0.008099198686923631,0.012493403442754257,0.0027518543747980188,3.3593340255209445,0.739942328517301,BNB
962,2025-01-26 10:00:00+00:00,2025-01-26 22:00:00+00:00,-1,13,0.018420502575458176,False,0.0009313485254559138,685.734218,672.4235701771627,target,0.011764393095984932,0.0013792253254596878,0.019940988273681435,0.42632725886287504,6.163885416548509,BNB
963,2025-01-26 23:00:00+00:00,2025-01-27 02:00:00+00:00,-1,4,0.020494022924325214,False,0.0009663539605570667,673.068019,658.6083094247715,target,0.01332976226945036,0.00030009002700800204,0.02833000300375295,0.08381122689184033,7.912199993006574,BNB
964,2025-01-27 03:00:00+00:00,2025-01-27 20:00:00+00:00,-1,18,-0.018023417293180737,False,0.0010092126243329829,657.692633,668.8068860852671,stop,-0.011963074015128253,0.02411060456564359,0.03301334378790279,4.358945780418424,5.9684681572372025,BNB
965,2025-02-15 16:00:00+00:00,2025-02-17 15:00:00+00:00,1,48,0.004979020620715107,False,0.0009784415589645069,666.1497850000001,669.649045,time,0.0032452690497271654,0.01972497071360621,0.02754668006085138,2.2585338717618026,3.154129396455964,BNB
966,2025-02-20 20:00:00+00:00,2025-02-21 19:00:00+00:00,1,24,-0.02145955708994982,False,0.0009980756774171803,656.29683,642.5194942723981,stop,-0.014056737441336967,0.034049882581331306,0.01739025617417661,4.9350643199830175,2.5204795510101827,BNB
967,2025-03-08 16:00:00+00:00,2025-03-09 03:00:00+00:00,1,12,-0.022050949442079987,False,0.001068740814698168,599.749871,587.1182509776738,stop,-0.014134155075429401,0.022542515894930417,0.004552112692326088,3.256379546509563,0.6575755223502309,BNB
968,2025-03-09 11:00:00+00:00,2025-03-09 17:00:00+00:00,-1,7,0.03408517900016733,False,0.0010878968718153865,576.197089,555.9734583092051,target,0.021366056223766822,0.004343845270624129,0.04298371073513017,0.7425702253767746,7.347965173614396,BNB
969,2025-03-22 15:00:00+00:00,2025-03-24 14:00:00+00:00,-1,48,-0.007318309338302033,False,0.0010387587317928107,624.022737,626.7479679999999,time,-0.004743794467437034,0.01235093297570023,0.011253976151192719,2.4127013568438658,2.1984155839313657,BNB
970,2025-03-24 17:00:00+00:00,2025-03-26 14:00:00+00:00,1,46,-0.019180314485570435,False,0.0010124054371981606,635.580617,623.721260697856,stop,-0.012341866285723065,0.020423242390980496,0.014300912829756731,3.336295226333733,2.336165154030746,BNB
971,2025-04-05 14:00:00+00:00,2025-04-06 16:00:00+00:00,-1,27,0.027419641833182695,False,0.001063639855751648,593.361938,576.507231597798,target,0.01730517774897492,0.002524701879344348,0.032496081674857895,0.5332855871536107,6.864054777298582,BNB
972,2025-04-06 17:00:00+00:00,2025-04-06 18:00:00+00:00,-1,2,0.03111596845267692,False,0.001128864859276456,574.407626,555.9691880233953,target,0.020176483360191632,0.0009094134136720178,0.03930593010615776,0.16998424725436148,7.3469214784833055,BNB
973,2025-04-06 19:00:00+00:00,2025-04-07 06:00:00+00:00,-1,12,0.04538335809588308,False,0.001203277516038815,555.6532540000001,529.8930702344582,target,0.030343543191819724,0.017775016935291647,0.08289927876495452,2.300467905794573,10.728942251169022,BNB
974,2025-04-18 15:00:00+00:00,2025-04-20 14:00:00+00:00,1,48,-0.005571720526290548,False,0.0011788685867647462,592.897816,589.703036,time,-0.0038943463196321137,0.009694446234897342,0.004388924920580186,2.550178613060814,1.154531387930457,BNB
975,2020-01-26 09:00:00+00:00,2020-01-28 00:00:00+00:00,1,40,0.050696667449397104,False,4.491015678225553,0.22266677999999998,0.23429822620078844,target,0.050696667449397104,0.0029945194339271353,0.05808329378994039,0.34395378966105467,6.671510890429078,XRP
976,2020-02-09 04:00:00+00:00,2020-02-10 05:00:00+00:00,1,26,-0.0375222997116125,False,3.726078584545949,0.28198457,0.272538411924372,stop,-0.03942455526202876,0.042500800664376684,0.026651919287640418,3.8394149589182547,2.4076670556142643,XRP
977,2020-02-22 17:00:00+00:00,2020-02-24 16:00:00+00:00,1,48,-0.024839409358550668,False,3.652344008457034,0.27688303999999997,0.2709187,time,-0.025119401967508236,0.03099879284769478,0.03003780946640878,2.779091465869165,2.692937765404257,XRP
978,2020-03-06 12:00:00+00:00,2020-03-07 17:00:00+00:00,1,30,-0.0278041537494546,False,4.033784587291001,0.24447332,0.23822846499958017,stop,-0.02741914157539436,0.03465948758743902,0.004199558463066653,4.117682972360351,0.4989240054739971,XRP
979,2020-03-07 18:00:00+00:00,2020-03-08 15:00:00+00:00,-1,22,0.055176208003922436,False,4.041387589662765,0.23722881,0.2241401925616362,target,0.052899282803869914,0.004936963600668858,0.10508340028346481,0.5368894028029888,11.427705080720736,XRP
980,2020-03-25 12:00:00+00:00,2020-03-26 21:00:00+00:00,-1,34,-0.04605540852770811,False,6.4087171144904955,0.15785263000000002,0.16501849791786424,stop,-0.04659116425350336,0.10166045380428552,0.0028674213410318813,6.764974444271038,0.19081197621233065,XRP
981,2020-03-26 22:00:00+00:00,2020-03-27 19:00:00+00:00,1,22,0.07046549497830268,False,5.655054287903739,0.17065117999999999,0.18290541816641462,target,0.06800214016288023,0.012019723508504224,0.08173878434359494,1.0043121271896043,6.829712207600013,XRP
982,2020-04-18 01:00:00+00:00,2020-04-20 00:00:00+00:00,1,48,0.013041405657250175,False,5.435442142924033,0.190057,0.19284213,time,0.01347234361429025,0.012927700637177346,0.03810961974565525,1.4780480437837857,4.357143663461903,XRP
983,2020-04-26 12:00:00+00:00,2020-04-26 15:00:00+00:00,1,4,-0.021355226925836756,False,5.3377668891781616,0.1960588,0.19206598222630591,stop,-0.02234859031266491,0.03090297400575747,0.008370958100324911,4.618949278717272,1.2511750769509968,XRP
984,2020-04-27 01:00:00+00:00,2020-04-28 10:00:00+00:00,1,34,0.04702013047408387,False,5.17624076103427,0.19785934,0.20744398364413819,target,0.04815649326992891,0.020010882478431424,0.061865464627548106,2.478552242735583,7.662669863048823,XRP
985,2020-05-09 22:00:00+00:00,2020-05-10 00:00:00+00:00,-1,3,0.0599320530488973,False,4.940791652185971,0.21703487,0.20389106690624634,target,0.06426658328433853,0.007672177286534716,0.19137417872068208,0.7601133346822594,18.960206435109484,XRP
986,2020-05-10 01:00:00+00:00,2020-05-12 00:00:00+00:00,-1,48,0.02533974149734815,False,5.753703121126652,0.19754072,0.19245771999999997,time,0.02880091344209382,0.021055304445584625,0.06753402538980317,0.8219635271936966,2.6364142992305215,XRP
987,2020-05-20 13:00:00+00:00,2020-05-20 15:00:00+00:00,1,3,-0.021378987117188,False,5.661040126522297,0.20586174000000002,0.2016643875764063,stop,-0.024914891375527708,0.04693315037558704,0.0016431416541994599,7.006617458941857,0.24530347759943097,XRP
988,2020-05-20 16:00:00+00:00,2020-05-22 15:00:00+00:00,-1,48,-0.011812470934262695,False,5.718390601291528,0.19944015,0.20166048,time,-0.013471847625201476,0.018852021521243247,0.05435289734790121,1.9871996994169943,5.729362294143457,XRP
989,2020-06-05 15:00:00+00:00,2020-06-07 14:00:00+00:00,-1,48,0.010861354951401659,False,5.564378255505133,0.20253922000000002,0.20026006,time,0.012240799508549307,0.013137109938509556,0.020436634445417663,1.6464188567257712,2.561237629618592,XRP
990,2020-06-07 15:00:00+00:00,2020-06-08 23:00:00+00:00,-1,33,-0.022550276377871062,False,5.692245291786932,0.20013994,0.2045315851986512,stop,-0.025690303845019514,0.023284008179476928,0.0026978123407051524,3.2284522276284284,0.3740661055406259,XRP
991,2020-06-10 20:00:00+00:00,2020-06-11 13:00:00+00:00,1,18,-0.018482665338840926,False,5.491965273360765,0.20276080999999999,0.19925468755371453,stop,-0.020581470451111302,0.03630292264072133,0.004138817555522773,6.407523993146466,0.7305079277700004,XRP
992,2020-06-21 19:00:00+00:00,2020-06-22 12:00:00+00:00,-1,18,-0.014688132206418522,False,5.862208297166836,0.18644405,0.18901653592253884,stop,-0.016053744507827355,0.015854354161476392,0.005063449329705087,3.5248657134923644,1.1257461989622486,XRP
993,2020-08-09 10:00:00+00:00,2020-08-10 06:00:00+00:00,-1,21,-0.03062730991973326,False,3.7044129482295896,0.29071276,0.29976950669379415,stop,-0.032983166040030244,0.03125848345975593,0.028250428360970605,3.0402807954464977,2.747709591208256,XRP
994,2020-08-25 03:00:00+00:00,2020-08-25 16:00:00+00:00,-1,14,0.04278731767699712,False,3.648673030698624,0.28611414,0.2736890074801991,target,0.04466726175692804,0.00589226383568454,0.04723338734674213,0.8140887015796557,6.525873254935642,XRP
995,2020-08-25 17:00:00+00:00,2020-08-27 16:00:00+00:00,-1,48,0.048690125431790146,False,3.9742003187688377,0.27391780000000004,0.26047812000000004,time,0.053004275436817364,0.02695042089269098,0.05446086380658736,2.5844417171167264,5.222587392322649,XRP
996,2020-08-27 17:00:00+00:00,2020-08-28 15:00:00+00:00,-1,23,-0.04179052229595383,False,4.383689323738681,0.26042185,0.2710921781147212,stop,-0.04770841478351161,0.04330723401281416,0.02657937496412074,3.1952375664470236,1.96104459945216,XRP
997,2020-09-12 14:00:00+00:00,2020-09-12 18:00:00+00:00,-1,5,-0.019628978354400584,False,4.544137613085276,0.24072775999999999,0.2452342789708579,stop,-0.02147214077097387,0.029793988030296235,0.0026077590719075245,4.853792457817711,0.4248347452566459,XRP
998,2020-09-12 19:00:00+00:00,2020-09-13 12:00:00+00:00,1,18,-0.021472650840240623,False,4.338754739255242,0.24717413,0.2421612539017206,stop,-0.023027870448381848,0.024169721968880783,0.02559276733370119,3.6278629446624366,3.841461328386197,XRP
999,2020-10-04 00:00:00+00:00,2020-10-04 12:00:00+00:00,-1,13,-0.01628453563931433,False,4.5110226557886115,0.23263019,0.236207395826922,stop,-0.017088992636426766,0.02609209922409473,0.005288178632360624,5.193250196327555,1.0525345042135,XRP
1000,2020-10-04 13:00:00+00:00,2020-10-04 19:00:00+00:00,1,7,0.0390839530079356,False,4.339787487109555,0.23787134000000001,0.24743518553726332,target,0.040346797149106696,0.0002999100269919153,0.04846594802047189,0.044756055326516934,7.232651314838526,XRP
1001,2020-10-18 08:00:00+00:00,2020-10-20 03:00:00+00:00,1,44,0.026889191202817873,False,4.414722771406904,0.24297287,0.2498744976423486,target,0.02884290234714468,0.01182383037250208,0.031802439506929195,2.497558676482622,6.717658848402154,XRP
1002,2020-11-01 22:00:00+00:00,2020-11-02 08:00:00+00:00,1,11,-0.01912245292885348,False,4.567276703634428,0.24117233,0.23682350138752684,stop,-0.021063396517765932,0.023519820868339262,0.015456458043922436,3.9780139697243517,2.614220846552022,XRP
1003,2020-11-02 09:00:00+00:00,2020-11-03 10:00:00+00:00,-1,26,-0.02711801518852576,False,4.581439577496261,0.23582923,0.24203541120043812,stop,-0.029299316951674037,0.0325267991588659,0.036166975569567855,3.7518486186970033,4.171729799491976,XRP
1004,2020-12-01 13:00:00+00:00,2020-12-03 12:00:00+00:00,-1,48,-0.0377666607182951,False,1.7405288643384846,0.6039187699999999,0.6271881,time,-0.039697974136460305,0.08723231106064153,0.020729228203984953,2.235658847045387,0.531265099630858,XRP
1005,2020-12-03 16:00:00+00:00,2020-12-04 02:00:00+00:00,1,11,-0.049041672885460595,False,1.5923413161316702,0.6351905,0.6049268478079518,stop,-0.049602713387921604,0.050678497238230126,0.012609602945887892,3.2102624759777587,0.7987635265480144,XRP
1006,2020-12-04 03:00:00+00:00,2020-12-04 16:00:00+00:00,-1,14,0.08981992333284546,False,1.5580987873307943,0.61731475,0.5613998191981663,target,0.08639215823713559,0.0174712332728158,0.09786701192544009,1.1573205773846291,6.482856990106702,XRP
1007,2020-12-04 17:00:00+00:00,2020-12-06 00:00:00+00:00,-1,32,-0.06828036122517551,False,1.815660752967965,0.57732675,0.6163216248475328,stop,-0.07157349038266599,0.08188300646037974,0.06119021853742263,3.6542032064586283,2.7307435626651877,XRP
1008,2020-12-20 22:00:00+00:00,2020-12-22 01:00:00+00:00,-1,28,0.11079175132175977,False,1.7479855358126164,0.55873233,0.49701471072185166,target,0.10820543213902868,0.019987513520114297,0.1475345627484989,1.0856870498846964,8.01382143032719,XRP
1009,2020-12-31 22:00:00+00:00,2021-01-02 21:00:00+00:00,1,48,0.000831525484422597,False,4.833048585290326,0.22446731999999997,0.22503247,time,0.0009020899538600725,0.06445178745841479,0.12087585845458494,1.7717631073219142,3.3228463479601795,XRP
1010,2021-01-03 17:00:00+00:00,2021-01-05 16:00:00+00:00,1,48,-0.020420069156186136,False,4.741974320433319,0.22896866999999999,0.22643205000000002,time,-0.022171366846137793,0.06013342349413998,0.14862876217955945,2.1236211939017,5.248847829504439,XRP
1011,2021-01-06 13:00:00+00:00,2021-01-06 14:00:00+00:00,1,2,0.13683396840666462,False,4.52842080288023,0.23487044,0.2672597594663526,target,0.1455355396420558,0.022439775733378856,0.16830368266010812,0.9763292505373882,7.322702789306505,XRP
1012,2021-01-06 15:00:00+00:00,2021-01-07 04:00:00+00:00,1,14,0.1912301562836089,False,4.833127135508644,0.25017502999999996,0.2991362289276203,target,0.23122168403271276,0.05706017103305621,0.2711100704174995,1.7493480935100667,8.311680042835484,XRP
1013,2021-01-07 05:00:00+00:00,2021-01-07 16:00:00+00:00,1,12,0.2554642730284196,False,4.931224092198375,0.29208759999999995,0.367421627800516,target,0.3679578149714964,0.055077997148800316,0.27427525167107414,1.2813014625422465,6.380574808409582,XRP
1014,2021-01-15 06:00:00+00:00,2021-01-17 05:00:00+00:00,-1,48,0.046799765236256036,False,6.233114679834336,0.29011294000000004,0.27778331,time,0.08462835361082402,0.025807397629350602,0.09862690026856447,1.5044034454904833,5.749306873674432,XRP
1015,2021-02-18 12:00:00+00:00,2021-02-19 12:00:00+00:00,-1,25,-0.06402319026526289,False,3.5419072761385495,0.53443962,0.5705855869071013,stop,-0.1211917747172186,0.09404313999025744,0.04049029897895663,4.191293949754078,1.8045627267636504,XRP
1016,2021-02-19 13:00:00+00:00,2021-02-20 14:00:00+00:00,1,26,-0.07417044656066188,False,3.143234144250962,0.56366905,0.5276183287864692,stop,-0.13141102913506397,0.08634330730062258,0.03873008461259318,4.067914041423428,1.8247002569931585,XRP
1017,2021-03-02 17:00:00+00:00,2021-03-03 11:00:00+00:00,-1,19,-0.05638597190553227,False,3.821204057729753,0.42927118000000003,0.4532357953026834,stop,-0.092491757760245,0.09278242252368302,0.016472524430827175,5.014395812427708,0.8902522188938216,XRP
1018,2021-03-06 04:00:00+00:00,2021-03-08 03:00:00+00:00,1,48,-0.005044943553574113,False,3.31557061084416,0.46684000999999997,0.46576023,time,-0.00780877056128821,0.03735757352931243,0.013837695702217184,2.0610636046828645,0.7634428119946807,XRP
1019,2021-03-08 10:00:00+00:00,2021-03-10 02:00:00+00:00,1,41,-0.044985120049672936,False,3.208106637733427,0.48004397,0.4616927151269919,stop,-0.06927853549190986,0.05841958602250534,0.02219802906804566,4.619407590448575,1.7552631052610583,XRP
1020,2021-03-20 00:00:00+00:00,2021-03-20 03:00:00+00:00,-1,4,-0.028493324304825065,False,3.1509853707215103,0.46675993,0.4795862989435157,stop,-0.04190666246201389,0.03157955311202484,0.0035562821341582947,3.4867008688102445,0.3926493817983299,XRP
1021,2021-03-20 04:00:00+00:00,2021-03-20 16:00:00+00:00,1,13,0.05768848326682785,False,3.009731401285434,0.47474238,0.503095874195782,target,0.08242801905442025,0.006197845661050994,0.12334609772988873,0.6226491831340668,12.391619797332364,XRP
1022,2021-03-20 17:00:00+00:00,2021-03-22 12:00:00+00:00,1,44,0.10047983768155935,False,2.8942946764656483,0.5221566,0.576874833646178,target,0.1518526734908054,0.05162550851602756,0.1322273815939509,2.9558629586958034,7.570792629723993,XRP
1023,2021-04-22 17:00:00+00:00,2021-04-22 20:00:00+00:00,1,4,-0.0937593299885064,False,1.1905685302301956,1.39691895,1.2672768631063054,stop,-0.15593374269572913,0.12593354109771365,0.01824089364669296,4.082852721122013,0.5913824197424216,XRP
1024,2021-04-22 21:00:00+00:00,2021-04-23 02:00:00+00:00,-1,6,0.24354272725658613,False,1.2143747823956361,1.24112755,0.9378867244624839,target,0.36706613688884976,0.00900185480533398,0.29886336017599485,0.22106093360343387,7.339266723255439,XRP
1025,2021-04-23 03:00:00+00:00,2021-04-25 02:00:00+00:00,-1,48,-0.03481071172388711,False,1.8170406882341195,1.03149046,1.0671200399999998,time,-0.06524432926707988,0.1381588541303618,0.06630256182883179,1.8007643613956423,0.8641884818900872,XRP
1026,2021-04-28 07:00:00+00:00,2021-04-30 05:00:00+00:00,-1,47,-0.09992138828810167,False,1.3529410644339084,1.33709875,1.473600772644963,stop,-0.18075937077845788,0.1562347208835548,0.022809646632307463,4.606081174155481,0.6724694955644092,XRP
1027,2021-05-01 22:00:00+00:00,2021-05-02 03:00:00+00:00,1,6,-0.05663134112841757,False,1.002752482516066,1.62378699,1.5348372899013742,stop,-0.09221034563200362,0.05541797696014296,0.027597837817385243,3.050781816634209,1.5192720198402858,XRP
1028,2021-05-03 05:00:00+00:00,2021-05-03 13:00:00+00:00,1,9,-0.05124236647919559,False,0.9541946275048616,1.60978279,1.5304683693876118,stop,-0.07871063665569206,0.09279686112186601,0.009328718193092445,5.683185101515286,0.5713213961148202,XRP
1029,2021-05-03 14:00:00+00:00,2021-05-04 15:00:00+00:00,-1,26,0.11989406552440936,False,0.9463598966810887,1.53993788,1.3571471226124538,target,0.1747258722944769,0.034067685899122076,0.13113378313675875,1.7220384908884094,6.62849313234778,XRP
1030,2021-05-31 01:00:00+00:00,2021-06-01 00:00:00+00:00,1,24,0.14985726624191406,False,1.7676834818531377,0.9232769000000001,1.0628306860113148,target,0.244576248549598,0.046873153655203614,0.19281658622673206,1.8606546437869322,7.6539564459641225,XRP
1031,2021-06-01 01:00:00+00:00,2021-06-01 08:00:00+00:00,1,8,-0.07895684656023062,False,1.7213274166719332,1.09022697,1.0051937967972835,stop,-0.14817338496812502,0.08725428063846194,0.0,3.3680606061479486,0.0,XRP
1032,2021-06-02 09:00:00+00:00,2021-06-04 01:00:00+00:00,1,41,-0.06429708020527736,False,1.6774544268969036,1.03040903,0.9656696372874917,stop,-0.11113520058488426,0.08376191151973882,0.047739265250810105,4.017512449643701,2.2897411126628326,XRP
1033,2021-06-07 01:00:00+00:00,2021-06-07 18:00:00+00:00,1,18,-0.04069164631806125,False,1.6721935413410103,0.9671900699999999,0.9289705440562471,stop,-0.06581177917197999,0.04331110430031596,0.008074865781035239,3.312275223794614,0.6175362714497873,XRP
1034,2021-07-02 02:00:00+00:00,2021-07-03 21:00:00+00:00,-1,44,-0.05507837460743403,False,2.389871887853974,0.64920518,0.6845434927107713,stop,-0.08545504605440767,0.05498234009777911,0.025885776204065538,3.0479727236489302,1.4349905744309939,XRP
1035,2021-07-04 06:00:00+00:00,2021-07-05 11:00:00+00:00,1,30,-0.03475996464163958,False,2.1392825519396745,0.68530553,0.6624335735602601,stop,-0.0509602689509942,0.06085684147332081,0.034429125356685686,5.518267098978422,3.121902239794883,XRP
1036,2021-07-07 22:00:00+00:00,2021-07-08 00:00:00+00:00,-1,3,0.050088635956719356,False,2.143438146716238,0.66020188,0.6264899224735015,target,0.07088052361653002,0.0025721223332475594,0.05407721650232193,0.30222866743918864,6.354163202526116,XRP
1037,2021-07-08 01:00:00+00:00,2021-07-10 00:00:00+00:00,-1,48,-0.01199378530614665,False,2.3430459430110027,0.63420968,0.64129233,time,-0.017822554087109945,0.023320867634817593,0.06797386000163233,1.9564240605143641,5.7024334289639995,XRP
1038,2021-07-29 20:00:00+00:00,2021-07-31 19:00:00+00:00,1,48,0.043523546444470276,False,2.0556296187547036,0.7142141999999999,0.7464759900000001,time,0.06389952401370405,0.009400821210219418,0.07768789811235921,0.5842518386025973,4.828226842563015,XRP
1039,2021-08-01 01:00:00+00:00,2021-08-01 23:00:00+00:00,1,23,-0.041166328451750646,False,2.013938077181579,0.7607281499999999,0.7303098040916531,stop,-0.0630692599603659,0.07772572896112749,0.023098724557517762,5.873815368295283,1.7455949928989811,XRP
1040,2021-08-06 16:00:00+00:00,2021-08-07 09:00:00+00:00,1,18,0.05784121370114624,False,1.9797109232133754,0.74202254,0.7859578233258703,target,0.0849681719016634,0.005286281465250409,0.0794820329851436,0.5356797138518055,8.0542273364978,XRP
1041,2021-08-22 15:00:00+00:00,2021-08-23 02:00:00+00:00,-1,12,-0.0471404943738643,False,1.2993602164994538,1.19594111,1.2518096828470044,stop,-0.07325436247999423,0.048713845115668,0.016757606066405705,3.1495183350924796,1.0834371097802427,XRP
1042,2021-08-24 14:00:00+00:00,2021-08-26 12:00:00+00:00,-1,47,0.10037963707305136,False,1.227131964883751,1.2066379,1.0860597054346939,target,0.14863252382176806,0.0003000900270081288,0.11903977158350496,0.018018183203294617,7.147456495819625,XRP
1043,2021-09-05 14:00:00+00:00,2021-09-06 09:00:00+00:00,1,20,0.06163852117316672,False,1.2744290795790532,1.2784834299999999,1.3612721771221588,target,0.10042988994660057,0.0051494058080986125,0.08659992566348719,0.47712498827544647,8.024030355475645,XRP
1044,2021-09-14 16:00:00+00:00,2021-09-16 15:00:00+00:00,1,48,0.015005822814025781,False,1.593629690006067,1.08542553,1.10346886,time,0.025956567371247897,0.015777710701166153,0.04217191206106974,1.2479176526724258,3.3355329239284615,XRP
1045,2021-10-08 09:00:00+00:00,2021-10-08 20:00:00+00:00,1,12,-0.03543578033871582,False,1.6098288171714306,1.09062709,1.0534460276251196,stop,-0.06221541166745841,0.03440872718465116,0.0026341817715164278,3.053885050510622,0.23379209260463557,XRP
1046,2021-10-08 21:00:00+00:00,2021-10-09 10:00:00+00:00,-1,14,-0.03431836020409316,False,1.5997881870958122,1.05858233,1.094312788986135,stop,-0.05811840061991548,0.03818094148614787,0.0019670931027158845,3.4250072634457185,0.17645736072590534,XRP
1047,2021-10-15 01:00:00+00:00,2021-10-15 06:00:00+00:00,-1,6,-0.03929733202031906,False,1.4671568340299803,1.1146655,1.1573328810545678,stop,-0.0642664286802049,0.04730970860764947,0.008043220140930334,3.7382427553974344,0.6355462822917907,XRP
1048,2021-10-15 09:00:00+00:00,2021-10-16 11:00:00+00:00,-1,27,-0.045760557621286,False,1.408112315696537,1.1157651700000002,1.1672258296797693,stop,-0.07189544980479831,0.05891457429164937,0.02425704864044124,3.858387531535535,1.588623785394907,XRP
1049,2021-10-17 16:00:00+00:00,2021-10-17 20:00:00+00:00,-1,5,0.057260476297759245,False,1.3416327881880776,1.11746466,1.0529381783313208,target,0.08584646512507259,0.007190688249595246,0.09169387065896124,0.747166725245483,9.527684511867875,XRP
1050,2021-10-17 21:00:00+00:00,2021-10-19 20:00:00+00:00,-1,48,-0.01858140286488386,False,1.4979209800942308,1.05818245,1.0783234,time,-0.029452892853148033,0.046322399317811264,0.0012119365616016,2.9855693634462686,0.07811168510364445,XRP
1051,2021-10-24 09:00:00+00:00,2021-10-25 15:00:00+00:00,-1,31,-0.01950534953212438,False,1.4381586192765083,1.0816754000000002,1.103246233939331,stop,-0.030342927438944345,0.021101154745684202,0.02919119728524855,3.2238197320061803,4.4598107991372915,XRP
1052,2021-11-14 17:00:00+00:00,2021-11-15 00:00:00+00:00,-1,8,-0.02723208172843668,False,1.3014890326779176,1.1719483099999999,1.2026755902093185,stop,-0.04153649167787801,0.03801506399202883,0.0033690137750187594,4.401386153245414,0.3900645960393464,XRP
1053,2021-11-15 01:00:00+00:00,2021-11-15 18:00:00+00:00,1,18,-0.028811855834766392,False,1.2240438948135184,1.21216354,1.179120775610165,stop,-0.04274934275543829,0.030163867162676706,0.007619813412305829,3.355590006458854,0.8476688217567929,XRP
1054,2021-11-20 12:00:00+00:00,2021-11-20 15:00:00+00:00,1,4,-0.03151884156965346,False,1.3130615895872053,1.0974291299999999,1.063920109737476,stop,-0.04541839974561089,0.03410619326279394,0.004529559006694294,3.3831949698482346,0.44931373985369677,XRP
1055,2021-11-20 16:00:00+00:00,2021-11-22 15:00:00+00:00,-1,48,0.0067016937382265345,False,1.3100529616012173,1.06528032,1.05801731,time,0.00935270711203388,0.03146559583490657,0.036873224129401014,2.789153306485054,3.268492849806182,XRP
1056,2021-12-19 23:00:00+00:00,2021-12-20 02:00:00+00:00,1,4,0.05790297524643393,False,1.6724279516139526,0.8400519399999999,0.889642934124601,target,0.0813494153928569,0.01958443188643781,0.0751716137933091,1.9905154502847662,7.640265469331276,XRP
1057,2021-12-20 03:00:00+00:00,2021-12-20 09:00:00+00:00,1,7,-0.04598469453547145,False,1.6605163295182033,0.89506844,0.8548704506435808,stop,-0.0683459368492593,0.057055346516295444,0.022156473308342858,3.835747454529975,1.4895472779148684,XRP
1058,2021-12-26 04:00:00+00:00,2021-12-27 14:00:00+00:00,-1,35,-0.038456910157455455,False,1.56275377964549,0.90732772,0.9416628053487345,stop,-0.05452919984372724,0.03832383738920718,0.002455253984745372,3.0633966801381614,0.19625949325949177,XRP
1059,2021-12-27 15:00:00+00:00,2021-12-28 00:00:00+00:00,1,10,-0.025276053672064404,False,1.4519992824602788,0.9389816099999999,0.9163617020846008,stop,-0.034461387347824925,0.03746783709640476,0.017911309253436893,4.723438016666266,2.2580155571368223,XRP
1060,2021-12-28 02:00:00+00:00,2021-12-29 12:00:00+00:00,-1,35,0.07365075814752318,False,1.4732772226831212,0.90202931,0.8350735260291982,target,0.0978773823087276,0.00551056373101674,0.08783451837058377,0.4454303755595792,7.099847568169798,XRP
1061,2022-01-17 04:00:00+00:00,2022-01-19 03:00:00+00:00,-1,48,0.032929905489643974,False,1.8612999378742936,0.7665699600000001,0.7410222399999999,time,0.04698493641223055,0.00421362715543919,0.04183565972243428,0.5915328231688981,5.873126641686809,XRP
1062,2022-02-02 13:00:00+00:00,2022-02-02 14:00:00+00:00,1,2,-0.02416978351267151,False,2.3386659483687136,0.630189,0.6155803529744203,stop,-0.035621464533122524,0.030608277834110086,0.0009695504047198987,4.011878187508359,0.1270805937356898,XRP
1063,2022-02-02 15:00:00+00:00,2022-02-04 14:00:00+00:00,-1,48,-0.0008379591169357278,False,2.3468379678722684,0.6128161,0.61268375,time,-0.0012051361188841693,0.013517758427038734,0.04065836390395095,1.443050455857985,4.340369809293097,XRP
1064,2022-03-03 16:00:00+00:00,2022-03-05 15:00:00+00:00,-1,48,-0.014747188409227324,False,1.9198693422432025,0.7484753900000001,0.75892761,time,-0.02119134039607358,0.027288285323582854,0.07558750862870736,2.03694828610108,5.642268992945308,XRP
1065,2022-03-17 22:00:00+00:00,2022-03-18 10:00:00+00:00,1,13,-0.027520559807037808,False,1.7667694502390143,0.80134033,0.7802358336042458,stop,-0.03896315763084945,0.026630794933283863,0.0013223719814525708,3.0675562903756726,0.15232179512792232,XRP
1066,2022-03-18 11:00:00+00:00,2022-03-19 05:00:00+00:00,-1,19,-0.025528302791553253,False,1.7631975761690233,0.7808656700000001,0.8001681183691046,stop,-0.03514788950715985,0.05331817186943298,0.006487248952819275,6.5522983368624,0.7972214544125952,XRP
1067,2022-03-27 01:00:00+00:00,2022-03-28 00:00:00+00:00,1,24,0.032011809080276135,False,1.5969403334856669,0.84015197,0.8680687748344751,target,0.04294936606786385,0.014821092426885554,0.036479150313722467,2.676231053051472,6.587006682545281,XRP
1068,2022-04-10 03:00:00+00:00,2022-04-11 00:00:00+00:00,1,22,-0.021744717468051473,False,1.8063508693944126,0.7665298899999999,0.7508481431276972,stop,-0.030108212737899244,0.031609843681372915,0.00831032172796301,4.702877333312455,1.2364004099774073,XRP
1069,2022-04-24 00:00:00+00:00,2022-04-25 00:00:00+00:00,-1,25,0.0403517773300477,False,1.9213275617404513,0.70498844,0.6760626279149049,target,0.05465703603931976,0.009520099365033488,0.0517575011584588,1.3921600500457396,7.5686946785086375,XRP
1070,2022-05-09 00:00:00+00:00,2022-05-09 10:00:00+00:00,-1,11,0.06892637373262503,False,2.4908882039408153,0.56573023,0.5262348347737892,target,0.09712903021696448,0.023102477659714207,0.07270290293661706,1.9855129832441298,6.24835828547996,XRP
1071,2022-05-09 11:00:00+00:00,2022-05-09 18:00:00+00:00,-1,8,0.10389299001394123,False,2.8359717904768926,0.53114061,0.4754591442881273,target,0.15649398870143663,0.03136531021418215,0.1196304873016582,1.7951456327897337,6.846868255458098,XRP
1072,2022-05-21 16:00:00+00:00,2022-05-23 15:00:00+00:00,1,48,0.023545274688722778,False,4.0026368574814635,0.41542459,0.42557229,time,0.03915093619338908,0.013780094240449209,0.031234092329488778,1.2338782776889787,2.796720209326511,XRP
1073,2022-05-29 03:00:00+00:00,2022-05-30 01:00:00+00:00,-1,23,-0.030682726021847666,False,4.47073384523633,0.38068576000000004,0.3918760005792093,stop,-0.05222030329132231,0.038389247866796865,0.002589432291872587,3.9595282431972207,0.26707817587601784,XRP
1074,2022-06-05 10:00:00+00:00,2022-06-07 01:00:00+00:00,1,40,-0.02199965236225251,False,4.191180786399893,0.39361805,0.3854703107768807,stop,-0.03629336347700694,0.020878234623640805,0.03907836543573136,3.069466547870086,5.745204880234402,XRP
1075,2022-06-23 01:00:00+00:00,2022-06-24 01:00:00+00:00,1,25,0.07845394156187856,False,4.923526131608581,0.32769828,0.3537022814787875,target,0.12658002490781703,0.01799911796912707,0.1510588337540251,1.3609320868893564,11.421716009448884,XRP
1076,2022-06-26 19:00:00+00:00,2022-06-28 18:00:00+00:00,-1,48,0.05279015030547948,False,4.821421689030264,0.3608917,0.34150242,time,0.0918554459064094,0.021636130728415328,0.06509348926561627,1.637559193695383,4.926686898625004,XRP
1077,2022-07-02 19:00:00+00:00,2022-07-04 18:00:00+00:00,1,48,0.028203319763805006,False,5.797141882055239,0.31599477,0.32520241,time,0.05166471710625738,0.02530032379966284,0.03609309736360524,2.504934369264293,3.573505256106724,XRP
1078,2022-07-25 01:00:00+00:00,2022-07-26 03:00:00+00:00,-1,27,0.06541139561179408,False,5.334361443154548,0.35309404,0.32948139479399635,target,0.12320440661478284,0.00030009002700814787,0.06795368168774527,0.026924556501549898,6.096912850890433,XRP
1079,2022-08-06 19:00:00+00:00,2022-08-08 06:00:00+00:00,-1,36,-0.0178641157176587,False,5.378718758710284,0.37308804,0.3793293030219235,stop,-0.03584855767696378,0.01772225129489536,0.014441738738127288,3.237190584683429,2.6379639861550466,XRP
1080,2022-08-28 19:00:00+00:00,2022-08-28 23:00:00+00:00,1,5,-0.02267328337676799,False,5.876218290854793,0.33540059,0.3281277215339618,stop,-0.04468648130748262,0.04263734300527021,0.0017871465282754046,5.979840315142134,0.25064532885003205,XRP
1081,2022-08-29 00:00:00+00:00,2022-08-29 20:00:00+00:00,-1,21,-0.02998724125791836,False,5.980070248306046,0.32210334,0.33132714760275994,stop,-0.05776144211576203,0.03289832387332581,0.012118284771589244,3.4840475192900593,1.2833687259896798,XRP
1082,2022-09-27 06:00:00+00:00,2022-09-27 16:00:00+00:00,1,11,-0.054592918700194296,False,3.9027973143749404,0.47874358,0.45300041473618813,stop,-0.10200354706523553,0.09262490788910421,0.018290417596827067,5.195047231388675,1.0258534714129162,XRP
1083,2022-09-27 17:00:00+00:00,2022-09-29 16:00:00+00:00,-1,48,0.01716858814054484,False,3.974281828482437,0.44446662000000003,0.43593074,time,0.030327205486051112,0.024598877639000184,0.06269676674482329,1.0571869588854181,2.694521479379259,XRP
1084,2022-10-02 11:00:00+00:00,2022-10-04 10:00:00+00:00,-1,48,-0.025905107551087766,False,3.933687912718878,0.45676293,0.46804037,time,-0.04654533401090262,0.03948890948746648,0.04348630043160464,2.8889135577455436,3.181353056430492,XRP
1085,2022-10-12 16:00:00+00:00,2022-10-13 01:00:00+00:00,1,10,-0.04011996207120556,False,3.534732474617524,0.4951485,0.47580365550113624,stop,-0.07021865902261204,0.047760419348942824,0.001113807271959791,3.694681607337467,0.08616262792340094,XRP
1086,2022-10-13 02:00:00+00:00,2022-10-14 01:00:00+00:00,-1,24,-0.03927597855127495,False,3.5416290296689485,0.47435765,0.4923554064418123,stop,-0.06598359776524053,0.05785160205595926,0.07285146555557814,4.612135345231679,5.80797777935,XRP
1087,2022-10-16 17:00:00+00:00,2022-10-18 16:00:00+00:00,-1,48,0.014949402382203074,False,3.39394487238394,0.47555729,0.46804037,time,0.024128563063285,0.017963577006673483,0.027667097690795662,2.2876435702778357,3.5233772269901618,XRP
1088,2022-10-25 00:00:00+00:00,2022-10-25 17:00:00+00:00,-1,18,-0.0286094727395043,False,3.6196937919095786,0.45256419000000003,0.4650426526863377,stop,-0.046866430074314215,0.034107448934481525,0.020691407333841526,3.752934681088136,2.27673140646969,XRP
1089,2022-10-25 18:00:00+00:00,2022-10-27 17:00:00+00:00,1,48,0.004889378605412959,False,3.4181351931104653,0.46553962,0.46835945000000007,time,0.007780357473929036,0.022424772353425007,0.036216853036053105,2.3260372666676736,3.7566379054197756,XRP
1090,2022-11-18 16:00:00+00:00,2022-11-20 00:00:00+00:00,-1,33,-0.03298553253186642,False,4.239431692702089,0.37718681000000004,0.3893197342147386,stop,-0.05274577032409011,0.036091373396646455,0.008979131587342669,3.3987196164941444,0.8455635735884568,XRP
1091,2022-11-20 01:00:00+00:00,2022-11-20 10:00:00+00:00,1,10,-0.02532662009313978,False,3.970840461345059,0.38941678999999996,0.3799610573074337,stop,-0.03916285520332278,0.029317662445936025,0.018702865893378766,3.6663918470798507,2.338932551493957,XRP
1092,2022-11-20 12:00:00+00:00,2022-11-21 02:00:00+00:00,-1,15,0.059785118120893946,False,4.02241561170536,0.37468756000000003,0.35185159019987056,target,0.09010508642261127,0.010975651286634643,0.07229372653845248,1.080516405301083,7.117077199807765,XRP
1093,2022-12-02 22:00:00+00:00,2022-12-04 21:00:00+00:00,1,48,-0.009358979685229266,False,4.063041080750584,0.3931179,0.38978303000000003,time,-0.01494866939729613,0.02065003908496665,0.009875154501995456,2.818412674617948,1.3478066795765309,XRP
1094,2022-12-05 04:00:00+00:00,2022-12-05 19:00:00+00:00,1,16,-0.02184096466462772,False,4.031169619249557,0.39251772,0.38438873617232594,stop,-0.034559078686277014,0.038005214134026924,0.0068335258851498,5.584628373389248,1.004143863363462,XRP
1095,2022-12-05 20:00:00+00:00,2022-12-07 19:00:00+00:00,-1,48,0.0052653699726884435,False,4.028651814890882,0.38418471,0.38171447999999997,time,0.008149457573618202,0.02112340701950371,0.03327750862339102,2.341724180092013,3.6891182622511476,XRP
1096,2022-12-10 22:00:00+00:00,2022-12-11 22:00:00+00:00,-1,25,0.02118768092787739,False,4.033072805408467,0.38578423000000006,0.3769668362986039,target,0.03296582560584667,0.0062619718799804954,0.024065861893836506,1.6438667128705495,6.317669584287699,XRP
1097,2022-12-23 22:00:00+00:00,2022-12-25 12:00:00+00:00,1,39,-0.020184734923881623,False,4.500949835123965,0.35300587,0.3461007634782149,stop,-0.032070752494979725,0.02041289001794787,0.004232592506181221,3.178478289349913,0.6590543218884504,XRP
1098,2023-01-21 20:00:00+00:00,2023-01-22 20:00:00+00:00,1,25,-0.03743802109795406,False,3.7656038293261918,0.41342398999999996,0.3984736827763678,stop,-0.058283172801065875,0.043354982859122294,0.0013932669944964145,3.625713146685424,0.1165168597852562,XRP
1099,2023-01-28 14:00:00+00:00,2023-01-29 19:00:00+00:00,-1,30,-0.023902883730785307,False,3.6784232498663654,0.40737775,0.41686727048251765,stop,-0.03581865740420774,0.024601859085332987,0.005591247926525117,3.210716753412203,0.7296974317228699,XRP
1100,2023-02-04 14:00:00+00:00,2023-02-05 12:00:00+00:00,1,23,-0.01625159928992474,False,3.5414154868919323,0.41302386999999996,0.40684483592054627,stop,-0.023771037621191263,0.035164723046152126,0.018585197025053443,7.193662346572836,3.80198165835957,XRP
1101,2023-02-08 16:00:00+00:00,2023-02-09 14:00:00+00:00,-1,23,-0.020750002842120738,False,3.6228288372060287,0.39718081,0.40510035235515823,stop,-0.02985755449967556,0.03277900057658882,0.031927046022188196,5.008633764017977,4.878455043754386,XRP
1102,2023-02-11 19:00:00+00:00,2023-02-13 02:00:00+00:00,-1,32,0.03162733486940892,False,3.708190956506035,0.37998597,0.36753165233096735,target,0.04456482947246356,0.012405800140463028,0.03785921359149135,2.271034090476736,6.930594055314838,XRP
1103,2023-02-24 14:00:00+00:00,2023-02-25 20:00:00+00:00,-1,31,0.03796031954293401,False,3.767975085517717,0.38578423000000006,0.37088626613350856,target,0.055180083428007905,0.002114575808347422,0.04558047901543314,0.3285428830317277,7.08186574658721,XRP
1104,2023-02-25 21:00:00+00:00,2023-02-27 20:00:00+00:00,-1,48,-0.014282013529567851,False,4.044100289180121,0.37308804,0.37821342999999996,time,-0.021548779856864667,0.01986651729709694,0.006668774480146897,2.7845206780689318,0.9347053718399314,XRP
1105,2023-03-17 02:00:00+00:00,2023-03-18 01:00:00+00:00,1,24,0.05110929754246959,False,4.052359300650198,0.36701006999999997,0.3862066484079165,target,0.07601264369955352,0.0032971029922965116,0.06318608641991766,0.3782142757797694,7.248144801816346,XRP
1106,2023-03-31 21:00:00+00:00,2023-04-01 06:00:00+00:00,1,10,-0.045771828974118786,False,2.8722669989966683,0.54426323,0.5199304366008389,stop,-0.07155369569445973,0.07544737130230166,0.006682005690518661,5.095374731207592,0.45127248784896296,XRP
1107,2023-04-01 07:00:00+00:00,2023-04-03 06:00:00+00:00,-1,48,0.013696887548424465,False,2.87784622484503,0.51834445,0.51075318,time,0.020431861082218297,0.02017104649234711,0.041563963885404655,1.2758511158108312,2.628987530261951,XRP
1108,2023-04-04 21:00:00+00:00,2023-04-06 10:00:00+00:00,1,38,-0.032883295667409954,False,2.9834102456930007,0.50685201,0.4907262420685833,stop,-0.04972439266718076,0.033248383487716714,0.03915933962657053,3.1640023403382265,3.726504245547527,XRP
1109,2023-04-07 10:00:00+00:00,2023-04-09 09:00:00+00:00,1,48,-0.016071620398676583,False,2.864389678035676,0.51055312,0.50294907,time,-0.02350350871679655,0.018711314505334864,0.007534730176558312,1.75545455002185,0.7068918844720959,XRP
1110,2023-04-13 08:00:00+00:00,2023-04-14 05:00:00+00:00,1,22,0.035767560634545496,False,2.8383741750010776,0.50695204,0.5256467504067099,target,0.05146664326508395,0.0014834539377730186,0.057101969645886014,0.24136453049205026,9.290743543032349,XRP
1111,2023-04-29 18:00:00+00:00,2023-05-01 17:00:00+00:00,-1,48,0.03328447532154841,False,3.1379361641900214,0.47495747000000005,0.45893764,time,0.049606723411262585,0.014617161406051675,0.03991403693471761,1.8599010272001526,5.078698677012041,XRP
1112,2023-05-07 15:00:00+00:00,2023-05-07 23:00:00+00:00,1,9,-0.015215015847989616,False,3.355560343615442,0.45893764,0.4524208074779,stop,-0.02343101706360904,0.03015146022888858,0.00013587902705047042,6.505640739191185,0.029317987496149406,XRP
1113,2023-05-08 00:00:00+00:00,2023-05-08 01:00:00+00:00,-1,2,0.035121510715309924,False,3.381669712489429,0.44846542,0.4322742671024728,target,0.05326394600162228,0.0054286905777484904,0.061689081847157795,0.9021889974389073,10.25205067548657,XRP
1114,2023-05-08 02:00:00+00:00,2023-05-08 18:00:00+00:00,-1,17,0.06452731022224911,False,3.587610150795921,0.43756869,0.40888652245060153,target,0.10129664116099256,0.006927620895361616,0.07054592960021883,0.6341173472568153,6.457396906318689,XRP
1115,2023-05-28 18:00:00+00:00,2023-05-29 19:00:00+00:00,1,26,0.02790928456357159,False,3.504554916460798,0.47684301,0.49077932842745375,target,0.046639833813832625,0.0036553120491374914,0.03660951221660983,0.7504176985076746,7.515753930655345,XRP
1116,2023-06-18 08:00:00+00:00,2023-06-20 07:00:00+00:00,1,48,0.008285989716038672,False,3.5590615020453407,0.48264474999999996,0.48695387,time,0.014233361157495152,0.005065319782303527,0.03160761616074775,0.7359901065158271,4.592581275151196,XRP
1117,2023-07-03 18:00:00+00:00,2023-07-05 10:00:00+00:00,1,41,-0.028243954729747344,False,3.5510177751571845,0.48774628,0.47469512685150306,stop,-0.04891840842667823,0.04663547613320588,0.012206592329110233,5.286266633195882,1.383652684280301,XRP
1118,2023-07-08 16:00:00+00:00,2023-07-10 00:00:00+00:00,1,33,-0.015351100344614572,False,3.588339794969411,0.46904067,0.4624208400481488,stop,-0.025837088544913515,0.015437190126817798,0.01185255427850218,3.351612709021564,2.5733421191194923,XRP
1119,2023-07-29 10:00:00+00:00,2023-07-30 10:00:00+00:00,-1,25,-0.01868713117878707,False,2.3444173869827494,0.70688787,0.7195974137135266,stop,-0.030969065256497324,0.04104205381257996,0.0016804221014571658,6.966405976274795,0.2852318898004867,XRP
1120,2023-08-11 05:00:00+00:00,2023-08-12 19:00:00+00:00,1,39,-0.025255541867464863,False,2.548649338132725,0.63809137,0.6229217732613277,stop,-0.04107235906158542,0.026785145205772097,0.0003269594446950942,3.4222291553547284,0.0417742795739266,XRP
1121,2023-08-12 20:00:00+00:00,2023-08-13 18:00:00+00:00,-1,23,-0.013564535661581906,False,2.5350511448512396,0.62531235,0.6333367504449801,stop,-0.02150248550079238,0.01709169825288122,0.0014590308347500354,4.0925558009972685,0.34936055026501306,XRP
1122,2023-08-13 19:00:00+00:00,2023-08-13 22:00:00+00:00,1,4,-0.012204358311373599,False,2.4664363128050018,0.63399014,0.6268831338024633,stop,-0.019083909975110523,0.017019412951753483,0.006955723317715931,4.678560322586938,1.912097157605292,XRP
1123,2023-08-27 09:00:00+00:00,2023-08-27 21:00:00+00:00,1,13,-0.01656994500684239,False,2.921205350996321,0.52875858,0.5205347773992035,stop,-0.02559414241355696,0.024696677262428406,0.002158678919215003,4.8559376762286375,0.42444617886486974,XRP
1124,2023-08-27 22:00:00+00:00,2023-08-29 14:00:00+00:00,-1,41,-0.018215905015126713,False,2.915897319316039,0.52094367,0.5300252571173928,stop,-0.027670292174049205,0.05616025625189006,0.021199355392877605,9.83667565113184,3.7131451480118827,XRP
1125,2023-08-31 14:00:00+00:00,2023-08-31 17:00:00+00:00,-1,4,0.034605225211376524,False,2.8523814480742113,0.5228431,0.5042881611437139,target,0.051608431979119025,0.0004913519945084947,0.05593092841810482,0.08307222200723274,9.45616697306216,XRP
1126,2023-08-31 18:00:00+00:00,2023-09-02 17:00:00+00:00,-1,48,0.024555351746755952,False,3.027499836205724,0.50964706,0.49654892,time,0.03788783690287385,0.0050092312903756335,0.04581025151013336,0.4710884738263613,4.3081822775829925,XRP
1127,2023-09-06 15:00:00+00:00,2023-09-07 21:00:00+00:00,-1,31,-0.014315015503204674,False,3.1708815383247475,0.49855039,0.5053515711544015,stop,-0.022629809625896374,0.016146030895693494,0.015746432371660533,3.6316098994849018,3.541731094899886,XRP
1128,2023-09-10 01:00:00+00:00,2023-09-10 15:00:00+00:00,-1,15,0.017019155446704695,False,3.1080399253369357,0.5013495499999999,0.4923384840573858,target,0.026519493398382527,0.0012973981925386794,0.019446611650494036,0.43310081458224253,6.4917181133211725,XRP
1129,2023-09-10 16:00:00+00:00,2023-09-11 07:00:00+00:00,-1,16,0.02351947261958784,False,3.1953426208231126,0.49595117,0.48380976827239625,target,0.03727210583728372,0.010180094947653828,0.04123625719040046,2.495015046831727,10.106495341557077,XRP
1130,2023-10-01 00:00:00+00:00,2023-10-01 22:00:00+00:00,-1,23,-0.019565769454902567,False,3.152307684116722,0.5145455900000001,0.5241973289285127,stop,-0.03173579578671373,0.022649907464953475,0.0024207573132637855,3.682461526770741,0.3935709532383781,XRP
1131,2023-10-08 11:00:00+00:00,2023-10-09 08:00:00+00:00,-1,22,0.017064589154882095,False,3.0638433082287153,0.51904424,0.5097570605159341,target,0.027137307973411514,0.004345987925807518,0.022819326537560768,1.4573380457673883,7.651993818136893,XRP
1132,2023-10-15 10:00:00+00:00,2023-10-16 04:00:00+00:00,1,19,-0.0103499366709477,False,3.316083783093273,0.48774628,0.4832360144277235,stop,-0.016740065500114913,0.009115969064899827,0.004620681063933516,3.0556866476523696,1.548859296208784,XRP
1133,2023-10-29 02:00:00+00:00,2023-10-29 09:00:00+00:00,-1,8,-0.017308255322127895,False,2.9508805901482122,0.5424372199999999,0.5513337164317693,stop,-0.027704761150518734,0.02131634698666162,0.0013590881540171283,3.9729424190041907,0.2533069564705179,XRP
1134,2023-10-29 10:00:00+00:00,2023-10-30 13:00:00+00:00,1,28,0.02925902075719081,False,2.851815298213287,0.55156542,0.568430291928693,target,0.046023348369213485,0.003925953153480821,0.0540907368703427,0.7703894850156013,10.614221131169513,XRP
1135,2023-11-26 11:00:00+00:00,2023-11-26 14:00:00+00:00,1,4,-0.016302160082869572,False,2.5532426265031845,0.63409017,0.6243823668100911,stop,-0.026392969776812644,0.02616373945680306,0.005850634776438854,5.2277573744425405,1.1690109950909693,XRP
1136,2023-11-26 17:00:00+00:00,2023-11-28 16:00:00+00:00,-1,48,0.0019337125929684562,False,2.600083242393704,0.61251619,0.61108327,time,0.0030796172968110052,0.012218142348204673,0.031535803159750055,1.333550111385577,3.4419777260573325,XRP
1137,2023-12-17 08:00:00+00:00,2023-12-17 10:00:00+00:00,-1,3,-0.018424044089378786,False,2.6000188044858636,0.6137158300000001,0.6244038976464465,stop,-0.02939874415142064,0.01740898552347897,0.0014922704535746808,3.052386664909139,0.2616457131741592,XRP
1138,2023-12-24 03:00:00+00:00,2023-12-24 05:00:00+00:00,1,3,-0.015054535387995149,False,2.5137328836013335,0.62308687,0.6143252927471634,stop,-0.023579526674701565,0.020361318157771334,0.0011445113584243266,4.437404037288883,0.24942684374570867,XRP
1139,2023-12-24 06:00:00+00:00,2023-12-24 20:00:00+00:00,-1,15,-0.017611924854626104,False,2.5100152488565817,0.6146155600000001,0.6253598397903088,stop,-0.02716981833579151,0.025519106610317366,0.004581009956858316,4.457187827231866,0.8001229090003372,XRP
1140,2024-01-07 17:00:00+00:00,2024-01-08 00:00:00+00:00,-1,8,-0.022585591144756268,False,2.6969923559326046,0.56193137,0.5741100114834911,stop,-0.03422901919882558,0.035179794286978414,0.029774757013476615,4.939498348046008,4.180591901186215,XRP
1141,2024-01-14 09:00:00+00:00,2024-01-16 08:00:00+00:00,1,48,-0.006343134002033965,False,2.5611403231571357,0.57837346,0.57562726,time,-0.009396056425577181,0.017243979348568292,0.026153585954652937,2.9131887257825904,4.418372940594287,XRP
1142,2024-01-21 21:00:00+00:00,2024-01-22 09:00:00+00:00,-1,13,0.028139140906986923,False,2.683815596418505,0.54843542,0.5325707953305722,target,0.04141798838321128,0.004493838125918159,0.035620274124526764,0.9321039928852586,7.388294551076031,XRP
1143,2024-01-22 10:00:00+00:00,2024-01-23 09:00:00+00:00,-1,24,0.044219977597938914,False,2.851331048603608,0.5307407300000001,0.5069104412234746,target,0.06691886693058605,0.009344053922524182,0.05678993206343906,1.2486470591707852,7.588845510682396,XRP
1144,2024-01-28 04:00:00+00:00,2024-01-28 18:00:00+00:00,1,15,-0.01416392466084119,False,2.9644632396322197,0.53305987,0.5261452127029537,stop,-0.022382349162072195,0.013619239429897333,0.004389994692341023,3.223377695836305,1.0390162423510967,XRP
1145,2024-01-28 19:00:00+00:00,2024-01-29 17:00:00+00:00,-1,23,-0.014917448620191794,False,2.960337265267837,0.52624208,0.5337196783110273,stop,-0.02323920759910106,0.0227232303429632,0.014331959162216553,4.9024408375846455,3.092059571591856,XRP
1146,2024-02-11 04:00:00+00:00,2024-02-12 02:00:00+00:00,1,23,-0.016244513177130004,False,2.9116617688387874,0.52705807,0.5191777961698573,stop,-0.02492907086636664,0.017186094883245084,0.01734520448572197,3.517936739125931,3.5505059481233077,XRP
1147,2024-02-25 14:00:00+00:00,2024-02-26 12:00:00+00:00,-1,23,0.02601824986708941,False,2.775480248394662,0.5439367700000001,0.5298971519192829,target,0.03927938136376969,0.007102351253069146,0.0270927997752387,1.6509979022745096,6.297936275164244,XRP
1148,2024-03-10 08:00:00+00:00,2024-03-10 12:00:00+00:00,1,5,-0.02214294464853765,False,2.469697914986524,0.6271881,0.613920863099028,stop,-0.03429864942118115,0.02581059812837654,0.0025700423844138617,3.712014068401248,0.36961690852267753,XRP
1149,2024-03-10 13:00:00+00:00,2024-03-11 00:00:00+00:00,-1,12,0.04970806194885618,False,2.461610121465649,0.61531535,0.5846046378941708,target,0.07529113588842735,0.0029003827062008825,0.05576872086808833,0.34866987007986694,6.704243759978467,XRP
1150,2024-03-11 01:00:00+00:00,2024-03-11 07:00:00+00:00,-1,7,-0.03855658008291955,False,2.6587007017210573,0.5980205399999999,0.6204689221106854,stop,-0.06130332866415853,0.045449040930935325,0.009733010173864572,3.662622012882237,0.7843584063429327,XRP
1151,2024-03-23 10:00:00+00:00,2024-03-25 09:00:00+00:00,1,48,0.01799186840849469,False,2.4660252411245267,0.61988591,0.63241022,time,0.027503347019868094,0.010140430518899849,0.028737691424539726,0.9913552242546679,2.8094724847862644,XRP
1152,2024-03-25 12:00:00+00:00,2024-03-25 14:00:00+00:00,-1,3,-0.023117998326645912,False,2.481072099279313,0.62721178,0.6410775162323764,stop,-0.03597524989546375,0.02883909482694982,0.0,3.9686090942469043,0.0,XRP
1153,2024-03-25 15:00:00+00:00,2024-03-26 14:00:00+00:00,1,24,-0.026689395308029253,False,2.3605568186671224,0.64399314,0.6278720997477548,stop,-0.04057274895524137,0.027629393691988684,0.03044575909612951,3.3503223559461888,3.6918329978804842,XRP
1154,2024-04-01 01:00:00+00:00,2024-04-01 05:00:00+00:00,1,5,-0.01650895723097781,False,2.340452371957098,0.6321896,0.6223800937786204,stop,-0.024426812411350765,0.056137589103015945,1.645076097418558e-05,11.06429587230265,0.0032423210481823195,XRP
1155,2024-04-01 06:00:00+00:00,2024-04-03 00:00:00+00:00,-1,43,0.05271722843179674,False,2.397660224496699,0.60691787,0.5751920664736336,target,0.07671320599838743,0.01990735583382975,0.06659528743155968,2.284978533002436,7.6438480052509705,XRP
1156,2024-04-28 03:00:00+00:00,2024-04-28 22:00:00+00:00,1,20,-0.022248540327021647,False,2.9276173034796606,0.52325693,0.5121528899014521,stop,-0.034082450876889825,0.02342430514967082,0.003331193339379316,3.3579562570672388,0.4775382426926196,XRP
1157,2024-04-28 23:00:00+00:00,2024-04-30 11:00:00+00:00,-1,37,0.0334697276611796,False,2.9222997278679514,0.51254619,0.49491592524530215,target,0.050131412996617906,0.013762291355633602,0.03501380041474902,2.4005799452740524,6.107516903358355,XRP
1158,2024-05-03 11:00:00+00:00,2024-05-03 19:00:00+00:00,-1,9,-0.02659793351115591,False,3.0013753196580675,0.51574523,0.5289932680871923,stop,-0.04117213831003656,0.029190323291986613,0.00260832271778856,3.450452460316957,0.3083177068259747,XRP
1159,2024-05-03 20:00:00+00:00,2024-05-05 19:00:00+00:00,1,48,-0.002487505202607336,False,2.841042945968222,0.53035906,0.5297410300000001,time,-0.003748105343927868,0.01274430948723689,0.019686549712189236,1.6032973147555325,2.476665551944125,XRP
1160,2024-05-06 05:00:00+00:00,2024-05-06 12:00:00+00:00,1,8,-0.01785088657915809,False,2.8132821357476097,0.53426023,0.5253069548229266,stop,-0.026830324532481558,0.01845585624069384,0.02478150020636944,3.363109919125085,4.515797482810701,XRP
1161,2024-05-06 16:00:00+00:00,2024-05-06 23:00:00+00:00,1,8,-0.03713102442186739,False,2.6390409707683684,0.55936776,0.5391471194823759,stop,-0.05481261166816515,0.037484748852883484,0.01900760244029788,3.1359368438943993,1.590157134053788,XRP
1162,2024-05-18 14:00:00+00:00,2024-05-20 13:00:00+00:00,-1,48,0.01114719742775588,False,2.7368784739344085,0.51934415,0.5131538999999999,time,0.015844423820141007,0.007617010801026608,0.026464435962164887,1.7131603019849648,5.952180230424986,XRP
1163,2024-06-02 06:00:00+00:00,2024-06-02 18:00:00+00:00,-1,13,0.018609107270092833,False,2.773259154673298,0.51824448,0.5082060754618156,target,0.026745497430081363,0.00647478194075496,0.019381740448060385,2.005609549148639,6.003631331129868,XRP
1164,2024-06-23 11:00:00+00:00,2024-06-23 20:00:00+00:00,-1,10,0.020070670599471457,False,3.016916088318428,0.48525438000000004,0.47502584114649604,target,0.02938289467987517,0.001948709870480675,0.026489982429421972,0.5546950626341159,7.540302784652298,XRP
1165,2024-06-24 03:00:00+00:00,2024-06-26 02:00:00+00:00,-1,48,-0.002164817472194676,False,3.1455101736434994,0.47475753,0.47554261999999997,time,-0.0032328402182163554,0.01609762777222304,0.030241816280407407,2.646785960297188,4.972385737666702,XRP
1166,2024-07-21 05:00:00+00:00,2024-07-21 11:00:00+00:00,1,7,-0.03619934154779637,False,2.4761883276949135,0.60178048,0.580646536375871,stop,-0.053941428000882086,0.036027223747769295,0.010335197313146539,3.1031669394741286,0.8902113257362491,XRP
1167,2024-07-21 12:00:00+00:00,2024-07-22 07:00:00+00:00,-1,20,-0.03795414393876923,False,2.4679803398325113,0.58192537,0.6035017334508761,stop,-0.054508996576475226,0.0396522151972855,0.018087147497968647,3.235461642550503,1.4758386552092813,XRP
1168,2024-08-14 14:00:00+00:00,2024-08-16 13:00:00+00:00,-1,48,0.012921914366357921,False,2.431537652416916,0.5682294800000001,0.56046809,time,0.01785383920096564,0.012443071415442875,0.03120126748791716,1.1965115124800143,3.0002781875002613,XRP
1169,2024-08-17 15:00:00+00:00,2024-08-19 10:00:00+00:00,1,44,0.03318282215811396,False,2.4627802911269745,0.56827043,0.5878018366587343,target,0.04644019631627775,0.013673824274122436,0.037534189487916904,2.3870569495899936,6.552391347746047,XRP
1170,2024-09-12 13:00:00+00:00,2024-09-12 15:00:00+00:00,1,3,-0.03400559042146763,False,2.506557572091176,0.57687301,0.5578234509272044,stop,-0.04917090754199504,0.040516733483509704,0.00732741855958893,3.7135064657633796,0.6715846480926877,XRP
1171,2024-09-24 09:00:00+00:00,2024-09-26 00:00:00+00:00,1,40,-0.02028453057429234,False,2.3691475926895045,0.58957682,0.5784101658907613,stop,-0.028333320818507694,0.02726840583725797,0.010216107207199931,4.38734771735212,1.6437196550189048,XRP
1172,2024-10-06 15:00:00+00:00,2024-10-08 07:00:00+00:00,1,41,-0.018546270657826838,False,2.5566263647163114,0.53526053,0.5260651068245804,stop,-0.02537985148446292,0.02103747496569556,0.019690355274281097,3.7379119909223326,3.4985574649653612,XRP
1173,2024-10-13 02:00:00+00:00,2024-10-14 14:00:00+00:00,-1,37,-0.013185786414694943,False,2.5060331595198817,0.53593917,0.54261344821778,stop,-0.017709583574796448,0.017279628954905455,0.02115756905769747,4.266652310128417,5.224185723681261,XRP
1174,2024-10-19 12:00:00+00:00,2024-10-21 06:00:00+00:00,-1,43,-0.015677986279384215,False,2.4411148568852865,0.54293707,0.5511742642668956,stop,-0.020779160079142035,0.022033732196624422,0.0125927485481881,4.4461437138152595,2.5410660934582987,XRP
1175,2024-10-31 07:00:00+00:00,2024-11-02 06:00:00+00:00,-1,48,0.008846538108480071,False,2.518301974288977,0.51804454,0.51325393,time,0.011541128044470035,0.012268172925825991,0.030585285195747876,2.366791291330855,5.900551539486292,XRP
1176,2024-11-28 23:00:00+00:00,2024-11-29 10:00:00+00:00,1,12,0.09364441858460114,False,0.8715234776431314,1.51015291,1.6540442885060465,target,0.12324857660468042,0.001955371525920421,0.11551617643805365,0.12313079618772761,7.274115731374537,XRP
1177,2024-11-29 11:00:00+00:00,2024-11-30 00:00:00+00:00,1,14,0.11937693352835443,False,0.8644422728094315,1.66509938,1.866184772293511,target,0.17182904425375548,0.014353125277123114,0.12233541279680256,0.7131113720617464,6.07803334722609,XRP
1178,2024-12-12 20:00:00+00:00,2024-12-14 05:00:00+00:00,-1,34,-0.06284554869919912,False,0.6867920250599109,2.34599599,2.4919487073909754,stop,-0.10125746052870856,0.07945623555818608,0.02706568564936031,3.851180435791561,1.311852220556929,XRP
1179,2024-12-15 22:00:00+00:00,2024-12-15 23:00:00+00:00,-1,2,-0.03515191385836965,False,0.6378407932117058,2.3672896,2.4480966669635325,stop,-0.05307776858720144,0.044865824612248605,0.0008826972416047837,3.9792659717532306,0.07828870030217674,XRP
1180,2024-12-16 12:00:00+00:00,2024-12-16 16:00:00+00:00,-1,5,-0.03772349616636744,False,0.6205029811926719,2.34789542,2.4339831536725653,stop,-0.05495846026137782,0.10175264961332914,0.002638712076877795,8.396585842347726,0.21774541057102556,XRP
1181,2024-12-27 07:00:00+00:00,2024-12-29 06:00:00+00:00,1,48,-0.0023771205510773803,False,0.6408309091073513,2.1876561,2.18574408,time,-0.0033325272504984953,0.03421748966850863,0.02232704674194452,2.7484822304897594,1.793395477694124,XRP
1182,2024-12-29 15:00:00+00:00,2024-12-30 05:00:00+00:00,-1,15,0.04299702710116764,False,0.6472080040586677,2.1609515200000002,2.0661029352246385,target,0.06013500231337942,0.004511197918961105,0.051251274716241864,0.6166763598901139,7.005999315370044,XRP
1183,2025-01-22 12:00:00+00:00,2025-01-23 04:00:00+00:00,1,17,-0.04018252741270859,False,0.45076895231950453,3.23607053,3.1098424437056695,stop,-0.058615061307419905,0.04031757923397306,0.015614452630610573,3.1239239185067436,1.2098534429381733,XRP
1184,2025-01-23 05:00:00+00:00,2025-01-25 04:00:00+00:00,-1,48,-0.002055520196922601,False,0.449924575526315,3.11186616,3.11623459,time,-0.0028779442309718253,0.029221642360094283,0.02434749957241096,2.0049330996506396,1.670512121971608,XRP
1185,2025-01-25 16:00:00+00:00,2025-01-26 22:00:00+00:00,1,31,-0.024784329912606633,False,0.44480083892602257,3.14124209,3.0677419917469475,stop,-0.03462933782813273,0.02646790270150746,0.0012281479394031034,3.4365939666315395,0.1594627971200483,XRP
1186,2025-01-26 23:00:00+00:00,2025-01-27 00:00:00+00:00,-1,2,0.034872348902854386,False,0.44266398657982,3.07817627,2.9679384984318573,target,0.04751698516610909,0.00030009002700803403,0.03582519658628905,0.05027659686111069,6.0020953851647745,XRP
1187,2025-01-27 01:00:00+00:00,2025-01-27 07:00:00+00:00,-1,7,0.05026492010232186,False,0.47209917853182753,2.9869036600000003,2.8338568059437956,target,0.0708793059596134,0.010143058983027121,0.11446758882072555,1.1877280400238839,13.403881920020641,XRP
1188,2025-01-27 08:00:00+00:00,2025-01-27 15:00:00+00:00,-1,8,-0.05756746711538092,False,0.5274651077938644,2.80775742,2.966505771348143,stop,-0.08525707743427363,0.06633143542721011,0.03267996706068716,3.539417583522247,1.74378934058278,XRP
1189,2025-02-11 05:00:00+00:00,2025-02-11 19:00:00+00:00,1,15,-0.03865365033926253,False,0.5634007902955162,2.47734298,2.3843979148400734,stop,-0.053950329683914,0.043249150749404865,0.02056922291801527,3.4850978431565567,1.6575066373521306,XRP
1190,2025-02-11 20:00:00+00:00,2025-02-12 22:00:00+00:00,-1,27,-0.043659084054607195,False,0.5625269571991189,2.3852842,2.4868570537740395,stop,-0.058581176706810165,0.04633234060746302,0.022883730165151748,3.2882792594549897,1.6240944078036144,XRP
1191,2025-02-21 02:00:00+00:00,2025-02-23 01:00:00+00:00,-1,48,0.038393788536545986,False,0.482081635823401,2.66180122,2.55616662,time,0.04926712009279146,0.019535185275781002,0.05875766335399013,1.8187145477222653,5.4703047666793605,XRP
1192,2025-02-23 02:00:00+00:00,2025-02-24 14:00:00+00:00,-1,37,0.04766915721464247,False,0.5216109530026137,2.55453341,2.430153342408449,target,0.0635178461618854,0.023122261689268737,0.0507072679076842,2.849327443395552,6.248593324070475,XRP
1193,2025-03-09 03:00:00+00:00,2025-03-09 17:00:00+00:00,-1,15,0.08889766418235842,False,0.6044277260276307,2.30960691,2.1021213227212048,target,0.1241002904595916,0.014501640887453154,0.09045128376412767,0.9685421654371458,6.04110134317798,XRP
1194,2025-03-09 18:00:00+00:00,2025-03-10 09:00:00+00:00,-1,16,-0.058493227232042144,False,0.722796457270876,2.10306889,2.2234867308839665,stop,-0.08891501324880491,0.07457250247280306,0.010303461813844787,3.9289304470517554,0.5428486840067317,XRP
1195,2025-03-22 15:00:00+00:00,2025-03-23 11:00:00+00:00,-1,21,-0.025130750695256946,False,0.6042568003559049,2.36848924,2.4253148688564106,stop,-0.035966520467706146,0.024788273895641536,0.004681988760058711,3.139710629291709,0.593025958082758,XRP
1196,2025-04-20 07:00:00+00:00,2025-04-21 00:00:00+00:00,-1,18,-0.01722447580069607,False,0.6738908245974914,2.0703787000000005,2.103481850945954,stop,-0.024031747263737732,0.024450261201006136,0.01602542568661499,4.676722017120956,3.0652621878429653,XRP
1197,2025-04-21 01:00:00+00:00,2025-04-22 21:00:00+00:00,1,45,0.043505241849164926,False,0.6521868076118911,2.10243054,2.196548354115828,target,0.059653407107147685,0.021037812740296306,0.07047531758171668,2.819691920101329,9.445786308911828,XRP
1198,2020-07-22 22:00:00+00:00,2020-07-24 06:00:00+00:00,1,33,-0.025394550193317756,False,306.2806648201618,0.0032649792,0.003186614218534729,stop,-0.025394550193317756,0.04103523844807338,0.02573394648272186,5.192407913100598,3.2562537079266285,DOGE
1199,2020-08-25 07:00:00+00:00,2020-08-25 18:00:00+00:00,-1,12,0.044214369933634146,False,289.71706365005554,0.0033639905,0.0032126307689452965,target,0.04309156589708855,0.008326272027224814,0.046965203974268045,1.1103151335493704,6.262848073226286,DOGE
1200,2020-08-31 08:00:00+00:00,2020-09-02 07:00:00+00:00,-1,48,0.020198911223397887,False,312.46237459444416,0.0032570226000000002,0.0031899566999999997,time,0.020556371672517428,0.007975812019234882,0.02794656690438693,1.2419994919988915,4.351860577287187,DOGE
1201,2020-09-12 14:00:00+00:00,2020-09-12 18:00:00+00:00,-1,5,-0.02341947649057666,False,375.61119597227747,0.0027641705,0.002826387746917237,stop,-0.024315350796920564,0.023815282016793123,0.0018705430797412187,3.2180191596258636,0.25275549814057446,DOGE
1202,2020-09-12 19:00:00+00:00,2020-09-13 13:00:00+00:00,1,19,-0.024332370687898182,False,359.1899172202159,0.0028228465999999997,0.002757512929898676,stop,-0.024671516160608843,0.02332631181588111,0.0025341086547176635,3.062339714345101,0.3326844652965729,DOGE
1203,2020-09-20 13:00:00+00:00,2020-09-21 01:00:00+00:00,-1,13,-0.019857902118781117,False,360.49668103300166,0.0027441765000000003,0.002796452973596861,stop,-0.019644757731862895,0.019613716537547742,0.008810111157208748,3.1391415176622997,1.4100431020235198,DOGE
1204,2020-10-04 00:00:00+00:00,2020-10-04 12:00:00+00:00,-1,13,-0.020087382526266233,False,374.7730821127698,0.0025872236000000002,0.002636842816925721,stop,-0.01947716325288422,0.03122126746215501,0.0016324835626887648,4.962873930388605,0.25949651547223784,DOGE
1205,2020-10-04 13:00:00+00:00,2020-10-04 16:00:00+00:00,1,4,-0.022025812093313685,False,355.88596535839247,0.0026698006999999998,0.0026136378907505777,stop,-0.020927706408610344,0.022773497662203608,0.0030711281182899046,3.2937359690683823,0.44417793431955244,DOGE
1206,2020-10-06 11:00:00+00:00,2020-10-08 10:00:00+00:00,-1,48,0.003583304520131742,False,359.01728147853447,0.0025882233000000003,0.0025747722,time,0.0033296670929606944,0.01614107252647006,0.01940454674061561,2.520694243109542,3.0303394758313935,DOGE
1207,2020-10-08 15:00:00+00:00,2020-10-10 14:00:00+00:00,1,48,0.020035305566284998,False,355.69129342020057,0.0026217863,0.0026771966,time,0.018683855286759348,0.01403100626469828,0.037460604626700506,1.592726623587751,4.252332384367544,DOGE
1208,2020-10-18 02:00:00+00:00,2020-10-20 01:00:00+00:00,1,48,-0.0018145462767961223,False,367.01857655946037,0.0025917773,0.0025912224000000004,time,-0.001726051608648592,0.008402458035264168,0.01127515855625404,2.5575141294039234,3.4318978086967205,DOGE
1209,2020-11-01 13:00:00+00:00,2020-11-02 08:00:00+00:00,1,20,-0.01413023413397011,False,368.62897006489237,0.0025757724999999998,0.0025424496425704435,stop,-0.013416718971670495,0.018935096170177926,0.005523585642753805,4.493795390838324,1.3108918739690008,DOGE
1210,2020-12-01 13:00:00+00:00,2020-12-03 12:00:00+00:00,-1,48,-0.04139489440205555,False,282.0387215034397,0.003319004,0.0034550362,time,-0.03874924920859158,0.06146301721841858,0.021694460145272522,2.743739984559024,0.968451606150062,DOGE
1211,2020-12-04 11:00:00+00:00,2020-12-06 07:00:00+00:00,-1,45,-0.041087240627269116,False,271.34452174110857,0.0033070076000000005,0.003440958346823996,stop,-0.036869158584770884,0.04172727029717127,0.018750365133724037,3.1145127462770836,1.3995224415696275,DOGE
1212,2020-12-06 08:00:00+00:00,2020-12-06 09:00:00+00:00,1,2,-0.026880736240121397,False,249.84350092342035,0.0034440329,0.003354854203564582,stop,-0.02313004660338064,0.027303136389899132,0.0011518763366053077,3.1994158904630794,0.13497831906765181,DOGE
1213,2020-12-07 19:00:00+00:00,2020-12-08 20:00:00+00:00,-1,26,0.04251967615455472,False,251.90690753934734,0.0033240025,0.00318040338721946,target,0.03560339120851812,0.01203293318822705,0.043923703426817604,1.6712150608253609,6.100420699247632,DOGE
1214,2020-12-27 02:00:00+00:00,2020-12-29 01:00:00+00:00,1,48,-0.024701392919811802,False,190.00234648451038,0.0045943779,0.0044956509,time,-0.021562897705439985,0.04513731880871179,0.05367910637041846,2.2547516437390875,2.6814409122543226,DOGE
1215,2021-01-16 19:00:00+00:00,2021-01-18 18:00:00+00:00,-1,48,-0.0018339472820521167,False,93.12577085658631,0.009142256500000001,0.0091747516,time,-0.0015613854573398988,0.032349070494795136,0.04137452279970507,1.253340976852903,1.603025497469814,DOGE
1216,2021-01-19 06:00:00+00:00,2021-01-20 03:00:00+00:00,1,22,-0.04772911710477981,False,91.65642781799154,0.0092717807,0.008876261779729727,stop,-0.04056107708564058,0.05002067186511426,0.044890977630650954,3.5416152032863497,3.178417301067527,DOGE
1217,2021-02-11 17:00:00+00:00,2021-02-13 16:00:00+00:00,-1,48,0.03375722079949417,False,11.44137369133847,0.0707307744,0.06941481819999999,time,0.027318274705985135,0.03912336070789566,0.1322871759764022,1.251643996484324,4.232163255579252,DOGE
1218,2021-02-21 22:00:00+00:00,2021-02-22 14:00:00+00:00,1,17,-0.08179771687045692,False,14.728432782954888,0.0568000349,0.05237764587123334,stop,-0.06842996557027065,0.2077469656625158,0.07610849372911212,8.033298728797078,2.9430141806160366,DOGE
1219,2021-03-04 18:00:00+00:00,2021-03-06 04:00:00+00:00,-1,35,-0.042910741352645825,False,15.535930351750412,0.04944316260000001,0.05154347674570257,stop,-0.03296169418150073,0.06706361862054498,0.03889643175859481,4.771319189232398,2.7673319015564886,DOGE
1220,2021-03-08 00:00:00+00:00,2021-03-08 05:00:00+00:00,1,6,0.07095412815694518,False,14.112199449657618,0.052095624,0.05584599439090748,target,0.05216432814275115,0.00855396222914997,0.07740335349471958,0.7129279834552611,6.451164412629029,DOGE
1221,2021-03-08 06:00:00+00:00,2021-03-08 23:00:00+00:00,1,18,0.10852700555848058,False,14.034269963017893,0.0561018255,0.06230582138476179,target,0.08544853862353624,0.03427384907466162,0.1272360468912015,1.859600363104204,6.903461542454663,DOGE
1222,2021-03-18 20:00:00+00:00,2021-03-19 08:00:00+00:00,-1,13,-0.03127090394845657,False,15.231308804865069,0.057302804000000006,0.05910296893619314,stop,-0.027293141869440395,0.046597998939109375,0.015580459204055772,4.494171395367812,1.502666545253604,DOGE
1223,2021-03-19 09:00:00+00:00,2021-03-21 05:00:00+00:00,1,45,-0.04089485815790187,False,14.13225190174459,0.059827943,0.05780844965821507,stop,-0.034576748208878676,0.03653715789626935,0.015060805282909305,3.2754006459851346,1.3501370712179657,DOGE
1224,2021-03-28 12:00:00+00:00,2021-03-30 11:00:00+00:00,-1,48,-0.013691299479702499,False,14.998061645180028,0.0540687745,0.0549884916,time,-0.011102641853319072,0.019812276307464703,0.01900865165715938,2.2167983822763353,2.1268807071385716,DOGE
1225,2021-03-30 12:00:00+00:00,2021-03-31 03:00:00+00:00,1,16,-0.025473121583167117,False,14.545301169472685,0.0549884916,0.053750582625490984,stop,-0.02037401835754807,0.026869105825772434,0.013866690607676178,3.6278860109016424,1.8722905480850098,DOGE
1226,2021-04-25 16:00:00+00:00,2021-04-27 15:00:00+00:00,-1,48,-0.04911269012790126,False,2.9837056492835523,0.2612356058,0.27384512889999996,time,-0.038280893825567965,0.07546978192204769,0.14253648803336283,2.178856031548844,4.115110429072985,DOGE
1227,2021-04-28 04:00:00+00:00,2021-04-28 06:00:00+00:00,-1,3,-0.05569501177432726,False,2.777267939677289,0.266869915,0.2814590735638568,stop,-0.04127943060643485,0.18627084660329718,0.04390496770683197,10.281479820352724,2.423396080076873,DOGE
1228,2021-04-28 07:00:00+00:00,2021-04-30 06:00:00+00:00,1,48,0.0534303144063486,False,2.3755408505275954,0.2946233605,0.3112435989,time,0.0373953335805478,0.04590050319516321,0.17326066545901064,1.498925373823772,5.657994785762384,DOGE
1229,2021-05-28 06:00:00+00:00,2021-05-30 05:00:00+00:00,-1,48,0.05521572403265193,False,2.285495100226792,0.322593193,0.304651368,time,0.040709734036595044,0.011676647498262567,0.1348236538890639,0.45845130712492166,5.293478317813091,DOGE
1230,2021-05-31 02:00:00+00:00,2021-05-31 10:00:00+00:00,-1,9,-0.06432047065585206,False,2.62746333270524,0.296101143,0.3148713316421747,stop,-0.05004099787886725,0.06348795823459553,0.008109198686882457,3.0197745296438296,0.3857101776683847,DOGE
1231,2021-05-31 11:00:00+00:00,2021-06-01 22:00:00+00:00,1,36,0.11218695042431119,False,2.3246624419501924,0.313143915,0.348733478564562,target,0.08166692788021687,0.025208585004757235,0.20807073642162272,1.3308252548272783,10.984582862074538,DOGE
1232,2021-06-07 02:00:00+00:00,2021-06-07 16:00:00+00:00,1,15,-0.03785218661299891,False,2.1611075846474948,0.374632356,0.3608565606077244,stop,-0.030645918591747937,0.055554080331491645,0.014327764043957818,4.568285412615054,1.1781909643151773,DOGE
1233,2021-06-07 17:00:00+00:00,2021-06-07 21:00:00+00:00,-1,5,0.07782011422096664,False,2.187129620835931,0.356163119,0.3281043306732876,target,0.060619916270240944,0.01678130238970657,0.0800844261474473,1.2780767858696094,6.09929096036814,DOGE
1234,2021-06-17 13:00:00+00:00,2021-06-18 13:00:00+00:00,-1,25,0.05631156254009111,False,2.7273065458133696,0.307847618,0.29030482138648167,target,0.047278896422243886,0.007608900842624132,0.06122385523866555,0.8011431876927807,6.446275955388846,DOGE
1235,2021-07-03 08:00:00+00:00,2021-07-05 07:00:00+00:00,1,48,-0.027186521134979467,False,3.5777722359281783,0.247884343,0.241537517,time,-0.024111011135738596,0.03382360861734626,0.021645808424455303,2.95876682247942,1.893496951687727,DOGE
1236,2021-07-11 15:00:00+00:00,2021-07-12 15:00:00+00:00,1,25,-0.03409941702279448,False,4.001038909790897,0.215634671,0.20855879516207895,stop,-0.029419705404916594,0.03772431846082864,0.0168587406799716,3.479681434279356,1.5550459052120602,DOGE
1237,2021-07-23 05:00:00+00:00,2021-07-23 16:00:00+00:00,1,12,-0.05309067959494212,False,4.275561075921732,0.19490845499999998,0.18476992485517738,stop,-0.04424274639501146,0.0621238057630696,0.025045321917923035,3.6026051438948943,1.4523966209689403,DOGE
1238,2021-07-23 17:00:00+00:00,2021-07-24 00:00:00+00:00,-1,8,-0.053489009380512736,False,4.256792634894662,0.185374371,0.19511910673046043,stop,-0.042208191057986275,0.054244979744260235,0.01011127368842165,3.114413529548653,0.5805272252778708,DOGE
1239,2021-07-29 19:00:00+00:00,2021-07-30 01:00:00+00:00,-1,7,-0.0388815307323118,False,3.7039125525424437,0.20164948700000002,0.20930493151668708,stop,-0.02904030682229419,0.043741807287612754,0.0066922411758975125,3.485141917952149,0.5332063692249579,DOGE
1240,2021-07-30 02:00:00+00:00,2021-07-30 08:00:00+00:00,1,7,-0.039549901200640454,False,3.4328460576428848,0.209112715,0.2010680541665356,stop,-0.028390966156655102,0.053046583035374024,0.008212245725947295,4.167936073263697,0.6452463711160508,DOGE
1241,2021-08-06 16:00:00+00:00,2021-08-07 04:00:00+00:00,1,13,0.053151466953533726,False,3.366155581798283,0.204821428,0.2160749091934143,target,0.03664585256202401,0.005621618847418688,0.06107062196636963,0.6139049669397465,6.669174694486646,DOGE
1242,2021-08-20 15:00:00+00:00,2021-08-21 11:00:00+00:00,1,21,-0.05644819190205456,False,2.1840440457107038,0.33245970799999996,0.3144394111298799,stop,-0.04098740727761167,0.05645709103492307,0.0009333221215487722,3.141209568050302,0.05192900173458264,DOGE
1243,2021-08-21 12:00:00+00:00,2021-08-23 11:00:00+00:00,-1,48,-0.015142464751752184,False,2.144119249974245,0.319534111,0.324927449,time,-0.010374393918499546,0.03118881101241803,0.04545402352990102,1.7555183452820726,2.5584614989604186,DOGE
1244,2021-08-30 03:00:00+00:00,2021-08-30 13:00:00+00:00,1,11,-0.04361734089298695,False,2.365653649980646,0.285225542,0.27329393998259033,stop,-0.02943057589834232,0.04798147425380296,0.0057654654224480895,3.4648142815435357,0.4163329127774826,DOGE
1245,2021-08-30 14:00:00+00:00,2021-08-31 16:00:00+00:00,-1,27,-0.04177043928598832,False,2.352434114351162,0.27431768,0.2858284605625319,stop,-0.026955060477007832,0.04338881839478945,0.016505243118125065,3.125319872231967,1.1888815188221606,DOGE
1246,2021-09-05 14:00:00+00:00,2021-09-07 08:00:00+00:00,1,43,-0.0433479306903464,False,2.028262208799325,0.304871434,0.29340288912096196,stop,-0.026804592095525142,0.09617639020912658,0.05273884072720311,7.729389795271386,4.2384524564179795,DOGE
1247,2021-09-19 12:00:00+00:00,2021-09-20 03:00:00+00:00,-1,16,0.057732648093282025,False,2.5212276764799055,0.23462959,0.22090260435108341,target,0.0341520144751665,0.0185416084987405,0.06917111349851478,1.9015434755743446,7.093876433657198,DOGE
1248,2021-09-20 04:00:00+00:00,2021-09-20 12:00:00+00:00,-1,9,0.09760226182568585,False,2.8212503891095175,0.221783445,0.19994778951524977,target,0.06107038237654829,0.011031278732278764,0.10363011991269228,0.6722642244585693,6.315389528668298,DOGE
1249,2021-10-10 02:00:00+00:00,2021-10-10 21:00:00+00:00,-1,20,0.07376712435084826,False,2.821981218424218,0.243366968,0.22542458920805106,target,0.050661565310485594,0.0235571493005575,0.07547025856031532,1.9171477984532952,6.141984252915751,DOGE
1250,2021-10-14 21:00:00+00:00,2021-10-15 19:00:00+00:00,-1,23,-0.040134478743139246,False,3.172867117528407,0.23242025300000002,0.2417986141823124,stop,-0.02959671294079089,0.04909101875902342,0.03609949172544793,3.678252437751432,2.7048337312476254,DOGE
1251,2021-10-17 12:00:00+00:00,2021-10-17 20:00:00+00:00,1,9,-0.03298050019211587,False,2.954241958742658,0.23960185899999997,0.23204574967235533,stop,-0.023344978772883156,0.06160995186602439,0.0037484725859327286,5.915411285220134,0.3599054432859048,DOGE
1252,2021-10-17 21:00:00+00:00,2021-10-17 22:00:00+00:00,-1,2,-0.04098262223157014,False,2.9662621720175406,0.23076075100000001,0.23998256002859214,stop,-0.02805247731719985,0.05022192443809474,0.0031233691036133757,3.799821937828777,0.2363160426971673,DOGE
1253,2021-11-03 09:00:00+00:00,2021-11-03 12:00:00+00:00,1,4,-0.04246143355266874,False,2.376158791005827,0.27626285399999995,0.26480287004383024,stop,-0.027873570660587724,0.05524757953886895,0.005926044621257819,4.023415889119426,0.4315653697013989,DOGE
1254,2021-11-03 13:00:00+00:00,2021-11-05 12:00:00+00:00,-1,48,0.019164884218256913,False,2.3585260750207175,0.266510023,0.262048591,time,0.012046487342822695,0.02360127746490046,0.04806582077402772,1.491022860438305,3.0365829852383364,DOGE
1255,2021-11-15 15:00:00+00:00,2021-11-16 01:00:00+00:00,-1,11,0.04719912927973228,False,2.462947070156461,0.26010194600000003,0.24769692279184016,target,0.030236579981285695,0.0014150374714995443,0.08516639856281595,0.17801853031174486,10.714343195470407,DOGE
1256,2021-11-16 02:00:00+00:00,2021-11-16 10:00:00+00:00,-1,9,0.08394828140230738,False,2.6666211897106966,0.251574505,0.230238956929649,target,0.056317032465948456,0.001691327982539399,0.12065811279247078,0.11965804635446542,8.536318326553474,DOGE
1257,2021-12-12 10:00:00+00:00,2021-12-12 16:00:00+00:00,-1,7,-0.03128629656224806,False,4.377379521191785,0.16612014900000002,0.1711487987726925,stop,-0.022750485626786873,0.0378632636550307,0.003973924921052331,3.791106656547013,0.3978942057948528,DOGE
1258,2021-12-12 17:00:00+00:00,2021-12-13 01:00:00+00:00,1,9,-0.03328066410344945,False,4.16593226399769,0.16909071199999998,0.1636407007076687,stop,-0.023443580472681823,0.03241285068336557,0.02826463939663357,3.0443301592425747,2.6547154088932725,DOGE
1259,2021-12-27 14:00:00+00:00,2021-12-27 22:00:00+00:00,1,9,-0.026921360307416126,False,3.547353657434943,0.191967573,0.18700813565425392,stop,-0.01833282373725662,0.03108635956969672,0.004700934568777463,3.651143724942321,0.5521324461834924,DOGE
1260,2021-12-28 00:00:00+00:00,2021-12-28 14:00:00+00:00,-1,15,0.058561468235804624,False,3.5283876361311615,0.187803642,0.17664153239724995,target,0.03880540839513722,0.0005663255454864972,0.07451209066541958,0.05717091326918898,7.522041530510859,DOGE
1261,2022-01-02 16:00:00+00:00,2022-01-03 04:00:00+00:00,1,13,-0.02310502414555595,False,4.015110707831683,0.17470239499999998,0.17085598413480593,stop,-0.016207006637368005,0.022394627160091225,0.009316443543890765,3.0926893491883845,1.2865972500695335,DOGE
1262,2022-01-03 05:00:00+00:00,2022-01-05 04:00:00+00:00,-1,48,0.007126053982442766,False,4.004019420739313,0.171138643,0.16985094,time,0.0048830746912647376,0.01315516449432161,0.02710459145103773,1.7177330328881322,3.539176731578051,DOGE
1263,2022-01-05 18:00:00+00:00,2022-01-05 19:00:00+00:00,-1,2,0.04994906745163031,False,4.124097166435533,0.16733978300000002,0.15881823788115126,target,0.03447112639343361,0.006275955311833959,0.08384009318334072,0.7394553349324106,9.8783374172139,DOGE
1264,2022-01-05 20:00:00+00:00,2022-01-07 19:00:00+00:00,-1,48,0.03593775560273294,False,4.539166429886823,0.159632096,0.153656083,time,0.02604037736482251,0.014833508168683094,0.08007221805820298,0.967875073010779,5.224651041271419,DOGE
1265,2022-01-29 01:00:00+00:00,2022-01-31 00:00:00+00:00,1,48,-0.0356886369264109,False,5.281243613829026,0.14213262699999998,0.137248813,time,-0.026789212379384225,0.03723724180514861,0.014263952216967234,2.8695177952903497,1.0991862644375403,DOGE
1266,2022-01-31 01:00:00+00:00,2022-01-31 16:00:00+00:00,-1,16,-0.03419710651646467,False,5.273598221353576,0.13725881,0.1417721296337763,stop,-0.024753500875075413,0.033522001247133094,0.007932532709557918,3.087493889835808,0.7306140850936625,DOGE
1267,2022-02-02 10:00:00+00:00,2022-02-02 14:00:00+00:00,1,5,-0.022997784825099177,False,4.863836383958729,0.143733107,0.14056971534414311,stop,-0.016077620638157965,0.02931201508084003,0.01938936030931282,4.04949642926819,2.6786676085493637,DOGE
1268,2022-02-02 15:00:00+00:00,2022-02-04 14:00:00+00:00,-1,48,0.005347229924870082,False,4.865211573497508,0.140387871,0.139411811,time,0.0036522473094486364,0.005143813314185923,0.04129894526287111,0.5113153580082734,4.105278261987439,DOGE
1269,2022-02-21 01:00:00+00:00,2022-02-21 13:00:00+00:00,1,13,-0.03346615293108624,False,4.968249281149098,0.13821145099999999,0.13373535856478905,stop,-0.022980167828586914,0.03350989347474531,0.02704948810645225,3.1322089614213144,2.5283473107051693,DOGE
1270,2022-03-03 16:00:00+00:00,2022-03-05 15:00:00+00:00,-1,48,0.039825614208870645,False,5.153609227068204,0.128781354,0.12357706199999999,time,0.026431813077988427,0.01055002108457424,0.06935285056872433,0.7990646654009869,5.252824794381801,DOGE
1271,2022-03-11 02:00:00+00:00,2022-03-13 01:00:00+00:00,-1,48,0.0005942550705597519,False,5.9815240068660875,0.115375377,0.11524456300000001,time,0.0004101076583165806,0.027428928791279315,0.015734527133982903,2.4140974839636558,1.384840168369344,DOGE
1272,2022-03-13 12:00:00+00:00,2022-03-13 22:00:00+00:00,-1,11,0.0372849159356788,False,6.01740496872506,0.114755563,0.11035947639399651,target,0.02574637891352314,0.0042214685487621225,0.04144080579344118,0.6611839712235272,6.490631454128682,DOGE
1273,2022-03-13 23:00:00+00:00,2022-03-14 04:00:00+00:00,-1,6,-0.03257766583310988,False,6.484090692353089,0.11046685,0.11394641285850703,stop,-0.023334635157385198,0.10549001804613782,0.006308227309821895,10.146734695294857,0.6067674467775845,DOGE
1274,2022-04-10 01:00:00+00:00,2022-04-11 10:00:00+00:00,1,34,-0.041329521909277904,False,4.720508472611058,0.146794025,0.14093066747384833,stop,-0.028638979703822037,0.04083289493560781,0.07368130276419634,3.0891379890225954,5.574224208410669,DOGE
1275,2022-04-17 18:00:00+00:00,2022-04-17 21:00:00+00:00,-1,4,-0.025862939414683875,False,4.7001188985735,0.14133758600000002,0.14484989768189474,stop,-0.017180840114048104,0.02478048549661787,0.009110004185298644,3.0290102459530166,1.1135494509060617,DOGE
1276,2022-04-18 00:00:00+00:00,2022-04-19 15:00:00+00:00,-1,40,-0.034316885769780675,False,4.653942152329423,0.139048273,0.14368008444090583,stop,-0.022207232992632508,0.03985469851898122,0.054213352221929516,3.6230538707186706,4.928349803442881,DOGE
1277,2022-04-24 00:00:00+00:00,2022-04-25 00:00:00+00:00,-1,25,0.03812472946655605,False,4.6712219160493085,0.133779854,0.12857200823715606,target,0.023824730028095514,0.007027560367946005,0.07273033800739542,1.0831495894608831,11.209841200849986,DOGE
1278,2022-05-20 15:00:00+00:00,2022-05-22 14:00:00+00:00,-1,48,-0.01706183224259911,False,7.676068090817268,0.084514638,0.085855749,time,-0.011068695027532872,0.025502824729604755,0.026085871656931298,1.7543454706630874,1.7944534095672813,DOGE
1279,2022-06-06 02:00:00+00:00,2022-06-07 00:00:00+00:00,1,23,-0.026832562552218744,False,7.688821334919512,0.08293487299999999,0.08081026360727081,stop,-0.017110358289899708,0.05082148012694243,0.02152444364386995,6.020217861792309,2.54974549671314,DOGE
1280,2022-06-09 00:00:00+00:00,2022-06-10 16:00:00+00:00,-1,41,0.054258211556018156,False,7.833761822657599,0.07921622800000001,0.0748658082416854,target,0.03367053342022126,0.02289647015255499,0.06395442105625149,2.5015130963399215,6.987226449103921,DOGE
1281,2022-07-03 02:00:00+00:00,2022-07-04 00:00:00+00:00,-1,23,-0.04021545542405571,False,9.966919348749517,0.065640302,0.06821633895342584,stop,-0.026310221588422552,0.05423037206623455,0.013715689486011075,4.17873890316641,1.0568669005063045,DOGE
1282,2022-07-10 01:00:00+00:00,2022-07-11 06:00:00+00:00,-1,30,0.053169107253173906,False,9.128176244955151,0.068789357,0.06507619572812606,target,0.03338601890592272,0.006114943042715145,0.06046512398713058,0.6797060012225825,6.720995985020934,DOGE
1283,2022-07-25 00:00:00+00:00,2022-07-25 23:00:00+00:00,-1,24,0.06564282823312066,False,9.798634944935591,0.067489747,0.06299193992951747,target,0.04341008763287452,0.007264110798933593,0.08637974298525675,0.6539893672416688,7.776785765123414,DOGE
1284,2022-08-05 02:00:00+00:00,2022-08-07 01:00:00+00:00,1,48,0.0010290610576922524,False,10.381758461143301,0.067880358,0.06805957600000001,time,0.0007251973163843631,0.008844355240436346,0.05081944323275376,0.8517750957085961,4.894278321785365,DOGE
1285,2022-08-07 02:00:00+00:00,2022-08-08 03:00:00+00:00,-1,26,-0.030291053514035608,False,10.366598716625722,0.06804957900000001,0.07006252338790266,stop,-0.021368601920327773,0.03351116984867739,0.0011694267792606058,3.434486330125203,0.119851986832725,DOGE
1286,2022-08-28 11:00:00+00:00,2022-08-28 23:00:00+00:00,1,13,-0.030438516741665193,False,10.677110315898096,0.064069215,0.06217779715987709,stop,-0.02082220022728385,0.044314808601915896,0.003602119988515502,4.548180219578041,0.36969788197628783,DOGE
1287,2022-08-29 00:00:00+00:00,2022-08-29 14:00:00+00:00,-1,15,-0.03543259251703012,False,10.749366679425552,0.061701484,0.06382571062135738,stop,-0.023500733464866773,0.03887290620108916,0.014286269030417515,3.4181751301045504,1.2562212161124133,DOGE
1288,2022-09-05 06:00:00+00:00,2022-09-06 00:00:00+00:00,-1,19,-0.026087542432595485,False,10.2802108538721,0.062231325000000004,0.06380306442146341,stop,-0.016689535081900984,0.049310777168893524,0.021875237269976228,5.929408632844085,2.630403091597029,DOGE
1289,2022-09-20 15:00:00+00:00,2022-09-21 21:00:00+00:00,1,31,-0.03015626092177617,False,10.594909767143701,0.058807637,0.057094973695582696,stop,-0.018789208410150464,0.041961165690095684,0.03557978362572194,4.366134737301096,3.7021404596152223,DOGE
1290,2022-10-04 07:00:00+00:00,2022-10-04 16:00:00+00:00,1,10,0.03699724826373797,False,9.99158405346062,0.060478138,0.06278333542282602,target,0.022356415973007176,0.004598984181688996,0.09080739225139504,0.7239414652625082,14.294295002119197,DOGE
1291,2022-10-04 17:00:00+00:00,2022-10-04 17:00:00+00:00,1,1,-0.034692387199355225,False,9.523272771844306,0.065799734,0.06358167485488486,stop,-0.021739249487080527,0.03419062453960685,0.0012198529556365,3.0692436125424107,0.10950446044035206,DOGE
1292,2022-10-04 18:00:00+00:00,2022-10-06 17:00:00+00:00,1,48,-0.0029541020141595664,False,9.451518494275373,0.063999194,0.063910821,time,-0.0017869054844071816,0.0226439414221373,0.044856908666693576,1.710841748051163,3.389121646484715,DOGE
1293,2022-10-08 22:00:00+00:00,2022-10-10 01:00:00+00:00,-1,28,-0.019000369384984075,False,9.839889827416512,0.061291607000000005,0.06241409659750053,stop,-0.011459173321347446,0.019389163674563073,0.002962999485394586,3.2299988415530665,0.4935996758799093,DOGE
1294,2022-10-22 21:00:00+00:00,2022-10-23 11:00:00+00:00,1,15,-0.017804022077652117,False,9.895700971889513,0.059787930999999996,0.05879465965182477,stop,-0.010533633702937239,0.017192951533980927,0.001205410503333875,3.1608298281924494,0.22160810880108267,DOGE
1295,2022-10-23 12:00:00+00:00,2022-10-23 17:00:00+00:00,-1,6,-0.01603855048874901,False,9.865652384123685,0.058902324,0.059793595937409946,stop,-0.009320159720074175,0.015070305205614705,0.005641950562086513,3.0492480845835663,1.1415632736056291,DOGE
1296,2022-11-06 01:00:00+00:00,2022-11-08 00:00:00+00:00,-1,48,0.10337897740630557,False,4.627892886685905,0.12355292300000001,0.110713204,time,0.05911103380352566,0.03396987216563054,0.1330840469067657,1.4217142266793459,5.569861491055104,DOGE
1297,2022-11-17 14:00:00+00:00,2022-11-19 13:00:00+00:00,-1,48,-0.007383537443441435,False,7.566119821373545,0.083384977,0.083935173,time,-0.004658279142999371,0.04023534119341424,0.009413889986441949,2.728833435865515,0.6384670042456889,DOGE
1298,2022-11-20 01:00:00+00:00,2022-11-20 08:00:00+00:00,1,8,-0.02005994147048414,False,7.393181763721683,0.084705404,0.08309011631368313,stop,-0.01256238685605074,0.02308476092033035,0.012922386864479192,3.688622192050497,2.0648168342346285,DOGE
1299,2022-11-20 12:00:00+00:00,2022-11-20 21:00:00+00:00,-1,10,0.06181830790467836,False,7.5117990767448894,0.081695484,0.07657130288852201,target,0.037936662983504406,0.007277219876682575,0.0683695563882087,0.696129961528849,6.540148224841688,DOGE
1300,2022-12-05 05:00:00+00:00,2022-12-05 15:00:00+00:00,1,11,-0.03405228368533655,False,6.204603275355438,0.10502149699999999,0.10155646304471963,stop,-0.02218903754891537,0.033531201711969355,0.06454395712908192,3.075939142380403,5.920852042311295,DOGE
1301,2022-12-09 14:00:00+00:00,2022-12-11 13:00:00+00:00,-1,48,0.006595495972242376,False,6.481537694992005,0.09711085800000001,0.096418917,time,0.004151387772579701,0.0030804176398069546,0.01607295035947486,0.2858360132938143,1.4914302506427624,DOGE
1302,2022-12-11 21:00:00+00:00,2022-12-12 02:00:00+00:00,-1,6,0.03714910484646258,False,6.690269241572589,0.09470158099999999,0.09109591227007019,target,0.02353689546685014,0.003151151193558301,0.1531292386765961,0.49658305687858006,24.13130337730553,DOGE
1303,2022-12-12 03:00:00+00:00,2022-12-13 13:00:00+00:00,-1,35,-0.05750496970937522,False,7.512150444669916,0.08747375,0.09240707809126983,stop,-0.03778743394806461,0.09507137855642403,0.00918847082696244,5.085754518372696,0.49152865704399046,DOGE
1304,2022-12-24 18:00:00+00:00,2022-12-25 11:00:00+00:00,1,18,-0.020537049300296248,False,7.9765884201678485,0.07764328599999999,0.0761201071038329,stop,-0.01271918067714602,0.020263001233615914,0.0062685909506716795,3.1458673022971113,0.9732099937139744,DOGE
1305,2023-01-08 01:00:00+00:00,2023-01-08 20:00:00+00:00,-1,20,-0.02090082392935616,False,8.473556664600755,0.07158851699999999,0.07302682831652245,stop,-0.012678635329741079,0.021672232712964378,0.0022142797007514057,3.286089148480272,0.3357439260047548,DOGE
1306,2023-01-08 21:00:00+00:00,2023-01-09 04:00:00+00:00,1,8,0.03978177762543654,False,8.152582647620834,0.07285184900000001,0.07583183890047013,target,0.023627619828134168,0.006751359186504879,0.04637014772267476,0.9903033562410875,6.801669360289582,DOGE
1307,2023-02-04 00:00:00+00:00,2023-02-04 18:00:00+00:00,1,19,0.06814269255630032,False,6.637706998110518,0.09303790299999999,0.09950577930546461,target,0.04208208808679397,0.005244131523471653,0.07321851396414215,0.4526088412554595,6.3193202945868485,DOGE
1308,2023-02-12 10:00:00+00:00,2023-02-12 22:00:00+00:00,1,13,-0.027387723577832524,False,7.82535416092179,0.084295281,0.08207529905248252,stop,-0.018066049700620274,0.038024441724086595,0.005631620114060696,4.38009172862635,0.6487146572552492,DOGE
1309,2023-02-14 14:00:00+00:00,2023-02-15 03:00:00+00:00,1,14,0.06172157980460798,False,7.816012230437637,0.082084618,0.08725222672297925,target,0.03959898418582349,0.014188017540630966,0.06962792955922636,1.3522130591906292,6.636007840049797,DOGE
1310,2023-02-15 04:00:00+00:00,2023-02-16 16:00:00+00:00,1,37,0.07576197312831069,False,8.006691025080775,0.085075515,0.09163705337449445,target,0.05160703797822023,0.003120933208573675,0.08186239013657445,0.24279214859012282,6.368462335361956,DOGE
1311,2023-02-21 09:00:00+00:00,2023-02-22 09:00:00+00:00,-1,25,-0.028870901012526023,False,8.468118073856136,0.086534032,0.08897006242487432,stop,-0.02115603040337231,0.048835907703919275,0.042573215587596844,5.2619659339495675,4.587174082619681,DOGE
1312,2023-02-24 14:00:00+00:00,2023-02-24 16:00:00+00:00,-1,3,0.04251840506074096,False,8.527047452753711,0.083454956,0.07982494442625256,target,0.030257133213881827,0.0019776416873313442,0.04906785883393189,0.272799130218122,6.768500733631385,DOGE
1313,2023-02-24 17:00:00+00:00,2023-02-26 16:00:00+00:00,-1,48,-0.005755013922295412,False,9.171970515803794,0.080885727,0.08128437799999999,time,-0.004269538379571206,0.015630359605966034,0.03295670446282824,1.4875782005209093,3.136567318719947,DOGE
1314,2023-03-25 19:00:00+00:00,2023-03-27 18:00:00+00:00,-1,48,0.01776491788965464,False,9.982861788773189,0.073887827,0.07252175,time,0.0131036159893437,0.030616315188156665,0.03691848996993784,2.8576812237830325,3.4459168240574134,DOGE
1315,2023-03-28 19:00:00+00:00,2023-03-30 18:00:00+00:00,1,48,0.011154697561801402,False,10.24140875645505,0.073301984,0.074237722,time,0.008374005258790975,0.005211100425330941,0.04826630613436063,0.5359016099113174,4.963633215768181,DOGE
1316,2023-04-10 14:00:00+00:00,2023-04-10 16:00:00+00:00,-1,3,-0.022352456288334707,False,9.21166300226012,0.082405271,0.0841639466091513,stop,-0.016967516791379127,0.024327679233043197,0.0017628848038131245,3.469521774781378,0.2514159757973644,DOGE
1317,2023-04-10 17:00:00+00:00,2023-04-12 02:00:00+00:00,1,34,-0.025366390531098224,False,8.847936784981677,0.08387515499999999,0.08186422375178949,stop,-0.01882495823086324,0.04643991417959225,0.022233580373115305,5.882839904988621,2.8164693273100903,DOGE
1318,2023-04-21 17:00:00+00:00,2023-04-21 20:00:00+00:00,-1,4,0.08111946677898356,False,8.729659330227602,0.082855136,0.07605451672141912,target,0.05867347597031785,0.0036794822230453153,0.0840640222954917,0.26897315157182533,6.1451485942793,DOGE
1319,2023-04-21 21:00:00+00:00,2023-04-23 20:00:00+00:00,-1,48,-0.012977279704580003,False,10.136131250285992,0.077146849,0.078083418,time,-0.010147851028383316,0.049427177511812574,0.011495595886230026,2.5061501633965046,0.5828714273990327,DOGE
1320,2023-04-25 16:00:00+00:00,2023-04-26 00:00:00+00:00,-1,9,-0.0264749375821082,False,9.896863892927797,0.077986597,0.07998012592635285,stop,-0.020433958759565135,0.029664110103432152,0.007137085363527349,3.523767810888234,0.8478067125515901,DOGE
1321,2023-04-26 01:00:00+00:00,2023-04-26 19:00:00+00:00,1,19,-0.02603936756972546,False,9.402471250389135,0.079913967,0.077928293969817,stop,-0.019565688557851416,0.05147994968138669,0.04574961220483527,6.289547701000804,5.5894454063275445,DOGE
1322,2023-04-28 14:00:00+00:00,2023-04-29 14:00:00+00:00,-1,25,-0.025382946634958877,False,9.21503904172504,0.079416168,0.08137045681568908,stop,-0.018575826405794034,0.02485428407978598,0.0019664509624790533,3.0683154699098667,0.24276265168711234,DOGE
1323,2023-05-20 01:00:00+00:00,2023-05-22 00:00:00+00:00,-1,48,0.026289913232352236,False,9.764079658527379,0.073048079,0.07108131799999999,time,0.01875120863798614,0.012757638705324505,0.03310256796759849,2.0972486041549936,5.441784021914409,DOGE
1324,2023-06-19 18:00:00+00:00,2023-06-20 14:00:00+00:00,1,21,-0.020587562903921768,False,11.764934681916758,0.062218659999999995,0.061011798652778663,stop,-0.01507006456515391,0.025051327045616162,0.009986393149579212,3.9341810548164227,1.5683112780206294,DOGE
1325,2023-07-03 14:00:00+00:00,2023-07-04 02:00:00+00:00,-1,13,-0.027757866264835142,False,10.638533591396701,0.067389777,0.06920571467174719,stop,-0.019900402824403748,0.035765409937474686,0.0025193287106439893,4.027819050610783,0.2837210643809846,DOGE
1326,2023-07-04 03:00:00+00:00,2023-07-05 10:00:00+00:00,1,32,-0.030323516251998164,False,10.03483522205477,0.069460832,0.06745060304949543,stop,-0.021136339992437168,0.05990184511466841,0.034827800507773926,6.272649834708669,3.6470094815970664,DOGE
1327,2023-07-08 23:00:00+00:00,2023-07-10 00:00:00+00:00,1,26,-0.020055118540006932,False,10.264149427728146,0.065849749,0.06459311837626343,stop,-0.013555087431983609,0.0432765354959819,0.0072931333420876215,6.909895822641756,1.164483039986867,DOGE
1328,2023-07-24 03:00:00+00:00,2023-07-24 07:00:00+00:00,-1,5,-0.02801163596060444,False,9.336743752584745,0.070938712,0.0728539250575294,stop,-0.018553131052613612,0.10278292055824179,0.011682084106629893,11.55291350662826,1.313079123730248,DOGE
1329,2023-07-24 08:00:00+00:00,2023-07-24 08:00:00+00:00,1,1,-0.04263530792198679,False,8.3931972863774,0.07670300399999999,0.07350785323453587,stop,-0.02744790541392276,0.05479581999161332,0.0012645658571599357,3.973730615854866,0.09170487937091346,DOGE
1330,2023-07-24 12:00:00+00:00,2023-07-26 11:00:00+00:00,1,48,0.03339023136948539,False,8.096592567773321,0.07612283,0.078766363,time,0.020579586269010595,0.03905306725984827,0.10177196512531125,1.8031684770420164,4.699041899565604,DOGE
1331,2023-07-29 18:00:00+00:00,2023-07-29 18:00:00+00:00,1,1,0.04011520373052229,False,8.093607584241607,0.078693601,0.08193072299840264,target,0.025549980033923326,0.003603863546668913,0.05154674520486109,0.5256539607835957,7.5185284990834145,DOGE
1332,2023-07-29 19:00:00+00:00,2023-07-30 14:00:00+00:00,1,20,-0.03140412790443789,False,8.14996832378795,0.08128437799999999,0.07882777307219141,stop,-0.02080413891850118,0.03659224654459417,0.004252010146402348,3.6676199003390706,0.426176540169074,DOGE
1333,2023-08-12 01:00:00+00:00,2023-08-13 22:00:00+00:00,1,46,-0.01788184985037601,False,8.412701986129472,0.07627287499999999,0.07502279873846272,stop,-0.011474085066746529,0.028357066650496587,0.015564183204055324,5.285779023754322,2.901175714534785,DOGE
1334,2023-08-26 17:00:00+00:00,2023-08-27 07:00:00+00:00,-1,15,-0.014815976001360191,False,10.057051607083242,0.062661196,0.0635292770072489,stop,-0.009336833719099604,0.017535637206796927,0.001774559170559206,3.882571873594974,0.3929057976275107,DOGE
1335,2023-08-27 08:00:00+00:00,2023-08-28 00:00:00+00:00,1,17,-0.01341643996516693,False,9.811315982607342,0.063278978,0.062492047927769766,stop,-0.008329597399240274,0.014522642890977171,0.0033347883715821886,3.5889314615926904,0.824114935165184,DOGE
1336,2023-09-10 01:00:00+00:00,2023-09-10 04:00:00+00:00,-1,4,0.01975522900204199,False,9.68855569408359,0.06322102800000001,0.061909516841694656,target,0.012100481774288633,0.00045826524680978335,0.06360269877294639,0.13254328710747917,18.395701666140777,DOGE
1337,2023-09-10 05:00:00+00:00,2023-09-12 04:00:00+00:00,-1,48,0.004628370314532559,False,10.133123177133267,0.061641502,0.061278378,time,0.0028909769822329156,0.010682705298128531,0.0412303710574736,1.3567592093153418,5.236471855637159,DOGE
1338,2023-09-23 16:00:00+00:00,2023-09-25 15:00:00+00:00,-1,48,0.0027625560937387036,False,10.249840294540018,0.06122162800000001,0.061008297,time,0.0017335368496810195,0.007977115538319134,0.019464167140410035,2.0732677098694157,5.058774570565713,DOGE
1339,2023-10-06 13:00:00+00:00,2023-10-06 19:00:00+00:00,-1,7,-0.011958114159228567,False,10.366177152576277,0.060701784,0.061370274883299186,stop,-0.007524588882482085,0.011667136504587701,0.0006883487971293074,3.268260221322,0.1928239196625448,DOGE
1340,2023-10-06 22:00:00+00:00,2023-10-08 10:00:00+00:00,1,37,-0.012852113245839557,False,10.111182645514436,0.061488441,0.0607869135808483,stop,-0.007990426868390917,0.014448910812358972,0.002464837252907461,3.900743607950561,0.6654271926637683,DOGE
1341,2023-11-05 00:00:00+00:00,2023-11-05 12:00:00+00:00,1,13,0.03275829277179402,False,8.873971170964982,0.069160742,0.07151232036113107,target,0.02010476113086501,0.004348449587194897,0.038016625096358996,0.7673365386522941,6.708493436047873,DOGE
1342,2023-11-05 13:00:00+00:00,2023-11-05 13:00:00+00:00,1,1,-0.028389267777823062,False,8.855976216239421,0.071571465,0.06961019434453618,stop,-0.01799411698705813,0.032994504164474026,0.0027739407038824718,3.6510323456239964,0.30695255137741057,DOGE
1343,2023-11-23 16:00:00+00:00,2023-11-24 01:00:00+00:00,-1,10,-0.0257902814988721,False,8.206019482871024,0.075047479,0.0769221537927943,stop,-0.015882714678030145,0.025484147175683283,0.0004994038507277097,3.098696963233824,0.06072407230302932,DOGE
1344,2023-11-24 02:00:00+00:00,2023-11-26 01:00:00+00:00,1,48,0.017943258194182465,False,7.816739562209583,0.076753019,0.078256516,time,0.010765207761684367,0.002905670720261894,0.03149037043090121,0.43062104636629994,4.666879894840542,DOGE
1345,2023-11-26 11:00:00+00:00,2023-11-26 16:00:00+00:00,-1,6,0.030409523556044687,False,7.85227300706932,0.07777666,0.07534268215454225,target,0.018571812724226134,0.0033858486594821736,0.03261466871938183,0.649159565255966,6.25312183034173,DOGE
1346,2023-11-26 17:00:00+00:00,2023-11-26 23:00:00+00:00,-1,7,-0.0249294249457593,False,8.238244024211506,0.07638707700000001,0.07821406233323083,stop,-0.01568797195993502,0.03302813903980096,0.0008781197374526137,4.196645887078216,0.11157630104747564,DOGE
1347,2023-11-27 01:00:00+00:00,2023-11-27 14:00:00+00:00,1,14,-0.029947780724763007,False,7.701486273042121,0.079673895,0.07737439180645543,stop,-0.01837618012570858,0.02904207206136962,0.024049345146236436,3.0495690668640396,2.525306695793687,DOGE
1348,2023-12-02 19:00:00+00:00,2023-12-04 04:00:00+00:00,1,34,0.04100477042149929,False,7.018786420414883,0.08480543399999999,0.08841249917605362,target,0.02440731987384987,0.01433202971403917,0.0435652036165514,2.0217555392160964,6.145549059430257,DOGE
1349,2023-12-16 21:00:00+00:00,2023-12-17 23:00:00+00:00,1,27,-0.0315455809033828,False,6.478275597120488,0.095648686,0.09275483562729839,stop,-0.01954685795973622,0.03396477396458955,0.023537322823232558,3.4005600306807233,2.356561515921192,DOGE
1350,2023-12-20 14:00:00+00:00,2023-12-22 13:00:00+00:00,1,48,0.009333910466263093,False,6.490443762151068,0.09245772899999999,0.093561923,time,0.005601202110215337,0.026582190873409753,0.061025411947983485,2.586020746596984,5.936793626930637,DOGE
1351,2023-12-24 01:00:00+00:00,2023-12-24 22:00:00+00:00,1,22,-0.023291864837073215,False,6.459475562077688,0.093768122,0.0917541797076036,stop,-0.01410771698630484,0.03783932027560497,0.012924200401496786,5.358600644436411,1.830255620234678,DOGE
1352,2024-01-14 07:00:00+00:00,2024-01-16 06:00:00+00:00,1,48,-0.013460636214627201,False,7.249420853746501,0.081604474,0.08063580199999999,time,-0.007963112838376241,0.023950574082494517,0.028620072963156464,2.9389658744248863,3.511958313506385,DOGE
1353,2024-01-18 13:00:00+00:00,2024-01-19 03:00:00+00:00,-1,15,0.036704180096175286,False,7.317588391787502,0.079756066,0.07676624283535588,target,0.021421369298772183,0.006318441032435044,0.04295680782449833,1.0112986064712237,6.875455459402347,DOGE
1354,2024-01-30 23:00:00+00:00,2024-02-01 22:00:00+00:00,-1,48,0.011475551767774683,False,7.546446378240281,0.08017594,0.07922376,time,0.006943207226069822,0.004291312331355183,0.03711761907624652,0.5002818458110738,4.327177690586044,DOGE
1355,2024-02-02 14:00:00+00:00,2024-02-04 13:00:00+00:00,-1,48,-0.004177549472921103,False,7.776553485114134,0.078696384,0.07899369099999999,time,-0.0025566044622798824,0.011482306480562181,0.004909806275215767,2.045694462840058,0.8747339681125204,DOGE
1356,2024-02-04 17:00:00+00:00,2024-02-04 22:00:00+00:00,1,6,-0.015249917154898181,False,7.6577081525969595,0.079583868,0.078449237158713,stop,-0.00929375754238842,0.02618455287948561,0.0017105476702891237,5.626555530023708,0.3675637120072723,DOGE
1357,2024-02-25 15:00:00+00:00,2024-02-26 02:00:00+00:00,1,12,-0.02132189253088793,False,6.915125522928781,0.086786028,0.08508649885983129,stop,-0.012796041207548375,0.019542638822000268,0.0008523491822900972,3.0394848179191833,0.1325666621961042,DOGE
1358,2024-02-26 03:00:00+00:00,2024-02-26 16:00:00+00:00,-1,14,-0.01837445335129508,False,6.881195724949195,0.085354386,0.08688107484336376,stop,-0.010792055768618481,0.02513771231392831,0.013407465669075413,4.28941975831938,2.2878075551073733,DOGE
1359,2024-03-14 04:00:00+00:00,2024-03-14 04:00:00+00:00,1,1,0.1013642663084615,False,3.328186093659399,0.173231954,0.1909735866887355,target,0.058441383285585596,0.0008771707326004182,0.11953941245735766,0.05138895703656187,7.003204168401449,DOGE
1360,2024-03-14 05:00:00+00:00,2024-03-14 19:00:00+00:00,1,15,-0.073582570786303,False,3.5505292456439492,0.178843637,0.16608660945939732,stop,-0.04672416450964635,0.08344516612575928,0.06774835942304165,3.523274851466893,2.860514300176556,DOGE
1361,2024-03-25 15:00:00+00:00,2024-03-27 14:00:00+00:00,1,48,0.023442112489435583,False,3.22682563711646,0.182304675,0.187133843,time,0.013790183658317781,0.04665088813547974,0.04385693894026578,2.57466440176456,2.4204662327529562,DOGE
1362,2024-03-30 08:00:00+00:00,2024-03-31 18:00:00+00:00,-1,35,-0.06618670175818377,False,2.919650233143837,0.20620811900000002,0.21996769752610604,stop,-0.039848073294974286,0.07110234587804948,0.04863105802347205,3.2121295552122806,2.1969635016875353,DOGE
1363,2024-04-06 23:00:00+00:00,2024-04-07 14:00:00+00:00,1,16,0.07920331209425475,False,3.012805670062731,0.18660596499999998,0.20162325993601257,target,0.044528696830288504,0.006676983771660182,0.09701745064794697,0.4978120248589127,7.233274065857968,DOGE
1364,2024-04-10 13:00:00+00:00,2024-04-10 14:00:00+00:00,-1,2,-0.05479555926882444,False,3.3029566352889064,0.183694875,0.1935719050204316,stop,-0.0332464497501035,0.058821047674846666,0.009281015597196136,3.301298979150924,0.5208919005638448,DOGE
1365,2024-04-10 16:00:00+00:00,2024-04-12 15:00:00+00:00,1,48,-0.002361290006501808,False,2.965334442802117,0.193398002,0.19334198,time,-0.001354175630853927,0.018759252745537768,0.05368203338522585,0.9431002639240705,2.698803653873151,DOGE
1366,2024-04-21 14:00:00+00:00,2024-04-23 13:00:00+00:00,-1,48,-0.00821477595377279,False,3.601455371284212,0.158862327,0.160037997,time,-0.00469996561201933,0.02805997547801245,0.024249468535104544,1.9032787428512643,1.6448160485553718,DOGE
1367,2024-04-24 12:00:00+00:00,2024-04-24 14:00:00+00:00,1,3,-0.03665406290742429,False,3.475465234812841,0.163268966,0.15744485195838506,stop,-0.02079882073753721,0.05713863588748394,0.0023950295612211593,4.8446503701611325,0.20306891598121907,DOGE
1368,2024-04-24 15:00:00+00:00,2024-04-26 14:00:00+00:00,-1,48,0.0442843523634743,False,3.513466778704192,0.155583311,0.148574559,time,0.02420745642333289,0.0007500097487962777,0.05343317960369149,0.04963425114784857,3.5361085110349775,DOGE
1369,2024-04-28 23:00:00+00:00,2024-04-29 06:00:00+00:00,-1,8,0.04793502126187205,False,3.865003083858932,0.14769567800000002,0.14048645047054814,target,0.027363431306152677,0.002263586887085282,0.050953948699839643,0.27824506742296284,6.263371188595739,DOGE
1370,2024-04-29 07:00:00+00:00,2024-04-30 16:00:00+00:00,-1,34,0.07074972033075946,False,4.229183676643656,0.141447553,0.13132989534740602,target,0.0423230262188136,0.031689816507465496,0.0727305123475696,2.6581925306698553,6.1007517865733325,DOGE
1371,2024-05-12 08:00:00+00:00,2024-05-12 10:00:00+00:00,-1,3,-0.029676094453895963,False,4.571694080236927,0.140107955,0.14412369608078182,stop,-0.01900844980510545,0.030276974637164604,0.005980781034167555,3.203544552427413,0.6328141675605321,DOGE
1372,2024-05-30 07:00:00+00:00,2024-06-01 06:00:00+00:00,-1,48,0.0038121303005615695,False,3.875989845971849,0.16035188,0.159677889,time,0.002369323834720768,0.028675186096976293,0.0376165218642899,2.224856039716755,2.9185981768302365,DOGE
1373,2024-06-01 14:00:00+00:00,2024-06-02 09:00:00+00:00,1,20,-0.022381546647795732,False,3.877071369154413,0.160918261,0.15754896826497883,stop,-0.013963658556828566,0.02304437654841434,0.0055415649812422625,3.3488069182995592,0.8052997705710371,DOGE
1374,2024-06-09 13:00:00+00:00,2024-06-10 07:00:00+00:00,1,19,-0.024654345243907316,False,4.14200801875047,0.147254163,0.1437986594380144,stop,-0.015037373610725987,0.027463827966615718,0.0129424999685747,3.555463354915999,1.6755342487291036,DOGE
1375,2024-06-16 03:00:00+00:00,2024-06-17 15:00:00+00:00,-1,37,0.04138446123832898,False,4.39230197114687,0.13543935599999998,0.12972492373760494,target,0.024619224921166118,0.020309045178862374,0.0523433971437371,2.8881021319662974,7.443632901192541,DOGE
1376,2024-06-29 20:00:00+00:00,2024-06-30 22:00:00+00:00,-1,27,-0.020530817522789097,False,5.051729713507911,0.12263319900000001,0.12506275849315832,stop,-0.01271904214925885,0.024192478253788167,0.01796576308834622,3.7208235044818925,2.7631494745522622,DOGE
1377,2024-07-29 03:00:00+00:00,2024-07-29 15:00:00+00:00,1,13,-0.03366869855191627,False,4.519847630403301,0.13425026299999998,0.12987533264966233,stop,-0.020429854276893034,0.04097022141401673,0.0059570609556274965,3.8055710847402273,0.5533291776405953,DOGE
1378,2024-07-30 14:00:00+00:00,2024-08-01 04:00:00+00:00,-1,39,0.06275645026526756,False,4.591286417821053,0.127711675,0.11959629250281707,target,0.03679792732945939,0.00327554234959331,0.07345980702234148,0.3092830191147806,6.936216502369394,DOGE
1379,2024-08-10 17:00:00+00:00,2024-08-11 20:00:00+00:00,1,28,-0.03021880954292545,False,5.93872177864406,0.10493146999999999,0.10185752088585372,stop,-0.018831117278168625,0.035084517542735075,0.05726146788947122,3.628991530943386,5.922879850554108,DOGE
1380,2024-08-15 14:00:00+00:00,2024-08-15 18:00:00+00:00,1,5,-0.03303611750457789,False,5.802962683147484,0.10414123299999999,0.10080923529929,stop,-0.019964640540976443,0.06069865717837221,0.007381965604344415,5.743536854531949,0.6985095466419408,DOGE
1381,2024-08-15 19:00:00+00:00,2024-08-17 17:00:00+00:00,-1,47,-0.0433233091497642,False,5.890742818280237,0.099200231,0.10339760228469867,stop,-0.025316540998715394,0.04495724410157878,0.018550672528171813,3.211269022084089,1.3250634290203853,DOGE
1382,2024-08-17 18:00:00+00:00,2024-08-18 23:00:00+00:00,1,30,-0.024479751454284982,False,5.422323117135639,0.103100921,0.1006959834421332,stop,-0.013685319550978124,0.03114347543025335,0.014151949234284745,4.0563789529509915,1.843264703894242,DOGE
1383,2024-09-01 02:00:00+00:00,2024-09-01 22:00:00+00:00,-1,21,0.04254529726538787,False,5.434055635410586,0.100359883,0.09598961878945073,target,0.02320255385133048,0.0028907666223565286,0.06516431470929472,0.3983058955104365,8.978701540579909,DOGE
1384,2024-09-12 16:00:00+00:00,2024-09-13 05:00:00+00:00,-1,14,-0.029314765159350557,False,5.650614624393552,0.100619805,0.10346693222324303,stop,-0.0166673125641994,0.03657525474234418,0.00019683003758565838,3.9205280021550126,0.02109835404991465,DOGE
1385,2024-09-14 11:00:00+00:00,2024-09-16 02:00:00+00:00,-1,40,0.05041154600025958,False,5.226375534286985,0.105598311,0.10021172571351702,target,0.027821952221563712,0.007686571805111583,0.05415153846542113,0.9041226938745538,6.369502045404667,DOGE
1386,2024-09-16 03:00:00+00:00,2024-09-18 02:00:00+00:00,-1,48,-0.00785204360351149,False,5.780426126382488,0.10028990400000001,0.100970282,time,-0.004551974007677522,0.026623776606666035,0.019941229577804864,2.6001226859833806,1.947493932873188,DOGE
1387,2024-10-06 15:00:00+00:00,2024-10-07 18:00:00+00:00,1,28,-0.028071495843963637,False,5.113784321536647,0.11247373199999999,0.10947062541211297,stop,-0.016145781411725277,0.028928816908111447,0.026461894231446008,3.286315218431027,3.0060726644140647,DOGE
1388,2024-10-09 02:00:00+00:00,2024-10-10 14:00:00+00:00,1,37,-0.036517427259441605,False,5.136516268231564,0.10883264,0.104993082883989,stop,-0.020413995041902833,0.04118837878048347,0.02441693962399526,3.5314454699767515,2.093481058951303,DOGE
1389,2024-10-13 02:00:00+00:00,2024-10-14 03:00:00+00:00,-1,26,-0.021615011316787627,False,4.870882029753908,0.11057681700000001,0.11287882116074899,stop,-0.011641988420745373,0.021552284327373945,0.01787731871500701,3.152149058328779,2.6146636011747093,DOGE
1390,2024-10-27 15:00:00+00:00,2024-10-28 12:00:00+00:00,1,22,0.05611710832955037,False,3.773686249511544,0.13964188,0.14766467478469442,target,0.029571731924073672,0.0006579687984721249,0.05849334025007398,0.06871420929918866,6.108684232269899,DOGE
1391,2024-11-16 15:00:00+00:00,2024-11-18 14:00:00+00:00,-1,48,0.01196771763903229,False,1.514262281992222,0.367529708,0.363418993,time,0.006660470183904204,0.03741273616988806,0.0746326280649944,1.6168111680014747,3.225288468740839,DOGE
1392,2024-11-20 17:00:00+00:00,2024-11-22 13:00:00+00:00,-1,45,-0.07261620706066468,False,1.4846514896858753,0.37934616200000004,0.40686183380046026,stop,-0.04089721867757144,0.1013950893748596,0.04045424347801903,4.2123453648116715,1.6806262122971005,DOGE
1393,2024-11-22 17:00:00+00:00,2024-11-23 04:00:00+00:00,1,12,0.14634750423131085,False,1.280452653262699,0.407902334,0.46818077279302306,target,0.07643724670297504,0.031630939380699795,0.17783096578211785,1.2842735404248729,7.220259925682998,DOGE
1394,2024-12-12 20:00:00+00:00,2024-12-14 19:00:00+00:00,-1,48,0.022873170497477155,False,1.4905466452043885,0.401689457,0.392347669,time,0.01369501056885541,0.031045233532230706,0.036469607914055936,1.786998671284047,2.099231781168868,DOGE
1395,2024-12-26 05:00:00+00:00,2024-12-28 04:00:00+00:00,-1,48,0.03504733728602441,False,1.8817289219023279,0.325462332,0.31373409199999996,time,0.021464106772217658,0.00463238861079617,0.052732160722058614,0.36489496509517066,4.15373181369631,DOGE
1396,2025-01-03 12:00:00+00:00,2025-01-03 16:00:00+00:00,1,5,0.06571410926499005,False,1.8178075159145122,0.34871458299999997,0.37202701801006244,target,0.041655910342033586,0.002995524279522282,0.09404658881157274,0.26884784868224393,8.440667048082542,DOGE
1397,2025-01-03 17:00:00+00:00,2025-01-05 16:00:00+00:00,1,48,0.024768436595387244,False,1.8130669157287356,0.372601747,0.382425238,time,0.016732364407701202,0.000541454788186955,0.0698822622535906,0.034056914878735245,4.395517980500754,DOGE
1398,2025-01-24 11:00:00+00:00,2025-01-25 00:00:00+00:00,1,14,-0.04912774411985251,False,1.902250128205257,0.363929146,0.34641647790720914,stop,-0.03401036421124404,0.05116145877472528,0.00011225811521024641,3.2085910847434613,0.007040268129173083,DOGE
1399,2025-01-25 16:00:00+00:00,2025-01-26 22:00:00+00:00,1,31,-0.03459423906036401,False,1.8480622243860854,0.356196827,0.3442409451808093,stop,-0.022772484678496747,0.03912675785851395,0.010087605300313371,3.527543044113205,0.9094661519760135,DOGE
1400,2025-01-26 23:00:00+00:00,2025-01-27 02:00:00+00:00,-1,4,0.047955481296878495,False,1.8510092984986857,0.34332697100000004,0.3264947828613649,target,0.030475776256965747,0.0003000900270080346,0.05431257248938945,0.036725706420840075,6.646897306429002,DOGE
1401,2025-01-27 03:00:00+00:00,2025-01-28 04:00:00+00:00,-1,26,-0.0356629768702188,False,2.038173612106133,0.326751945,0.3380337279925377,stop,-0.023750729194508893,0.037147613612521994,0.06837585924698926,3.256963462035093,5.9949389367404695,DOGE
1402,2025-02-11 01:00:00+00:00,2025-02-12 13:00:00+00:00,1,37,-0.04097768576786097,False,2.48917866340887,0.258007379,0.2476690888664818,stop,-0.02631695418478573,0.04053131751708539,0.046094111905225756,3.056531325941594,3.4760305267745255,DOGE
1403,2025-02-12 17:00:00+00:00,2025-02-14 16:00:00+00:00,1,48,0.063347517338625,False,2.3877333198383055,0.257947361,0.27463758400000005,time,0.039016338276586626,0.018365611424107555,0.06921039599238235,1.0491819852509598,3.9538188514636596,DOGE
1404,2025-02-16 14:00:00+00:00,2025-02-18 06:00:00+00:00,-1,41,0.06693972514889994,False,2.462403246065518,0.265970185,0.24790719088585503,target,0.043840556184439786,0.010414005614952492,0.06914378391698314,0.9200517862642484,6.1086832727024385,DOGE
1405,2025-02-21 10:00:00+00:00,2025-02-21 17:00:00+00:00,1,8,-0.028859809472729925,False,2.734398700568661,0.25554664099999996,0.24841825384536653,stop,-0.02016626525898038,0.041153509037905794,0.022122611269228248,4.47273060740279,2.404375297581825,DOGE
1406,2025-02-21 18:00:00+00:00,2025-02-23 17:00:00+00:00,-1,48,0.012800969715015204,False,2.7588042225555514,0.24597618499999999,0.242612762,time,0.008686739812917118,0.006967402149114588,0.04783465114722381,0.46458611947582024,3.189612782117424,DOGE
1407,2025-03-15 14:00:00+00:00,2025-03-16 09:00:00+00:00,1,20,-0.03406877720308101,False,3.8752439560800855,0.17735319,0.17150343901013937,stop,-0.023415023508885077,0.033172169048664886,0.002350169173726266,3.0439296216926626,0.21565516422515263,DOGE
1408,2025-03-16 10:00:00+00:00,2025-03-18 09:00:00+00:00,-1,48,0.026182207886860678,False,3.85818658757131,0.172068364,0.167390202,time,0.017381630895070922,0.023837246456297985,0.03956778481371515,2.347993434230847,3.8974677347901485,DOGE
1409,2025-03-22 15:00:00+00:00,2025-03-23 09:00:00+00:00,-1,19,-0.022508568522300775,False,4.074243228518052,0.167209822,0.17082060759659043,stop,-0.015334040748746117,0.022607392046622685,0.004364707714359141,3.1859416948410764,0.6150954636560413,DOGE
1410,2025-03-23 10:00:00+00:00,2025-03-24 11:00:00+00:00,1,26,0.03731357168266524,False,3.907035203697137,0.170441117,0.17702436582076342,target,0.024847832918890388,0.005052284420313876,0.03930320991735808,0.7848255687532734,6.105389465643644,DOGE
1411,2025-04-05 14:00:00+00:00,2025-04-06 18:00:00+00:00,-1,29,0.06846466115019428,False,4.14476977725525,0.166659987,0.15511353045502171,target,0.04729314756682216,0.01956086196022551,0.09342366623369536,1.6940329636027445,8.090787129028747,DOGE
1412,2025-04-06 19:00:00+00:00,2025-04-07 06:00:00+00:00,-1,12,0.0820385872356331,False,4.854243601387172,0.152044373,0.13942385213088693,target,0.06054943454202009,0.0077321309352236575,0.14610453883748797,0.5589121141000594,10.561072667468036,DOGE
1413,2025-04-15 15:00:00+00:00,2025-04-17 14:00:00+00:00,-1,48,0.016096974023600438,False,5.0982801337573695,0.156642993,0.15396617599999998,time,0.012855202160210823,0.007386267191664217,0.04177009692351829,0.5338768366806771,3.0191281515702575,DOGE
1414,2025-04-19 17:00:00+00:00,2025-04-21 00:00:00+00:00,-1,32,-0.022973512462634616,False,5.186636255825024,0.15645305,0.15990701664656892,stop,-0.01864220270254508,0.023565855699201735,0.026225439516839057,3.247451850809988,3.613951183624929,DOGE
1415,2020-02-21 22:00:00+00:00,2020-02-23 09:00:00+00:00,-1,36,-0.04954611980764112,False,17.21686901939773,0.05808257,0.06093011462964088,stop,-0.04954611980764112,0.05591057695966281,0.018466297204135455,3.4433922143777926,1.1372929323727354,ADA
1416,2020-02-23 10:00:00+00:00,2020-02-24 03:00:00+00:00,1,18,-0.032583167994368736,False,15.51296048234278,0.061268375,0.05935549982484544,stop,-0.03096879844920723,0.03196388022368797,0.01373669531793521,3.1002264499759837,1.3323434408430639,ADA
1417,2020-03-07 17:00:00+00:00,2020-03-08 12:00:00+00:00,-1,20,0.06576203688352601,False,18.37317239405044,0.050044982,0.04671510000687717,target,0.06046721185944503,0.0003000900270080742,0.07643087972336576,0.027060418413052026,6.8921036983887625,ADA
1418,2020-03-24 09:00:00+00:00,2020-03-26 08:00:00+00:00,1,48,-0.006199009592143914,False,32.73165372815808,0.029938978999999998,0.029801057000000002,time,-0.006074733667885923,0.04171748809470081,0.016066713564280254,2.090075853212513,0.8049537878444248,ADA
1419,2020-03-27 00:00:00+00:00,2020-03-27 23:00:00+00:00,1,24,-0.039881658870724083,False,31.579159399592083,0.030839249,0.029645650041073217,stop,-0.03883985262716928,0.0914175633784078,0.019804340890402346,7.139130981613381,1.5465932190279585,ADA
1420,2020-04-05 21:00:00+00:00,2020-04-06 04:00:00+00:00,-1,8,-0.02417915450526875,False,29.449568727908723,0.031750471999999995,0.03248924071174733,stop,-0.022608421193241298,0.030535861010192365,0.003794337293631304,3.989691091293672,0.49575263958370985,ADA
1421,2020-04-06 05:00:00+00:00,2020-04-06 12:00:00+00:00,1,8,0.045314432273517655,False,27.945944835247342,0.032649792000000004,0.03416602069467578,target,0.04134621509000051,0.004894119999294507,0.0520740836572556,0.6323267745602527,6.728040457103583,ADA
1422,2020-04-18 01:00:00+00:00,2020-04-18 22:00:00+00:00,1,22,0.05814588948196079,False,27.501859081857226,0.034680401,0.03673974083465341,target,0.055458124883627016,0.00231834112875456,0.0680384001326858,0.23425274055420472,6.874821611160991,ADA
1423,2020-05-06 11:00:00+00:00,2020-05-06 23:00:00+00:00,1,13,-0.033692040015036756,False,19.814040589235788,0.050935276,0.04928390557681947,stop,-0.0340031397146751,0.04584791098412825,0.005197262502317665,4.280771189173225,0.4852629292138038,ADA
1424,2020-05-17 01:00:00+00:00,2020-05-18 03:00:00+00:00,1,27,0.05275562217165734,False,19.02318058481485,0.051265374999999995,0.05403801044671168,target,0.051448891069388936,0.00517649583173825,0.07226368674763431,0.5742731168961944,8.016831071810005,ADA
1425,2020-05-19 03:00:00+00:00,2020-05-19 11:00:00+00:00,-1,9,-0.03194561840738523,False,19.203206314224886,0.053463956,0.055122928694577945,stop,-0.032797907618514456,0.031162003799344713,0.014476220203383365,3.043112466774113,1.4136692382281772,ADA
1426,2020-05-19 19:00:00+00:00,2020-05-21 14:00:00+00:00,1,44,-0.03186319908518682,False,17.91531544907474,0.055476638,0.053791763039348836,stop,-0.03166824314008424,0.0695182357661977,0.040077446654211445,6.933354137189895,3.997096984775544,ADA
1427,2020-06-09 00:00:00+00:00,2020-06-09 00:00:00+00:00,1,1,-0.026068331863762853,False,11.119230716555954,0.086535953,0.08436555581345574,stop,-0.02508329371690169,0.02814960621049617,0.0030512982274547014,3.4068003322948233,0.3692827436906463,ADA
1428,2020-06-09 10:00:00+00:00,2020-06-10 00:00:00+00:00,-1,15,0.04811952818603503,False,11.056984622718034,0.084754566,0.08061030083904831,target,0.04509425022338945,0.008205268846518484,0.05928372047825728,1.0068380853897305,7.274485301774695,ADA
1429,2020-06-27 16:00:00+00:00,2020-06-27 19:00:00+00:00,-1,4,0.04237038286162664,False,12.400844867754534,0.079206231,0.07577274318041335,target,0.04161721469773126,0.0004263427204357563,0.06573006863563556,0.059011131143144796,9.097858399789141,ADA
1430,2020-06-27 20:00:00+00:00,2020-06-28 09:00:00+00:00,-1,14,-0.037019491094985674,False,13.495172519185735,0.075867233,0.07861401173407767,stop,-0.03790208751180217,0.036811241026807814,0.006422179651655459,3.0766363344627137,0.5367575423045635,ADA
1431,2020-07-18 01:00:00+00:00,2020-07-20 00:00:00+00:00,-1,48,-0.029555138664276167,False,8.219311450377015,0.119954003,0.123447023,time,-0.02913957303273706,0.04006533237577734,0.01487239237860204,2.8557456697420833,1.0600628427476988,ADA
1432,2020-07-22 23:00:00+00:00,2020-07-24 22:00:00+00:00,1,48,-0.023000859120794696,False,7.720038607818155,0.12393716999999999,0.121283604,time,-0.022007215965456312,0.027329734897125545,0.023421787023215256,2.8988505893369054,2.484336616185477,ADA
1433,2020-07-24 23:00:00+00:00,2020-07-25 00:00:00+00:00,-1,2,-0.024941278754561126,False,7.708128293555789,0.121273607,0.12426104265133243,stop,-0.023314920853374357,0.03311844266329117,0.0004420335250687403,4.084234145852844,0.054512479196328206,ADA
1434,2020-07-25 01:00:00+00:00,2020-07-25 08:00:00+00:00,1,8,0.056022803720768594,False,7.27392224198224,0.125307581,0.13245654507812638,target,0.0510635307100831,0.005167931539592918,0.08716486993711887,0.5435033604222954,9.166994446162525,ADA
1435,2020-08-15 04:00:00+00:00,2020-08-17 03:00:00+00:00,-1,48,-0.004830959205008831,False,6.989183944752053,0.137718672,0.13896167599999998,time,-0.004649996938139211,0.032104056303999234,0.019740765435205313,2.864856838722523,1.7615987937206583,ADA
1436,2020-08-29 06:00:00+00:00,2020-08-31 05:00:00+00:00,1,48,0.03713544677291042,False,8.589145691460155,0.111523447,0.115885224,time,0.0355717152319229,0.0064869497801659775,0.06695052207272612,0.5509013778357588,5.685743855989045,ADA
1437,2020-09-12 13:00:00+00:00,2020-09-13 03:00:00+00:00,-1,15,-0.03557755216030211,False,10.446346870830485,0.09510146100000001,0.09840759066341674,stop,-0.035344976348431735,0.043622242564706676,0.006850168158825718,3.798313896860475,0.5964638079966583,ADA
1438,2020-09-13 04:00:00+00:00,2020-09-13 11:00:00+00:00,1,8,-0.03417380737692133,False,9.69365979175305,0.09883964299999999,0.09556902241162013,stop,-0.032742535642449985,0.0431976772720637,0.009918661887518302,3.951005864129173,0.9071944085114734,ADA
1439,2020-09-14 14:00:00+00:00,2020-09-15 23:00:00+00:00,1,34,-0.04047645871824848,False,9.576581865376987,0.09662898,0.09285088701355032,stop,-0.03745591664873708,0.03910814333339751,0.014705940184818208,3.0229991042992914,1.1367464731730157,ADA
1440,2020-09-18 14:00:00+00:00,2020-09-20 13:00:00+00:00,-1,48,0.021999265268416456,False,9.626987607328571,0.09223232199999999,0.09016704199999999,time,0.019533574877118872,0.011792807298075058,0.039165467394391175,1.2853267779252175,4.268739642696023,ADA
1441,2020-09-20 14:00:00+00:00,2020-09-21 08:00:00+00:00,-1,19,0.05593114021991052,False,10.070172102953906,0.090112958,0.08500310447923148,target,0.050754880749180394,0.0024085548273755117,0.06040150185725799,0.25485114097831557,6.391131931133781,ADA
1442,2020-10-04 02:00:00+00:00,2020-10-04 14:00:00+00:00,-1,13,-0.034363071462273395,False,10.32527658238695,0.092802151,0.09590622975628754,stop,-0.032926965736413225,0.037799220839180844,0.008320399814870656,3.421940592472759,0.7532407610528342,ADA
1443,2020-10-09 11:00:00+00:00,2020-10-10 00:00:00+00:00,1,14,0.06625086182259432,False,9.516495985145037,0.09722916,0.1037811738111925,target,0.06130065776710537,0.0044139021667984986,0.06840375870777866,0.3930028345790877,6.090499982132524,ADA
1444,2020-10-10 01:00:00+00:00,2020-10-12 00:00:00+00:00,1,48,0.019321129602018573,False,9.49355744384712,0.103921167,0.10609816100000001,time,0.019061870348842543,0.011558444104077364,0.07148527306280163,0.8892218832922317,5.499552411049877,ADA
1445,2020-10-17 03:00:00+00:00,2020-10-19 02:00:00+00:00,1,48,0.013453604499117817,False,9.551033976287945,0.105291578,0.10687792700000001,time,0.013529529094025713,0.003529038191449628,0.022968807628659563,0.3823876404777915,2.488776736673294,ADA
1446,2020-11-14 05:00:00+00:00,2020-11-15 22:00:00+00:00,-1,42,0.058845268527429474,False,9.650499920792198,0.105608308,0.0994495157294478,target,0.05997350697720987,0.004561118430190225,0.06664540066298566,0.4692725250401894,6.85683915691048,ADA
1447,2020-12-01 13:00:00+00:00,2020-12-03 12:00:00+00:00,-1,48,-0.060227458328810934,False,7.14266072957736,0.15108466099999998,0.160128024,time,-0.0649942493517105,0.08866114476042017,0.033323442410874315,2.346303802380874,0.8818622841869559,ADA
1448,2020-12-06 09:00:00+00:00,2020-12-08 08:00:00+00:00,-1,48,0.026380903329314944,False,6.529715258646188,0.155313392,0.151215351,time,0.02675425182514564,0.03210674839939111,0.03903972427567612,2.216802575762299,2.6954881962762083,ADA
1449,2020-12-31 11:00:00+00:00,2020-12-31 13:00:00+00:00,1,3,-0.05768974351274245,False,5.588583776315239,0.18625586,0.17569178102936941,stop,-0.0600496277042452,0.06606965278837403,0.002653017199029357,3.5121616408979466,0.14103033459126996,ADA
1450,2021-01-01 19:00:00+00:00,2021-01-02 19:00:00+00:00,-1,25,-0.06003255326765426,False,5.614277838715526,0.174707572,0.18513249570080215,stop,-0.058883341079683786,0.05982813383726714,0.036790460347076386,3.0240208843628755,1.859578651366559,ADA
1451,2021-01-15 02:00:00+00:00,2021-01-15 15:00:00+00:00,1,14,-0.07965577747648027,False,2.8476442041457237,0.323767101,0.29841523658933355,stop,-0.07344051664468924,0.09657281701391897,0.00810119061479323,3.7130924272682315,0.31147967361571044,ADA
1452,2021-01-19 09:00:00+00:00,2021-01-20 03:00:00+00:00,1,19,-0.06318419525361797,False,2.2293784716385976,0.38061415,0.35733550017739885,stop,-0.053613874246361194,0.06989795308450827,0.012547746845460228,3.4444354434902786,0.6183286071080316,ADA
1453,2021-02-19 12:00:00+00:00,2021-02-20 01:00:00+00:00,1,14,0.10722652733194132,False,0.8391559805180546,0.9472841,1.0553504254000634,target,0.0852364165076753,0.03619199351071123,0.20712466302347937,1.9035032350593737,10.893637732585562,ADA
1454,2021-02-20 02:00:00+00:00,2021-02-22 01:00:00+00:00,1,48,0.009486203777862405,False,0.8330570968191262,1.0565368659999999,1.078516348,time,0.008349334754320757,0.04907246274925515,0.13815242865363495,1.6847277645407193,4.742970278071939,ADA
1455,2021-03-01 22:00:00+00:00,2021-03-02 06:00:00+00:00,1,9,-0.09171758928238052,False,0.6759290750379778,1.31449423,1.1953166935605812,stop,-0.08149152465278241,0.09301237480517513,0.00033151153504869057,3.0869911629827547,0.011002548652969303,ADA
1456,2021-03-04 00:00:00+00:00,2021-03-04 17:00:00+00:00,-1,18,0.09602833703568535,False,0.6648948785778763,1.213745767,1.0968063611148302,target,0.0774961494258302,0.015492727975874377,0.09755401025427432,0.9648193194242017,6.075236970996936,ADA
1457,2021-03-08 01:00:00+00:00,2021-03-08 07:00:00+00:00,1,7,-0.041599520914857246,False,0.7596404049152913,1.1643792089999998,1.1170823225081334,stop,-0.03679517118671068,0.043911131875938314,0.013364023403822377,3.266230857056313,0.9940528460826578,ADA
1458,2021-03-09 02:00:00+00:00,2021-03-09 10:00:00+00:00,1,9,0.0684481633131946,False,0.7479194808776174,1.133429927,1.213410877059788,target,0.058024488397148466,0.010931356853082155,0.078143404272402,0.9294658533616829,6.644337652937954,ADA
1459,2021-03-09 11:00:00+00:00,2021-03-10 02:00:00+00:00,1,16,-0.05096625541429497,False,0.7594417174312129,1.192637684,1.136670615142614,stop,-0.04616211558058284,0.04832790777387503,0.01867483838452988,3.1084953031835374,1.201182713674264,ADA
1460,2021-03-28 08:00:00+00:00,2021-03-30 07:00:00+00:00,1,48,-7.450407074082875e-05,False,0.7118458044514304,1.207532151,1.2132759080000002,time,-6.404196292345184e-05,0.03025356382415698,0.01972440152444424,2.278304911859271,1.4853853627896685,ADA
1461,2021-04-01 20:00:00+00:00,2021-04-02 07:00:00+00:00,-1,12,-0.029691864099454342,False,0.7241758908409675,1.186883828,1.2225855433539392,stop,-0.0255205328984928,0.0508189349092724,0.0032722899313107653,5.120935659755805,0.32974296348843124,ADA
1462,2021-04-02 08:00:00+00:00,2021-04-02 20:00:00+00:00,1,13,-0.03316126686143155,False,0.6785506734451207,1.229078613,1.1922692116646612,stop,-0.02765623527049145,0.03044444236863476,0.01069206384441425,3.079584935652544,1.0815477697898765,ADA
1463,2021-05-01 04:00:00+00:00,2021-05-02 03:00:00+00:00,1,24,-0.044143353503538874,False,0.5896422745251076,1.3675001269999998,1.3106851028592341,stop,-0.03559437002728329,0.0493602345383912,0.0012723018928101535,3.5890513543627813,0.09251084145471411,ADA
1464,2021-05-27 02:00:00+00:00,2021-05-29 01:00:00+00:00,-1,48,0.05707652510946999,False,0.46893303759655974,1.6436067699999999,1.54906458,time,0.043991247449240226,0.06819954264364594,0.11779385041106878,1.8430515481670464,3.1833078338818557,ADA
1465,2021-06-02 03:00:00+00:00,2021-06-04 02:00:00+00:00,1,48,-0.0056102334215999,False,0.4623834324125757,1.76202845,1.7549733500000002,time,-0.00457084097508198,0.057903974251948175,0.07302467221797694,2.579666657167218,3.2533053992393692,ADA
1466,2021-06-07 02:00:00+00:00,2021-06-07 20:00:00+00:00,1,19,-0.04271669865831681,False,0.47261419505205715,1.71421411,1.6430066327986945,stop,-0.03460744267560387,0.06353588467428958,0.01556741940480235,4.62058935484299,1.1321263999541566,ADA
1467,2021-06-18 14:00:00+00:00,2021-06-20 11:00:00+00:00,-1,46,0.07658473497156917,False,0.5363573114169627,1.44596608,1.3344687699853286,target,0.059395634235507,0.004933670366596715,0.08296604025455422,0.38389733343672355,6.455729558904016,ADA
1468,2021-07-02 04:00:00+00:00,2021-07-02 13:00:00+00:00,-1,10,-0.04673669603128817,False,0.6425609120683827,1.29941006,1.3587538430746806,stop,-0.03902280964679885,0.061635616396566846,0.012167106048109215,4.07677280228379,0.8047705193745275,ADA
1469,2021-07-07 22:00:00+00:00,2021-07-08 22:00:00+00:00,-1,25,0.053109509242622054,False,0.5652180558736931,1.4081774200000001,1.3322957421781694,target,0.04227130849006031,0.004844971878614494,0.06375433856907044,0.5394646135278602,7.098742877889167,ADA
1470,2021-07-11 22:00:00+00:00,2021-07-12 15:00:00+00:00,1,18,-0.025749375922282856,False,0.6154136515711661,1.3620084799999999,1.3282172040981919,stop,-0.021583091161726724,0.029374618871682644,0.008437186822801639,3.5943625928908465,1.032398372131547,ADA
1471,2021-07-12 16:00:00+00:00,2021-07-13 19:00:00+00:00,-1,28,0.05081903033857807,False,0.6178508275922507,1.32170337,1.2534368393966708,target,0.04149960893593958,0.004537046765644592,0.054250727982936175,0.5270486090623989,6.302066564651513,ADA
1472,2021-07-30 02:00:00+00:00,2021-07-30 09:00:00+00:00,1,8,-0.037671983534524764,False,0.6556039530684978,1.30889255,1.2609983968813785,stop,-0.03232689904514464,0.048432203239295604,0.006423330929647345,4.002413720111294,0.5308209439618645,ADA
1473,2021-08-29 03:00:00+00:00,2021-08-29 11:00:00+00:00,-1,9,-0.04844293882001383,False,0.2946235480576626,2.80285889,2.936050337115844,stop,-0.04000360874665043,0.04821545261595391,0.029276853819779663,3.064171898952906,1.8605925672600063,ADA
1474,2021-09-05 20:00:00+00:00,2021-09-06 12:00:00+00:00,1,17,-0.03723809043002829,False,0.2673663106915622,2.9389814299999997,2.838381367944458,stop,-0.029261118817406704,0.047288978617329974,0.008036311410106614,4.1799641995147905,0.7103450946197347,ADA
1475,2021-09-30 19:00:00+00:00,2021-10-02 15:00:00+00:00,1,45,0.06978874048730656,False,0.3551522020795521,2.1301388500000003,2.2821005871231415,target,0.05279682244523835,0.020627223431937507,0.07701899338627609,1.734865006092747,6.477728661408525,ADA
1476,2021-10-03 22:00:00+00:00,2021-10-05 21:00:00+00:00,-1,48,-0.004137392642472301,False,0.3615574091002446,2.23842827,2.24687386,time,-0.0033484759611941985,0.010798527843824965,0.03937060265951694,0.8785765509628607,3.2032225868369304,ADA
1477,2021-10-08 21:00:00+00:00,2021-10-10 20:00:00+00:00,-1,48,0.0037351176501975855,False,0.36101276818508043,2.2325300400000003,2.22676783,time,0.0030103996817382327,0.03169944356045475,0.006866666842252328,2.7337461735639645,0.5921783506813253,ADA
1478,2021-10-16 12:00:00+00:00,2021-10-16 17:00:00+00:00,1,6,-0.029185643819926107,False,0.3600960094350637,2.24657377,2.184380762071627,stop,-0.023610667789921713,0.029588954917781306,0.0028604580387316635,3.2406470781441428,0.3132836225925336,ADA
1479,2021-10-16 18:00:00+00:00,2021-10-18 17:00:00+00:00,-1,48,0.037856161979357573,False,0.35794025144328656,2.19414156,2.1152343799999995,time,0.029731153810386574,0.001667367350719227,0.04746346448129809,0.16650609139080993,4.7397809194467575,ADA
1480,2021-10-23 11:00:00+00:00,2021-10-25 10:00:00+00:00,-1,48,0.0015964373265882023,False,0.38043455566482914,2.1425570400000002,2.14444314,time,0.001301260431954677,0.014208704567323815,0.02392330241065615,1.574930941581701,2.6517230344845553,ADA
1481,2021-11-07 16:00:00+00:00,2021-11-08 18:00:00+00:00,1,27,0.04534379328386082,False,0.40125818494909066,2.0346102,2.1335026837899296,target,0.03701885402760896,0.01524134696660809,0.05322385585209398,1.8814493566087023,6.570153515207449,ADA
1482,2021-12-10 14:00:00+00:00,2021-12-10 16:00:00+00:00,1,3,-0.05008872016404955,False,0.6450192030608216,1.32309681,1.2581151901340304,stop,-0.04274685831317772,0.05297935077025854,0.003705843716757247,3.2550646320696206,0.2276879697281175,ADA
1483,2021-12-10 17:00:00+00:00,2021-12-11 21:00:00+00:00,-1,29,-0.05720335203458486,False,0.6431273435050879,1.26052173,1.331298239589639,stop,-0.046373384136074426,0.0715404327063842,0.055391135541947314,3.8440667805319,2.976320047526608,ADA
1484,2021-12-16 19:00:00+00:00,2021-12-18 18:00:00+00:00,-1,48,0.02463004053928639,False,0.5993508679048236,1.27521732,1.24317284,time,0.018824804207235448,0.004691498387113967,0.0738049260497811,0.3438792047472269,5.409781093847806,ADA
1485,2022-01-01 18:00:00+00:00,2022-01-03 17:00:00+00:00,1,48,-0.007244961428677867,False,0.5820329670309365,1.34550353,1.33779854,time,-0.005673727891626365,0.016056093141576466,0.03388803446691812,1.3651799822169888,2.8813526355997228,ADA
1486,2022-01-03 20:00:00+00:00,2022-01-05 19:00:00+00:00,-1,48,0.06382046783407129,False,0.5849909657904685,1.32900118,1.2436950248379481,target,0.049617457821025494,0.018659742649739408,0.06847336283027221,1.7442225560083635,6.400559009637434,ADA
1487,2022-01-15 20:00:00+00:00,2022-01-16 10:00:00+00:00,1,15,0.07004764843196684,False,0.6368015208853066,1.29878952,1.3913769849365512,target,0.057934388558237265,0.010155240550447192,0.07715682830579054,0.8547282297255961,6.493998733111846,ADA
1488,2022-01-29 08:00:00+00:00,2022-01-30 19:00:00+00:00,1,36,-0.04212281747652245,False,0.8253172650855252,1.0723216,1.0278805949845597,stop,-0.037278926414501735,0.045901901071469686,0.00977169535706452,3.345938670852462,0.7122906156780838,ADA
1489,2022-01-30 20:00:00+00:00,2022-02-01 09:00:00+00:00,-1,38,-0.036127423849483455,False,0.8239224621930233,1.0288912399999999,1.06403715294103,stop,-0.030626178323591192,0.04131511509418628,0.02166530254451378,3.6617285838867746,1.9201799976823581,ADA
1490,2022-02-01 13:00:00+00:00,2022-02-02 21:00:00+00:00,1,33,-0.03366587530343689,False,0.7690945945347757,1.06241863,1.0276902221934685,stop,-0.027508401034124996,0.03992647418089799,0.037067657595574975,3.6971487393796307,3.4324253859811655,ADA
1491,2022-03-02 14:00:00+00:00,2022-03-04 13:00:00+00:00,-1,48,0.05889122606018315,False,0.8410488479649175,0.9388182700000001,0.88206454,time,0.04650004240613767,0.03630279798453424,0.08320914973246105,1.9824351757467449,4.543912715595193,ADA
1492,2022-03-06 04:00:00+00:00,2022-03-07 19:00:00+00:00,-1,40,0.07480169720333027,False,0.978751281133965,0.85424365,0.7888613810932857,target,0.06254110561772673,0.009079786545676947,0.08562387323569803,0.7117847205088454,6.7122464138734115,ADA
1493,2022-03-11 02:00:00+00:00,2022-03-13 01:00:00+00:00,-1,48,-0.0023263796219414974,False,1.133118420911098,0.79306201,0.79403814,time,-0.002090561900001769,0.03207566328892746,0.013948480522979478,2.446609272604957,1.0639369006611223,ADA
1494,2022-03-13 14:00:00+00:00,2022-03-13 22:00:00+00:00,1,9,-0.025847804372424173,False,1.1171304106160396,0.80254069,0.7825136166993193,stop,-0.023173658009188264,0.026466807558380562,0.021630442189791047,3.219546740036092,2.6312285485912237,ADA
1495,2022-04-03 13:00:00+00:00,2022-04-05 12:00:00+00:00,1,48,0.019301401686988105,False,0.7401721095629528,1.17995388,1.2046385000000002,time,0.01685724497404581,0.016656481522820114,0.056651468445529325,1.583239106030636,5.3848599498122995,ADA
1496,2022-04-08 12:00:00+00:00,2022-04-10 11:00:00+00:00,-1,48,0.03382625557005682,False,0.831925771229722,1.07007888,1.0333099,time,0.03011301887249296,0.015439160896250885,0.048201007387418116,1.3418494909826102,4.189249510532791,ADA
1497,2022-04-16 16:00:00+00:00,2022-04-17 13:00:00+00:00,-1,22,-0.023667833370751998,False,0.9806299542111567,0.93851836,0.9598824032632398,stop,-0.021782435218161065,0.02533955755537915,0.00183092848604478,3.3850997237393243,0.24459288599460735,ADA
1498,2022-05-20 15:00:00+00:00,2022-05-22 10:00:00+00:00,-1,44,-0.06456805621199573,False,1.7436012203757514,0.5153453499999999,0.5478426663612099,stop,-0.05801806475657532,0.06530504253118831,0.027642337318072117,3.122627342556741,1.3217466060199796,ADA
1499,2022-05-22 11:00:00+00:00,2022-05-23 19:00:00+00:00,1,33,-0.0364344898651753,False,1.5415274819836078,0.54526353,0.526012737939335,stop,-0.030624599344633414,0.052018021451022085,0.025925940801505568,4.456651833642756,2.2212088885528547,ADA
1500,2022-05-29 12:00:00+00:00,2022-05-30 02:00:00+00:00,1,15,0.06984124147918201,False,1.7186822664169967,0.47124133,0.5045601544797408,target,0.05656540742794696,0.0034829924616331855,0.09773902895995978,0.2955680506071865,8.294170767280026,ADA
1501,2022-05-30 03:00:00+00:00,2022-05-30 21:00:00+00:00,1,19,0.08562944548498898,False,1.6924964021182607,0.51195354,0.55639656270563,target,0.0741961612071781,0.008699109688742632,0.10381109973377663,0.6012471333687105,7.175001622011749,ADA
1502,2022-06-18 07:00:00+00:00,2022-06-20 06:00:00+00:00,-1,48,-0.010928824432967525,False,2.017058891963163,0.46636005,0.47094124,time,-0.010280479417473747,0.05026148787830344,0.09940827907536257,2.416190410598256,4.778794675110478,ADA
1503,2022-06-23 21:00:00+00:00,2022-06-25 20:00:00+00:00,1,48,0.025700989858309077,False,1.9515656135962642,0.47674298,0.48965306000000003,time,0.02391207776111495,0.01162676794947243,0.06912953390525028,0.8116997809420715,4.826141518552049,ADA
1504,2022-07-02 19:00:00+00:00,2022-07-04 18:00:00+00:00,1,48,0.012629920345780964,False,2.1004427074619287,0.45433626,0.46046182,time,0.01205282498298198,0.024731153969529084,0.048342476561302875,2.1820754385079724,4.2653460841752615,ADA
1505,2022-07-06 23:00:00+00:00,2022-07-08 01:00:00+00:00,1,27,0.06291164657598754,False,2.0915139379716905,0.46203857,0.49173945537400165,target,0.060795305644774686,0.0033299600940241017,0.06787621648123451,0.31081295671005105,6.335453560745074,ADA
1506,2022-07-26 00:00:00+00:00,2022-07-27 19:00:00+00:00,-1,44,-0.04712295149953599,False,2.164448396411241,0.47455759000000003,0.49649064268996174,stop,-0.048402594788464766,0.06520264484653995,0.0506947744740528,4.261227970083353,3.3130863239417323,ADA
1507,2022-07-31 18:00:00+00:00,2022-07-31 23:00:00+00:00,1,6,-0.0415827564074231,False,1.826847053971595,0.53576068,0.5140071580699196,stop,-0.04069924009263994,0.043602826545613656,0.01593868366749127,3.2446480189998894,1.1860565583538734,ADA
1508,2022-08-01 00:00:00+00:00,2022-08-02 23:00:00+00:00,-1,48,0.037506414954730956,False,1.8191839478931275,0.5156452600000001,0.49604876999999997,time,0.035183026813718814,0.020081130969767696,0.053419011356761276,1.243354914507286,3.3075223899761266,ADA
1509,2022-08-05 23:00:00+00:00,2022-08-07 22:00:00+00:00,1,48,0.022929135094611083,False,1.8826329783203135,0.51695504,0.5296410600000001,time,0.022315473632047975,0.021578356214497888,0.04070945898892871,2.3796932844739844,4.489499812104985,ADA
1510,2022-08-18 17:00:00+00:00,2022-08-19 01:00:00+00:00,-1,9,0.0707087096193071,False,1.878963840557724,0.529841,0.4918401547442246,target,0.07039420295293694,0.00652837360642153,0.0717970108013536,0.5461457465040389,6.006340081746227,ADA
1511,2022-08-19 02:00:00+00:00,2022-08-19 21:00:00+00:00,-1,20,0.08896717781574227,False,2.1566872229910925,0.49425168,0.44963293129306414,target,0.09483423251929554,0.005560567846729364,0.09054431539817935,0.3695737885503838,6.017875619139919,ADA
1512,2022-09-02 14:00:00+00:00,2022-09-04 01:00:00+00:00,1,36,0.0582588196409489,False,2.519392935304771,0.46073818,0.48814442817840825,target,0.06762570270789471,0.027213242887750285,0.0687197661804368,2.7449609122079166,6.931664588430124,ADA
1513,2022-09-18 10:00:00+00:00,2022-09-18 21:00:00+00:00,-1,12,0.05750752741864443,False,2.588529283506082,0.47455759000000003,0.446848411790454,target,0.0706426042873132,0.014629225506644946,0.07851015511099507,1.503273019683038,8.067562968106598,ADA
1514,2022-09-18 22:00:00+00:00,2022-09-20 21:00:00+00:00,-1,48,0.01672619721126352,False,2.9031247862124197,0.44746572,0.43943179,time,0.021728146795747076,0.020860324227741898,0.034339434985097915,1.482066737173206,2.4397192396968146,ADA
1515,2022-09-24 22:00:00+00:00,2022-09-26 21:00:00+00:00,-1,48,0.02398192600417495,False,2.9036776296804048,0.45486350000000003,0.44353302,time,0.03167477555076247,0.01678855304943129,0.04125083678949848,1.5703166097137626,3.858395299726876,ADA
1516,2022-10-01 17:00:00+00:00,2022-10-03 16:00:00+00:00,-1,48,0.009310430651896552,False,3.1498430787883525,0.42937115000000003,0.42502746999999996,time,0.012591908182407323,0.0077528497198750745,0.033470227331296135,1.1954341701063282,5.160870502943641,ADA
1517,2022-10-08 19:00:00+00:00,2022-10-10 08:00:00+00:00,-1,38,0.02383709915158605,False,3.2219284785938433,0.42367286000000004,0.41332732571748526,target,0.032538680908556175,0.007144993899302361,0.030147930646301137,1.7556212665301694,7.407752746953478,ADA
1518,2022-11-06 22:00:00+00:00,2022-11-08 03:00:00+00:00,-1,30,0.06233117308607509,False,3.3517183760974807,0.41697487000000005,0.39064690633531873,target,0.08711294637193565,0.004377074330642401,0.07524403089327673,0.41593721943220635,7.150162557104047,ADA
1519,2022-11-19 17:00:00+00:00,2022-11-20 11:00:00+00:00,1,19,-0.02240131062674472,False,4.54037933777956,0.32699807000000003,0.32002334141729266,stop,-0.0332591201650306,0.028434632657006343,0.01590813670551623,4.055161487009195,2.268714496031703,ADA
1520,2022-12-07 07:00:00+00:00,2022-12-09 06:00:00+00:00,-1,48,-0.002419298677712947,False,4.628217156115158,0.31360589,0.3140942,time,-0.0035114575835358736,0.008271879077271102,0.02329640556177048,1.3669391062401262,3.849762248666678,ADA
1521,2022-12-09 14:00:00+00:00,2022-12-11 13:00:00+00:00,-1,48,0.0020262560999044924,False,4.628824578256275,0.31280613,0.31199357,time,0.0029338662611966514,0.0060544529610080345,0.013766130478325405,1.007555465803452,2.290898962421032,ADA
1522,2022-12-25 16:00:00+00:00,2022-12-26 02:00:00+00:00,-1,11,-0.016443225673743383,False,5.660272844077967,0.25632308000000004,0.2603053840178201,stop,-0.023856794871317435,0.02214751789031239,0.008282828062147406,4.362123798811517,1.6313666204175918,ADA
1523,2022-12-26 03:00:00+00:00,2022-12-27 17:00:00+00:00,1,39,-0.02033906489946096,False,5.453263769199158,0.26167848,0.25667055488092816,stop,-0.029023881696349355,0.021700217763417098,0.018043210889944157,3.454833210882716,2.8726109983388373,ADA
1524,2023-01-20 17:00:00+00:00,2023-01-20 23:00:00+00:00,1,7,0.05733869049700324,False,4.059130481787084,0.34440329,0.36450537798545235,target,0.08015822169780423,0.003784197299624975,0.061836546334966935,0.38900138163054476,6.356566546344507,ADA
1525,2023-01-21 00:00:00+00:00,2023-01-22 23:00:00+00:00,1,48,0.029272067174038116,False,4.049582916751613,0.36500947,0.37628708000000005,time,0.04326809962619668,0.021943184104237127,0.061616291763608236,1.575279586731139,4.423372932761371,ADA
1526,2023-01-24 07:00:00+00:00,2023-01-24 22:00:00+00:00,1,16,-0.03407212219845541,False,3.9898948830323553,0.38131435999999996,0.3687729641921502,stop,-0.051837470285523664,0.06376460619002122,0.004945106184828765,5.867963971588938,0.4550754197678698,ADA
1527,2023-02-03 18:00:00+00:00,2023-02-05 12:00:00+00:00,1,43,-0.03936423272352421,False,3.625681159189345,0.40532155999999997,0.3899899973429696,stop,-0.057848367294091624,0.044462376982857744,0.0036475730528620913,3.5534898581812904,0.29151868905520045,ADA
1528,2023-02-06 22:00:00+00:00,2023-02-07 22:00:00+00:00,-1,25,-0.031564643220783145,False,3.643297262169213,0.38748372000000003,0.39943653524803785,stop,-0.044560386873328015,0.032301434496396365,0.02137824009741635,3.173225371286965,2.1001535977652654,ADA
1529,2023-02-11 22:00:00+00:00,2023-02-13 01:00:00+00:00,1,28,-0.025025719369255454,False,3.720054341176726,0.36751022,0.3587539658508721,stop,-0.03421411217460366,0.026965835126979667,0.0168424703944287,3.437628623480058,2.147093091883355,ADA
1530,2023-02-24 16:00:00+00:00,2023-02-26 15:00:00+00:00,-1,48,0.024976901397926767,False,3.5852215120390105,0.37178843,0.36230866,time,0.0332928077888757,0.0011070005594309975,0.0567215875975484,0.11051013964316402,5.662427640875781,ADA
1531,2023-03-04 19:00:00+00:00,2023-03-06 18:00:00+00:00,-1,48,0.00973453774671306,False,4.042137471031567,0.33799857,0.33450031999999996,time,0.013299682580610199,0.014501333541144818,0.027214819281631924,2.551647872446066,4.788706881470576,ADA
1532,2023-03-25 18:00:00+00:00,2023-03-27 17:00:00+00:00,-1,48,0.04384073324106949,False,3.8817168850590367,0.35539335,0.33950181999999995,time,0.06047988588535492,0.01633865687132307,0.05513144801386973,1.6571788293758019,5.5918102204455655,ADA
1533,2023-04-07 07:00:00+00:00,2023-04-08 02:00:00+00:00,-1,20,-0.02594690751693145,False,3.8076880463505973,0.37818651000000003,0.38767981048687766,stop,-0.03736396855031628,0.027270909266435706,0.007632503866941231,3.2996018248721777,0.9234830948119246,ADA
1534,2023-04-09 20:00:00+00:00,2023-04-11 05:00:00+00:00,1,34,0.03903475601187195,False,3.5917818016985628,0.39051712,0.40624816800666225,target,0.0547521897093067,0.015920223932820207,0.04348818305328068,2.3712800306884882,6.477462910089998,ADA
1535,2023-04-20 12:00:00+00:00,2023-04-21 19:00:00+00:00,-1,32,0.06708960724770044,False,3.5418897646384297,0.41147652,0.3836332969730629,target,0.09777669380041486,0.016096860156200442,0.0813570601792783,1.427308898885467,7.213932087017281,ADA
1536,2023-04-29 13:00:00+00:00,2023-04-30 16:00:00+00:00,-1,28,-0.019100139739634755,False,3.867846501084725,0.40207934,0.4094337028280061,stop,-0.029704177636457847,0.03188589595277386,0.010145609570489215,5.318621318198408,1.6923048180186864,ADA
1537,2023-05-19 21:00:00+00:00,2023-05-21 20:00:00+00:00,-1,48,0.019976155367733346,False,4.158993652691058,0.36678993000000004,0.35900767,time,0.030473165376944496,0.0054801668082871706,0.027236107599791615,0.7756189102088086,3.854780490063733,ADA
1538,2023-06-03 19:00:00+00:00,2023-06-04 01:00:00+00:00,-1,7,-0.015416019406591168,False,4.155986865800573,0.37438765,0.3798197235911925,stop,-0.02398655780240275,0.014456539899219458,0.004507760872988306,3.0531319777736727,0.9520112672480259,ADA
1539,2023-06-04 02:00:00+00:00,2023-06-05 11:00:00+00:00,1,34,-0.01736044588733954,False,4.045177356237237,0.37871358,0.37266586310916394,stop,-0.02659557114993089,0.016671121220422,0.008677850950050463,3.19088805207045,1.6609591249474038,ADA
1540,2023-06-05 16:00:00+00:00,2023-06-06 13:00:00+00:00,-1,22,0.05034727686494438,False,4.22983082330769,0.3558932,0.33761327994727536,target,0.07579118084734202,0.02249776056412424,0.05533457790146038,2.6280640102055224,6.463879473170251,ADA
1541,2023-06-18 21:00:00+00:00,2023-06-20 20:00:00+00:00,-1,48,-0.024789581672365894,False,6.032165133952659,0.26212134,0.26818042999999997,time,-0.03919627532405041,0.027768284718825233,0.03899468849045243,2.890878816847496,4.059628459880791,ADA
1542,2023-06-30 03:00:00+00:00,2023-06-30 10:00:00+00:00,1,8,0.06157310695563981,False,5.536998859713135,0.27848352,0.2959462004225543,target,0.09494344857608567,0.0017362607309759643,0.07582667728417104,0.16613257127770303,7.255408501684485,ADA
1543,2023-06-30 11:00:00+00:00,2023-06-30 13:00:00+00:00,1,3,-0.04329976987149534,False,5.534039420453152,0.29578871,0.2832706566097184,stop,-0.07087766960995609,0.09868094695027409,0.010180544078237468,7.043014650733304,0.7266014698013953,ADA
1544,2023-07-02 23:00:00+00:00,2023-07-04 22:00:00+00:00,1,48,0.004971252519592831,False,5.354169096928341,0.29248772,0.29441164999999997,time,0.00778512417856978,0.01431759254713328,0.03183819136064928,1.506764030509006,3.3506080984469824,ADA
1545,2023-07-08 09:00:00+00:00,2023-07-10 00:00:00+00:00,1,40,-0.026876220279060652,False,5.495430783386706,0.28638589,0.2789648791131017,stop,-0.04229816733009721,0.030678501653834844,0.022745918103716695,3.5922864350483237,2.6634238522691267,ADA
1546,2023-07-12 01:00:00+00:00,2023-07-12 19:00:00+00:00,1,19,-0.02279186755951126,False,5.212994046979991,0.29378811,0.28744113492878526,stop,-0.034906102281848185,0.03161499626380392,0.0051461919272363195,4.450661266599705,0.7244649624476333,ADA
1547,2023-07-23 00:00:00+00:00,2023-07-23 02:00:00+00:00,-1,3,-0.024005911935341007,False,4.832339198924474,0.30970706000000003,0.3168285925818225,stop,-0.03592747744830594,0.025162293684877476,0.009063597064916853,3.327229541895295,1.198486445150705,ADA
1548,2023-07-23 03:00:00+00:00,2023-07-24 09:00:00+00:00,1,31,-0.0277380177774684,False,4.643065232332839,0.31459434999999997,0.3063047458749463,stop,-0.04051642574562481,0.04639101115452321,0.014004224805690373,5.340904088072277,1.6122783197344088,ADA
1549,2023-07-25 14:00:00+00:00,2023-07-27 13:00:00+00:00,1,48,0.007918338203210735,False,4.638156619096346,0.30619183,0.30910724,time,0.011245352024440524,0.020222061444291343,0.023214760498345186,2.4648462268404403,2.8296232300047715,ADA
1550,2023-07-29 11:00:00+00:00,2023-07-29 20:00:00+00:00,-1,10,-0.016744721209786574,False,4.632289120745166,0.30900727,0.31390112638975237,stop,-0.023968578383666103,0.01745179005011763,0.0013179948808324643,3.370656878193749,0.2545589018515698,ADA
1551,2023-08-11 16:00:00+00:00,2023-08-13 15:00:00+00:00,-1,48,0.010812163587872743,False,4.787027528416627,0.29401177,0.29068718,time,0.015217497865774022,0.0030210695306517486,0.01568566455689857,0.5997783057828826,3.114102875674504,ADA
1552,2023-08-26 09:00:00+00:00,2023-08-27 09:00:00+00:00,-1,25,-0.022683562030796342,False,5.507302092076042,0.25832248,0.26385307549028403,stop,-0.032270994873736816,0.022365533189368497,0.0012483621247365458,3.179432571217331,0.17746427802347936,ADA
1553,2023-08-27 10:00:00+00:00,2023-08-28 05:00:00+00:00,1,20,-0.015207234154204705,False,5.285064441354037,0.2630789,0.25928985365649765,stop,-0.021143970170834147,0.02006584336486138,0.0076824861286861005,4.267230596732453,1.6337683530765692,ADA
1554,2023-08-31 14:00:00+00:00,2023-08-31 16:00:00+00:00,-1,3,0.03569759893047737,False,5.219725100036489,0.26232128000000005,0.25269646472326895,target,0.04887875775841704,0.0025873615743258263,0.03934595012650152,0.4231063020861305,6.434168160059779,ADA
1555,2023-08-31 17:00:00+00:00,2023-09-02 16:00:00+00:00,-1,48,-0.013256856890796434,False,5.61579292175664,0.25252422,0.25557665,time,-0.018799863305571117,0.02406018717729323,0.0163319779781916,2.567130898394919,1.7425602299257654,ADA
1556,2023-09-03 15:00:00+00:00,2023-09-04 01:00:00+00:00,-1,11,-0.01661474106921736,False,5.5216717439000735,0.25342395,0.257314346808584,stop,-0.023249403671382132,0.016478513573795952,0.0024620798468336725,3.285446792444,0.4908836163708262,ADA
1557,2023-09-04 03:00:00+00:00,2023-09-04 21:00:00+00:00,1,19,-0.018086803243005725,False,5.336158889614586,0.25787733999999995,0.25345650908313183,stop,-0.02488878801064982,0.018913410538513982,0.00784349644679934,3.3677308902119676,1.3966167136997676,ADA
1558,2023-09-06 00:00:00+00:00,2023-09-06 17:00:00+00:00,1,18,-0.017586306926813813,False,5.241678068021244,0.25777731,0.25352319725619965,stop,-0.023762365947486642,0.023187882595252306,0.014053564295476741,4.291955130254573,2.601240847609078,ADA
1559,2023-09-23 12:00:00+00:00,2023-09-24 20:00:00+00:00,1,33,-0.01515295342831993,False,5.381286288537715,0.24667398000000001,0.24327926729272806,stop,-0.02011438354022775,0.014083285152329464,0.00010548335904738601,3.1375253507822896,0.0234999653502082,ADA
1560,2023-09-25 00:00:00+00:00,2023-09-26 00:00:00+00:00,-1,25,-0.01638832743043411,False,5.3925824047123365,0.24242725,0.2462294587966614,stop,-0.021424606679128724,0.017212380208908043,0.009599787152640649,3.3575735458364617,1.8726051248092768,ADA
1561,2023-10-09 01:00:00+00:00,2023-10-09 05:00:00+00:00,-1,5,-0.016014577554876237,False,5.0521217484399665,0.25452362,0.25834327480463554,stop,-0.020592894106681064,0.015622832961435962,0.0016643641953544956,3.1877557274150576,0.3396046356856259,ADA
1562,2023-10-09 09:00:00+00:00,2023-10-10 20:00:00+00:00,-1,36,0.03072976505851789,False,4.9614704951939865,0.25502347,0.24697525772163118,target,0.03888210812821818,0.0034370562050623893,0.03420653793158718,0.6534594041630045,6.5034094764965955,ADA
1563,2023-10-15 14:00:00+00:00,2023-10-15 20:00:00+00:00,-1,7,-0.011704484548299966,False,5.311746333815483,0.24552632000000002,0.24813951504511841,stop,-0.015264678931535264,0.011704162714612385,0.0013290632140783064,3.3957472585087274,0.38560321448339263,ADA
1564,2023-11-19 19:00:00+00:00,2023-11-21 15:00:00+00:00,1,45,-0.03559810127880089,False,3.3837245128553657,0.38091424,0.36792155420304407,stop,-0.04588270782357926,0.0446668520452268,0.04905503138974273,3.9622438749622524,4.3515042757722115,ADA
1565,2023-11-26 15:00:00+00:00,2023-11-28 14:00:00+00:00,-1,48,0.016838542609294474,False,3.2129177341318487,0.3868839,0.38021403,time,0.020930748679435902,0.014257765701803626,0.045191593653806726,1.8385746668693683,5.827569409198021,ADA
1566,2023-12-01 02:00:00+00:00,2023-12-02 19:00:00+00:00,1,42,0.04106344654156169,False,3.33309896780248,0.37921372999999997,0.39538164165050643,target,0.05190242626710363,0.005573980667841274,0.04294746922797349,0.7844167060130252,6.0439234276084965,ADA
1567,2023-12-15 14:00:00+00:00,2023-12-17 13:00:00+00:00,-1,48,0.051462191041228206,False,2.1002939118637336,0.62651199,0.59407817,time,0.06771700362207624,0.007323100073471819,0.06418391130870452,0.3850697029250832,3.374974998599935,ADA
1568,2023-12-23 23:00:00+00:00,2023-12-24 22:00:00+00:00,1,24,-0.033710946476268634,False,2.254541766123314,0.61368405,0.593956362531376,stop,-0.0466416673343713,0.0496738509009644,0.025446237359435908,4.677991637794361,2.3963772371523664,ADA
1569,2024-01-12 16:00:00+00:00,2024-01-14 15:00:00+00:00,-1,48,0.03580986603605523,False,2.3602821308699995,0.56643002,0.5458637099999999,time,0.04787545087998296,0.009127305787924197,0.07155344626684855,0.48963530422774043,3.838492348724039,ADA
1570,2024-01-14 20:00:00+00:00,2024-01-16 19:00:00+00:00,-1,48,-0.008291495632713483,False,2.585340935379379,0.5356392600000001,0.53986191,time,-0.01148214694167781,0.02401007722996243,0.026210289365271894,2.315127307339987,2.527278694759899,ADA
1571,2024-01-21 21:00:00+00:00,2024-01-22 10:00:00+00:00,-1,14,0.04558957185381034,False,2.69731019155077,0.50914721,0.4855382139735511,target,0.06260943364437045,0.002264158532853425,0.047230367814447984,0.29297052666921364,6.1113678802080935,ADA
1572,2024-02-06 20:00:00+00:00,2024-02-07 03:00:00+00:00,1,8,-0.02698224626334057,False,2.8567298311541576,0.5026507499999999,0.48963407609209314,stop,-0.03874481633445914,0.028749086716770848,0.0024853240545251168,3.3685413482546576,0.2912063580995772,ADA
1573,2024-02-07 04:00:00+00:00,2024-02-07 22:00:00+00:00,-1,19,-0.02653294968199043,False,2.8575176025360287,0.48895327,0.5015279618938078,stop,-0.03707164031088101,0.027092016380215606,0.03099124380536405,3.198591337652399,3.658949654677646,ADA
1574,2024-02-25 16:00:00+00:00,2024-02-26 15:00:00+00:00,-1,24,-0.026846314129953305,False,2.3276802297005106,0.58432465,0.5998346106124688,stop,-0.03651423389000919,0.04308452501533187,0.018696199107807586,4.926662342928886,2.1378873288624733,ADA
1575,2024-02-26 16:00:00+00:00,2024-02-28 15:00:00+00:00,1,48,0.0653613509055311,False,2.1817143260017233,0.60668195,0.6485139120010024,target,0.08651272208691321,0.0014537271135230251,0.07321472148627461,0.12649896746113215,6.370925179020137,ADA
1576,2024-03-10 10:00:00+00:00,2024-03-11 00:00:00+00:00,-1,15,0.05555283052452022,False,1.934369976007302,0.72898124,0.6882596131541483,target,0.07833612536572755,0.008942287732946417,0.06211578229365683,0.9604861846030297,6.671821855950156,ADA
1577,2024-03-11 01:00:00+00:00,2024-03-11 07:00:00+00:00,-1,7,-0.04695511703070691,False,2.1194337647832433,0.7022892500000001,0.7345469058452349,stop,-0.069890604502728,0.06010450822079358,0.017071669543567782,3.9526433653487314,1.122681531790067,ADA
1578,2024-03-21 17:00:00+00:00,2024-03-22 13:00:00+00:00,1,21,-0.048730904367182463,False,2.200713070671556,0.6445933199999999,0.6139831560984045,stop,-0.06912795265352942,0.06406104239491649,0.006836372427812481,4.071528017337875,0.43449935930176886,ADA
1579,2024-03-22 14:00:00+00:00,2024-03-23 13:00:00+00:00,-1,24,-0.049737061718116586,False,2.228197333313633,0.6056182600000001,0.6354263710477146,stop,-0.06711703095273203,0.04901064244661298,0.011093225623679322,3.0065028721201172,0.680501479551065,ADA
1580,2024-03-24 23:00:00+00:00,2024-03-26 07:00:00+00:00,1,33,0.05308284300139143,False,1.9871886224944955,0.64529353,0.6807566906151112,target,0.06806918916653362,0.01130265477789618,0.05548865490717075,1.2339898430077576,6.0580843972619665,ADA
1581,2024-03-29 03:00:00+00:00,2024-03-29 12:00:00+00:00,-1,10,-0.028683834535450054,False,2.091012985245176,0.6458062,0.6639262871012171,stop,-0.03873433894142249,0.029565835694981016,0.01611350278148465,3.196333867778934,1.7420151826708754,ADA
1582,2024-03-29 14:00:00+00:00,2024-03-31 13:00:00+00:00,1,48,-0.024241508729103203,False,1.9840542181579464,0.66109827,0.64740572,time,-0.031796491555527634,0.029039964058595952,0.013465063219723827,2.666834979198572,1.2365408414081835,ADA
1583,2024-04-01 06:00:00+00:00,2024-04-02 08:00:00+00:00,-1,27,0.05678341265335995,False,2.062246121734221,0.62061376,0.5852065754668333,target,0.07267472310279964,0.021891619032101337,0.05851265688985041,2.302285286864326,6.153625680005829,ADA
1584,2024-04-21 14:00:00+00:00,2024-04-22 06:00:00+00:00,-1,17,-0.039986078050874715,False,2.7276994444254496,0.4958512,0.5152564738898749,stop,-0.05408249181409616,0.040634771076484284,0.017447169634761336,3.139951483244195,1.348186903033533,ADA
1585,2024-05-04 11:00:00+00:00,2024-05-04 23:00:00+00:00,1,13,-0.027059938610135253,False,2.736216552706188,0.47454231999999996,0.46216899563170466,stop,-0.03513599219683002,0.026219621466005292,0.002650301031107276,3.0509262404545683,0.3083901486294385,ADA
1586,2024-05-05 01:00:00+00:00,2024-05-06 08:00:00+00:00,-1,32,-0.02747453906691314,False,2.7507480775942996,0.45926217999999996,0.47147705229921605,stop,-0.03470898519808819,0.03426761593998447,0.016030451277307314,3.910512365423908,1.8293445932458452,ADA
1587,2024-05-11 11:00:00+00:00,2024-05-13 10:00:00+00:00,-1,48,-0.013543042709652512,False,2.7742082750077364,0.4428671,0.44843448999999996,time,-0.016639057755886876,0.022654426124677156,0.041247362922195024,2.7371182441469353,4.983525468972732,ADA
1588,2024-05-27 02:00:00+00:00,2024-05-28 04:00:00+00:00,1,27,-0.020838298392940928,False,2.616288134058146,0.46323893,0.4541911626657662,stop,-0.025255319898343155,0.0216711708577688,0.02625226252033696,3.379553884515485,4.093961344323022,ADA
1589,2024-06-01 22:00:00+00:00,2024-06-02 17:00:00+00:00,1,20,-0.01460919261478785,False,2.6246798436010104,0.45213559999999997,0.4462378612162054,stop,-0.017336892438947243,0.016003163652674006,0.0054505772162157405,3.7660393087909068,1.2826893792614984,ADA
1590,2024-06-16 13:00:00+00:00,2024-06-17 06:00:00+00:00,1,18,-0.017996974257108556,False,2.8115045607902567,0.41592474,0.4089350630628569,stop,-0.021045199236212914,0.019293730880254996,0.0078746457832732,3.505804809074193,1.430877792796814,ADA
1591,2024-07-11 00:00:00+00:00,2024-07-12 15:00:00+00:00,1,40,0.05678088892701863,False,2.9571991468486516,0.38831646,0.41096245324041325,target,0.06520314731833822,0.010600786791268102,0.05841508752938262,1.0906459141709604,6.009947921256035,ADA
1592,2024-07-27 13:00:00+00:00,2024-07-28 04:00:00+00:00,1,16,-0.02145401238283723,False,2.890560641046731,0.41982591,0.4113185219441962,stop,-0.0260351359514606,0.022213755220586665,0.02209032310559383,3.337056130840039,3.318513570521482,ADA
1593,2024-07-28 05:00:00+00:00,2024-07-29 03:00:00+00:00,-1,23,-0.032803445225913774,False,2.8894514026457174,0.41097667000000004,0.42410555600447125,stop,-0.038953996587061404,0.03898841751771444,0.01697582979588602,3.697210191351205,1.6097911873308708,ADA
1594,2024-08-10 14:00:00+00:00,2024-08-11 07:00:00+00:00,-1,18,-0.026269109492108457,False,3.3378494634942046,0.34409674,0.35279661044171673,stop,-0.03017120494939524,0.026164909321721597,0.0002811418672552363,3.1428416767545286,0.03376982379819721,ADA
1595,2024-08-11 08:00:00+00:00,2024-08-11 12:00:00+00:00,1,5,-0.021304857662096263,False,3.171734760563914,0.35260575,0.3454425588398332,stop,-0.02382675444211521,0.02440615333130564,0.010476998744348355,3.657079139605003,1.5698997311664622,ADA
1596,2024-08-11 15:00:00+00:00,2024-08-13 14:00:00+00:00,-1,48,0.011036465473404162,False,3.2004490549374527,0.34199737,0.33790134,time,0.012079909863090862,0.007902487671177072,0.04619149556617945,0.8992991821477686,5.256569312516257,ADA
1597,2024-09-01 02:00:00+00:00,2024-09-02 07:00:00+00:00,-1,30,0.04194754006306366,False,3.2452569821684834,0.34099767000000003,0.3263617402671301,target,0.04642019943641214,0.01115060404958182,0.04779408023521111,1.558765340937879,6.681230491315414,ADA
1598,2024-09-11 04:00:00+00:00,2024-09-11 19:00:00+00:00,-1,16,-0.02582047266376432,False,3.3973233764152697,0.33939815,0.3478582845349397,stop,-0.029772173845898454,0.025639061379680503,0.028574551746967436,3.124239919649676,3.4819431933152747,ADA
1599,2024-09-11 20:00:00+00:00,2024-09-13 19:00:00+00:00,1,48,0.030439796601606926,False,3.232401307417787,0.34750422,0.35859239000000004,time,0.03419220454172035,0.006918534687146986,0.05005919064810214,0.6181699330914158,4.472780427196012,ADA
1600,2024-09-15 11:00:00+00:00,2024-09-15 21:00:00+00:00,-1,11,0.032997022493892324,False,3.301433257473446,0.35059479000000005,0.338693497809224,target,0.038192908526897336,0.00030009002700800747,0.037920671895894556,0.05304129920354778,6.7025276517304535,ADA
1601,2024-10-12 11:00:00+00:00,2024-10-13 14:00:00+00:00,1,28,-0.017970975111123135,False,3.366092982946615,0.35520653,0.34927893125468895,stop,-0.021487143899711014,0.021414386723126965,0.01208724963474057,3.91901734355076,2.212070864640611,ADA
1602,2024-10-13 15:00:00+00:00,2024-10-14 03:00:00+00:00,-1,13,-0.02288179082053351,False,3.3731287227354447,0.34809554000000004,0.3557513918139337,stop,-0.02686713667923648,0.0241441185945673,0.017511112035506142,3.339892826366292,2.4223388913539896,ADA
1603,2024-10-20 12:00:00+00:00,2024-10-20 22:00:00+00:00,1,11,0.032971429013841064,False,3.2491780158611583,0.3531059,0.36514340076660173,target,0.03782825000454451,0.004547927406480587,0.035949838277978485,0.8004485471547009,6.327276855617763,ADA
1604,2024-10-31 11:00:00+00:00,2024-10-31 14:00:00+00:00,1,4,-0.02748647076091611,False,3.281930040254997,0.3611083,0.35153903093599387,stop,-0.03257510094619771,0.035746339809968324,0.0010847161364056013,4.0919080502415195,0.1241682005592978,ADA
1605,2024-10-31 15:00:00+00:00,2024-11-01 14:00:00+00:00,-1,24,-0.032908967093602325,False,3.2996649899641213,0.34929518,0.36053810694110333,stop,-0.03792946290763118,0.03637273208293343,0.044647567137914665,3.423004187319599,4.201741263709584,ADA
1606,2024-11-28 10:00:00+00:00,2024-11-28 23:00:00+00:00,-1,14,-0.06552020119445592,False,1.1310226235872232,0.98550426,1.0491942639102383,stop,-0.07303062550662413,0.06544440508050166,0.014920544331284803,3.053036400399736,0.6960559103739546,ADA
1607,2024-11-29 00:00:00+00:00,2024-11-30 07:00:00+00:00,1,32,0.106830217043042,False,1.0082151460245126,1.0331098399999998,1.1450973831030538,target,0.11127403232024652,0.004655690821800559,0.11014333190360495,0.2576986618363636,6.096579504130431,ADA
1608,2024-12-08 06:00:00+00:00,2024-12-09 20:00:00+00:00,-1,39,0.08369572906096027,False,0.972194390162612,1.18584414,1.0866108991104773,target,0.09649038057527355,0.03040522677794744,0.13142042427261977,2.1800674659094166,9.42289933915407,ADA
1609,2024-12-26 03:00:00+00:00,2024-12-28 02:00:00+00:00,-1,48,0.039643106866794654,False,1.3824516836140224,0.9037288000000001,0.86736013,time,0.04952856753867821,0.012029272498563571,0.05912039098455218,0.8581363534967498,4.2174916847917325,ADA
1610,2025-01-22 19:00:00+00:00,2025-01-24 18:00:00+00:00,-1,48,-0.013449891835093989,False,1.3248493449117202,0.98040579,0.9931978699999999,time,-0.017469929583750796,0.03212364749498263,0.029993488716544704,2.011687947088342,1.8782904323560157,ADA
1611,2025-01-26 08:00:00+00:00,2025-01-26 22:00:00+00:00,1,15,-0.02445826265647651,False,1.2908461591363452,0.9926977199999999,0.969498366468989,stop,-0.03134130788824495,0.024375718320376386,0.007557466738213204,3.168842300355987,0.9824703407228081,ADA
1612,2025-01-26 23:00:00+00:00,2025-01-27 02:00:00+00:00,-1,4,0.04856362550295344,False,1.2874023137211545,0.97100861,0.9230011366305014,target,0.06070835534912364,0.000300090027008105,0.05747488686016907,0.03641807987984672,6.974990277508482,ADA
1613,2025-02-16 14:00:00+00:00,2025-02-17 01:00:00+00:00,-1,12,-0.033704106905777076,False,1.7079333602168518,0.7674696900000001,0.7925414140076998,stop,-0.04417890809431992,0.03691391382505263,0.00856019473550815,3.4223571489016638,0.7936314688250192,ADA
1614,2025-02-17 02:00:00+00:00,2025-02-18 08:00:00+00:00,1,31,-0.03781630677849561,False,1.5917389188170838,0.79573865,0.7666115849395638,stop,-0.0478984434429784,0.036869705901554514,0.04142233131443345,3.04584945551746,3.421947156758077,ADA
1615,2025-02-21 14:00:00+00:00,2025-02-21 15:00:00+00:00,1,2,-0.033195243964869614,False,1.4938011668703748,0.81584468,0.7895652217608394,stop,-0.040455366974657125,0.045896824380836816,0.0014161028787979101,4.313486190799267,0.13308851526983365,ADA
1616,2025-02-21 18:00:00+00:00,2025-02-23 17:00:00+00:00,-1,48,0.003146285300046646,False,1.5322516255582996,0.76896924,0.76582968,time,0.0037071243977363126,0.0246183579462815,0.02544866424045784,1.4526466371166535,1.5016402234737904,ADA
1617,2025-03-09 03:00:00+00:00,2025-03-10 00:00:00+00:00,-1,22,0.11205111316760914,False,1.4873772641190601,0.7946615300000001,0.7048540624617937,target,0.13244010094377964,0.028488191695903494,0.11698254727393191,1.5124668774588705,6.210721616915782,ADA
1618,2025-03-16 10:00:00+00:00,2025-03-18 09:00:00+00:00,-1,48,0.027021755573308513,False,1.8087715396141006,0.72668193,0.7058116799999999,time,0.03551743858028849,0.004290831891196156,0.048139259496930174,0.4254570200597748,4.773243607019659,ADA
1619,2025-03-18 14:00:00+00:00,2025-03-19 03:00:00+00:00,-1,14,-0.039116838716582995,False,1.9707007138862835,0.6849944400000001,0.7108666075574575,stop,-0.052804565051909315,0.04000844152837202,0.0055393734290749355,3.204207927471514,0.4436389815904236,ADA
1620,2025-03-20 15:00:00+00:00,2025-03-20 15:00:00+00:00,1,1,-0.038952002611979245,False,1.7209362298997437,0.7537260499999999,0.7251063271202433,stop,-0.05052520610133138,0.03983682134908289,0.00036346096834530045,3.1715284603565417,0.028936214444288393,ADA
1621,2025-03-20 17:00:00+00:00,2025-03-22 16:00:00+00:00,-1,48,0.014727355358267006,False,1.7462027023775728,0.71388577,0.7022105999999999,time,0.018358963029054518,0.01893052161552411,0.021131910221435006,1.1713638143892373,1.3075791288292882,ADA
1622,2025-04-05 14:00:00+00:00,2025-04-06 18:00:00+00:00,-1,29,0.06573969253110848,False,1.9508600403000158,0.64840542,0.6050960211721097,target,0.08315730729985452,0.011712702833360056,0.10148807824586044,1.052138363339637,9.116555082397877,ADA
1623,2025-04-17 17:00:00+00:00,2025-04-19 16:00:00+00:00,1,48,-0.012600292585807363,False,2.151159171150177,0.6266879499999999,0.6194141200000001,time,-0.01698652412830195,0.026947941156359997,0.012944321013353056,2.2859100756920805,1.098026511774278,ADA
1624,2025-04-19 17:00:00+00:00,2025-04-19 21:00:00+00:00,-1,5,-0.020222038328689452,False,2.1486500927904664,0.61951409,0.6314164623969447,stop,-0.026917939578862966,0.01967010952083434,0.00034557728945286073,3.1211232542451386,0.054833925205545926,ADA
1625,2025-04-20 02:00:00+00:00,2025-04-20 07:00:00+00:00,1,6,-0.019869527432049252,False,2.055834002534399,0.63439026,0.6224136272699401,stop,-0.02591385888530698,0.01937334283789287,0.00033061667750080106,3.127331717062729,0.05336962394098691,ADA
1626,2020-10-05 03:00:00+00:00,2020-10-06 04:00:00+00:00,1,26,-0.04606246888202355,False,0.24883636340336232,4.01870525,3.8258050090803906,stop,-0.04606246888202355,0.0710440881425678,0.006692391784642654,4.466785523425922,0.4207736283524057,AVAX
1627,2020-10-06 05:00:00+00:00,2020-10-07 01:00:00+00:00,-1,21,0.091454475196999,False,0.2548470470468322,3.74317671,3.3741419345730344,target,0.08724185627911545,0.005963728599924865,0.12299091003908288,0.36294612030812645,7.485094749686183,AVAX
1628,2020-10-12 04:00:00+00:00,2020-10-12 16:00:00+00:00,1,13,0.09008214344240036,False,0.24849407387946482,4.189956609999999,4.572208905117011,target,0.09379167092477536,0.007913354023969192,0.11304255248600305,0.5204407208048313,7.434514785921883,AVAX
1629,2020-10-12 17:00:00+00:00,2020-10-13 13:00:00+00:00,1,21,-0.06131704933206167,False,0.24630544634245016,4.60798198,4.330079828455316,stop,-0.06959307637358418,0.061367857172045674,0.018645476560652754,3.06701931742712,0.9318565032152695,AVAX
1630,2020-10-18 19:00:00+00:00,2020-10-20 11:00:00+00:00,-1,41,0.05203852269599891,False,0.259653946167595,4.1030687100000005,3.8712957252448,target,0.05544069629343327,0.01604440350695451,0.059240711569755945,1.7042009465304306,6.292416959381111,AVAX
1631,2020-11-15 10:00:00+00:00,2020-11-15 22:00:00+00:00,1,13,-0.05029986816116407,False,0.313080145710043,3.5799736699999998,3.40375192917815,stop,-0.05637703174812855,0.049294683779056846,0.01791251442360472,3.0218040914732858,1.098051660427116,AVAX
1632,2020-12-01 01:00:00+00:00,2020-12-01 10:00:00+00:00,-1,10,-0.04688772053353798,False,0.2931933789007693,3.63051052,3.7973977585165715,stop,-0.049909242445050434,0.05332293597099946,0.008238653995141171,3.503916642152937,0.5413722316080836,AVAX
1633,2020-12-01 13:00:00+00:00,2020-12-02 06:00:00+00:00,-1,18,-0.06302772536458309,False,0.28924267659609826,3.50754742,3.7257331152234,stop,-0.06394366973584155,0.06464704616880143,0.015979091167924987,3.1338417773638345,0.7746052825924066,AVAX
1634,2020-12-07 12:00:00+00:00,2020-12-08 01:00:00+00:00,-1,14,0.06080243013736083,False,0.2734518150610102,3.47625681,3.2568518320994007,target,0.057798105107410035,0.013245048486506894,0.06336033901937194,1.2591288613568141,6.023294788683972,AVAX
1635,2020-12-26 11:00:00+00:00,2020-12-27 14:00:00+00:00,-1,28,-0.050236190022407444,False,0.35190114647431747,2.86554008,3.007442064903253,stop,-0.050657512881203376,0.06604685843375117,0.00821488422524527,4.026806155300099,0.500852684711359,AVAX
1636,2021-01-24 17:00:00+00:00,2021-01-26 16:00:00+00:00,-1,48,0.035852515547983146,False,0.07665666985864146,12.49375075,11.97629181,time,0.03433700557049549,0.03442114850898556,0.09381095985126807,1.4113902384067174,3.8465849840855983,AVAX
1637,2021-02-20 01:00:00+00:00,2021-02-20 07:00:00+00:00,-1,7,-0.08896835760233024,False,0.026260589464205192,37.77776327,41.09935026525391,stop,-0.0882625122003412,0.09111541902041256,0.0007349103704625239,3.120458174641114,0.025168704680209555,AVAX
1638,2021-02-20 10:00:00+00:00,2021-02-20 14:00:00+00:00,1,5,-0.09445318509307334,False,0.021459088136559747,42.117531469999996,38.179545012642066,stop,-0.08536714948969705,0.10251387769664069,0.023326830792536134,3.298815287801164,0.7506389160507853,AVAX
1639,2021-02-21 21:00:00+00:00,2021-02-22 14:00:00+00:00,-1,18,0.18569186146681618,False,0.022969723052760866,35.63110746,28.99210712340474,target,0.15197702882287442,0.01989532716028582,0.3169844628792237,0.6406620009574046,10.207416979098026,AVAX
1640,2021-03-09 01:00:00+00:00,2021-03-09 08:00:00+00:00,-1,8,-0.08444143924000994,False,0.04038545975684185,24.028789200000002,26.08197736086238,stop,-0.08194312942223657,0.12547077486534355,0.001310478016095912,4.422060784645114,0.04618616128207167,AVAX
1641,2021-03-09 09:00:00+00:00,2021-03-09 17:00:00+00:00,1,9,0.15671017278918808,False,0.03284620593637966,27.04941239,31.39077124892837,target,0.13923237651460052,0.02031143531247706,0.16926754429950852,0.7593185560370173,6.327863360915786,AVAX
1642,2021-03-27 12:00:00+00:00,2021-03-28 03:00:00+00:00,-1,16,-0.0595233748312447,False,0.037278258447875266,27.56842699,29.2273015777457,stop,-0.06117234768984895,0.0608584962286237,0.025882034918380314,3.050294827689064,1.2972360826173606,AVAX
1643,2021-03-28 04:00:00+00:00,2021-03-30 03:00:00+00:00,1,48,0.008906565870568775,False,0.03336789214519437,28.965887159999998,29.44606353,time,0.00860846844274974,0.04800430079421739,0.05053575027460001,2.3910400021217333,2.5171286414895255,AVAX
1644,2021-04-02 04:00:00+00:00,2021-04-03 06:00:00+00:00,1,27,0.100239552003385,False,0.03360775179109476,29.015301979999997,32.15844147530578,target,0.0977475032258498,0.020516828686130223,0.11196499082585135,1.1363835061518588,6.2015027169844785,AVAX
1645,2021-04-25 15:00:00+00:00,2021-04-25 20:00:00+00:00,1,6,-0.07572902306754327,False,0.04599531716081684,23.3259957,21.584364293558064,stop,-0.08124865183211706,0.09508257347402321,0.01764144627703934,3.8346374497881435,0.7114715987450889,AVAX
1646,2021-04-25 22:00:00+00:00,2021-04-26 00:00:00+00:00,-1,3,-0.09973992394947369,False,0.047615722809076944,20.82585037,22.881165594104868,stop,-0.09890589057473254,0.1012803603466972,0.0036517293963444918,3.089037969928327,0.11137727712063221,AVAX
1647,2021-04-28 00:00:00+00:00,2021-04-28 06:00:00+00:00,1,7,-0.07334767277626399,False,0.0318827200753039,28.000497629999998,25.97371339777609,stop,-0.06547981665977654,0.07659498264424237,0.04131363611054513,3.186788241403528,1.718882950574127,AVAX
1648,2021-05-08 20:00:00+00:00,2021-05-09 04:00:00+00:00,1,9,-0.09578787222422937,False,0.020981697809585552,39.42732465,35.72576492291805,stop,-0.07924072910811235,0.10882870415606564,0.005087216842139809,3.487682533072217,0.16303233103683812,AVAX
1649,2021-05-09 05:00:00+00:00,2021-05-10 05:00:00+00:00,-1,25,-0.09240694187824507,False,0.020406416528471024,36.65569999,40.08171312009527,stop,-0.0691214535542426,0.10482407950327614,0.031184781365840807,3.3764576129555395,1.004483826139932,AVAX
1650,2021-05-27 21:00:00+00:00,2021-05-29 17:00:00+00:00,-1,45,0.19686947247692424,False,0.0357417766690201,18.9943,15.24654007521395,target,0.13365272179724863,0.03225704553471306,0.1980752120372954,0.9809059474933861,6.023278025549804,AVAX
1651,2021-05-31 01:00:00+00:00,2021-05-31 10:00:00+00:00,-1,10,-0.07947590378838156,False,0.049696520107460986,16.3500935,17.63204035910749,stop,-0.06457756945327633,0.08121705848348824,0.04330822328324914,3.1204260650962268,1.6639374940368277,AVAX
1652,2021-06-02 09:00:00+00:00,2021-06-03 11:00:00+00:00,1,27,0.1303511592067006,False,0.040958635992043135,18.2614768,20.667097156684612,target,0.09749812838025876,0.02401102631524303,0.13336945454488097,1.093630918398867,6.074582449967125,AVAX
1653,2021-06-06 23:00:00+00:00,2021-06-08 02:00:00+00:00,-1,28,0.12030310959571726,False,0.0490327588367303,17.242825600000003,15.152686562072327,target,0.10171186515891026,0.04692817863912027,0.15930252173982448,2.322834180836909,7.885099173278203,AVAX
1654,2021-06-27 19:00:00+00:00,2021-06-27 22:00:00+00:00,-1,4,-0.05718364324018132,False,0.09304324975853845,10.1799451,10.751605673416323,stop,-0.05416292726270657,0.06385642492315609,0.01080016629952151,3.430754732898886,0.5802504868189409,AVAX
1655,2021-06-27 23:00:00+00:00,2021-06-29 12:00:00+00:00,1,38,0.11467790395864355,False,0.08280720006285501,10.7842343,12.038001703324571,target,0.10240877271884487,0.006049043277926574,0.12284281508980201,0.31218374234497065,6.339767790200149,AVAX
1656,2021-07-02 02:00:00+00:00,2021-07-03 18:00:00+00:00,-1,41,-0.06083083648190583,False,0.09038029734450405,11.013694899999999,11.668635841522738,stop,-0.06055229329362734,0.05977150320370701,0.041647685373961046,3.0316085193270816,2.11236912278498,AVAX
1657,2021-07-18 01:00:00+00:00,2021-07-18 14:00:00+00:00,1,14,-0.043130792084693746,False,0.08374447581765085,11.163348,10.693892678782309,stop,-0.04032162867476183,0.047866285275707576,0.009105870389420935,3.438192165558692,0.6540664698162569,AVAX
1658,2021-07-18 15:00:00+00:00,2021-07-20 01:00:00+00:00,-1,35,0.07627663569341035,False,0.08339380639497153,10.726781,9.902250025557226,target,0.06823304310133077,0.015495701832637385,0.07838148275796826,1.2095531046289598,6.118249230611687,AVAX
1659,2021-07-31 21:00:00+00:00,2021-08-02 20:00:00+00:00,1,48,-0.021110216590612754,False,0.07285530191798487,13.214963299999999,12.9571117,time,-0.020324497306845303,0.04540030012796168,0.06644261357880585,2.6924112296309692,3.940300800245824,AVAX
1660,2021-08-04 13:00:00+00:00,2021-08-06 12:00:00+00:00,1,48,0.04455778938000696,False,0.07269853332192812,12.963888,13.5629299,time,0.04199374007419997,0.00955639234155686,0.07861160170467377,0.681611729007707,5.606989315934531,AVAX
1661,2021-08-30 02:00:00+00:00,2021-08-31 17:00:00+00:00,-1,40,0.15237000002129608,False,0.021245842659463294,46.336095,39.30814972912866,target,0.15000055263421924,0.012342537712770163,0.18249477000597478,0.48825508277963137,7.219260828664583,AVAX
1662,2021-09-05 17:00:00+00:00,2021-09-06 12:00:00+00:00,1,20,-0.07273304573382632,False,0.02347858776803368,48.318491200000004,44.99499666889537,stop,-0.08251199911114793,0.1919035750023586,0.06543061924085893,8.404090933400576,2.865422772463355,AVAX
1663,2021-09-19 08:00:00+00:00,2021-09-20 00:00:00+00:00,1,17,-0.08481615753980598,False,0.014486554497153054,72.6147779,66.54019904638878,stop,-0.089221333816123,0.08376776843381366,0.05120475759246233,3.0139565188078783,1.842342416722214,AVAX
1664,2021-09-20 01:00:00+00:00,2021-09-21 00:00:00+00:00,-1,24,0.20477548360138015,False,0.014118659177551713,68.1875376,54.17571958378082,target,0.19714075805911668,0.006606227704577007,0.22962462278444262,0.19289248524862945,6.704713513353874,AVAX
1665,2021-09-24 10:00:00+00:00,2021-09-26 09:00:00+00:00,-1,48,0.009196436226305466,False,0.016949429858102504,68.4304647,67.7743262,time,0.01066655425747344,0.09550622414522332,0.10054680660381377,2.64628644628973,2.785950904401812,AVAX
1666,2021-09-28 15:00:00+00:00,2021-09-30 14:00:00+00:00,-1,48,-0.003928971437584862,False,0.018013464283092345,64.9805,65.20955699999999,time,-0.0045989550323747444,0.07202930109802164,0.060164203107086096,2.872702033247263,2.3994933445102467,AVAX
1667,2021-10-01 05:00:00+00:00,2021-10-01 11:00:00+00:00,-1,7,-0.06513739678852748,False,0.018212230913958703,64.0187886,68.12932247941934,stop,-0.07594531679826198,0.0846659475840191,0.014351858572968876,3.9756068017099118,0.6739113916282853,AVAX
1668,2021-10-01 12:00:00+00:00,2021-10-03 11:00:00+00:00,1,48,0.02239856560765278,False,0.015917098778702083,68.4785374,70.1569466,time,0.02441398056751732,0.04092577771674182,0.07318296783599239,1.900203722724717,3.3979207159967686,AVAX
1669,2021-10-03 21:00:00+00:00,2021-10-05 20:00:00+00:00,-1,48,0.05948084401614926,False,0.016172119760873682,68.9083213,64.7844295,time,0.06628507335649368,0.003057376758356796,0.09100963688691684,0.16021615169936804,4.7691910229001095,AVAX
1670,2021-10-10 01:00:00+00:00,2021-10-10 21:00:00+00:00,-1,21,0.07701381403623724,False,0.019643287336890584,60.10596280000001,55.48829662380991,target,0.09092856967976384,0.016504805077342366,0.08350191172713406,1.2890111525798846,6.521427849261727,AVAX
1671,2021-10-17 16:00:00+00:00,2021-10-19 15:00:00+00:00,-1,48,-0.005480849201906809,False,0.02256019410946586,56.3650854,56.7130088,time,-0.006969487677877374,0.031826698873412884,0.05615329733892314,2.248740145509318,3.967554867408629,AVAX
1672,2021-11-12 03:00:00+00:00,2021-11-12 09:00:00+00:00,1,7,-0.05998067921406587,False,0.014085033282367508,89.7859277,84.49626396852325,stop,-0.07585383300073409,0.06952011144615043,0.002261738617643111,3.5571219967403884,0.11572593916117785,AVAX
1673,2021-11-12 10:00:00+00:00,2021-11-13 14:00:00+00:00,-1,29,-0.06119944508582536,False,0.014177534296855481,83.8498375,88.9205586274729,stop,-0.0727529178797882,0.09719950262276886,0.03160217811990397,4.847389131770163,1.5760168583702534,AVAX
1674,2021-11-27 18:00:00+00:00,2021-11-28 01:00:00+00:00,1,8,-0.07096469846088324,False,0.009669084481628683,115.4226164,107.3542519657907,stop,-0.07919880545038968,0.07469607490200676,0.022329970333266544,3.2185628749685886,0.9621712199481423,AVAX
1675,2021-11-29 18:00:00+00:00,2021-12-01 17:00:00+00:00,1,48,0.07354493225310436,False,0.008939998164872615,115.97678259999999,124.6995789,time,0.0762537556433676,0.017036018379768265,0.09851297081938544,0.7572695016386326,4.37900844283733,AVAX
1676,2021-12-01 21:00:00+00:00,2021-12-03 16:00:00+00:00,-1,44,0.13833937654935285,False,0.00925128584461356,120.3168941,103.62219489235531,target,0.1539836204159901,0.0004164494136489306,0.13973012041041377,0.018007835676510334,6.042119318556508,AVAX
1677,2021-12-12 18:00:00+00:00,2021-12-13 13:00:00+00:00,1,20,-0.0476674278655886,False,0.014615087028883705,86.696001,82.66560392856178,stop,-0.06039794874300661,0.052932095449246805,0.036956710379294315,3.4369476602197677,2.39964577614965,AVAX
1678,2021-12-19 09:00:00+00:00,2021-12-21 05:00:00+00:00,-1,45,-0.05566772610036218,False,0.010750403115984426,112.2443166,118.43141980460884,stop,-0.0671726669569419,0.06104258645377149,0.10056025054902433,3.341423729046788,5.504589941284175,AVAX
1679,2021-12-26 03:00:00+00:00,2021-12-27 14:00:00+00:00,-1,36,-0.047166219001467245,False,0.010054078523185966,113.33698869999999,118.61236105511345,stop,-0.053745858629936936,0.05415717649113791,0.036625189601494905,3.5142631959692956,2.3766112674465707,AVAX
1680,2022-01-15 15:00:00+00:00,2022-01-17 05:00:00+00:00,1,39,-0.03412359659629935,False,0.011807622403804974,91.9535778,88.95267923408342,stop,-0.037049801652317894,0.03973285093861794,0.03178149529272584,3.6852652411535214,2.9477683364606,AVAX
1681,2022-02-01 17:00:00+00:00,2022-02-02 16:00:00+00:00,1,24,-0.05590435974063416,False,0.01441084270854807,72.77182499999999,68.78433510967236,stop,-0.05862708786870778,0.05870163349620534,0.028557412157795985,3.2306440066051887,1.5716569869848964,AVAX
1682,2022-02-13 17:00:00+00:00,2022-02-15 01:00:00+00:00,-1,33,-0.048716218320236884,False,0.012339563267189458,80.235922,84.08266979238131,stop,-0.04823277005789903,0.05414131092056244,0.052419438764597245,3.410213213510426,3.3017571920656614,AVAX
1683,2022-03-03 15:00:00+00:00,2022-03-05 14:00:00+00:00,-1,48,0.035532243655933826,False,0.011889526799513597,79.216228,76.352899,time,0.03346581151121803,0.03817111817038289,0.07569443978069748,1.9133196573751297,3.794168641849711,AVAX
1684,2022-03-06 04:00:00+00:00,2022-03-08 03:00:00+00:00,-1,48,0.03259144355851416,False,0.012909910782862986,75.54732899999999,73.01189699999999,time,0.031786737262357694,0.013404458018628452,0.06972223994841684,0.7953595184558493,4.137000325859508,AVAX
1685,2022-03-13 13:00:00+00:00,2022-03-15 12:00:00+00:00,-1,48,0.027359153601098758,False,0.01440374941387128,69.919018,67.92037,time,0.02755329455274359,0.02232557099128609,0.06348799120719903,2.109657803564311,5.999306182814639,AVAX
1686,2022-03-27 12:00:00+00:00,2022-03-27 21:00:00+00:00,-1,10,-0.027911573506346935,False,0.012124646169491646,85.33439200000001,87.63834678553467,stop,-0.028878690243920282,0.040026159675456426,0.011887258773696015,4.498816225243301,1.3360910234304058,AVAX
1687,2022-03-27 22:00:00+00:00,2022-03-28 14:00:00+00:00,1,17,0.062136294193949226,False,0.011394707367988812,88.266472,93.8601107630355,target,0.06249485906416951,0.009476667425882688,0.06348421856036131,0.8972392055715003,6.010607660648235,AVAX
1688,2022-04-10 18:00:00+00:00,2022-04-10 22:00:00+00:00,1,5,-0.02945099701810872,False,0.012546347443381508,85.145536,82.72184876554151,stop,-0.03146148340444492,0.03365456528455004,0.005689834403062404,3.5836173913846876,0.6058669707516312,AVAX
1689,2022-04-11 00:00:00+00:00,2022-04-11 13:00:00+00:00,-1,14,0.07305769058772665,False,0.012813381875997237,80.915718,74.93428051141655,target,0.07574650543062905,0.0069737007091750175,0.0801539943080032,0.5660331661849151,6.505845471807453,AVAX
1690,2022-04-16 15:00:00+00:00,2022-04-17 23:00:00+00:00,1,33,-0.024253521526034025,False,0.014286664545724692,77.87335499999999,76.08826694217409,stop,-0.026983267498976653,0.0363841393503591,0.01048683468177284,4.823403147217215,1.3902275087870266,AVAX
1691,2022-04-24 00:00:00+00:00,2022-04-25 06:00:00+00:00,-1,31,0.048675919787840485,False,0.014918161840036482,72.76816300000002,69.16063936492105,target,0.05284098353037026,0.009369990554797807,0.06387632734386892,1.1340250026970036,7.730781783052581,AVAX
1692,2022-05-18 13:00:00+00:00,2022-05-19 10:00:00+00:00,-1,22,0.14438213283925844,False,0.0352445014211947,32.300307000000004,27.58468374030702,target,0.16436580626298206,0.004634414155877811,0.15016287616089852,0.1904643247642456,6.171367048922125,AVAX
1693,2022-05-21 15:00:00+00:00,2022-05-23 14:00:00+00:00,1,48,0.04640415242439649,False,0.043572542898539186,29.898967,31.300607,time,0.06045412430208216,0.03207358301040961,0.09435218949203161,1.4366001288711394,4.226106186500418,AVAX
1694,2022-06-03 10:00:00+00:00,2022-06-05 07:00:00+00:00,-1,46,-0.06225925165819764,False,0.05830001016258661,23.382983000000003,24.801428177127796,stop,-0.08487356424244859,0.07428551780583333,0.05486823473292528,3.693143317764458,2.7278029479592933,AVAX
1695,2022-06-06 02:00:00+00:00,2022-06-07 01:00:00+00:00,1,24,-0.06168012189467133,False,0.049572195148636984,25.787734,24.229540308847064,stop,-0.07884906646020587,0.09763300645182708,0.0768685608436941,4.8701345685880275,3.834361441969926,AVAX
1696,2022-06-09 02:00:00+00:00,2022-06-09 09:00:00+00:00,-1,8,-0.06383067615276991,False,0.050499388698298675,23.752872000000004,25.24436285290375,stop,-0.07656524812433799,0.06387134995717553,0.002225920301343107,3.0671360762835187,0.10688987259168355,AVAX
1697,2022-06-09 10:00:00+00:00,2022-06-10 09:00:00+00:00,1,24,-0.052148322700082864,False,0.044976101228309265,24.967488,23.69393249841476,stop,-0.05855945145317675,0.05316866478517979,0.016521966486976965,3.1446003628126498,0.9771729649266669,AVAX
1698,2022-06-26 18:00:00+00:00,2022-06-28 17:00:00+00:00,-1,48,0.07136944671464067,False,0.052089052168263976,20.433868,18.955685,time,0.07596426994954146,0.04679153256740232,0.08436327375707818,2.177127426391356,3.925274232300993,AVAX
1699,2022-07-02 22:00:00+00:00,2022-07-04 21:00:00+00:00,1,48,0.07022085876955941,False,0.06888236164805911,16.554965,17.714684,time,0.08007601124667872,0.04499949108922905,0.0776223326355568,2.756222439341003,4.754374101251163,AVAX
1700,2022-07-22 16:00:00+00:00,2022-07-24 15:00:00+00:00,-1,48,0.005867418706206528,False,0.05040410130667767,24.212734,24.047212,time,0.007160721576613376,0.018059340180253805,0.05793373024293755,0.904315247357842,2.901011613496738,AVAX
1701,2022-07-25 01:00:00+00:00,2022-07-26 01:00:00+00:00,-1,25,0.10670747955369915,False,0.05376314378657956,22.833148,20.378465530578126,target,0.13099216185402313,0.002051929063832883,0.10787597049692842,0.11452071846432875,6.020692364125085,AVAX
1702,2022-08-10 09:00:00+00:00,2022-08-12 08:00:00+00:00,1,48,0.02033143289967559,False,0.04823034555820311,28.168447999999998,28.781363,time,0.027621755731471798,0.008820081248352634,0.07531660956258582,0.5090463934676905,4.346858876522181,AVAX
1703,2022-08-12 11:00:00+00:00,2022-08-13 01:00:00+00:00,-1,15,-0.04533569235705791,False,0.048789997189506856,28.411474000000002,29.676303955696703,stop,-0.06284414346160477,0.06506265743199384,0.008851142323696467,4.415516129069687,0.6006880633768085,AVAX
1704,2022-08-13 02:00:00+00:00,2022-08-14 01:00:00+00:00,1,24,-0.04384284265992595,False,0.044069110817325834,30.029006,28.750288935175615,stop,-0.05801949568215634,0.045589454409513216,0.011355487424392336,3.2336448385834093,0.8054409462689853,AVAX
1705,2022-08-22 04:00:00+00:00,2022-08-23 15:00:00+00:00,-1,36,-0.044416962985055874,False,0.05590599871949154,22.633208,23.614907106016062,stop,-0.0562022089369498,0.04890124281100579,0.04520826212528071,3.4068529714272686,3.1495703033525344,AVAX
1706,2022-08-28 21:00:00+00:00,2022-08-28 23:00:00+00:00,-1,3,0.0818901289634672,False,0.06142675146520777,19.684093,18.053291393504367,target,0.09901580250522549,0.004872309839218927,0.08352393986352338,0.3528583720471965,6.048901326015718,AVAX
1707,2022-08-29 00:00:00+00:00,2022-08-30 03:00:00+00:00,-1,28,-0.06048673399321592,False,0.07069358468449563,18.504447000000003,19.580430724918106,stop,-0.07912546043796098,0.06244731334040933,0.05644302691131497,3.239531078697761,2.9280513455918102,AVAX
1708,2022-09-04 03:00:00+00:00,2022-09-05 10:00:00+00:00,1,32,-0.02633996356638581,False,0.06459787776581329,19.025706,18.534308746008236,stop,-0.032372348096257636,0.033413004489820194,0.006532950735178974,3.9254414579246575,0.7675070245857115,AVAX
1709,2022-09-24 22:00:00+00:00,2022-09-26 21:00:00+00:00,-1,48,0.017417786150785982,False,0.06774233076374768,17.664699000000002,17.335199,time,0.02084295691517662,0.011622105760194306,0.04045916661246268,1.128077159062395,3.92709055243152,AVAX
1710,2022-09-29 13:00:00+00:00,2022-09-30 15:00:00+00:00,-1,27,-0.03161133899466458,False,0.07130305598794504,17.074876,17.600360748453635,stop,-0.03848651564765323,0.03836771640391419,0.012584337362098576,3.7780632182644296,1.2391777924298115,AVAX
1711,2022-10-01 17:00:00+00:00,2022-10-03 16:00:00+00:00,-1,48,0.004645453976169399,False,0.06913001941423962,17.054882,16.945082,time,0.005477010323766952,0.006163513766908556,0.04367558802224492,0.8175842453458136,5.793525255823697,AVAX
1712,2022-11-13 00:00:00+00:00,2022-11-14 23:00:00+00:00,-1,48,-0.006805647172944266,False,0.09054923845065885,13.081074500000001,13.1309381,time,-0.008061162042763935,0.03921126662798212,0.08050366963356113,2.369262992542932,4.864274521817816,AVAX
1713,2022-11-17 14:00:00+00:00,2022-11-19 13:00:00+00:00,-1,48,0.01001163747914516,False,0.09126517791296507,12.8901318,12.7348193,time,0.011777892285703848,0.030555793075754276,0.032050238617420526,2.4327787192043044,2.551762877192344,AVAX
1714,2022-12-01 17:00:00+00:00,2022-12-02 19:00:00+00:00,-1,27,-0.03606534530298853,False,0.09173777637569386,12.9521132,13.40599886133073,stop,-0.042852773478558114,0.0353522852162843,0.013906085996839434,3.0534942545414077,1.2011148200102386,AVAX
1715,2022-12-04 22:00:00+00:00,2022-12-05 19:00:00+00:00,1,22,-0.025491714362654298,False,0.08300121713074443,13.7991385,13.461831648301445,stop,-0.029196815001105093,0.028924885419477412,0.03970258723035498,3.592960526074267,4.931733579336093,AVAX
1716,2022-12-07 00:00:00+00:00,2022-12-07 06:00:00+00:00,1,7,-0.024152799801427118,False,0.08167877400886389,13.665098299999999,13.348554743014784,stop,-0.026958110685984405,0.02671757582600031,0.0020418221213967433,3.5045198985177066,0.26782393358850387,AVAX
1717,2022-12-07 07:00:00+00:00,2022-12-09 06:00:00+00:00,-1,48,-0.013648153926102673,False,0.08176489458421955,13.3210025,13.481043099999999,time,-0.014865437758649376,0.01448821137898584,0.025673931072379974,1.8618602152486432,3.2993217438857,AVAX
1718,2022-12-10 16:00:00+00:00,2022-12-11 20:00:00+00:00,1,29,-0.014500165751857325,False,0.0796442511377084,13.4890455,13.30754855131131,stop,-0.01557788951879673,0.02031615209541696,0.008225526409559526,4.631663964101259,1.8752504941875492,AVAX
1719,2022-12-11 21:00:00+00:00,2022-12-11 23:00:00+00:00,-1,3,0.02340706867860701,False,0.0798029355224455,13.267018700000001,12.94337148703522,target,0.02478216462919056,0.002636711441433208,0.027663992061758447,0.6485079790346594,6.804051176055204,AVAX
1720,2022-12-12 00:00:00+00:00,2022-12-12 02:00:00+00:00,-1,3,0.03702863997331001,False,0.08356625742698671,12.966109000000001,12.473271927520546,target,0.040121612740694465,0.002382441794990206,0.04042145565797735,0.3760796627321878,6.380717230096569,AVAX
1721,2022-12-12 03:00:00+00:00,2022-12-12 21:00:00+00:00,-1,19,-0.029692849992144645,False,0.08917001282543142,12.601218500000002,12.95982303748,stop,-0.0333643951010978,0.03323341310207405,0.00041412661799345585,3.5418145176364297,0.04413508968350168,AVAX
1722,2022-12-23 21:00:00+00:00,2022-12-25 20:00:00+00:00,-1,48,0.011556491144243296,False,0.09288141749627304,11.7384774,11.5924767,time,0.012599885359267371,0.007456043660313201,0.020741821251877308,1.1599209201719431,3.2267612005250608,AVAX
1723,2022-12-25 22:00:00+00:00,2022-12-27 21:00:00+00:00,1,48,-0.007293235334194028,False,0.09439687832684723,11.683504,11.613514900000002,time,-0.008043609373011578,0.01382325028518833,0.009799799786091641,2.5752495100253276,1.8256870907213685,AVAX
1724,2023-01-29 18:00:00+00:00,2023-01-30 09:00:00+00:00,1,16,-0.045836775503964255,False,0.05239166827072277,20.897267299999996,19.96399748251482,stop,-0.050184058875409346,0.0604034624182653,0.020516208834635754,4.0837791336108245,1.3870672670968003,AVAX
1725,2023-01-30 10:00:00+00:00,2023-01-30 16:00:00+00:00,-1,7,-0.0554237142022029,False,0.052424227607960935,19.9270201,21.013021945901002,stop,-0.057898861750960255,0.06774620054706529,0.009887082916125507,3.750986698120044,0.5474302057106767,AVAX
1726,2023-02-04 14:00:00+00:00,2023-02-05 00:00:00+00:00,1,11,-0.03602130746156448,False,0.045914071974351475,21.491445499999998,20.7405458295158,stop,-0.035544377264704934,0.03482527501465637,0.0002119215294290525,3.0151872584807764,0.018348256978970565,AVAX
1727,2023-02-05 01:00:00+00:00,2023-02-06 23:00:00+00:00,-1,47,0.06970680834758325,False,0.04556123580299271,20.877734800000002,19.412432657835815,target,0.0663061894634416,0.009879673344638764,0.07078041818981261,0.8445979599621095,6.050908235829585,AVAX
1728,2023-02-12 10:00:00+00:00,2023-02-12 22:00:00+00:00,1,13,-0.025744339206590028,False,0.056100618949467836,18.1374396,17.6890862802787,stop,-0.02619542090425539,0.035144960593004565,0.01861124874538526,4.316308262611697,2.2857298850754058,AVAX
1729,2023-02-13 02:00:00+00:00,2023-02-14 14:00:00+00:00,-1,37,-0.04160163283053779,False,0.05706201253944676,17.3727866,18.08340259669814,stop,-0.04124078720711433,0.04928474744517945,0.03176154825962116,3.6424661706619355,2.347386789233354,AVAX
1730,2023-02-15 11:00:00+00:00,2023-02-15 20:00:00+00:00,1,10,0.05743585113052167,False,0.05229602684040167,18.1674486,19.2305193997909,target,0.05456896242440533,0.0026667806287339873,0.07885264637545204,0.2734451929797904,8.085358380354975,AVAX
1731,2023-02-15 21:00:00+00:00,2023-02-16 22:00:00+00:00,1,26,-0.036826291402443326,False,0.05147624602125913,19.516853299999998,18.82416985644368,stop,-0.036997693558386516,0.04733618098159285,0.04525046565780157,4.034091313330403,3.8563421604560215,AVAX
1732,2023-03-06 00:00:00+00:00,2023-03-06 13:00:00+00:00,-1,14,-0.026597774573018734,False,0.059983084376464726,16.1321589,16.544069682127255,stop,-0.025737513400173974,0.03191396162109451,0.020155944533871404,3.7953726663766325,2.39704872297316,AVAX
1733,2023-03-06 16:00:00+00:00,2023-03-07 15:00:00+00:00,1,24,-0.02934626081236081,False,0.05695153284624644,16.5389602,16.07295353069089,stop,-0.0276418046020074,0.04056846330641741,0.012155528374752375,4.364599589324512,1.3077649442066543,AVAX
1734,2023-03-25 08:00:00+00:00,2023-03-27 07:00:00+00:00,-1,48,0.0030670940816161724,False,0.054369638902553294,16.8159537,16.7520241,time,0.0028041745892436066,0.027536130763728163,0.026519679344740373,2.569699504275152,2.474843232349929,AVAX
1735,2023-03-27 15:00:00+00:00,2023-03-29 04:00:00+00:00,-1,38,-0.028699943465420666,False,0.055895485746643984,16.4070764,16.86954239363602,stop,-0.026320187348413477,0.03272512341077402,0.022677800171638195,3.5215290475173786,2.440343189414106,AVAX
1736,2023-04-01 23:00:00+00:00,2023-04-02 15:00:00+00:00,1,17,-0.022796903706647585,False,0.04997441884847898,17.8243457,17.439165162874538,stop,-0.020306599985484362,0.034915486406886555,0.001383181207038735,4.913938077736435,0.1946662498832181,AVAX
1737,2023-04-02 16:00:00+00:00,2023-04-04 15:00:00+00:00,-1,48,-0.0015470372895215454,False,0.050170897868404056,17.3497935,17.3682089,time,-0.0013466259071626928,0.007447149154829922,0.04240935201908886,1.028527648028925,5.857166303475276,AVAX
1738,2023-04-08 21:00:00+00:00,2023-04-10 17:00:00+00:00,-1,45,-0.01726249140395706,False,0.04983770365111126,17.4387668,17.730333644758232,stop,-0.015002970964139117,0.024154987840080508,0.011742045888244691,4.414681271822994,2.146032546938647,AVAX
1739,2023-04-23 16:00:00+00:00,2023-04-25 15:00:00+00:00,-1,48,-0.005764150599766409,False,0.05062582539013295,16.8709372,16.9530844,time,-0.004923190544640478,0.022172022547745647,0.026610092532381637,2.7259037735529366,3.271535174222846,AVAX
1740,2023-04-29 14:00:00+00:00,2023-04-29 17:00:00+00:00,1,4,-0.02181775523883176,False,0.04808423971310212,17.6602965,17.294092384119864,stop,-0.018527243508752272,0.022100223515499957,0.003380662380158662,3.24333246276489,0.4961312737641135,AVAX
1741,2023-04-29 23:00:00+00:00,2023-04-30 15:00:00+00:00,-1,17,-0.022875707178619094,False,0.04773389774166158,17.4017779,17.784165591242143,stop,-0.019001813381823388,0.025412466619287342,0.009239165154498344,3.518504387754413,1.2792163634606575,AVAX
1742,2023-05-14 13:00:00+00:00,2023-05-15 00:00:00+00:00,1,12,-0.017126639166385984,False,0.05400755129024944,15.028507199999998,14.78712508899066,stop,-0.013900885891422693,0.01587031877657144,0.0073522139311349025,3.019783833175563,1.3989698051979385,AVAX
1743,2023-05-15 01:00:00+00:00,2023-05-15 01:00:00+00:00,-1,1,-0.020735334217855908,False,0.053704245571299776,14.8545423,15.147555150518519,stop,-0.01654165408436144,0.02271747544857036,0.0027292863813111394,3.5094577826016837,0.421627629950578,AVAX
1744,2023-05-15 02:00:00+00:00,2023-05-16 19:00:00+00:00,1,42,-0.02459627950903258,False,0.05160748302596374,15.137539899999998,14.784238346873902,stop,-0.019214867716735595,0.026790343918432817,0.013969251370891635,3.4873658066354616,1.8184122504535887,AVAX
1745,2023-05-20 01:00:00+00:00,2023-05-22 00:00:00+00:00,-1,48,0.02179144287691832,False,0.05235415433527394,14.5546323,14.2222654,time,0.016604980663868604,0.009712900819899105,0.033778407442144665,1.5315095121846136,5.326107335319159,AVAX
1746,2023-06-04 03:00:00+00:00,2023-06-05 15:00:00+00:00,1,37,-0.014989503304371746,False,0.053265375782545574,14.617383899999998,14.418701418388872,stop,-0.011670833963966681,0.04668303881654212,0.02172865556332568,10.53302288794738,4.902603433171003,AVAX
1747,2023-06-14 21:00:00+00:00,2023-06-16 18:00:00+00:00,-1,46,-0.04024093850975716,False,0.06828910097519775,11.2306298,11.666862948703296,stop,-0.030861967374997457,0.044019810892528814,0.018933025465766862,3.4273020419423634,1.474090767845228,AVAX
1748,2023-06-18 21:00:00+00:00,2023-06-20 17:00:00+00:00,-1,45,-0.02581473527678359,False,0.06460371427671764,11.3935809,11.665281413951142,stop,-0.01900139140282979,0.026542936997094552,0.023397464093136797,3.3827390203719925,2.9818672581059924,AVAX
1749,2023-07-02 02:00:00+00:00,2023-07-02 22:00:00+00:00,-1,21,-0.02472647389399161,False,0.055810880647437146,12.8481444,13.154237693905882,stop,-0.017730520001125193,0.02863102939596465,0.011530412127061818,3.652402290109693,1.4709112647107547,AVAX
1750,2023-07-12 16:00:00+00:00,2023-07-13 15:00:00+00:00,-1,24,-0.025911626481293935,False,0.053621462312395465,13.0420862,13.368026774464006,stop,-0.01812092631531675,0.051672239369189216,0.015571603874232908,6.280038522081338,1.8925108215666655,AVAX
1751,2023-07-30 03:00:00+00:00,2023-07-30 19:00:00+00:00,1,17,-0.012701635202766211,False,0.05116532713611883,13.313993,13.160771600121878,stop,-0.008652541977466385,0.02208150477471337,0.006835439976571971,5.908536745393513,1.82901702961643,AVAX
1752,2023-08-05 23:00:00+00:00,2023-08-07 16:00:00+00:00,1,42,-0.01650943272114636,False,0.0540656607581516,12.4397308,12.251718481929192,stop,-0.011103621470668902,0.0212810714521249,0.025665282081506202,4.308402561082723,5.19599623071755,AVAX
1753,2023-08-07 17:00:00+00:00,2023-08-08 12:00:00+00:00,-1,20,-0.023500769695022853,False,0.05361020426407141,12.3382974,12.616799906432883,stop,-0.015544787252720259,0.023560997970433057,0.0030228968220526054,3.1745495019917898,0.40729750127996295,AVAX
1754,2023-08-12 11:00:00+00:00,2023-08-12 20:00:00+00:00,1,10,-0.010330281046481177,False,0.05175698465773998,12.4797428,12.364230783910156,stop,-0.006672471670826566,0.009594973383586152,0.0005013885382317571,3.213087215125229,0.16790094538028488,AVAX
1755,2023-08-12 21:00:00+00:00,2023-08-14 02:00:00+00:00,-1,30,0.014857187783047343,False,0.05172989361101791,12.357291700000001,12.157174473486466,target,0.009497329295065507,0.005236446753134385,0.01661300105103142,1.940111837267225,6.155143270070744,AVAX
1756,2023-08-26 22:00:00+00:00,2023-08-28 05:00:00+00:00,1,32,-0.015351980336035017,False,0.06415512424681741,10.1120327,9.968058260202358,stop,-0.009959423984488593,0.0203750033363717,0.015819499871672676,4.384199175101931,3.4039669659393077,AVAX
1757,2023-09-09 14:00:00+00:00,2023-09-10 01:00:00+00:00,-1,12,0.020141053776598063,False,0.06485039902226347,9.8500441,9.638570704447813,target,0.012865688036743322,0.004665552715647328,0.029141402524278978,1.303877489080942,8.144119478967667,AVAX
1758,2023-09-10 02:00:00+00:00,2023-09-10 04:00:00+00:00,-1,3,0.029619668538538396,False,0.06746434800949862,9.6591014,9.363490722090823,target,0.019301508262304822,0.0013353830202051465,0.05177514753080448,0.2618024509377712,10.15054131746183,AVAX
1759,2023-09-10 05:00:00+00:00,2023-09-10 12:00:00+00:00,-1,8,-0.02730247480588067,False,0.07148996920752197,9.3851836,9.6281004385283,stop,-0.018318499545697246,0.028216432548000537,0.00438815070170818,3.309801277805828,0.5147322141100173,AVAX
1760,2023-09-21 08:00:00+00:00,2023-09-23 07:00:00+00:00,-1,48,0.0031552836558716825,False,0.07287606990126094,8.955312600000001,8.9166742,time,0.0020592264208251854,0.0030917290369070513,0.028509624555149715,0.36676814427405496,3.382062906296225,AVAX
1761,2023-10-13 16:00:00+00:00,2023-10-13 20:00:00+00:00,-1,5,-0.023115566985698936,False,0.07257937255343373,9.0202931,9.219682301682846,stop,-0.015133466137093153,0.03211723796425202,0.0,4.420213914766846,0.0,AVAX
1762,2023-10-13 21:00:00+00:00,2023-10-15 20:00:00+00:00,1,48,-0.007257815145177204,False,0.0691800409789392,9.244772600000001,9.188242700000002,time,-0.0046417628733739094,0.019445865006998818,0.010517013690525986,2.427981761822394,1.3131386760240855,AVAX
1763,2023-11-04 23:00:00+00:00,2023-11-06 09:00:00+00:00,1,35,0.05637398407846634,False,0.05191996465973098,12.228667499999998,12.937084295323519,target,0.03579251810180002,0.012402618682697729,0.05980475795911554,1.2845615829653072,6.1940866294623955,AVAX
1764,2023-11-08 17:00:00+00:00,2023-11-09 10:00:00+00:00,1,18,0.06300500973452382,False,0.05196491912981021,12.9068709,13.736719452172828,target,0.04225774371135788,0.0027017315250282385,0.0653240515483889,0.2521247997025166,6.096021480973125,AVAX
1765,2023-11-09 11:00:00+00:00,2023-11-09 16:00:00+00:00,1,6,-0.039086713455406784,False,0.05233485731127408,13.623085699999999,13.109637888429864,stop,-0.02786735102364839,0.14652228899947378,0.026713059582382365,11.752886389697792,2.142715327045535,AVAX
1766,2023-11-24 06:00:00+00:00,2023-11-26 05:00:00+00:00,1,48,0.02028665569226838,False,0.032741630576374,20.9242754,21.3825833,time,0.013898284255962491,0.019655418987650938,0.04567539767709232,1.3825074370226915,3.2126802800399568,AVAX
1767,2023-12-02 19:00:00+00:00,2023-12-03 15:00:00+00:00,1,21,-0.02677996090431746,False,0.031472483196763844,22.2096609,21.642227599389546,stop,-0.018719010018887688,0.029656504120691055,0.025229520726270983,3.522635818412396,2.9967933182567283,AVAX
1768,2023-12-15 09:00:00+00:00,2023-12-17 08:00:00+00:00,1,48,0.050085150331535204,False,0.016907914783393665,40.2340666,42.3322965,time,0.03407163404417381,0.04372082537637389,0.1288443808461559,1.8472368751589423,5.443769402959552,AVAX
1769,2023-12-31 08:00:00+00:00,2023-12-31 22:00:00+00:00,1,15,-0.0423814031603841,False,0.017689659748257317,40.382110999999995,38.74503135538931,stop,-0.03027497749433152,0.07233675822445232,0.005395681270848042,5.391318544781236,0.4021445971768537,AVAX
1770,2023-12-31 23:00:00+00:00,2024-01-01 15:00:00+00:00,-1,17,-0.04944798293699749,False,0.017887700863822888,38.2425238,40.1173616504449,stop,-0.033825922532340506,0.054559061292916024,0.004354414496043282,3.360214512484414,0.2681821577615181,AVAX
1771,2024-01-03 12:00:00+00:00,2024-01-03 12:00:00+00:00,-1,1,0.09821993775593865,False,0.016520790314961106,39.359188700000004,35.455924079372075,target,0.06386701394589116,0.000960672748826101,0.18697511160843627,0.058122577393553254,11.312359394402685,AVAX
1772,2024-01-03 13:00:00+00:00,2024-01-05 12:00:00+00:00,-1,48,0.026311934511400764,False,0.0189587084051745,37.6666966,36.660995,time,0.018789666005112633,0.047370849080511056,0.05778835938588784,1.5756359300785336,1.922140243548145,AVAX
1773,2024-01-14 07:00:00+00:00,2024-01-14 23:00:00+00:00,1,17,-0.04000418996931065,False,0.019872569879764067,36.8800607,35.44825260232866,stop,-0.029319134172369917,0.04365667163882944,0.02695058742134882,3.3987352931294623,2.0981423732275433,AVAX
1774,2024-01-18 11:00:00+00:00,2024-01-19 03:00:00+00:00,-1,17,0.07060041007348376,False,0.02003511692480417,35.1174616,32.61117089405315,target,0.04967320943814351,0.007532959045080847,0.07168688980640894,0.6332986018875884,6.026742853157401,AVAX
1775,2024-01-21 03:00:00+00:00,2024-01-22 04:00:00+00:00,1,26,-0.03328581400773876,False,0.022831536891987525,32.991894599999995,31.936055707735342,stop,-0.025072727755647246,0.03803645153497783,0.015400916078338987,3.5982462007352916,1.4569258048629015,AVAX
1776,2024-01-22 05:00:00+00:00,2024-01-22 19:00:00+00:00,-1,15,0.06674494633495417,False,0.022941055443174367,31.7414747,29.598483095658366,target,0.04860253064767444,0.020967056707040622,0.07657094457555248,1.8633539169775417,6.804902161285004,AVAX
1777,2024-02-06 11:00:00+00:00,2024-02-07 16:00:00+00:00,-1,30,-0.03158650040556177,False,0.022883100693798994,33.9458132,34.997254208704575,stop,-0.02453593429749936,0.03199766620998176,0.009715872707388957,3.1303867723022023,0.9505205537488388,AVAX
1778,2024-02-07 17:00:00+00:00,2024-02-09 13:00:00+00:00,1,45,0.05832690296868264,False,0.02147290046584882,35.0325066,37.12973213257422,target,0.043876385186539066,0.002383688982163776,0.07043439478007556,0.23890592223765364,7.059307723489231,AVAX
1779,2024-02-19 17:00:00+00:00,2024-02-21 09:00:00+00:00,-1,41,0.07280075814057563,False,0.02024673485175573,39.3212001,36.46544807490527,target,0.0579585700037218,0.016347413058738255,0.07296827392610533,1.3505372196565502,6.028254711446433,AVAX
1780,2024-02-25 07:00:00+00:00,2024-02-26 16:00:00+00:00,1,34,0.049943836155070864,False,0.023054633022304805,37.0461105,39.00946065099014,target,0.042656255455632175,0.020113056133112695,0.054712612812619105,2.2770584237077385,6.19417631331165,AVAX
1781,2024-03-10 06:00:00+00:00,2024-03-10 12:00:00+00:00,1,7,-0.02999398139155984,False,0.02063891233994763,43.449030799999996,42.227024235061016,stop,-0.026896825006732555,0.030772396423627335,0.012542723967964879,3.3167761957217765,1.3519066800567063,AVAX
1782,2024-03-10 13:00:00+00:00,2024-03-11 08:00:00+00:00,-1,20,-0.03461465136398738,False,0.020462465180694132,42.5092434,43.992708963835966,stop,-0.0301093437871638,0.049654061826938906,0.05902818303277547,4.306870464780354,5.119958543967161,AVAX
1783,2024-03-24 18:00:00+00:00,2024-03-24 21:00:00+00:00,-1,4,-0.041812120277026354,False,0.015894086266769886,52.8331453,54.988300403045685,stop,-0.03511108280578351,0.048451680956424194,0.00019202528909437847,3.590823840757973,0.014231270670024334,AVAX
1784,2024-03-24 22:00:00+00:00,2024-03-26 21:00:00+00:00,1,48,0.01385581251273292,False,0.014615563843406105,55.0525108,55.967204800000005,time,0.01114871217002982,0.004423246032949378,0.07789815827982183,0.3308254737372377,5.826195270218041,AVAX
1785,2024-03-29 05:00:00+00:00,2024-03-31 04:00:00+00:00,-1,48,0.010043659515693422,False,0.015100240629317474,54.023788,53.5940734,time,0.008193338204175322,0.01257246159784278,0.026910145582534916,1.2023223521169049,2.5734554272294,AVAX
1786,2024-04-23 01:00:00+00:00,2024-04-23 11:00:00+00:00,1,11,-0.04241272295894991,False,0.020772643899355774,39.6658962,38.02240168249218,stop,-0.03494662203626348,0.04325872763212636,0.0024228319338969488,3.154057891939678,0.1766522641843943,AVAX
1787,2024-04-26 23:00:00+00:00,2024-04-28 22:00:00+00:00,-1,48,0.0044302726337936,False,0.022980890152066162,34.333696800000006,34.150242,time,0.0034955689052308253,0.03035802424864403,0.03884512663372752,2.334039912446486,2.9865604963145036,AVAX
1788,2024-05-03 13:00:00+00:00,2024-05-04 18:00:00+00:00,1,30,0.07706322106016152,False,0.022880318841950336,34.6373881,37.35380440381882,target,0.0610737188415343,0.005034678119970645,0.0823564378400691,0.3851871300172402,6.300827813446079,AVAX
1789,2024-05-06 06:00:00+00:00,2024-05-07 03:00:00+00:00,1,22,-0.03380259764120989,False,0.02264381591511429,37.6963055,36.470467939343045,stop,-0.028853498557751454,0.03536965976679071,0.05750416310691232,3.2924019227306522,5.352802894529902,AVAX
1790,2024-05-12 08:00:00+00:00,2024-05-12 10:00:00+00:00,-1,3,-0.02464838473270999,False,0.024824933754324627,33.2220304,34.00728512913642,stop,-0.02032837828326143,0.02365808442580925,0.0008738297945812322,3.0422446981259705,0.11236767997704557,AVAX
1791,2024-05-12 22:00:00+00:00,2024-05-14 21:00:00+00:00,-1,48,0.042548909198504854,False,0.024229079189908655,33.200037,31.7685277,time,0.03422661170584454,0.018221756801054104,0.0490372043862482,2.181816147916639,5.871561427733232,AVAX
1792,2024-05-19 03:00:00+00:00,2024-05-19 06:00:00+00:00,1,4,-0.026564257809510553,False,0.022241183787236614,37.7063085,36.74189250046129,stop,-0.022277661553632113,0.028014105385044525,0.0009200449839846026,3.323849723362407,0.10916255305910176,AVAX
1793,2024-05-19 13:00:00+00:00,2024-05-20 19:00:00+00:00,-1,31,-0.028757418357595252,False,0.022477917250952488,36.3181013,37.339414405984634,stop,-0.02347627019268707,0.06789723613662581,0.032961560685993235,7.3236203082800735,3.5553428823935413,AVAX
1794,2024-06-02 00:00:00+00:00,2024-06-03 23:00:00+00:00,-1,48,0.01979635547605125,False,0.022165868495084257,35.7702657,35.0585144,time,0.01569611464317622,0.014893216183182956,0.033415063506223835,2.628375279956743,5.897136375225374,AVAX
1795,2024-06-15 19:00:00+00:00,2024-06-17 10:00:00+00:00,-1,40,0.05377521163521558,False,0.026884419661401135,30.0759745,28.444231929312497,target,0.04348129821084292,0.013001257864479098,0.06004708176621181,1.437820549727694,6.640659620368016,AVAX
1796,2024-06-30 07:00:00+00:00,2024-07-01 00:00:00+00:00,1,18,0.049312107528577696,False,0.03024001981436393,28.176450399999997,29.603348251224045,target,0.04201669772428153,0.011408477485155345,0.05495900221697212,1.351675173065446,6.5115366121194995,AVAX
1797,2024-07-01 01:00:00+00:00,2024-07-02 02:00:00+00:00,1,26,-0.03866799853122091,False,0.030144176406405716,29.6598953,28.55093652801744,stop,-0.03457201794088291,0.040016840517977145,0.015647550178641393,3.2358372221355687,1.265290428926681,AVAX
1798,2024-07-13 16:00:00+00:00,2024-07-15 15:00:00+00:00,1,48,0.026753737390396777,False,0.032825616029198,26.183852799999997,26.905925800000002,time,0.02299486666740759,0.025811816357293217,0.0432001817547647,2.1567402466948344,3.6096479753819013,AVAX
1799,2024-07-20 18:00:00+00:00,2024-07-21 14:00:00+00:00,1,21,0.05703588384260896,False,0.030655383976392905,28.7876337,30.464971534433992,target,0.0503339373424847,0.009088405901176964,0.062018515262683774,0.9358891022271169,6.386428291361335,AVAX
1800,2024-07-27 13:00:00+00:00,2024-07-27 19:00:00+00:00,1,7,-0.031192288712079224,False,0.032246970405151947,28.927675699999998,28.052375797474937,stop,-0.029097099628300392,0.03632077844401441,0.01978466247808502,3.6360523353473377,1.9806312333967924,AVAX
1801,2024-07-28 05:00:00+00:00,2024-07-29 03:00:00+00:00,-1,23,-0.03959047347933377,False,0.03303142369776969,27.3597896,28.39801819911939,stop,-0.035779209552133207,0.03871412812326603,0.011395906348636574,3.085942453279884,0.908379263582717,AVAX
1802,2024-08-11 04:00:00+00:00,2024-08-11 13:00:00+00:00,1,10,-0.027062911872744053,False,0.03948906772046571,21.9795919,21.40438094278281,stop,-0.023489351597188107,0.026870012086075163,0.01794428676357725,3.115003454326434,2.080256423960988,AVAX
1803,2024-08-11 17:00:00+00:00,2024-08-13 16:00:00+00:00,-1,48,-0.020292416764099264,False,0.039907292328016424,21.160649900000003,21.5344584,time,-0.01713622032907292,0.025819155015649964,0.041806367204251266,2.3075345178248723,3.7363591229146578,AVAX
1804,2024-08-18 00:00:00+00:00,2024-08-19 23:00:00+00:00,1,48,0.023321882590288733,False,0.03997872665854145,20.6942064,21.1896412,time,0.019294846971307917,0.01595646596044379,0.03932470684162116,2.2104487403013184,5.447650433139051,AVAX
1805,2024-09-05 15:00:00+00:00,2024-09-07 14:00:00+00:00,-1,48,-0.01680463479215879,False,0.03939878721245344,21.488551500000003,21.8195439,time,-0.014227188104309736,0.032317138733152694,0.0480977742962342,2.778678564643805,4.135522502396476,AVAX
1806,2024-09-08 03:00:00+00:00,2024-09-08 22:00:00+00:00,1,20,0.05299675380217781,False,0.0374958787066731,22.199657900000002,23.40312840863319,target,0.04411426891620253,0.0033179745531123975,0.058214505188388464,0.36722744498486687,6.443076539371514,AVAX
1807,2024-09-10 19:00:00+00:00,2024-09-11 05:00:00+00:00,1,11,-0.03534034955160995,False,0.0361756698349359,24.2292666,23.398015825709706,stop,-0.030976167978326,0.04049922831754214,0.015672509047384982,3.5715788456316075,1.382139959130147,AVAX
1808,2024-09-11 06:00:00+00:00,2024-09-13 05:00:00+00:00,-1,48,-0.019458593278642224,False,0.03617877992732723,23.370986600000002,23.7881343,time,-0.016452897945611587,0.03123588287025919,0.02182135520115361,2.540724021155244,1.7749471517746107,AVAX
1809,2024-09-13 11:00:00+00:00,2024-09-14 15:00:00+00:00,1,29,0.05068944195385662,False,0.034427091724623916,24.082222499999997,25.332294532539876,target,0.042025647290854624,0.017117294718126414,0.06240194400662166,1.978553983784986,7.212916348252426,AVAX
1810,2024-09-14 16:00:00+00:00,2024-09-15 07:00:00+00:00,1,16,-0.02771994181951416,False,0.034208480050601474,25.4646371,24.786433484855387,stop,-0.024147022336606504,0.02798536249314945,0.007279228024027001,3.187271032466268,0.8290359871299606,AVAX
1811,2024-09-29 07:00:00+00:00,2024-10-01 06:00:00+00:00,-1,48,0.0021014152718129447,False,0.029448839792698685,28.7603693,28.6725992,time,0.001779813644496783,0.0222400030169292,0.0426757141814587,2.5718494285568876,4.935049291463458,AVAX
1812,2024-10-09 13:00:00+00:00,2024-10-11 12:00:00+00:00,-1,48,-0.01893518670019122,False,0.032521030404695075,26.098168200000003,26.564967099999997,time,-0.016071037513135468,0.019343572166877137,0.040162519912029786,1.7623350732988816,3.6590872080098134,AVAX
1813,2024-10-20 15:00:00+00:00,2024-10-21 13:00:00+00:00,1,23,-0.023726047311430198,False,0.029329101488914554,28.3905146,27.752687217553326,stop,-0.019755927101526148,0.028901011889372347,0.033197193262569424,3.9103215347697713,4.491597048761961,AVAX
1814,2024-11-19 10:00:00+00:00,2024-11-21 09:00:00+00:00,-1,48,0.020786496849330056,False,0.023539044834723657,34.534636500000005,33.803137899999996,time,0.016897600145990184,0.036061288787562484,0.06435963210442383,1.9673228467498727,3.511138367609297,AVAX
1815,2024-11-30 08:00:00+00:00,2024-12-02 07:00:00+00:00,1,48,0.06472561325292583,False,0.018257391305406417,45.450631099999995,48.4894488,time,0.05370995835476405,0.040299354611161735,0.08233920650663974,2.7936988087797965,5.708055261752537,AVAX
1816,2024-12-07 19:00:00+00:00,2024-12-08 08:00:00+00:00,1,14,-0.04345791112931968,False,0.016699216118570965,52.9078676,50.67953159011245,stop,-0.038395929965529714,0.04399851488250123,0.004387483573425998,3.1555355589224616,0.314666539702689,AVAX
1817,2024-12-08 09:00:00+00:00,2024-12-08 15:00:00+00:00,-1,7,-0.040886636270933564,False,0.01670838798994448,50.580821199999995,52.59731177220342,stop,-0.03455427699732878,0.045593937490283475,0.0038912219163415866,3.4580300333099143,0.29512612846500846,AVAX
1818,2024-12-22 15:00:00+00:00,2024-12-23 21:00:00+00:00,-1,31,-0.06183163530827342,False,0.02209841520667151,36.67999270000001,38.918778015868604,stop,-0.05011885060557321,0.06837534894056822,0.03159740814234147,3.378374280079141,1.5612040397488107,AVAX
1819,2024-12-25 12:00:00+00:00,2024-12-27 11:00:00+00:00,-1,48,0.04694386169602902,False,0.018807740427127694,40.4328665,38.5095494,time,0.035698499897851885,0.014422264619798729,0.08975041381248595,0.8973184066815659,5.584053575793773,AVAX
1820,2025-01-11 21:00:00+00:00,2025-01-13 02:00:00+00:00,1,30,-0.036023746604760605,False,0.021307808866200442,37.3642059,36.06504437038549,stop,-0.028680282723293128,0.05620903346965013,0.010914030960309977,4.890497630965317,0.9495812196183331,AVAX
1821,2025-01-23 02:00:00+00:00,2025-01-25 01:00:00+00:00,-1,48,0.01959614382325636,False,0.02120833705858666,36.1871406,35.4636359,time,0.015039434374214214,0.016438419563882235,0.04595943676190869,1.0798867113154131,3.0192066108212297,AVAX
1822,2025-01-28 17:00:00+00:00,2025-01-30 16:00:00+00:00,-1,48,-0.030890796183506507,False,0.023355015139644986,33.504945500000005,34.5133509,time,-0.024172310875904175,0.034265225114304194,0.050886383325112534,2.535380161330444,3.765226299665783,AVAX
1823,2025-02-12 14:00:00+00:00,2025-02-12 19:00:00+00:00,-1,6,-0.052999154253868086,False,0.030634188177848062,24.7545714,26.04155126836281,stop,-0.04019117716216092,0.054391109352836524,0.020100182384898743,3.157740255013807,1.1669398878808515,AVAX
1824,2025-02-12 20:00:00+00:00,2025-02-14 19:00:00+00:00,1,48,0.020298195257620145,False,0.02760843110577882,26.0118012,26.5730257,time,0.014577047867003578,0.036283577317206286,0.04640965809011336,1.938626032196541,2.4796609918661137,AVAX
1825,2025-02-17 10:00:00+00:00,2025-02-17 19:00:00+00:00,1,10,-0.03487410951769606,False,0.028918370254198834,25.337598999999997,24.47992274097902,stop,-0.025553029688513973,0.03704372304573912,0.023932851727584834,3.311416438992853,2.139408032633445,AVAX
1826,2025-03-02 16:00:00+00:00,2025-03-02 17:00:00+00:00,1,2,0.09117547467212636,False,0.03140635062017619,22.516753,24.593283661180617,target,0.0644764728540295,0.00029991002699189295,0.10122449715551785,0.019512353348523206,6.585735648239721,AVAX
1827,2025-03-02 18:00:00+00:00,2025-03-03 08:00:00+00:00,1,15,-0.06219612929872097,False,0.03139914067785256,24.5753704,23.075196575525403,stop,-0.047993364062004065,0.06149939453201489,0.021307088824183078,3.036406271705849,1.0519937412369749,AVAX
1828,2025-03-14 19:00:00+00:00,2025-03-16 18:00:00+00:00,1,48,-0.02693701471566605,False,0.037969617267757765,19.0587159,18.5534323,time,-0.019493028568802157,0.04783721551775694,0.04099353304280068,2.901703467411999,2.486580284498562,AVAX
1829,2025-03-24 00:00:00+00:00,2025-03-24 03:00:00+00:00,1,4,0.05311187316225401,False,0.03553856701274792,19.8139424,20.886648290938474,target,0.03739920985522232,0.002419629523097845,0.06788440043108233,0.26815775174716466,7.5233534822294255,AVAX
1830,2025-03-24 04:00:00+00:00,2025-03-25 15:00:00+00:00,1,36,0.07334720079379743,False,0.03507290196554364,21.1433411,22.72228208685688,target,0.05439122770327019,0.0007255759592319376,0.07835369500802311,0.05829641561413649,6.295329263563545,AVAX
1831,2025-04-19 08:00:00+00:00,2025-04-21 06:00:00+00:00,1,47,0.0444264937145664,False,0.040874857146678864,19.4728401,20.360659276235523,target,0.0353612480057274,0.013292365092650273,0.052183446008987756,1.7492758002649942,6.867343669971138,AVAX
1832,2020-02-23 06:00:00+00:00,2020-02-24 07:00:00+00:00,1,26,-0.054816119878179664,False,0.2336839855009369,4.2792834,4.049145797041416,stop,-0.054816119878179664,0.05731880248922049,0.02306848852310188,3.2144075705890836,1.2936684112451786,LINK
1833,2020-03-07 15:00:00+00:00,2020-03-08 00:00:00+00:00,-1,10,0.06397753835128915,False,0.20724847005215558,4.5606314,4.26444089355363,target,0.06047053793951405,0.015429574071695448,0.07688220538936782,1.4254731019761722,7.102821846793135,LINK
1834,2020-03-08 01:00:00+00:00,2020-03-09 15:00:00+00:00,-1,39,0.10205273499075913,False,0.2350914243801849,4.2777163,3.821041776482208,target,0.10262978381869944,0.028118671637948473,0.15842946387071058,1.580342591569775,8.90414855787675,LINK
1835,2020-03-22 13:00:00+00:00,2020-03-24 08:00:00+00:00,-1,44,-0.09218325721431193,False,0.5199891120619644,2.1313604,2.324264460269464,stop,-0.10216524764846553,0.11337341164825998,0.09682097875141159,3.771552740106842,3.2209088744955054,LINK
1836,2020-03-25 04:00:00+00:00,2020-03-27 03:00:00+00:00,-1,48,-0.040517254841331694,False,0.44969655071300996,2.2373286,2.3256975,time,-0.04076517806929456,0.055723330046377625,0.026070645143498494,2.2352306247848945,1.0457721098891073,LINK
1837,2020-04-05 21:00:00+00:00,2020-04-06 04:00:00+00:00,-1,8,-0.02736148607340228,False,0.42689808541248203,2.2613214,2.32090340159279,stop,-0.026413513902370348,0.029928784117109693,0.0045643224355458875,3.4479504292517986,0.525833506610354,LINK
1838,2020-04-06 05:00:00+00:00,2020-04-06 16:00:00+00:00,1,12,0.04819016524074641,False,0.40424576428100983,2.3226966,2.437007585050645,target,0.045247686389494494,0.005896852821845021,0.06772447163353147,0.7189125346403894,8.25660280664927,LINK
1839,2020-04-06 17:00:00+00:00,2020-04-07 00:00:00+00:00,1,8,0.06549496287587471,False,0.39753243669299115,2.4757425,2.640449259007229,target,0.06445935315967559,0.02049587144058808,0.08492704713838373,1.8484669471678354,7.659339589971722,LINK
1840,2020-04-18 03:00:00+00:00,2020-04-18 22:00:00+00:00,1,20,0.07833246704788281,False,0.29824546286443315,3.5160545,3.795131316167894,target,0.08214313021381045,0.002575187614412679,0.09128001286669478,0.1946668331177907,6.900153966359948,LINK
1841,2020-04-26 05:00:00+00:00,2020-04-27 14:00:00+00:00,-1,34,0.057952461382976314,False,0.3008323858920664,3.7588719999999998,3.538520365523687,target,0.06553208884404525,0.01599628824817663,0.07419034220904563,1.6372376853813742,7.59346307540036,LINK
1842,2020-05-02 11:00:00+00:00,2020-05-03 14:00:00+00:00,1,28,-0.03379041046920042,False,0.3136542700622618,3.8141439,3.692314066643725,stop,-0.0404242290336421,0.041462489131571516,0.01569319395631617,3.9299585787992224,1.4874553725339086,LINK
1843,2020-05-05 11:00:00+00:00,2020-05-07 10:00:00+00:00,-1,48,0.01765956957514003,False,0.3142824586525963,3.6778963,3.6160845,time,0.020412666306415445,0.024770600519650354,0.030423995369309398,1.8081685018343567,2.2208468495989493,LINK
1844,2020-05-16 18:00:00+00:00,2020-05-18 17:00:00+00:00,1,48,0.03543626718599515,False,0.31367249151466947,3.7501247,3.8868336,time,0.04168406940645245,0.004033119218675668,0.055164912249451234,0.3983697605659527,5.448892455916992,LINK
1845,2020-05-19 01:00:00+00:00,2020-05-19 23:00:00+00:00,-1,23,-0.030699796034096463,False,0.3176950549431205,3.8338495,3.948356829200822,stop,-0.037392198916210664,0.03133938877882407,0.014828307683960932,3.1807394416353976,1.5049745684558151,LINK
1846,2020-05-26 12:00:00+00:00,2020-05-28 11:00:00+00:00,-1,48,-0.014379650082018462,False,0.3084244230255089,3.8278513000000003,3.8801636999999998,time,-0.016976655561539804,0.02328948880537745,0.014590770545344979,2.694915207723619,1.6883534784145624,LINK
1847,2020-05-28 13:00:00+00:00,2020-05-28 23:00:00+00:00,1,11,0.037502983771358855,False,0.2977417941928413,3.9081721,4.058723662723339,target,0.04363945348451278,0.0036262732646803577,0.03961644882527049,0.5648071561784997,6.170426817203591,LINK
1848,2020-05-29 00:00:00+00:00,2020-05-30 00:00:00+00:00,1,25,-0.0254208518454908,False,0.29836923497806456,4.0462134999999995,3.9473520888757125,stop,-0.030689720630755327,0.02550866384089703,0.021201674108397944,3.1700500127719953,2.6348054801035428,LINK
1849,2020-06-07 04:00:00+00:00,2020-06-07 11:00:00+00:00,1,8,-0.0197316221332934,False,0.26726267643954976,4.4023202999999995,4.3209600779896675,stop,-0.023215751186793455,0.022788051110229288,0.00174446643512073,3.75902540988905,0.2877601785513729,LINK
1850,2020-06-07 12:00:00+00:00,2020-06-08 17:00:00+00:00,-1,30,-0.019745588784344608,False,0.26681458524869384,4.3227028,4.4087809770672015,stop,-0.022773775335652637,0.019732376697283074,0.025840962279433083,3.0191583229980368,3.9538043256072086,LINK
1851,2020-06-22 02:00:00+00:00,2020-06-22 21:00:00+00:00,1,20,0.03857282695687926,False,0.2634609103049306,4.291287,4.461190309528069,target,0.04360991277238983,0.002164152619016067,0.044208881857587305,0.32796300528090633,6.6995634350015445,LINK
1852,2020-07-04 18:00:00+00:00,2020-07-05 10:00:00+00:00,1,17,-0.0306971360681214,False,0.24303191282203415,4.831449,4.687897025653638,stop,-0.03604446335149071,0.03176045116071807,0.0034256803704229848,3.2385691138615913,0.3493118717197399,LINK
1853,2020-07-05 11:00:00+00:00,2020-07-06 02:00:00+00:00,-1,16,-0.028166063779409688,False,0.24311197455341954,4.6815951,4.808712052599672,stop,-0.03205725700121318,0.027213993794550955,0.012729657035056305,3.0413001354034748,1.4226029430530833,LINK
1854,2020-07-19 21:00:00+00:00,2020-07-20 16:00:00+00:00,1,20,-0.040212864346719925,False,0.13712336842342637,8.0664192,7.749953565329288,stop,-0.044479230971216796,0.038978782555709544,0.016188199095826663,3.0026667964697533,1.2470314548744268,LINK
1855,2020-07-30 11:00:00+00:00,2020-08-01 06:00:00+00:00,1,44,0.08361866647367894,False,0.1458827425103305,7.2771825,7.881737072051619,target,0.08877085910972521,0.013766660379893004,0.08407340340853069,0.9942774859184779,6.072082107562935,LINK
1856,2020-08-01 07:00:00+00:00,2020-08-02 04:00:00+00:00,1,22,-0.0443046648185965,False,0.14612975700147757,7.872361,7.528014726187102,stop,-0.050967475001074077,0.16048057247374706,0.07731340064308537,11.079289410086252,5.337577800221386,LINK
1857,2020-08-07 00:00:00+00:00,2020-08-07 17:00:00+00:00,1,18,-0.05389283558113596,False,0.10754295481970236,10.223066000000001,9.675503199076438,stop,-0.05925079257892087,0.12120297374584112,0.0016564502273583204,6.824813500759436,0.09327299096404401,LINK
1858,2020-08-07 18:00:00+00:00,2020-08-07 23:00:00+00:00,-1,6,-0.0679337250282966,False,0.10953574864731387,9.4961503,10.131445365474839,stop,-0.07066248230141305,0.06706398697164671,0.0200239353835839,3.021794111706595,0.9022459410426762,LINK
1859,2020-08-17 12:00:00+00:00,2020-08-17 23:00:00+00:00,1,12,-0.061785506950384025,False,0.050187173035977625,19.3177936,18.172353702912574,stop,-0.05990138572413686,0.191419044874773,0.013780372930374301,9.731150557520206,0.7005514201158833,LINK
1860,2020-08-18 00:00:00+00:00,2020-08-19 23:00:00+00:00,-1,48,0.03850498113804833,False,0.05412068923748528,16.8069564,16.2138627,time,0.03502428734097989,0.05301635696514329,0.12833712116966045,1.6354189026667119,3.958871674503855,LINK
1861,2020-09-12 19:00:00+00:00,2020-09-13 15:00:00+00:00,1,21,-0.044311162844108236,False,0.07472857863249907,12.6407911,12.095610748013552,stop,-0.04185758071904533,0.04982212703443856,0.04724458265907108,3.4888214884595268,3.308327544513214,LINK
1862,2020-09-15 14:00:00+00:00,2020-09-17 13:00:00+00:00,-1,48,0.07451161004361004,False,0.07745447152237268,11.6555023,10.7622277,time,0.06726690364560617,0.0145422904682537,0.10128283360211773,0.7702389098712723,5.364490519060348,LINK
1863,2020-09-23 04:00:00+00:00,2020-09-23 19:00:00+00:00,-1,16,0.11107404534309742,False,0.11284204829071767,8.5964203,7.6304502901544,target,0.1077460086552442,0.0012307099502800243,0.11358452308340485,0.06571446251229007,6.064910649696488,LINK
1864,2020-09-23 20:00:00+00:00,2020-09-24 02:00:00+00:00,-1,7,-0.08139109138678631,False,0.13868113138793065,7.7716678,8.392099118278406,stop,-0.08772199026063489,0.08728270655109563,0.05953262696071494,3.293330688511613,2.246271169680809,LINK
1865,2020-10-03 19:00:00+00:00,2020-10-05 18:00:00+00:00,1,48,0.006343565029568421,False,0.10499254944154442,9.4298281,9.493151200000002,time,0.0062805207329221825,0.03476501337283122,0.03193821741034706,2.4752173520023355,2.273953675159368,LINK
1866,2020-10-18 02:00:00+00:00,2020-10-20 01:00:00+00:00,1,48,0.007983728519330569,False,0.09267244145210449,10.751224399999998,10.8527432,time,0.007954525746908367,0.009322138230134825,0.044253155017395254,0.9655135248522557,4.583392632878887,LINK
1867,2020-11-01 21:00:00+00:00,2020-11-02 12:00:00+00:00,1,16,-0.028898244740384,False,0.08885702635915534,11.302389699999999,10.989200471383896,stop,-0.029022412969877273,0.052678213705549225,0.03429454392286619,5.763853542860029,3.752381005086328,LINK
1868,2020-11-02 13:00:00+00:00,2020-11-04 12:00:00+00:00,-1,48,0.06395248809357355,False,0.08983121515869753,10.856742,10.1470432,time,0.06237121975502402,0.01715597552193823,0.08324246813638946,1.0989562842259395,5.332243179991878,LINK
1869,2020-11-14 05:00:00+00:00,2020-11-16 04:00:00+00:00,-1,48,0.03609496554909261,False,0.08202599441753593,12.6502038,12.1886555,time,0.03745378024512764,0.007098399474006919,0.06602295213615456,0.515246036512047,4.792356999848536,LINK
1870,2020-12-04 03:00:00+00:00,2020-12-04 22:00:00+00:00,-1,20,0.07916705469068584,False,0.07874510896320948,13.6529029,12.561647314321917,target,0.085112447180894,0.016047656795391038,0.08444379253587167,1.2046514283664724,6.338952570585623,LINK
1871,2020-12-16 01:00:00+00:00,2020-12-16 13:00:00+00:00,-1,13,-0.03874188562561763,False,0.09348799272498948,12.4102758,12.879678108671635,stop,-0.04494879183839395,0.04896943547378695,0.007838327009622158,3.9162570504009055,0.6268584295036951,LINK
1872,2020-12-16 14:00:00+00:00,2020-12-17 10:00:00+00:00,1,21,0.07318973875853046,False,0.08573075765598803,13.0089015,14.000219690455683,target,0.08162580628991414,0.005911452246755804,0.10532007641075607,0.46544994779920507,8.29258564923661,LINK
1873,2021-01-19 09:00:00+00:00,2021-01-19 18:00:00+00:00,1,10,-0.07143502269547022,False,0.05291804118386053,22.6177833,21.070536499583064,stop,-0.0854997777459515,0.08227080767901768,0.013804036224893908,3.6227295003989703,0.6078497424214944,LINK
1874,2021-01-19 19:00:00+00:00,2021-01-21 18:00:00+00:00,-1,48,0.05906816948256506,False,0.05294925353254107,20.9897012,19.8119418,time,0.06564771442802203,0.05223031950545345,0.09217383237451705,2.0019867520064945,3.533020533718606,LINK
1875,2021-02-01 14:00:00+00:00,2021-02-01 22:00:00+00:00,-1,9,-0.04544542618307738,False,0.05344484529376532,22.023391,23.015664611185958,stop,-0.05349093559344664,0.05506004956275809,0.016954291916263103,3.6918349172753033,1.1368033154927502,LINK
1876,2021-02-01 23:00:00+00:00,2021-02-03 14:00:00+00:00,1,40,0.08620034173101065,False,0.04903771345111014,22.9118715,25.087723225579794,target,0.09685003098341372,0.006192052011115748,0.11588440080069408,0.3912164556034623,7.32162528021296,LINK
1877,2021-03-06 13:00:00+00:00,2021-03-06 20:00:00+00:00,-1,8,-0.05413038957385548,False,0.04550158592730718,26.8209513,28.249439565927442,stop,-0.06606050118330452,0.05678578224031898,0.018789464041120744,3.21767232062565,1.0646738669310543,LINK
1878,2021-03-08 06:00:00+00:00,2021-03-08 23:00:00+00:00,1,18,0.08613858846244321,False,0.039405467724400685,29.2937855,31.86557722293305,target,0.0994328149949464,0.034744075667516534,0.08876334879969679,2.374497493535543,6.066310448424332,LINK
1879,2021-03-10 03:00:00+00:00,2021-03-12 02:00:00+00:00,-1,48,0.004882199101451518,False,0.04154033908628131,30.1819427,30.1320369,time,0.006121145657442115,0.028263830081421488,0.054467756311789704,1.4467704928223595,2.788098513723195,LINK
1880,2021-03-12 12:00:00+00:00,2021-03-13 12:00:00+00:00,-1,25,-0.04920984631040035,False,0.04344101754183332,29.0022967,30.41351866558284,stop,-0.061998957822067186,0.053020052718790386,0.07221140869164329,3.2901417682916287,4.481054991470274,LINK
1881,2021-03-17 07:00:00+00:00,2021-03-17 16:00:00+00:00,1,10,0.08410480604699169,False,0.04238747920704091,28.2604756,30.678667557902692,target,0.10074833318695675,0.033561912171074654,0.10083073053448541,2.35335064340206,7.070218865018647,LINK
1882,2021-03-17 17:00:00+00:00,2021-03-19 16:00:00+00:00,1,48,-0.005134958749059076,False,0.042659257395227274,30.442129899999998,30.4528614,time,-0.006668455923682291,0.057358992479694934,0.03182661998955611,2.790737497637251,1.5484885279208433,LINK
1883,2021-03-20 03:00:00+00:00,2021-03-21 00:00:00+00:00,1,22,-0.04235819690977622,False,0.041999958517236764,30.7612256,29.572931534986644,stop,-0.054725528096707866,0.04496653085239879,0.024016416302996734,3.518406061971205,1.8791644164112802,LINK
1884,2021-03-22 20:00:00+00:00,2021-03-24 00:00:00+00:00,-1,29,0.07089549011737822,False,0.04326420876142775,28.597418200000003,26.574388343337702,target,0.08771506734868333,0.005300541431393807,0.07998687797627844,0.44956864922423706,6.784135762901414,LINK
1885,2021-04-24 11:00:00+00:00,2021-04-26 10:00:00+00:00,-1,48,-0.09702370863024712,False,0.04143684056886088,31.9754045,35.06558041001728,stop,-0.1285525076044895,0.09837547168480706,0.06728310505032073,3.064230586030917,2.095755627773673,LINK
1886,2021-04-27 06:00:00+00:00,2021-04-29 05:00:00+00:00,1,48,-0.010770329521075433,False,0.03344467357144368,35.7727286,35.4833518,time,-0.012885700116971691,0.022383771977628773,0.05806857573621042,1.1181477409403404,2.90072856549645,LINK
1887,2021-04-29 12:00:00+00:00,2021-05-01 11:00:00+00:00,1,48,0.04774170588570846,False,0.03206587296589698,36.9090694,38.8033555,time,0.056503336826644684,0.049745751649864126,0.056027709005310136,2.9235688061541882,3.2927608267158672,LINK
1888,2021-05-01 12:00:00+00:00,2021-05-03 11:00:00+00:00,1,48,0.043000896952621215,False,0.03194323262226961,38.8196424,40.663797200000005,time,0.05332218154590566,0.010114529030282869,0.06904642686765194,0.7112290816953037,4.8551768083707465,LINK
1889,2021-05-31 02:00:00+00:00,2021-05-31 10:00:00+00:00,-1,9,-0.10089493597511372,False,0.05014671768647252,25.7912603,28.369151450810588,stop,-0.13049216770673788,0.1141371017065032,0.008889069294531527,3.4370972505583106,0.2676832964518479,LINK
1890,2021-05-31 16:00:00+00:00,2021-06-02 15:00:00+00:00,1,48,0.05544466727399382,False,0.038512709276025826,30.194055499999997,31.9144228,time,0.06447410198359681,0.037956328854201096,0.08147115249225154,1.2593554129824311,2.703136472632756,LINK
1891,2021-06-02 16:00:00+00:00,2021-06-04 01:00:00+00:00,1,34,-0.06485793225389092,False,0.038430196856916427,31.9365781,29.911912926682444,stop,-0.07960202005335906,0.10037324881716106,0.028757680209953316,4.770941720572496,1.3669101869012203,LINK
1892,2021-06-04 02:00:00+00:00,2021-06-06 01:00:00+00:00,-1,48,0.08306156900197559,False,0.03836111282682877,29.9190216,27.422224200000002,time,0.0953320023547407,0.019050703182085342,0.12931644796833863,0.7509413419407348,5.097400659922706,LINK
1893,2021-06-25 08:00:00+00:00,2021-06-27 07:00:00+00:00,-1,48,0.061436026950865016,False,0.06750445142341117,18.414474000000002,17.2741807,time,0.07636860411338577,0.007142533639570555,0.13584281581977314,0.30757012773788267,5.849631842472273,LINK
1894,2021-07-11 15:00:00+00:00,2021-07-12 16:00:00+00:00,1,26,-0.03854089345583047,False,0.07153489127262877,18.4445317,17.759057663589406,stop,-0.05085191738780553,0.059016499724956276,0.008428964341773044,4.8013238983601445,0.6857436161275215,LINK
1895,2021-07-12 17:00:00+00:00,2021-07-14 03:00:00+00:00,-1,35,0.0776863247133611,False,0.07257399709739913,17.4797545,16.111953062222053,target,0.0985509800516346,0.01626141259592638,0.08465533654949207,1.2468717701968652,6.491093483878443,LINK
1896,2021-07-30 00:00:00+00:00,2021-07-30 16:00:00+00:00,1,17,0.0899974614197246,False,0.07058028389860878,19.3698092,21.139293307438145,target,0.12303792635510659,0.028746240825129037,0.09314447970917548,1.888039110357921,6.117684106059934,LINK
1897,2021-07-30 17:00:00+00:00,2021-08-01 05:00:00+00:00,1,37,0.12307219977145044,False,0.07112182008306848,20.9522838,23.562139569186318,target,0.18339783026718331,0.000777184967301754,0.1306643335940305,0.03743609173868697,6.293948268689685,LINK
1898,2021-08-22 15:00:00+00:00,2021-08-23 03:00:00+00:00,-1,13,-0.04962760761702531,False,0.061386256771027624,27.2628187,28.60082247386077,stop,-0.08305489756490464,0.06093211851201574,0.01697618669195052,3.748643041101085,1.0444026182129855,LINK
1899,2021-08-24 01:00:00+00:00,2021-08-24 16:00:00+00:00,-1,16,0.08802633730093042,False,0.056123352155049266,28.3394956,25.840585873599366,target,0.14000654892249823,0.021789533896997143,0.09133880279788742,1.4826571607837298,6.215099903736987,LINK
1900,2021-08-24 17:00:00+00:00,2021-08-26 16:00:00+00:00,-1,48,0.06311367094433319,False,0.0660876322064247,26.185142100000004,24.524355099999998,time,0.10921909370895096,0.02978245819792576,0.08799425610144018,1.6455077384200922,4.861762195355778,LINK
1901,2021-08-28 20:00:00+00:00,2021-08-29 01:00:00+00:00,-1,6,-0.03598382356165926,False,0.07226440036333205,25.4583602,26.357337148631654,stop,-0.06620063249751489,0.041386789711616974,1.4148593906803129e-05,3.5473216284383864,0.0012126964552533642,LINK
1902,2021-08-29 02:00:00+00:00,2021-08-29 03:00:00+00:00,1,2,-0.037451179900848126,False,0.06690315842454174,26.5089503,25.542184400682398,stop,-0.06642088477701846,0.03636320145049263,0.00377418565683467,3.015168441393357,0.31294839371997013,LINK
1903,2021-10-01 08:00:00+00:00,2021-10-01 19:00:00+00:00,1,12,0.08675545855798183,False,0.06976533549673404,24.4693386,26.622840080193622,target,0.14810125112619885,0.0005859823281043685,0.09185623840278209,0.03994963587964538,6.262344615982092,LINK
1904,2021-10-02 14:00:00+00:00,2021-10-04 13:00:00+00:00,1,48,0.008589491125341379,False,0.0696035604217175,26.6539938,26.925919800000003,time,0.015935334464775873,0.022247840396811325,0.05747754769868677,1.5922209082429633,4.113520753839009,LINK
1905,2021-10-17 15:00:00+00:00,2021-10-19 14:00:00+00:00,-1,48,0.04964802074525176,False,0.06921491440417701,27.0338874,25.7067097,time,0.09289880477035259,0.0033333200906946756,0.06524727183705002,0.27071077935295695,5.298962994574275,LINK
1906,2021-10-31 09:00:00+00:00,2021-11-01 13:00:00+00:00,-1,29,-0.044876565413745496,False,0.06651441913846837,29.5281389,30.837837620691666,stop,-0.0881396839930932,0.06312152304322848,0.029739053415249267,4.299729079112293,2.0257729311640653,LINK
1907,2021-11-02 10:00:00+00:00,2021-11-04 09:00:00+00:00,1,48,-0.03291133945431757,False,0.05900279133414579,31.793535199999997,30.869736300000003,time,-0.06173862269803098,0.03842086739696686,0.032725671852937135,2.812456818837484,2.3955611934231618,LINK
1908,2021-11-08 01:00:00+00:00,2021-11-08 18:00:00+00:00,1,18,0.05563059490777474,False,0.055259738363755605,32.829845999999996,34.73297039440783,target,0.10092328407089987,0.005325824556106513,0.06193004986986547,0.5512387960989775,6.409945685024842,LINK
1909,2021-11-20 16:00:00+00:00,2021-11-21 20:00:00+00:00,-1,29,-0.04176073696722195,False,0.06931278256598364,27.629708600000004,28.766556560745222,stop,-0.07997565263496496,0.04369540835475895,0.012656977497041104,3.210253613357754,0.9298942217034726,LINK
1910,2021-12-03 00:00:00+00:00,2021-12-03 10:00:00+00:00,-1,11,-0.03827795526305121,False,0.07476649690566685,24.5446344,25.464150325148573,stop,-0.07024450085566424,0.0406755131785544,0.009600240776045073,3.284533249258631,0.775216034555982,LINK
1911,2021-12-03 12:00:00+00:00,2021-12-03 16:00:00+00:00,1,5,-0.036809391362853564,False,0.06894117412879684,25.599677599999996,24.682510142329885,stop,-0.06496385793486142,0.06248819321068311,0.00977834189599346,5.275050842644222,0.8254559462811475,LINK
1912,2021-12-03 17:00:00+00:00,2021-12-04 04:00:00+00:00,-1,12,0.09697342755039255,False,0.07058312641888527,24.0837727,21.727644904134362,target,0.16484590267444316,0.013545523123127604,0.16047206341554618,0.8307545131612283,9.841841448791417,LINK
1913,2021-12-22 03:00:00+00:00,2021-12-23 11:00:00+00:00,1,33,0.0804296161874679,False,0.09455237459002923,19.7219148,21.33675857453321,target,0.14998143851486748,0.008362007526774316,0.08513804146441194,0.612745836844827,6.238690924087785,LINK
1914,2021-12-24 23:00:00+00:00,2021-12-26 16:00:00+00:00,-1,42,-0.05609807731738728,False,0.0937803590643088,21.483553,22.679740670410983,stop,-0.11302277743663172,0.0575531896423277,0.017341312212183893,3.118702976788078,0.9396942611461148,LINK
1915,2021-12-31 09:00:00+00:00,2021-12-31 18:00:00+00:00,1,10,-0.04840859768490408,False,0.09267535313552747,20.5201542,19.548876026013012,stop,-0.09205923711018534,0.0477654402811457,0.005450534090041151,3.045811899622663,0.3475588520284047,LINK
1916,2021-12-31 20:00:00+00:00,2022-01-01 00:00:00+00:00,-1,5,-0.05323277293157815,False,0.09493372973976794,19.062279600000004,20.05745773283864,stop,-0.09633286319155308,0.05239249559638167,0.0016933756443275815,3.0289872429984595,0.09789976915371014,LINK
1917,2022-01-12 08:00:00+00:00,2022-01-14 07:00:00+00:00,-1,48,0.03556454356770346,False,0.06617121957354538,25.892229999999998,24.9614862,time,0.06093345931214126,0.051705473031871105,0.05662818536680694,2.461722642289,2.6960953635078386,LINK
1918,2022-01-16 00:00:00+00:00,2022-01-16 16:00:00+00:00,-1,17,-0.04225122481831598,False,0.07052317936066192,25.1584502,26.19828336869626,stop,-0.07496440024005861,0.04362549327462148,0.021044626985806916,3.1906258185712124,1.5391351515600395,LINK
1919,2022-01-30 05:00:00+00:00,2022-02-01 04:00:00+00:00,1,48,0.0456789363365649,False,0.10231148287715701,16.6089812,17.392780600000002,time,0.0776217366892274,0.01083637809163155,0.09103621599619849,0.6648695464553265,5.585557012554229,LINK
1920,2022-02-01 20:00:00+00:00,2022-02-03 19:00:00+00:00,-1,48,0.061577822628172324,False,0.10564933818828774,16.8189528,15.7717301,time,0.10941832469104266,0.03270400996666083,0.09358209269723394,1.707792555866765,4.886825848991986,LINK
1921,2022-02-06 15:00:00+00:00,2022-02-07 00:00:00+00:00,-1,10,-0.043039855590961344,False,0.10850463632655587,17.384783000000002,18.117015650474965,stop,-0.08118735173158025,0.04798547097194131,0.013447565034317798,3.443387228898265,0.9649832076468507,LINK
1922,2022-02-07 04:00:00+00:00,2022-02-09 03:00:00+00:00,1,48,-0.031892591643699085,False,0.09770972034501027,18.474540700000002,17.914624000000003,time,-0.057570663212423705,0.043277974428885334,0.057292861413328615,2.71303541539821,3.5916089908338513,LINK
1923,2022-02-18 16:00:00+00:00,2022-02-20 15:00:00+00:00,-1,48,0.03448200392653312,False,0.11494581607564112,15.2034376,14.6714001,time,0.060259768776144466,0.031345700396073505,0.05356930593117977,1.792726733519012,3.063741617683372,LINK
1924,2022-02-21 01:00:00+00:00,2022-02-21 11:00:00+00:00,1,11,-0.05038551571497856,False,0.12131899873303305,14.9014691,14.166304912191778,stop,-0.09108851292352962,0.0540529993784304,0.026945725774111823,3.306012111735498,1.6480657279541306,LINK
1925,2022-02-21 12:00:00+00:00,2022-02-21 15:00:00+00:00,-1,4,-0.05587092767771847,False,0.12038261306220123,14.260720500000001,15.042828409233042,stop,-0.09591601270493309,0.05520615175088794,0.024102604072494205,3.0373577565362666,1.3260882910777312,LINK
1926,2022-02-23 08:00:00+00:00,2022-02-23 22:00:00+00:00,1,15,-0.053294536863350686,False,0.11435008348834572,14.174251,13.433492497478854,stop,-0.08638121285480052,0.05300110743065012,0.033846515064534975,3.0591416485382754,1.9535683103843977,LINK
1927,2022-02-24 00:00:00+00:00,2022-02-24 05:00:00+00:00,-1,6,0.12092496536550015,False,0.1150604231029404,13.335998,11.71129783341891,target,0.18555277769529258,0.008848381650927108,0.13534780074202166,0.4357800993458977,6.665837932909122,LINK
1928,2022-03-06 04:00:00+00:00,2022-03-07 02:00:00+00:00,-1,23,0.06933464930947555,False,0.12484685468591447,13.776865700000002,12.811609232450534,target,0.11925548241534469,0.012929958372171558,0.07337414198644629,1.1072764969018085,6.283505372823807,LINK
1929,2022-04-08 12:00:00+00:00,2022-04-10 11:00:00+00:00,-1,48,0.006900699492187706,False,0.11905816179530647,15.4483641,15.335599299999998,time,0.012692137987872202,0.021726306929806344,0.028635012557737358,2.012371595178668,2.652281682521952,LINK
1930,2022-04-10 17:00:00+00:00,2022-04-10 23:00:00+00:00,1,7,-0.02643931338711805,False,0.1182921572623144,15.6556953,15.25722592628321,stop,-0.04896417988949091,0.033003663529399443,0.0169462099840433,3.9353185517106484,2.0206464192068836,LINK
1931,2022-04-24 00:00:00+00:00,2022-04-25 07:00:00+00:00,-1,32,0.050866710485705714,False,0.13552170479735637,13.3040076,12.61963277692271,target,0.09171175275288923,0.025104645911356787,0.0584040255659506,2.928153304923202,6.812123185708569,LINK
1932,2022-04-26 14:00:00+00:00,2022-04-26 23:00:00+00:00,-1,10,0.06607967530739955,False,0.14537563258253186,13.033088900000001,12.160060196187434,target,0.12520073415105742,0.0017579178793139501,0.06952219132027866,0.15745942762209805,6.227210372646786,LINK
1933,2022-05-20 12:00:00+00:00,2022-05-20 15:00:00+00:00,1,4,-0.055496887402827454,False,0.27718441879830447,7.2871855,6.889857908527246,stop,-0.11209784528364074,0.06273828215296559,0.0016212706538073895,3.470010757527956,0.08967135242656776,LINK
1934,2022-05-20 16:00:00+00:00,2022-05-22 09:00:00+00:00,-1,42,-0.06592742810322391,False,0.2784720477005922,6.8509441,7.296689829007453,stop,-0.1257761121200651,0.07226097495088299,0.01575609119332912,3.348310211428703,0.7300798400614591,LINK
1935,2022-05-22 10:00:00+00:00,2022-05-23 22:00:00+00:00,1,37,-0.04074424271005118,False,0.2433059101784932,7.3241966,7.035927518132534,stop,-0.07260706843595849,0.04153310139162568,0.04789650239590786,3.189115285285844,3.677728433093087,LINK
1936,2022-06-04 09:00:00+00:00,2022-06-05 15:00:00+00:00,1,31,0.0796235641745161,False,0.24620380081815638,6.9430822999999995,7.504646171218606,target,0.13610957574378216,0.02982570147555355,0.09014983158128495,2.2125600731823423,6.687585139425853,LINK
1937,2022-06-18 02:00:00+00:00,2022-06-19 18:00:00+00:00,-1,41,-0.08305845083152738,False,0.30283409619294066,6.0941712,6.594234502592814,stop,-0.15328626701781914,0.1044980160714881,0.11538422156568229,3.8356585735815782,4.235242881565102,LINK
1938,2022-06-24 22:00:00+00:00,2022-06-25 13:00:00+00:00,1,16,-0.05970406432448223,False,0.23095277019341015,7.3271975,6.898296075929779,stop,-0.10103340045312206,0.05830298691962367,0.014849128879083765,3.002573750612853,0.7647224773109783,LINK
1939,2022-06-25 14:00:00+00:00,2022-06-26 12:00:00+00:00,-1,23,-0.06076239696591279,False,0.22868975059272195,6.957912,7.374631338838469,stop,-0.09668531805684494,0.07719097338396919,0.024276248391758994,3.887175891692356,1.2225010691312073,LINK
1940,2022-06-26 17:00:00+00:00,2022-06-28 16:00:00+00:00,-1,48,0.06234155067054821,False,0.2125947570774734,7.0298904,6.581974,time,0.09317055976693098,0.03273302809955608,0.10382671115327778,1.7468643103004402,5.5409226307416795,LINK
1941,2022-06-30 01:00:00+00:00,2022-07-02 00:00:00+00:00,-1,48,0.019343170658989953,False,0.2578189693330391,6.158152,6.031809,time,0.030710927706147872,0.04365725302006175,0.04679195966582185,1.941736194385959,2.0811580070698112,LINK
1942,2022-07-02 13:00:00+00:00,2022-07-04 12:00:00+00:00,1,48,0.011028911515194417,False,0.26086971221473637,6.2038606,6.280115400000001,time,0.017849182999566674,0.03157076095488019,0.03113213085413309,2.015983565667387,1.9879743873084317,LINK
1943,2022-07-06 23:00:00+00:00,2022-07-08 22:00:00+00:00,1,48,0.0021790579974249355,False,0.25687151146457393,6.3699104,6.3940812000000005,time,0.003565480406593289,0.01034714711214775,0.07348448731712143,0.7291368292205226,5.178262713245604,LINK
1944,2022-08-07 17:00:00+00:00,2022-08-08 02:00:00+00:00,1,10,0.05508307590756092,False,0.20628189204601427,7.9493841,8.396259649673494,target,0.0903259986368463,0.002815828209886099,0.06926522773003262,0.30054139256025236,7.392875717666407,LINK
1945,2022-08-09 09:00:00+00:00,2022-08-10 12:00:00+00:00,-1,28,-0.05038492908398977,False,0.20387079622359422,8.4864533,8.907922459815184,stop,-0.08717298077132547,0.05214742653447458,0.025977082793821635,3.170123584707707,1.5791874748058166,LINK
1946,2022-08-14 07:00:00+00:00,2022-08-14 13:00:00+00:00,1,7,-0.034887062391496935,False,0.17737303113752956,9.262777999999999,8.949667508749789,stop,-0.057318292606462644,0.04456308895668227,0.01103578213792894,3.989159560374385,0.9878914781809969,LINK
1947,2022-08-14 14:00:00+00:00,2022-08-16 13:00:00+00:00,-1,48,0.04874952328222577,False,0.1777767939222341,8.919323400000001,8.4775425,time,0.07729961909594103,0.015099418863991274,0.05452469634636205,1.2004256661415609,4.334792320308322,LINK
1948,2022-08-28 16:00:00+00:00,2022-08-28 23:00:00+00:00,1,8,-0.035911169947334544,False,0.25295946473262854,6.5739716,6.344351750318609,stop,-0.059718420347361224,0.054148636723651215,0.00821853261428753,4.689678927492149,0.7117866958097685,LINK
1949,2022-08-29 00:00:00+00:00,2022-08-29 12:00:00+00:00,-1,13,-0.04032785630966211,False,0.25659376481042556,6.248125,6.493219674047784,stop,-0.06465482571429318,0.050715214564369386,0.010103030909272833,3.909667225873214,0.7788488950950613,LINK
1950,2022-09-29 21:00:00+00:00,2022-09-30 19:00:00+00:00,1,23,-0.05063960681155648,False,0.19482123583847546,7.897368499999999,7.5069165326203375,stop,-0.07791283766041385,0.05031657063995418,0.005144941634672464,3.070860138403631,0.3139998608685641,LINK
1951,2022-09-30 20:00:00+00:00,2022-10-02 19:00:00+00:00,-1,48,0.02228769087956679,False,0.19437283272003453,7.5147449,7.344202599999999,time,0.03255478878281683,0.01733326968956716,0.04188364398104851,1.1954469477103717,2.8886456654089394,LINK
1952,2022-10-08 14:00:00+00:00,2022-10-10 00:00:00+00:00,-1,35,-0.021959547063119946,False,0.19894314620494952,7.5057476,7.664204505103548,stop,-0.03279036991285859,0.026146949039426753,0.02314860680900067,3.7702579649087684,3.337912162010684,LINK
1953,2022-10-23 03:00:00+00:00,2022-10-25 02:00:00+00:00,1,48,-0.008203030444521614,False,0.21092006293682403,6.924076599999999,6.8769363,time,-0.011979924454469543,0.020230365446852448,0.02338555873284258,2.396676145091342,2.7704695153372287,LINK
1954,2022-10-25 10:00:00+00:00,2022-10-25 13:00:00+00:00,-1,4,-0.025309175716786238,False,0.21207280623837635,6.8299504,6.995897890665202,stop,-0.03665899325639984,0.02431197743397961,0.0021889470822511435,3.040285468024435,0.27373437732552564,LINK
1955,2022-10-25 14:00:00+00:00,2022-10-27 06:00:00+00:00,1,41,0.050516008268499675,False,0.2023751570457342,6.9760922,7.33854562078741,target,0.07131788188173556,0.002450110966136664,0.05560531439077021,0.28294173573313647,6.421368006249601,LINK
1956,2022-11-17 19:00:00+00:00,2022-11-19 05:00:00+00:00,1,35,-0.044511657709020394,False,0.23601732540127437,6.2838845999999995,6.011913593318474,stop,-0.06601549043474635,0.04851849125300605,0.020387930102981275,3.385514025665553,1.422625096852235,LINK
1957,2022-11-27 15:00:00+00:00,2022-11-28 01:00:00+00:00,-1,11,0.06595985401953705,False,0.20129443348589776,7.0398874000000005,6.569248763280382,target,0.09347105916186059,0.013510528591693003,0.06873510505295871,1.2125557816027202,6.168903641733196,LINK
1958,2022-11-28 02:00:00+00:00,2022-11-28 14:00:00+00:00,-1,13,-0.04662963733014508,False,0.2297072832931318,6.5760266000000005,6.875853659821477,stop,-0.07043692116110202,0.04774515358560125,0.007911555588902342,3.1633014141475404,0.524171211170406,LINK
1959,2022-12-03 01:00:00+00:00,2022-12-05 00:00:00+00:00,-1,48,0.0028179710503123193,False,0.19158883507428448,7.5167443,7.4892461,time,0.004058228541130696,0.0029608164268671022,0.045730476690553384,0.2579717757497239,3.984432189274981,LINK
1960,2022-12-09 15:00:00+00:00,2022-12-11 14:00:00+00:00,-1,48,0.008363993135368642,False,0.2082779552045255,6.9339192,6.871060699999999,time,0.012079132621015332,0.0033286802649791173,0.03561033708036283,0.3810725429368004,4.0767272990503445,LINK
1961,2022-12-14 14:00:00+00:00,2022-12-15 18:00:00+00:00,-1,29,0.05032507663585434,False,0.21321701621001735,6.8299504,6.482248123439197,target,0.07328647889404992,0.014502242944546105,0.06090094007124864,1.7092140030784997,7.177699337161437,LINK
1962,2022-12-23 19:00:00+00:00,2022-12-25 18:00:00+00:00,-1,48,0.0066935160138851734,False,0.2565834523196912,5.9612111,5.9167745,time,0.010238054862299645,0.0034873618214930073,0.014462010915869072,0.527236392910178,2.1864374446371793,LINK
1963,2022-12-25 22:00:00+00:00,2022-12-27 17:00:00+00:00,1,44,-0.016734430434070857,False,0.25775692926863475,5.9737916,5.882261223523925,stop,-0.025767444694259033,0.02189423548019322,0.015602887787381128,4.371125307876373,3.115074638942129,LINK
1964,2023-01-08 00:00:00+00:00,2023-01-09 01:00:00+00:00,1,26,0.03448288171713654,False,0.2597502428029967,5.828748099999999,6.038017614148358,target,0.05220772892937861,0.013338730489999921,0.04756628614641976,2.229128317607139,7.949133951831503,LINK
1965,2023-01-20 17:00:00+00:00,2023-01-20 23:00:00+00:00,1,7,0.055974871555330624,False,0.23759586284082668,6.591977,6.96774192533336,target,0.08766932510092673,0.004244098545853531,0.05855951863909716,0.4467207785587768,6.163795085305612,LINK
1966,2023-01-21 00:00:00+00:00,2023-01-22 23:00:00+00:00,1,48,0.003205681092562995,False,0.23800198190763172,6.949084099999999,6.9839042,time,0.005301862457439551,0.02548308488596349,0.0480517857022339,2.3016901739034843,4.340146551498097,LINK
1967,2023-02-06 16:00:00+00:00,2023-02-06 23:00:00+00:00,1,8,-0.03022662071355299,False,0.23557733854396312,7.0431123,6.837861602816348,stop,-0.050151938076534654,0.040055062021373655,0.002965691743975215,4.165069972114957,0.30838333548926045,LINK
1968,2023-02-07 00:00:00+00:00,2023-02-07 10:00:00+00:00,-1,11,-0.03164691378550265,False,0.23562122254356235,6.828950700000001,7.03951508115777,stop,-0.05092133094433541,0.03251587392481823,0.0026286176000657,3.1956718718043646,0.2583414902420406,LINK
1969,2023-02-12 22:00:00+00:00,2023-02-13 09:00:00+00:00,-1,12,0.05323414354402098,False,0.22856605943205172,6.8169543,6.447749502559489,target,0.08294541699375907,0.0038207238678422796,0.05955068526717281,0.42327239809276956,6.597221425305189,LINK
1970,2023-02-13 10:00:00+00:00,2023-02-14 15:00:00+00:00,-1,30,-0.0423888031299843,False,0.2518892538519787,6.5150449,6.7865371646168,stop,-0.06956298461851866,0.046193864297082506,0.014435034822246597,3.35068522219033,1.0470493992371894,LINK
1971,2023-02-26 19:00:00+00:00,2023-02-27 08:00:00+00:00,1,14,-0.0281624677062743,False,0.21076408685317946,7.456236199999999,7.254052097635964,stop,-0.044257509901003265,0.03101245639187231,0.011234059350212206,3.468417552988225,1.2564115576410526,LINK
1972,2023-02-27 09:00:00+00:00,2023-02-27 15:00:00+00:00,-1,7,-0.030013417223657038,False,0.21066017876979445,7.2498244,7.460061461584656,stop,-0.045837970570102415,0.02954217760088104,0.004941416236233143,3.089075396121644,0.5166987865135774,LINK
1973,2023-03-04 20:00:00+00:00,2023-03-05 02:00:00+00:00,-1,7,-0.024624332270528,False,0.21680408051947628,6.8329495,6.994854526862307,stop,-0.03647876490748647,0.023716039464363133,0.0191644179427932,3.042112623518616,2.4582653369995757,LINK
1974,2023-03-06 02:00:00+00:00,2023-03-08 01:00:00+00:00,-1,48,-0.005471084455252037,False,0.21051065810218286,6.8639402,6.8970685,time,-0.007905348115370817,0.01661724850108684,0.029274759707259658,2.0831401462126014,3.6698871785501117,LINK
1975,2023-03-27 15:00:00+00:00,2023-03-29 05:00:00+00:00,-1,39,-0.03011524206227716,False,0.20835750950834722,6.8969303,7.098884053664322,stop,-0.043276422597265565,0.029588482284647676,0.02405857284073181,3.0637304437379407,2.4911376438960366,LINK
1976,2023-04-01 15:00:00+00:00,2023-04-03 01:00:00+00:00,-1,35,0.05352919798977513,False,0.18643608567504621,7.4757566,7.071398007931267,target,0.0746063624125895,0.010600050836325958,0.055346451488268104,1.1758384991091673,6.139450598289782,LINK
1977,2023-04-08 19:00:00+00:00,2023-04-09 22:00:00+00:00,-1,28,-0.01740651853249586,False,0.2062918258027944,7.117864,7.235640403296137,stop,-0.02555898612440751,0.01870448775081968,0.010658253655872064,3.454896360740698,1.968680578590555,LINK
1978,2023-04-23 01:00:00+00:00,2023-04-25 00:00:00+00:00,-1,48,0.003220021440015381,False,0.2041634097601714,7.0668793,7.041111699999999,time,0.004645841054705113,0.02831811489974086,0.030689543544347848,2.9575542374972605,3.205227109141833,LINK
1979,2023-04-29 08:00:00+00:00,2023-05-01 01:00:00+00:00,1,42,-0.021410351759009964,False,0.20414925399725992,7.0901264,6.948789708034174,stop,-0.030990285519181215,0.036547500761058296,0.03002394992563179,5.5825581319538,4.586098702248334,LINK
1980,2023-05-02 20:00:00+00:00,2023-05-03 12:00:00+00:00,1,17,-0.02616300197976566,False,0.20249233821117746,6.9950979,6.820381379433362,stop,-0.03705868173666627,0.024745600772792635,0.0014155770428888052,3.007438032914102,0.17204109435017859,LINK
1981,2023-05-03 13:00:00+00:00,2023-05-03 18:00:00+00:00,-1,6,-0.023122612571828637,False,0.2019626742897622,6.8299504,6.98133390235283,stop,-0.031895217279569066,0.0348537816614304,0.0024817749774582107,4.7836431782628415,0.340620884592245,LINK
1982,2023-05-08 02:00:00+00:00,2023-05-10 01:00:00+00:00,-1,48,0.021214156747773653,False,0.20196347048718485,6.671997800000001,6.5259572,time,0.028586072627571544,0.012890022235918506,0.04826107706450397,1.1877146855961576,4.44688061223618,LINK
1983,2023-05-10 13:00:00+00:00,2023-05-10 17:00:00+00:00,1,5,-0.025066221304388025,False,0.2068681505921808,6.651995,6.492292174901769,stop,-0.034493273788433865,0.058327614497605616,0.006164316118698119,7.378455823488863,0.7797873195328691,LINK
1984,2023-05-20 07:00:00+00:00,2023-05-22 06:00:00+00:00,-1,48,-0.0002995920431982751,False,0.20728996419191437,6.4720578,6.468940099999999,time,-0.0004019304770446066,0.01080679471064054,0.02225842297020272,2.226529321422571,4.5859140215725045,LINK
1985,2023-07-02 23:00:00+00:00,2023-07-04 22:00:00+00:00,1,48,0.0028429428248801674,False,0.20517038448265898,6.5369605,6.5660296,time,0.003812928474896049,0.0238582595076106,0.02356439204428414,1.960609706788464,1.9364604430534722,LINK
1986,2023-07-08 20:00:00+00:00,2023-07-09 01:00:00+00:00,-1,6,-0.02255547005055611,False,0.22041403174685226,6.1021688,6.234044181641018,stop,-0.030337189040398217,0.022095619511541504,0.0024858047191353566,3.1113521091203187,0.35003380428881464,LINK
1987,2023-07-12 01:00:00+00:00,2023-07-13 11:00:00+00:00,1,35,0.036911074216786334,False,0.21119591144470148,6.224866899999999,6.4627852066488405,target,0.04852575048428144,0.005761874201679617,0.040022237262615334,0.9045180382761621,6.2828229616070415,LINK
1988,2023-07-29 23:00:00+00:00,2023-07-30 12:00:00+00:00,1,14,-0.01887930086998581,False,0.17366934548815108,7.8493541,7.710196255128608,stop,-0.025736115480722285,0.01775357541839019,0.003139863444305493,3.055026302489936,0.5403061176422859,LINK
1989,2023-07-30 14:00:00+00:00,2023-07-30 19:00:00+00:00,-1,6,0.03073211119542315,False,0.17336496446809033,7.7146849,7.470775215757669,target,0.041102848771978416,0.010540300874764218,0.034438853102088475,2.000292040537714,6.535654395814022,LINK
1990,2023-08-06 13:00:00+00:00,2023-08-07 22:00:00+00:00,-1,34,-0.018539736134837854,False,0.1938392766555004,7.1118658,7.23939188651512,stop,-0.025558118666565495,0.030250036495345512,0.02613460450842593,5.148602052958199,4.448149292184695,LINK
1991,2023-08-13 07:00:00+00:00,2023-08-13 22:00:00+00:00,1,16,-0.01681002883230935,False,0.1801778373743007,7.509252099999999,7.391964363921881,stop,-0.022743982519938446,0.026401044652635847,0.006225373629419183,5.168671078720953,1.2187740695858609,LINK
1992,2023-08-26 17:00:00+00:00,2023-08-28 16:00:00+00:00,-1,48,-0.0038343857931249564,False,0.22289045526999596,5.968209,5.9867955,time,-0.005100717856250001,0.013704446342277883,0.020476662261660037,2.291559371444297,3.4239608175084766,LINK
1993,2023-09-04 03:00:00+00:00,2023-09-04 15:00:00+00:00,1,13,-0.019931735008726564,False,0.2177804826068598,6.0848249,5.969783201199299,stop,-0.026412660296177018,0.01985675873762607,0.013011894557557377,3.20065320420774,2.097349449562695,LINK
1994,2023-10-01 06:00:00+00:00,2023-10-02 15:00:00+00:00,-1,34,0.05625664266332957,False,0.16046605520737994,8.0935712,7.631549918921923,target,0.07306294578442175,0.01599155636018884,0.06011823309838794,1.680816083163874,6.318815430293236,LINK
1995,2023-10-06 16:00:00+00:00,2023-10-08 15:00:00+00:00,1,48,-0.001080662796196359,False,0.17917363082014542,7.6562962,7.6597014,time,-0.0014824601279481912,0.02485486389620084,0.013544904388625913,2.507512840167313,1.3664939713674953,LINK
1996,2023-10-10 16:00:00+00:00,2023-10-12 15:00:00+00:00,-1,48,9.780130742376142e-05,False,0.18987881274488097,7.2168343,7.2131633,time,0.00013401947181706543,0.029537286175463296,0.016189134341078153,2.9867875897495084,1.637032774489865,LINK
1997,2023-10-14 19:00:00+00:00,2023-10-16 05:00:00+00:00,1,35,0.034203971344956376,False,0.18640094340845378,7.352205,7.611683790277383,target,0.04687510438738664,0.009684849647146668,0.03982410718961182,1.6464929543693707,6.770379953297943,LINK
1998,2023-10-16 06:00:00+00:00,2023-10-16 13:00:00+00:00,1,8,-0.025611602472704685,False,0.18631268640706108,7.6072815,7.420288827267673,stop,-0.03630017071256058,0.025144527647622827,0.029277015711854495,3.105791944922752,3.6162269915557927,LINK
1999,2023-11-04 23:00:00+00:00,2023-11-05 03:00:00+00:00,1,5,0.060235145245927955,False,0.11962730233067474,11.5444623,12.254365599776527,target,0.08318671622505774,0.014765720184299856,0.07843914046997234,1.4407227017002948,7.653473651566832,LINK
2000,2023-11-05 04:00:00+00:00,2023-11-05 13:00:00+00:00,1,10,-0.045874167269470016,False,0.117942185472006,12.414723299999999,11.862348487765495,stop,-0.06716985475936686,0.048710171413969265,0.013312958815602561,3.305612580889069,0.9034557438878823,LINK
2001,2023-11-16 13:00:00+00:00,2023-11-17 15:00:00+00:00,-1,27,0.10866298779250527,False,0.09583520669099285,14.5776254,12.983966373229471,target,0.15180759919878223,0.0011232693631981314,0.11851212749643031,0.061649071946768476,6.504372783559405,LINK
2002,2023-11-25 02:00:00+00:00,2023-11-27 01:00:00+00:00,1,48,0.02761337891429071,False,0.1060252550413765,14.608381199999998,15.035487999999999,time,0.04276918468185099,0.018850904575244673,0.04960294984635271,1.592766573309942,4.19109439218063,LINK
2003,2023-12-17 01:00:00+00:00,2023-12-19 00:00:00+00:00,-1,48,-0.03244633342119103,False,0.11174229073561351,14.2437256,14.6999297423064,stop,-0.05164244498203484,0.03189294800792856,0.04238537142276869,3.016460416911956,4.008842177935656,LINK
2004,2024-01-07 05:00:00+00:00,2024-01-07 22:00:00+00:00,1,18,-0.0387042519859117,False,0.11239029241522953,13.7021094,13.187909814651196,stop,-0.05960393197065734,0.048540657542845096,0.002765311449053295,3.91055244708002,0.22278016000275072,LINK
2005,2024-01-07 23:00:00+00:00,2024-01-08 12:00:00+00:00,-1,14,-0.04138519265576238,False,0.11301414924216317,13.0990691,13.630475426051618,stop,-0.0612658177198269,0.04786072164471607,0.044435913388685,3.566711620627959,3.3114855608145217,LINK
2006,2024-01-26 11:00:00+00:00,2024-01-28 10:00:00+00:00,1,48,0.03995789461563485,False,0.10121200869395895,14.0212051,14.603617600000002,time,0.05670482094481206,0.005363668776230925,0.04805542000095275,0.5285269415761318,4.735300634486183,LINK
2007,2024-02-10 04:00:00+00:00,2024-02-10 10:00:00+00:00,1,7,-0.0358785092703207,False,0.07901968509794093,18.676601299999998,18.026697536538133,stop,-0.05295019117750419,0.03761933387741151,0.0006638627553719903,3.2704780347829523,0.057713636467610255,LINK
2008,2024-02-10 11:00:00+00:00,2024-02-10 18:00:00+00:00,-1,8,-0.034371182989808374,False,0.0789272972347141,18.0275901,18.630726240022348,stop,-0.0489056894719547,0.03474728993311195,0.001142143785485766,3.144898515353397,0.10337284726977852,LINK
2009,2024-02-12 11:00:00+00:00,2024-02-13 13:00:00+00:00,1,27,-0.04099205858580457,False,0.06713677146557068,20.4651377,19.652373832201143,stop,-0.056321582972391294,0.05375667225537414,0.01929438764538583,4.090408468626295,1.4681326672663377,LINK
2010,2024-02-15 22:00:00+00:00,2024-02-17 21:00:00+00:00,-1,48,-0.0216235511309792,False,0.066550724611675,19.7990585,20.2290669,time,-0.0284920924517854,0.027170054576079905,0.034550051963329595,2.209686136838378,2.8098865475827104,LINK
2011,2024-02-17 22:00:00+00:00,2024-02-19 21:00:00+00:00,1,48,-0.006922028174715233,False,0.06372758584095431,20.2290669,20.1369571,time,-0.008923529834294432,0.02832888451221646,0.008499309476306116,2.5011736919127676,0.7504089775364928,LINK
2012,2024-03-10 14:00:00+00:00,2024-03-10 21:00:00+00:00,-1,8,-0.030836243753162386,False,0.0647459553361161,19.7730663,20.37275238310269,stop,-0.039477363077133336,0.033830549589569735,0.01972715278863961,3.3808657937964224,1.9714387404652152,LINK
2013,2024-03-10 22:00:00+00:00,2024-03-10 23:00:00+00:00,1,2,0.06838715444064665,False,0.06140478175560843,20.206059999999997,21.608802377045492,target,0.08485127327262038,0.006634643270385127,0.08818839496665865,0.5734196194273096,7.621955517248367,LINK
2014,2024-03-11 00:00:00+00:00,2024-03-11 00:00:00+00:00,1,1,-0.04917096750250891,False,0.06106079422145569,21.709510899999998,20.663219610295883,stop,-0.06518103342546963,0.04954100094442928,0.054837214227613056,3.102165449066209,3.433804486323604,LINK
2015,2024-03-11 01:00:00+00:00,2024-03-12 16:00:00+00:00,1,40,-0.07156203562825585,False,0.058541206653423015,21.5304572,20.073063757579753,stop,-0.09019814539765784,0.07252317893184355,0.015770347877238772,3.227552254807315,0.7018393650133928,LINK
2016,2024-03-24 00:00:00+00:00,2024-03-24 23:00:00+00:00,-1,24,-0.03200305275545281,False,0.06475118765800232,18.0725766,18.63866830370491,stop,-0.037450637962411895,0.031618258571940255,0.004901160579394067,3.058456298597777,0.47409269585105596,LINK
2017,2024-04-01 06:00:00+00:00,2024-04-03 05:00:00+00:00,-1,48,0.017583286194912943,False,0.061655789202089216,18.372486600000002,18.0484129,time,0.019917821932651257,0.01820730134591573,0.05636072147142032,1.771480433152897,5.483619641820123,LINK
2018,2024-04-07 02:00:00+00:00,2024-04-08 09:00:00+00:00,1,32,0.03947205219121783,False,0.06493532515363505,17.751323799999998,18.477232257525568,target,0.04549896021965769,0.011285006248379043,0.04651350002415053,1.6557773745977586,6.824630776292497,LINK
2019,2024-04-20 12:00:00+00:00,2024-04-22 01:00:00+00:00,1,38,0.0783041222799515,False,0.08459831872319212,14.1632477,15.286971105824954,target,0.09382297690518682,0.004112594881751522,0.08082555104928374,0.31100731566895445,6.112281513757072,LINK
2020,2024-04-22 02:00:00+00:00,2024-04-24 01:00:00+00:00,1,48,0.0011780726002614448,False,0.08472988935025766,15.2485732,15.285413,time,0.0015220814860006687,0.010989434736097122,0.05124589623900038,0.9245328686533755,4.311278659395601,LINK
2021,2024-05-03 13:00:00+00:00,2024-05-05 12:00:00+00:00,1,48,0.032924751727614054,False,0.0937604450590073,13.7961376,14.268718100000001,time,0.042589220000166406,0.008853028546192543,0.04927918376227279,0.7801857692669971,4.342798364628964,LINK
2022,2024-05-10 15:00:00+00:00,2024-05-12 14:00:00+00:00,-1,48,0.020199707620362967,False,0.09681435553240923,13.8008585,13.5100518,time,0.026989258019085968,0.008487986453886103,0.038465614294936855,0.8090959798242738,3.666638025000098,LINK
2023,2024-05-18 15:00:00+00:00,2024-05-20 14:00:00+00:00,1,48,0.0021156740704039736,False,0.08304599116276808,16.413922699999997,16.475056000000002,time,0.0028838974965541006,0.015957349427507417,0.048865668168402196,1.2656597644321708,3.8757884161029663,LINK
2024,2024-06-02 06:00:00+00:00,2024-06-03 16:00:00+00:00,-1,35,0.03884449526698981,False,0.07433382103561059,18.376485400000004,17.655512098176708,target,0.05306136211161054,0.010258468684115066,0.039805511449975295,1.5688342371895547,6.087482558509082,LINK
2025,2024-06-04 13:00:00+00:00,2024-06-06 04:00:00+00:00,1,40,-0.024067135806058883,False,0.07986882952672592,17.7673286,17.366188348147,stop,-0.034152607189256196,0.02472676730929599,0.018329789881862204,3.32884522099599,2.4676510555085134,LINK
2026,2024-06-09 20:00:00+00:00,2024-06-10 07:00:00+00:00,1,12,-0.020501884712275778,False,0.08561017719353164,16.1768516,15.862852305441926,stop,-0.02839312434807752,0.02360481566141085,0.01286705257282588,3.7044317180607127,2.019296331411468,LINK
2027,2024-06-10 08:00:00+00:00,2024-06-10 15:00:00+00:00,-1,8,-0.023701423822499717,False,0.08579394807070014,15.811255200000002,16.17001382614783,stop,-0.032151218608674745,0.027812137267887477,0.0030519525103865,3.7276082650575417,0.40904743467577287,LINK
2028,2024-06-23 17:00:00+00:00,2024-06-24 09:00:00+00:00,-1,17,0.045224008791636724,False,0.09930706265498186,13.335998,12.722464352946277,target,0.05989281351487885,0.00869841162243725,0.05691347584185301,1.1344316702797803,7.422556239366678,LINK
2029,2024-07-14 01:00:00+00:00,2024-07-15 02:00:00+00:00,1,26,0.05214593027225032,False,0.10557189895728808,13.1119324,13.811866201585653,target,0.07218308754152582,0.017536118474802458,0.054078039633578275,1.9710355420393009,6.078297105186127,LINK
2030,2024-07-24 16:00:00+00:00,2024-07-25 01:00:00+00:00,-1,10,0.057103213934103066,False,0.10611637785232558,13.7248813,12.928234051710074,target,0.08316710168463973,0.01071912366921527,0.06592999095737168,1.1080339534151677,6.815171723312234,LINK
2031,2024-07-25 02:00:00+00:00,2024-07-26 15:00:00+00:00,-1,38,-0.04162333447840771,False,0.11832991247307016,13.011095500000001,13.539734499677168,stop,-0.06408336033922504,0.042571703512590306,0.042202095895768475,3.167713014051861,3.1402109231958315,LINK
2032,2024-08-11 08:00:00+00:00,2024-08-11 12:00:00+00:00,1,5,-0.024995230715965884,False,0.1374721256833138,10.733219,10.47554409631817,stop,-0.036880923617366584,0.028064180932113627,0.009575971570131965,3.5502785289413645,1.2114148758316163,LINK
2033,2024-08-11 15:00:00+00:00,2024-08-12 14:00:00+00:00,-1,24,-0.03186816846054846,False,0.13839865632868978,10.3948806,10.710736038458858,stop,-0.045846742450231556,0.032142687622597484,0.044144864925144064,3.2060772787484777,4.403236284150145,LINK
2034,2024-08-14 14:00:00+00:00,2024-08-16 13:00:00+00:00,-1,48,0.018714854913484194,False,0.1348962749714664,10.3249016,10.1220357,time,0.026065877097185573,0.0355546633006168,0.03766637349841673,2.7381518856024947,2.9007798708842896,LINK
2035,2024-08-18 03:00:00+00:00,2024-08-19 10:00:00+00:00,1,32,-0.022948342734221198,False,0.13917102757556943,10.1950576,9.968903187843996,stop,-0.032560408520157076,0.02364455498515276,0.02677203118499299,3.240560963982828,3.6691914582066185,LINK
2036,2024-09-15 10:00:00+00:00,2024-09-15 23:00:00+00:00,-1,14,0.030659247823270445,False,0.12393531571527598,11.1856433,10.832611812246473,target,0.04250279979050168,0.00772031591602779,0.036175237234679206,1.4676883450173797,6.877176354577858,LINK
2037,2024-09-16 00:00:00+00:00,2024-09-17 23:00:00+00:00,-1,48,0.015596216045108025,False,0.13234816205158456,10.7957603,10.6191848,time,0.022283858413916578,0.010767161994139615,0.03591783155837575,1.5045205340599312,5.018881962386627,LINK
2038,2024-09-28 03:00:00+00:00,2024-09-28 09:00:00+00:00,1,7,-0.031303022142389024,False,0.11304041905704446,12.836849899999999,12.448908982783166,stop,-0.04542327990085837,0.03730275758696831,0.0028940199729219885,3.7390175483649806,0.2900802022168542,LINK
2039,2024-10-06 22:00:00+00:00,2024-10-07 00:00:00+00:00,-1,3,-0.026953467884396766,False,0.12602683845106216,11.1536529,11.44408264698037,stop,-0.037887401212950894,0.02710745104861553,0.0,3.1604496072163144,0.0,LINK
2040,2024-10-07 01:00:00+00:00,2024-10-07 23:00:00+00:00,1,23,-0.028803794651426996,False,0.11937855791460311,11.4574362,11.140527579082915,stop,-0.039397029894263726,0.029974960715906,0.026320356032181115,3.2857847321646454,2.8851755575374862,LINK
2041,2024-10-13 12:00:00+00:00,2024-10-14 13:00:00+00:00,-1,26,-0.021143155971214956,False,0.12211872191933346,10.8777357,11.099981104116695,stop,-0.02808604364144896,0.021719989023083194,0.02553249202405248,3.237733091401968,3.806051386323248,LINK
2042,2024-10-20 10:00:00+00:00,2024-10-20 15:00:00+00:00,1,6,0.036764500622443956,False,0.11318233937035753,11.4884455,11.922517943457391,target,0.04780448080199268,0.0002999100269918823,0.037999440394264096,0.04762569085320864,6.034308418975053,LINK
2043,2024-10-20 16:00:00+00:00,2024-10-21 13:00:00+00:00,1,22,-0.027305125019165034,False,0.1133559854846851,11.8925667,11.581964745180331,stop,-0.03680986478305883,0.02687112950983065,0.012565269026407908,3.121517203578227,1.4596596476962949,LINK
2044,2024-11-03 03:00:00+00:00,2024-11-04 21:00:00+00:00,-1,43,0.06404775748295853,False,0.12031528679276969,10.898729399999999,10.191192021775521,target,0.0839847838315272,0.014154916076731115,0.07695662211780378,1.3082327923406798,7.112523740623334,LINK
2045,2024-11-29 15:00:00+00:00,2024-12-01 14:00:00+00:00,1,48,0.025487992235088647,False,0.07628384371039892,18.2904855,18.8023576,time,0.03556259364378386,0.024574826075557044,0.06454254590453605,1.916699714843572,5.033959505965629,LINK
2046,2024-12-02 01:00:00+00:00,2024-12-02 09:00:00+00:00,1,9,0.08209742560683976,False,0.07438387989131606,19.235769,20.84151355800686,target,0.11746755232608871,0.03351927339114959,0.08994862643651001,2.409233760568955,6.465154092059299,LINK
2047,2024-12-02 10:00:00+00:00,2024-12-02 20:00:00+00:00,1,11,0.16313913312605424,False,0.07446881563335617,20.7912355,24.21260562004967,target,0.25258810500385265,0.06383629775152133,0.21825372041983757,2.3275508701421623,7.957802296936161,LINK
2048,2024-12-22 15:00:00+00:00,2024-12-23 03:00:00+00:00,-1,13,-0.06686303086394538,False,0.08329143778472185,21.6215116,23.04869889514838,stop,-0.12041274890476597,0.07804673564081428,0.015054988107307087,3.5644266484794884,0.6875675242740656,LINK
2049,2024-12-23 04:00:00+00:00,2024-12-25 03:00:00+00:00,1,48,0.06616149546796496,False,0.07281739189128252,23.0779213,24.641605300000002,time,0.11118267553771212,0.04415134650797162,0.1257513041263383,1.7786751086487729,5.065999844178149,LINK
2050,2024-12-26 02:00:00+00:00,2024-12-27 22:00:00+00:00,-1,45,0.09884619924057746,False,0.07447616244963201,24.056780800000002,21.66546206284488,target,0.17709845660935045,0.010276487201479443,0.1124331980445198,0.6202917147567847,6.786500079578177,LINK
2051,2024-12-27 23:00:00+00:00,2024-12-29 22:00:00+00:00,-1,48,0.02309695043695005,False,0.09208575588132059,21.3795842,20.8732601,time,0.04547224061828597,0.046325306925286275,0.028091481779145177,2.4504971684092935,1.4859717317629217,LINK
2052,2025-01-11 21:00:00+00:00,2025-01-12 22:00:00+00:00,1,26,-0.03496431070653183,False,0.09853796550555875,20.441130499999996,19.75256040745896,stop,-0.07042607307040466,0.042371947089716845,0.011636807465223229,3.8063720385375204,1.0453618867144294,LINK
2053,2025-01-26 04:00:00+00:00,2025-01-27 00:00:00+00:00,1,21,-0.037787836069778626,False,0.07600494283729664,25.5746701,24.639663909207133,stop,-0.07345204635160349,0.047104032829733265,0.03184126703554235,3.8960362889762483,2.6336329270548076,LINK
2054,2025-02-09 00:00:00+00:00,2025-02-09 21:00:00+00:00,1,22,-0.04222890605859617,False,0.1014645298553703,18.4335284,17.67405655850719,stop,-0.07898280457741377,0.05476587976504816,0.030622005063338877,4.015796302602837,2.2454078203290866,LINK
2055,2025-02-16 12:00:00+00:00,2025-02-17 05:00:00+00:00,1,18,-0.03395091020359139,False,0.09352565486381881,19.1537444,18.524180843764942,stop,-0.060818522779348634,0.041910572848617614,0.0015796180301957182,3.8593194146400616,0.14545853509732942,LINK
2056,2025-03-16 12:00:00+00:00,2025-03-17 18:00:00+00:00,-1,31,-0.04071974851309261,False,0.1281133278204934,13.507946400000002,14.044407008142265,stop,-0.07046747793787216,0.04560675485061141,0.022723394875182584,3.4723641824665146,1.7300924550997596,LINK
2057,2025-03-21 11:00:00+00:00,2025-03-23 10:00:00+00:00,-1,48,-0.020418439873842478,False,0.1182748334035098,14.035788,14.3072909,time,-0.03389625361745021,0.032503483238703855,0.0160865923594742,2.6998237590229643,1.3361941529426564,LINK
2058,2025-03-24 00:00:00+00:00,2025-03-24 08:00:00+00:00,1,9,0.0544263108275273,False,0.11241937105401348,14.465338299999999,15.269002368875572,target,0.0885072085699649,0.02256001852372853,0.05811559208400955,2.436378427045428,6.276217135173337,LINK
2059,2025-03-24 09:00:00+00:00,2025-03-26 08:00:00+00:00,1,48,0.037381528183104154,False,0.1124714381722159,15.2455723,15.840246500000001,time,0.06409778647714143,0.025225179641173493,0.04777962320246915,2.026394909402494,3.8382436362363457,LINK
2060,2025-04-19 05:00:00+00:00,2025-04-20 19:00:00+00:00,1,39,0.044519433942165836,False,0.13930714861660878,12.7688295,13.356525648408233,target,0.07919068956933845,0.006173588581475006,0.053033091247713736,0.8047985362522089,6.913475630229384,LINK
2061,2020-01-21 20:00:00+00:00,2020-01-21 21:00:00+00:00,-1,2,-0.0331532921983649,False,0.01784975178492163,56.023188,57.82361771878853,stop,-0.0331532921983649,0.03528560352545454,5.690500869023051e-05,3.3259359859569777,0.005363729036050098,LTC
2062,2020-01-22 07:00:00+00:00,2020-01-23 02:00:00+00:00,1,20,-0.03154617311138765,False,0.01650822785276518,58.567564999999995,56.78105970615062,stop,-0.03050031361648562,0.03410701810806023,0.015749929163010403,3.3867254076805153,1.5639210996557358,LTC
2063,2020-02-08 03:00:00+00:00,2020-02-08 08:00:00+00:00,-1,6,-0.03891188698016812,False,0.01296190675892429,72.23832200000001,75.00758766286957,stop,-0.03643500506482048,0.05636451522226653,0.008974765499121191,4.447053593358537,0.7080920150742354,LTC
2064,2020-02-08 09:00:00+00:00,2020-02-10 08:00:00+00:00,1,48,-0.02009656192354725,False,0.011907895389428555,75.572665,74.58761700000001,time,-0.018085124957162114,0.03258671637423401,0.03900001409239697,2.3823754795983785,2.8512439305232635,LTC
2065,2020-02-24 03:00:00+00:00,2020-02-26 01:00:00+00:00,-1,47,0.09074526888264393,False,0.011575995950532757,76.17714000000001,69.38826485166337,target,0.08002156144926399,0.017890669037981703,0.09841718919875439,1.2044940908956743,6.625963656294568,LTC
2066,2020-03-07 17:00:00+00:00,2020-03-08 12:00:00+00:00,-1,20,0.06421910301751248,False,0.015530854988739249,61.93141500000001,57.930029210589396,target,0.06176900460017507,0.00030009002700801397,0.07155358875620729,0.02786784525877774,6.644820419556803,LTC
2067,2020-03-24 09:00:00+00:00,2020-03-26 08:00:00+00:00,1,48,-0.025450609271083956,False,0.025518948560135347,40.11203,39.148252,time,-0.02605167198904652,0.05165607425004414,0.02438096501224212,2.4041667822042347,1.1347340472832406,LTC
2068,2020-03-27 00:00:00+00:00,2020-03-27 23:00:00+00:00,1,24,-0.043326809861837866,False,0.024660385223294525,40.452132,38.73906576721364,stop,-0.04322131593514637,0.07594487232465266,0.020959785259278753,5.416817780871376,1.4949704173622256,LTC
2069,2020-03-29 20:00:00+00:00,2020-03-30 07:00:00+00:00,-1,12,-0.04315766395365277,False,0.025593303789753895,37.28881,38.860033509456876,stop,-0.04118725084172112,0.04294022791287796,0.008281572943733016,3.0800625128257506,0.5940295059210474,LTC
2070,2020-03-31 22:00:00+00:00,2020-04-01 09:00:00+00:00,1,12,-0.02962628922437822,False,0.02324631338499371,39.281781,38.161504259174905,stop,-0.027053441285347066,0.029830139320821597,0.0012275156261371146,3.1703320748790804,0.13045973805564468,LTC
2071,2020-04-01 10:00:00+00:00,2020-04-01 22:00:00+00:00,-1,13,-0.027249227468980498,False,0.02311865051850831,38.328498,39.33408866721276,stop,-0.024145626299726667,0.026390337549882598,0.03231271937658501,3.0534558089834287,3.7386964262199753,LTC
2072,2020-04-05 17:00:00+00:00,2020-04-06 04:00:00+00:00,-1,12,-0.022494982290117014,False,0.021341984869263204,40.38788,41.255582913878435,stop,-0.01938971923410021,0.03471635550070953,0.012822658678791884,4.917821474166284,1.8164218362488713,LTC
2073,2020-04-06 05:00:00+00:00,2020-04-06 16:00:00+00:00,1,12,0.05022013453896955,False,0.020252827845503474,41.602477,43.73531871235056,target,0.04231386850659816,0.0070302785096185046,0.07229192146419548,0.8227811702285162,8.460608162109132,LTC
2074,2020-04-18 13:00:00+00:00,2020-04-19 14:00:00+00:00,1,26,-0.02707511272587073,False,0.020639670747728454,42.872858,41.754384157848676,stop,-0.023958271049163284,0.03202161143537482,0.03701973868875268,3.7240356332841977,4.305305693000984,LTC
2075,2020-05-02 14:00:00+00:00,2020-05-03 00:00:00+00:00,1,11,0.04765032079716965,False,0.018058438995472006,47.67429799999999,50.03409966020996,target,0.04102327629113868,0.008060905270172915,0.05067095062417092,0.9771109321936841,6.142131452992714,LTC
2076,2020-05-13 13:00:00+00:00,2020-05-15 12:00:00+00:00,1,48,0.013365281052388414,False,0.02110665204876953,42.732816,43.346992,time,0.01205477085076464,0.012936568467661948,0.03901413845509266,1.2610015468298623,3.8029319029297195,LTC
2077,2020-05-24 07:00:00+00:00,2020-05-24 13:00:00+00:00,1,7,-0.023144444967285467,False,0.020570178546320306,44.433326,43.448882435897495,stop,-0.021154056241650135,0.0241558779552087,0.002400765587523161,3.314763708694039,0.32944240972567634,LTC
2078,2020-05-24 14:00:00+00:00,2020-05-26 13:00:00+00:00,-1,48,0.027823368640902166,False,0.020507814640263633,43.536935,42.282681000000004,time,0.024842022155095837,0.0003000900270080436,0.04380039614639839,0.04008680092791414,5.8509700518550956,LTC
2079,2020-05-26 14:00:00+00:00,2020-05-27 10:00:00+00:00,-1,21,-0.024655109439553628,False,0.021706427159651848,42.277313,43.27688767848602,stop,-0.02262573296180411,0.03128597600325267,0.013182318374869297,4.021973520183966,1.6946549927944294,LTC
2080,2020-06-07 06:00:00+00:00,2020-06-09 05:00:00+00:00,-1,48,0.005743782706947164,False,0.01925031782117946,46.496047,46.193853999999995,time,0.005141051299313308,0.010838620324003088,0.030455212676466864,1.5812505954635425,4.443122993521913,LTC
2081,2020-06-09 20:00:00+00:00,2020-06-10 13:00:00+00:00,-1,18,-0.018831720901621808,False,0.01966961284273903,45.766266,46.5896596957735,stop,-0.016952404295172977,0.019965229411549504,0.004943947142203004,3.386620849917958,0.838621692119968,LTC
2082,2020-06-13 15:00:00+00:00,2020-06-14 14:00:00+00:00,1,24,-0.02183426238196622,False,0.019656888534121817,44.933476,43.99685185921182,stop,-0.019285163104856513,0.02455799324316687,0.007044280304510631,3.584960223233088,1.0283195553855573,LTC
2083,2020-07-04 00:00:00+00:00,2020-07-04 02:00:00+00:00,-1,3,-0.01883514043078337,False,0.021001857448553676,41.137655,41.87098418932346,stop,-0.01627294290066095,0.018531561898703176,0.001887686597595318,3.1730367919786406,0.323216092557966,LTC
2084,2020-07-04 03:00:00+00:00,2020-07-05 21:00:00+00:00,1,43,-0.020523220106564297,False,0.020332053531184415,41.692504,40.878124878053214,stop,-0.017397415125327078,0.02332563186898059,0.013371612316688881,3.63728754112237,2.0851053106471102,LTC
2085,2020-07-17 12:00:00+00:00,2020-07-19 11:00:00+00:00,1,48,-0.001417877756635005,False,0.019678705398617335,42.192654,42.177343,time,-0.001177259375541682,0.010491257553980782,0.017712704206756,1.4600473228432438,2.4650416048146266,LTC
2086,2020-08-05 07:00:00+00:00,2020-08-07 06:00:00+00:00,1,48,0.020297629042326692,False,0.014261371084136753,58.137435999999994,59.58212,time,0.016829161030771873,0.018704574450101253,0.04631377276424789,1.6739763718989458,4.144877046396969,LTC
2087,2020-08-30 00:00:00+00:00,2020-08-30 01:00:00+00:00,-1,2,-0.025067341868691435,False,0.0148430550864439,56.992897,58.363879045163536,stop,-0.02120568550960436,0.031356591681942436,0.0005772122796284316,3.9611345545767906,0.07291658255954257,LTC
2088,2020-08-30 02:00:00+00:00,2020-08-30 13:00:00+00:00,1,12,0.0527029325304232,False,0.01410358664890131,58.477537999999996,61.63996457564708,target,0.04346637595921376,0.012270318220305335,0.057842072626245036,1.3613685241432274,6.417468205043593,LTC
2089,2020-08-30 14:00:00+00:00,2020-09-01 13:00:00+00:00,1,48,0.009567290448071268,False,0.014172910115153444,61.258372,62.141352,time,0.008306411501044235,0.024623116004454073,0.041000567236752584,2.1552228211276994,3.588715505050028,LTC
2090,2020-09-11 04:00:00+00:00,2020-09-11 20:00:00+00:00,-1,17,-0.031629730456073674,False,0.018431340031769404,47.555729,49.02130237422497,stop,-0.02772395886321897,0.03520650477253744,0.004115781717908268,3.461928479948008,0.4047133346105528,LTC
2091,2020-09-12 19:00:00+00:00,2020-09-13 11:00:00+00:00,1,17,-0.029487163915671393,False,0.01672983619098927,50.735215999999994,49.3032633729975,stop,-0.025028464493636604,0.033610106242575044,0.012511703902078656,3.6097956995830267,1.343783164926985,LTC
2092,2020-09-13 13:00:00+00:00,2020-09-15 02:00:00+00:00,-1,38,-0.033159322644257326,False,0.01692361042263842,48.675393,50.26411930517044,stop,-0.02731543597519356,0.03522533449293364,0.0325707282938629,3.26871654871172,3.022383750510586,LTC
2093,2020-09-26 08:00:00+00:00,2020-09-28 00:00:00+00:00,-1,41,-0.02897169232250668,False,0.01753272355662746,45.426368,46.714774185931994,stop,-0.023074445025668557,0.02847755735171261,0.020172601076097446,3.045282731367484,2.1571819852769174,LTC
2094,2020-09-30 05:00:00+00:00,2020-10-01 09:00:00+00:00,1,29,0.04183744612816142,False,0.01674191348701841,46.193853999999995,48.19218589812621,target,0.0323559724486093,0.014371045983736138,0.044511246019871074,1.993224450720538,6.173587086093151,LTC
2095,2020-10-16 05:00:00+00:00,2020-10-18 04:00:00+00:00,-1,48,-0.003343510854448363,False,0.01715562518369322,46.965906,47.104127,time,-0.002693965261288371,0.017546643303335878,0.02035318982242137,1.2638559069128024,1.4660068445509669,LTC
2096,2020-10-18 07:00:00+00:00,2020-10-20 06:00:00+00:00,1,48,0.011689457743376552,False,0.016915184915390957,47.474238,48.105564,time,0.00938704971302971,0.01504474911213955,0.0211854269256517,2.27495743055504,3.2035060235802164,LTC
2097,2020-11-01 21:00:00+00:00,2020-11-02 09:00:00+00:00,1,13,-0.029155366627675983,False,0.01459965684931065,55.646689,54.09012878948348,stop,-0.023686477715856656,0.029591859454567045,0.021085010107250016,3.207152002985607,2.285183616198952,LTC
2098,2020-11-02 11:00:00+00:00,2020-11-04 10:00:00+00:00,-1,48,0.014777594612087951,False,0.014634998670338498,53.893827,53.075918,time,0.01165562214199199,0.013103040539318161,0.05369496213360394,1.0656205693856589,4.366807532210374,LTC
2099,2020-11-12 01:00:00+00:00,2020-11-12 10:00:00+00:00,-1,10,-0.03931155395236253,False,0.01374711363660549,58.222528000000004,60.457895838795544,stop,-0.03146464183669212,0.041177737936765525,0.00279149678969628,3.2438659182748157,0.21990623455263564,LTC
2100,2020-12-04 04:00:00+00:00,2020-12-06 03:00:00+00:00,-1,48,0.035284996767025144,False,0.008858203548704287,86.803951,83.71510699999999,time,0.027131589065754563,0.022764505270042413,0.1067226882333961,1.2444725352059884,5.8342341647368166,LTC
2101,2020-12-07 07:00:00+00:00,2020-12-08 09:00:00+00:00,1,27,-0.03893297959397624,False,0.009407966779554832,84.615377,81.43755672078278,stop,-0.030992935404030652,0.058799915291992313,0.028300092547008448,4.73337277619327,2.2781476293045366,LTC
2102,2020-12-16 01:00:00+00:00,2020-12-16 11:00:00+00:00,-1,11,-0.043752293632366275,False,0.00960099496981797,79.686087,83.09917444611523,stop,-0.03347338004925088,0.04447342231775044,0.017017864109703396,3.1379045781713586,1.2007268817543395,LTC
2103,2020-12-16 14:00:00+00:00,2020-12-17 00:00:00+00:00,1,11,0.0985191837373858,False,0.00852416000610337,85.82574,94.44122111591506,target,0.07207588020495102,0.0082229410430949,0.10106828091432715,0.49149199482055944,6.040934835764217,LTC
2104,2020-12-31 17:00:00+00:00,2021-01-01 01:00:00+00:00,-1,9,-0.05804023836389093,False,0.006529478504103354,123.08306400000001,130.1420344674843,stop,-0.046645095089524656,0.07423390109950456,0.0009185991664946567,3.904707119010249,0.048318364679779784,LTC
2105,2021-01-01 02:00:00+00:00,2021-01-01 18:00:00+00:00,1,17,-0.05656241143339726,False,0.005735476215927586,131.98958499999998,124.84901656198761,stop,-0.04281905349012579,0.06432011283314497,0.01697418019762706,3.585581796710025,0.9462407456991312,LTC
2106,2021-01-02 13:00:00+00:00,2021-01-03 08:00:00+00:00,1,20,0.1010457574678385,False,0.0054690913448104716,130.589165,144.27012568526018,target,0.07216729144463611,0.017529517092784816,0.10728941409495944,1.0039492339743368,6.144671557354246,LTC
2107,2021-01-18 13:00:00+00:00,2021-01-20 10:00:00+00:00,1,46,-0.07378640141489837,False,0.005078394850228152,154.84644,144.59216132145275,stop,-0.058023513086337936,0.0666236821460022,0.07519423759435481,3.031011598672416,3.4209247967165233,LTC
2108,2021-01-24 05:00:00+00:00,2021-01-24 19:00:00+00:00,1,15,-0.04790014922153962,False,0.005141067652067755,141.67248899999998,135.1328098051156,stop,-0.03488797071866862,0.05592115347108771,0.008311500760038245,3.6570244462908703,0.5435396013521071,LTC
2109,2021-01-31 16:00:00+00:00,2021-02-01 08:00:00+00:00,-1,17,-0.051718785539402484,False,0.005462382707781512,126.951903,133.40736147204,stop,-0.03586490279668549,0.05473015241055507,0.009309848628263614,3.249077871662411,0.5526829697039972,LTC
2110,2021-02-08 13:00:00+00:00,2021-02-09 18:00:00+00:00,1,30,0.0932669959254847,False,0.004121616034753653,159.54784999999998,176.06139209721843,target,0.06133190802839737,0.01678399301526143,0.10875828160642732,0.9729650916447675,6.304698252323286,LTC
2111,2021-02-19 07:00:00+00:00,2021-02-20 22:00:00+00:00,1,40,-0.07137047447031782,False,0.003074306063467416,233.850134,219.85350079637078,stop,-0.051310152884699756,0.08856156567350956,0.06050826552017286,4.459976323554999,3.047207098779557,LTC
2112,2021-02-27 23:00:00+00:00,2021-03-01 22:00:00+00:00,-1,48,-0.03169759331061208,False,0.003932036488090608,169.789048,175.142527,time,-0.02116184365874498,0.03928964841124499,0.09882291112204138,1.769297757098946,4.450209204421736,LTC
2113,2021-03-06 14:00:00+00:00,2021-03-07 01:00:00+00:00,-1,12,-0.054038455739317336,False,0.0036662256662905574,176.327086,185.76874080804978,stop,-0.034933423871859826,0.05480107576892639,0.001854995777563116,3.088528077143804,0.10454551232068135,LTC
2114,2021-03-09 23:00:00+00:00,2021-03-10 02:00:00+00:00,1,4,-0.05162711239469669,False,0.002983009969086773,205.00148199999998,194.77047331096207,stop,-0.031571087378662405,0.05527512235253009,0.014773151737508023,3.341778859836932,0.8931433177968863,LTC
2115,2021-03-10 04:00:00+00:00,2021-03-10 17:00:00+00:00,-1,14,-0.06497977366240609,False,0.002995427347700877,193.611899,206.19719213769977,stop,-0.037685044239703466,0.07689662193747714,0.006259424168965918,3.5664528519605323,0.2903110776074177,LTC
2116,2021-03-20 00:00:00+00:00,2021-03-20 13:00:00+00:00,-1,14,-0.030416238666514193,False,0.0027099723285550657,200.099952,206.14479948034986,stop,-0.01649367178500459,0.0328838059891189,0.004997262568059024,3.299359765025766,0.5013947308221866,LTC
2117,2021-03-21 00:00:00+00:00,2021-03-22 20:00:00+00:00,-1,45,0.05700415414490969,False,0.0026253154291028093,200.26990100000003,189.2291699590307,target,0.02997116881324049,0.009337893466077827,0.07365011380317216,1.0162908559553683,8.01571976272237,LTC
2118,2021-04-09 23:00:00+00:00,2021-04-10 04:00:00+00:00,-1,6,-0.038346393915928666,False,0.0025040973097939867,221.9334,230.36786182139068,stop,-0.021310733471046513,0.057704698797026506,0.013217478757140683,4.59271854600204,1.0519794936081714,LTC
2119,2021-04-10 05:00:00+00:00,2021-04-10 23:00:00+00:00,1,19,0.07767642207124846,False,0.002287318327245153,233.65007400000002,252.9430665492771,target,0.04151277309012742,0.022983403805812687,0.10387296517612057,1.6700594227517829,7.547795171125828,LTC
2120,2021-04-24 11:00:00+00:00,2021-04-26 06:00:00+00:00,-1,44,-0.08834878501692357,False,0.0025836033222295203,222.92310300000003,242.51526150340084,stop,-0.05088402945816116,0.0962524597551469,0.055459047687847866,3.297775858863214,1.900122958787541,LTC
2121,2021-04-27 02:00:00+00:00,2021-04-29 01:00:00+00:00,1,48,0.023305499371340885,False,0.0021028097469899818,249.694886,256.14313400000003,time,0.012236805077802428,0.013596137487573476,0.06974557740842165,0.6532091514898756,3.350837653764961,LTC
2122,2021-04-29 13:00:00+00:00,2021-04-29 20:00:00+00:00,1,8,-0.04838320773819594,False,0.0020534310886952383,261.65847399999996,249.3414335397685,stop,-0.02599618358167252,0.049677252187903385,0.0026428572689759984,3.185323909430738,0.16946099225133823,LTC
2123,2021-05-02 00:00:00+00:00,2021-05-02 04:00:00+00:00,1,5,-0.037975048774963376,False,0.0018446341288897421,277.18313,267.0922338181621,stop,-0.019416697941089623,0.04269065725608908,0.0024419595810178203,3.546128873825305,0.2028430559645813,LTC
2124,2021-05-03 02:00:00+00:00,2021-05-03 16:00:00+00:00,1,15,0.06751888847420116,False,0.0017913272464998048,274.592353,293.64160378496797,target,0.033211512496301374,0.007619851671543099,0.07614067460939088,0.6590347379912005,6.585344663475755,LTC
2125,2021-05-03 17:00:00+00:00,2021-05-04 00:00:00+00:00,1,8,-0.0490010515772015,False,0.0017998312914604458,291.747498,277.73630570483493,stop,-0.025730269708451544,0.07892954749521101,0.02945184469071254,4.960026986050222,1.8507890782442096,LTC
2126,2021-05-27 02:00:00+00:00,2021-05-27 13:00:00+00:00,-1,12,-0.1075954889919058,False,0.0027303408644743865,182.895115,202.40039557736716,stop,-0.053729529644246446,0.14152857499775212,0.013970384064112377,3.9936404033654416,0.3942150215944592,LTC
2127,2021-05-27 14:00:00+00:00,2021-05-28 04:00:00+00:00,1,15,-0.08815426132627523,False,0.0021760505343878488,204.791419,186.9733781306606,stop,-0.03928475442820417,0.08936614184991795,0.01654649895267348,3.0911196444250906,0.5723331778713814,LTC
2128,2021-05-31 01:00:00+00:00,2021-05-31 10:00:00+00:00,-1,10,-0.070044200207663,False,0.002416752865355366,168.139543,179.7602049387476,stop,-0.028462581393246394,0.0913554106662464,0.027593407934979358,3.9839514814002563,1.2033310081770487,LTC
2129,2021-05-31 11:00:00+00:00,2021-06-02 10:00:00+00:00,1,48,0.004427670445369284,False,0.0020723890953375864,182.344687,183.44495,time,0.0016731685809285913,0.03556279651844191,0.05931246573693701,1.5922497870725367,2.6555915222080726,LTC
2130,2021-06-02 16:00:00+00:00,2021-06-04 05:00:00+00:00,1,38,-0.05307108800703921,False,0.0020210304925165545,187.806325,178.11719475752514,stop,-0.02014378473229157,0.07106429988446863,0.05315941835292291,4.155283171811907,3.108346059333886,LTC
2131,2021-06-07 03:00:00+00:00,2021-06-07 17:00:00+00:00,1,15,-0.04398243937196813,False,0.0019778209476562685,181.72450099999998,173.94490885729496,stop,-0.0158081034753066,0.04344213882309664,0.0025615643319335493,3.0648762096617657,0.18072032807664704,LTC
2132,2021-06-10 16:00:00+00:00,2021-06-12 15:00:00+00:00,-1,48,0.028198499228587484,False,0.002071187317658847,165.900215,161.138327,time,0.009689298200100168,0.047135472368134035,0.07118866603036048,2.360279638221741,3.564728440426558,LTC
2133,2021-06-16 11:00:00+00:00,2021-06-18 10:00:00+00:00,-1,48,0.037853365903394304,False,0.00205432622930503,171.97839100000002,165.369596,time,0.013373583555988434,0.00809176659874663,0.0619751757068132,0.6496374613600148,4.975600237870338,LTC
2134,2021-07-02 04:00:00+00:00,2021-07-03 07:00:00+00:00,-1,28,-0.052046124189237285,False,0.0027725703988387895,132.250313,139.0070474636317,stop,-0.01908392426798881,0.055649675475626346,0.013159235396289872,3.2879990338960243,0.7774987526883594,LTC
2135,2021-07-04 06:00:00+00:00,2021-07-05 11:00:00+00:00,1,30,-0.03751645253549415,False,0.00244707840319014,142.0426,136.91048608212287,stop,-0.013040320431328571,0.05887388712963566,0.04271535440776233,4.927845181789484,3.575348319420954,LTC
2136,2021-07-11 01:00:00+00:00,2021-07-13 00:00:00+00:00,1,48,-0.007327354119345508,False,0.002484944823125967,134.630377,133.82983900000002,time,-0.002451359420909377,0.021246148631077513,0.03773014020453941,1.9216476762945174,3.412573144869429,LTC
2137,2021-07-23 17:00:00+00:00,2021-07-23 22:00:00+00:00,-1,6,-0.03585338264605941,False,0.002822887135861508,117.64469600000001,121.74296247273098,stop,-0.011906825875998112,0.04186592483523424,0.003864993624532062,3.63781510264304,0.33583713328384024,LTC
2138,2021-07-23 23:00:00+00:00,2021-07-25 22:00:00+00:00,1,48,0.023849285107266558,False,0.002619434080289332,122.23666,125.332389,time,0.007636323420465574,0.003490442229033403,0.04682179634162119,0.32653245910737605,4.380200357445308,LTC
2139,2021-07-26 00:00:00+00:00,2021-07-26 01:00:00+00:00,1,2,0.059556030422999805,False,0.002568408133400149,127.63828,135.3714141338863,target,0.019524086487359635,0.006724314993903032,0.0883098706751611,0.6659240497891091,8.74552527204287,LTC
2140,2021-07-26 02:00:00+00:00,2021-07-26 21:00:00+00:00,1,20,-0.04544297591453067,False,0.002545240114636906,136.470929,130.43015640312095,stop,-0.015784675986003603,0.046463587860532674,0.029010361613351326,3.1696024697027103,1.97899727616069,LTC
2141,2021-08-04 04:00:00+00:00,2021-08-04 14:00:00+00:00,-1,11,-0.03701017110942246,False,0.0024186254416875014,137.088861,142.0366624410853,stop,-0.01227133685874327,0.037210455778752066,0.011371171870776629,3.1198334315547047,0.9533923037476203,LTC
2142,2021-08-04 15:00:00+00:00,2021-08-05 09:00:00+00:00,1,19,-0.03556323476265548,False,0.0022482005231352006,142.022594,137.15391240117728,stop,-0.011355172650161097,0.03487187397802356,0.01786621359697179,3.0777236610441716,1.5768372056896753,LTC
2143,2021-08-19 15:00:00+00:00,2021-08-21 14:00:00+00:00,1,48,0.06179493275382551,False,0.0018136428841446378,169.790922,180.68577800000003,time,0.019029137615838302,0.006425090264837635,0.08886857920472332,0.3726232702203291,5.153935468319084,LTC
2144,2021-08-21 19:00:00+00:00,2021-08-22 04:00:00+00:00,-1,10,-0.04138338374331627,False,0.001821087724388005,179.54612,186.85818564815943,stop,-0.013531093328132725,0.0501480065400467,0.016798580776905683,3.7226497955367823,1.247013343282495,LTC
2145,2021-08-22 05:00:00+00:00,2021-08-22 14:00:00+00:00,1,10,-0.04574999893726999,False,0.0016661923775593197,188.116418,179.77225556469932,stop,-0.01433979465266523,0.04511258554795581,0.009268632788872279,3.071000608236099,0.6309542356397617,LTC
2146,2021-09-14 16:00:00+00:00,2021-09-16 15:00:00+00:00,1,48,0.02369216608659207,False,0.0016163503136350176,185.045497,189.733063,time,0.007086287716019201,0.030724860059685742,0.0567130958069192,1.330581132189751,2.4560364174862315,LTC
2147,2021-09-19 12:00:00+00:00,2021-09-20 03:00:00+00:00,-1,16,0.06311624575373473,False,0.0017335098357711802,176.62699600000002,165.34293314914552,target,0.019325224657866822,0.011680003887967262,0.07658509914305525,1.0969474526688359,7.192619987388156,LTC
2148,2021-09-20 04:00:00+00:00,2021-09-21 21:00:00+00:00,-1,42,0.11151475833419343,False,0.0019495122844516136,166.969894,148.27259637631596,target,0.03629915331604365,0.007726578541158924,0.1349937612106288,0.41399758167162837,7.233096820830995,LTC
2149,2021-10-02 13:00:00+00:00,2021-10-04 12:00:00+00:00,1,48,-0.013778579444709223,False,0.00214965233954494,168.310478,166.260107,time,-0.004985214226712815,0.02810566553081726,0.0398639590340895,2.57413067135841,3.651044645034638,LTC
2150,2021-10-14 19:00:00+00:00,2021-10-16 18:00:00+00:00,1,48,0.015211312522641877,False,0.0019440666169319976,183.545047,187.013879,time,0.005427758315654451,0.03756596602685773,0.05320194230030076,2.504230809225125,3.5465597483578093,LTC
2151,2021-10-17 16:00:00+00:00,2021-10-19 01:00:00+00:00,-1,34,-0.029902818170095075,False,0.0019719213374567936,183.704872,189.14880056729294,stop,-0.010832342437562441,0.030293850889267736,0.041016179472910266,3.0990832102201256,4.195985304625104,LTC
2152,2021-10-26 14:00:00+00:00,2021-10-26 23:00:00+00:00,-1,10,-0.023113834632218937,False,0.0018130108404536762,193.831833,198.22289063020676,stop,-0.008122645609474191,0.029345886648041046,0.01770520841125195,3.939529764751326,2.376830400928053,LTC
2153,2021-10-27 01:00:00+00:00,2021-10-27 07:00:00+00:00,1,7,-0.039576808903188467,False,0.0016996514003630352,201.98057599999999,194.18491208553482,stop,-0.013586582702280343,0.055354708959736675,0.01544417815701253,4.335017860405397,1.209486770107132,LTC
2154,2021-11-07 21:00:00+00:00,2021-11-08 06:00:00+00:00,1,10,0.040360049932405495,False,0.0016450122414104335,200.430111,208.80368312988253,target,0.013307111503914015,0.001197978680957838,0.046948479712212464,0.17204915389201894,6.742562567594683,LTC
2155,2021-11-08 07:00:00+00:00,2021-11-08 15:00:00+00:00,1,9,0.04965596330415912,False,0.0016385427340364694,209.342784,220.08312514066483,target,0.017032844413417188,0.01080898971898636,0.05926746440899537,1.2640849878218563,6.931185427448343,LTC
2156,2021-11-21 17:00:00+00:00,2021-11-22 00:00:00+00:00,1,8,-0.04738963478100484,False,0.001572416930111143,228.978673,218.3511222114966,stop,-0.0170626352571256,0.05668070667873941,0.008740233200670192,3.6864158219400287,0.5684497573577662,LTC
2157,2021-11-22 01:00:00+00:00,2021-11-24 00:00:00+00:00,-1,48,-0.00304626404338996,False,0.0015866911800981338,216.165131,216.73500099999998,time,-0.0010448299000514875,0.02190394435076582,0.05100328137566283,1.3157228695539407,3.063657515451456,LTC
2158,2021-11-27 21:00:00+00:00,2021-11-29 00:00:00+00:00,-1,28,-0.0434201602328228,False,0.0017779659550344888,192.322286,200.53390637827363,stop,-0.014847197137510783,0.04891640067131897,0.05413977868378704,3.4623342095608205,3.8320482550310504,LTC
2159,2021-12-03 03:00:00+00:00,2021-12-03 20:00:00+00:00,-1,18,0.07580368109698025,False,0.0016269376848303625,201.04966700000003,185.65573845535027,target,0.02479502627562567,0.03596291955062016,0.11414924154040021,2.818123903470858,8.944955253014857,LTC
2160,2021-12-16 20:00:00+00:00,2021-12-18 19:00:00+00:00,-1,48,0.011428439762800776,False,0.002341955454504089,150.25491000000002,148.43451699999997,time,0.004021557165697625,0.011747303299439507,0.06152817235722967,0.8421194327717888,4.410720340167542,LTC
2161,2021-12-19 03:00:00+00:00,2021-12-19 16:00:00+00:00,1,14,0.06569837303629195,False,0.002363996556173795,150.555153,160.61728482324162,target,0.023382830356963872,0.00029991002699189653,0.06984049891669934,0.026924513091174718,6.269951846016983,LTC
2162,2021-12-25 18:00:00+00:00,2021-12-27 17:00:00+00:00,-1,48,0.00029534381888343176,False,0.0023656847245168856,160.331886,160.21805099999997,time,0.00011202234327917137,0.0143958513654607,0.04585417276261571,1.417929367256517,4.516438557247218,LTC
2163,2021-12-27 18:00:00+00:00,2021-12-27 23:00:00+00:00,1,6,-0.027579587169786677,False,0.002367769074399485,160.238057,155.97686500005128,stop,-0.010463880594144756,0.029568862033817582,0.006627283305114051,3.372774756684471,0.7559416324957308,LTC
2164,2021-12-28 01:00:00+00:00,2021-12-30 00:00:00+00:00,-1,48,0.04734321878216023,False,0.0024011291566540696,153.65389,146.313881,time,0.017466941370301543,0.0003000900270080944,0.07252592173227765,0.02322457909351438,5.612928967998934,LTC
2165,2022-01-17 03:00:00+00:00,2022-01-17 17:00:00+00:00,1,15,-0.032259878530549985,False,0.0025742628849531107,150.105018,145.44018595447122,stop,-0.012465532458798221,0.033143582181909506,0.024549359169324977,3.229701445808323,2.3922308810093957,LTC
2166,2022-02-02 13:00:00+00:00,2022-02-02 14:00:00+00:00,1,2,-0.03607537953347785,False,0.003235520984900828,115.574662,111.51880893936627,stop,-0.01349018053473385,0.04546551907718328,0.0008249039914994356,3.9190621184947423,0.07110553338217449,LTC
2167,2022-02-02 15:00:00+00:00,2022-02-04 14:00:00+00:00,-1,48,-0.01653532962928465,False,0.003252117185521729,110.83673900000001,112.473732,time,-0.005960226759314209,0.03287051778021,0.050675787204457624,2.351617321421342,3.6254390564669468,LTC
2168,2022-02-06 09:00:00+00:00,2022-02-06 14:00:00+00:00,1,6,-0.03935442197708049,False,0.0027810368098059347,127.46822900000001,122.57681304828702,stop,-0.013950900046808622,0.054509496637001296,1.3893658160033456e-05,4.293772946566313,0.0010944187199831347,LTC
2169,2022-03-02 14:00:00+00:00,2022-03-04 13:00:00+00:00,-1,48,0.0212488409915183,False,0.003101284872742993,109.80704800000001,107.24216299999999,time,0.00723614271661075,0.030626012275641837,0.04496112125698893,1.8792915277928508,2.7589309864388984,LTC
2170,2022-03-13 03:00:00+00:00,2022-03-13 12:00:00+00:00,1,10,-0.028826306894803918,False,0.003251120040830601,106.972082,104.00455125171773,stop,-0.010025186480129773,0.03255131558531323,0.0015697366720412176,3.557597921874105,0.17155963812605673,LTC
2171,2022-03-13 13:00:00+00:00,2022-03-14 22:00:00+00:00,-1,34,-0.026533644422098622,False,0.0032586347385643614,103.64889600000001,106.29785170465476,stop,-0.008961841702210848,0.025867173732366532,0.027968421390614787,3.07339651853328,3.3230553063178845,LTC
2172,2022-03-19 15:00:00+00:00,2022-03-20 00:00:00+00:00,1,10,0.04476286496683289,False,0.002904678714954213,113.19394799999999,118.38962339618479,target,0.014717674199757622,0.01081283956983277,0.046257349377018066,1.4134231721620727,6.046627166714296,LTC
2173,2022-03-20 01:00:00+00:00,2022-03-20 09:00:00+00:00,1,9,-0.035944997348100735,False,0.002929341496254456,117.265169,113.17172571582833,stop,-0.012347456176349577,0.0367983863989485,0.0027700552753222333,3.188955720437853,0.24005355888160096,LTC
2174,2022-04-08 08:00:00+00:00,2022-04-08 11:00:00+00:00,1,4,-0.027654025571383963,False,0.002878557956312281,115.044503,111.97121175076623,stop,-0.009157969867389062,0.02663754390768242,0.0014385476549017538,3.024489204143371,0.16333607433834402,LTC
2175,2022-04-08 12:00:00+00:00,2022-04-10 11:00:00+00:00,-1,48,-0.004222382171544849,False,0.002868729336054584,112.24631600000001,112.653786,time,-0.0013596252136788903,0.02453251116054439,0.02482322894232015,2.7269708041082854,2.759286244543615,LTC
2176,2022-04-20 14:00:00+00:00,2022-04-21 13:00:00+00:00,-1,24,-0.02679055091177007,False,0.0028742799231881245,111.55652300000001,114.46563762865723,stop,-0.00859024747301811,0.026385521176560754,0.013773493101788558,3.071683717046708,1.6034481261337632,LTC
2177,2022-04-24 00:00:00+00:00,2022-04-25 06:00:00+00:00,-1,31,0.041394228419750066,False,0.0029697276311288017,105.078467,100.63385370775096,target,0.012917252225936295,0.007437613264761428,0.053564418673903956,1.0550294686328414,7.5981417908489,LTC
2178,2022-05-07 22:00:00+00:00,2022-05-09 10:00:00+00:00,-1,37,0.06156254473088691,False,0.0034674047986395094,93.721875,87.88625804972504,target,0.02000608353163423,0.021533126604648036,0.08047080790903928,2.074973409526041,7.754321502864891,LTC
2179,2022-05-22 09:00:00+00:00,2022-05-23 19:00:00+00:00,1,35,-0.02860656882053996,False,0.004881447988025765,70.671195,68.73528931075808,stop,-0.009868630108635104,0.02930748517836727,0.04639521094839284,3.244219394486369,5.135761129077118,LTC
2180,2022-06-04 22:00:00+00:00,2022-06-05 01:00:00+00:00,1,4,-0.02423050666624815,False,0.005246807046930422,63.869155,62.38526848574774,stop,-0.00811986406982186,0.023472284861135267,0.0073720248843123755,3.0695955922176776,0.964078922204671,LTC
2181,2022-06-06 01:00:00+00:00,2022-06-07 00:00:00+00:00,1,24,-0.030467488309511504,False,0.005091763257092491,64.21926,62.340233661535294,stop,-0.009962541714313506,0.050129198000724476,0.035826323753964,5.191465434446824,3.7102353285068976,LTC
2182,2022-06-23 20:00:00+00:00,2022-06-25 19:00:00+00:00,1,48,0.05526003751108095,False,0.005708423041375701,55.536656,58.672393,time,0.017518908812295148,0.022267383185620746,0.06866355079067059,1.224180799744208,3.774875557648824,LTC
2183,2022-07-02 09:00:00+00:00,2022-07-04 08:00:00+00:00,-1,48,0.009401660811673457,False,0.006638485010364268,50.394877,49.884961,time,0.0031452845915951677,0.0348274091431952,0.026289914349825694,2.235736782295037,1.687674448410002,LTC
2184,2022-07-06 23:00:00+00:00,2022-07-08 22:00:00+00:00,1,48,0.024163074672992366,False,0.006702196610328917,50.385110999999995,51.684490000000004,time,0.008159650920102717,0.012605132496383602,0.07095129749738978,1.0337942191706062,5.818982165915289,LTC
2185,2022-07-25 20:00:00+00:00,2022-07-27 18:00:00+00:00,-1,47,-0.039504194390518,False,0.006198787983919794,55.793257000000004,57.94109251585021,stop,-0.013662548189832245,0.04026907767725399,0.06978006320727978,3.163745884974373,5.482280711633559,LTC
2186,2022-08-07 00:00:00+00:00,2022-08-08 08:00:00+00:00,-1,33,-0.02502181348154573,False,0.0054652583749716455,60.78176,62.26545825267374,stop,-0.00831194674944484,0.040608235102109605,0.0164812601675239,5.054332830823914,2.051351755342328,LTC
2187,2022-08-28 11:00:00+00:00,2022-08-30 10:00:00+00:00,1,48,0.019521657828077885,False,0.006000351046207115,53.976188,55.093467000000004,time,0.006322597937028896,0.028275209060706505,0.05009268160989804,2.717027941985734,4.813517570493505,LTC
2188,2022-09-08 20:00:00+00:00,2022-09-10 12:00:00+00:00,1,41,0.0807817727793571,False,0.005657234690314424,58.367505,63.16511937999799,target,0.026674034261018203,0.012121556335156089,0.093073962986768,0.884821009728966,6.793995394021984,LTC
2189,2022-09-10 13:00:00+00:00,2022-09-12 01:00:00+00:00,1,37,-0.038907076229493104,False,0.0056227845331840755,63.469035,61.09059143606066,stop,-0.013884873667381215,0.03732583928525141,0.019394733195486662,3.0113436788223624,1.5647124975365871,LTC
2190,2022-09-24 22:00:00+00:00,2022-09-26 21:00:00+00:00,-1,48,0.0266782260403958,False,0.006304497645999745,54.403674,52.91587,time,0.009150306982345128,0.00030009002700809133,0.04730698886255373,0.02740411533203588,4.320057523157224,LTC
2191,2022-10-01 17:00:00+00:00,2022-10-03 16:00:00+00:00,-1,48,-0.012214504705861138,False,0.006641097563980406,53.024088,53.626082999999994,time,-0.004301192988285916,0.015387572531186286,0.0302520620439525,2.0556678739584737,4.041455657720779,LTC
2192,2022-10-15 18:00:00+00:00,2022-10-17 13:00:00+00:00,-1,44,-0.02027995498906468,False,0.00681970464641542,51.00469400000001,51.98539832678763,stop,-0.00705411766237456,0.022258853273386812,0.015188680477134335,3.529034053868719,2.408092186007851,LTC
2193,2022-10-23 18:00:00+00:00,2022-10-24 14:00:00+00:00,1,21,-0.016862457030446823,False,0.006419457825709045,53.085921,52.25413196469815,stop,-0.005746435844424915,0.01612331450367042,0.020609588745761815,3.1463516009294823,4.021816514834104,LTC
2194,2022-11-17 08:00:00+00:00,2022-11-18 12:00:00+00:00,1,29,0.07680524106978955,False,0.0056643990255315965,59.147739,63.76581233619609,target,0.025732551096956022,0.015685113508734503,0.08017653895443068,1.2053585109553702,6.161349967525034,LTC
2195,2022-11-30 23:00:00+00:00,2022-12-02 02:00:00+00:00,1,28,-0.041809421184363454,False,0.0045716915708777445,78.913667,75.70615366332606,stop,-0.015083540824045085,0.04680642961377026,0.02162278176732049,3.4793454934679655,1.6073246543084874,LTC
2196,2022-12-02 03:00:00+00:00,2022-12-04 02:00:00+00:00,-1,48,-0.014817432369184449,False,0.004549857133809988,75.9772,77.033103,time,-0.0051221701159273195,0.02820319780144581,0.008781581842973866,2.139872284308604,0.666288402133042,LTC
2197,2022-12-08 05:00:00+00:00,2022-12-08 22:00:00+00:00,-1,18,-0.03842911439495136,False,0.0045373659422144825,75.057476,77.86431269655203,stop,-0.013087543528480421,0.045065783986661154,0.010091946070768446,3.6456363719045948,0.8163968848247021,LTC
2198,2022-12-10 16:00:00+00:00,2022-12-12 02:00:00+00:00,1,35,-0.021558776827452216,False,0.004239542586621842,77.243166,75.67106628210121,stop,-0.007059975355554452,0.04548190062535756,0.014717599742092306,6.802346222948051,2.201187893204842,LTC
2199,2022-12-22 06:00:00+00:00,2022-12-22 16:00:00+00:00,1,11,-0.023841894416728817,False,0.004859217544611402,65.939776,64.42938796472761,stop,-0.007639317680511764,0.02486778238373145,0.01107410495298023,3.2992298860463545,1.4692109436339715,LTC
2200,2022-12-22 18:00:00+00:00,2022-12-22 20:00:00+00:00,-1,3,-0.027768232153099762,False,0.004857479581188966,64.390677,66.11344020882684,stop,-0.00868524765240148,0.028254447456733483,0.001408231815919554,3.2050363629637886,0.15974243291843512,LTC
2201,2022-12-25 15:00:00+00:00,2022-12-25 21:00:00+00:00,1,7,0.024927442307800186,False,0.0045970051581536355,66.149839,67.86665762375465,target,0.007580214625209045,0.007707335463053803,0.03522549767657037,1.7818038304535397,8.143531184106084,LTC
2202,2022-12-25 22:00:00+00:00,2022-12-26 10:00:00+00:00,1,13,0.04311791082103291,False,0.004590128054677904,67.900364,70.8928637660507,target,0.013438618152551794,0.0011835577199557133,0.06037723155652014,0.1611308396646498,8.219822196498459,LTC
2203,2023-01-08 01:00:00+00:00,2023-01-08 16:00:00+00:00,-1,16,-0.02341269534552733,False,0.004310810526718373,75.417368,77.11440297525789,stop,-0.007611701006179601,0.025360630458490706,0.001158459945194559,3.4278451363947346,0.1565821202806016,LTC
2204,2023-01-28 14:00:00+00:00,2023-01-28 23:00:00+00:00,-1,10,-0.025450123317473927,False,0.0036238425483100635,87.613708,89.76362300739746,stop,-0.008080370452016091,0.027578926347918052,0.004379542982018278,3.4144590191642847,0.5422172656804249,LTC
2205,2023-01-29 00:00:00+00:00,2023-01-29 00:00:00+00:00,1,1,0.048433320169284304,False,0.0034480561239453138,89.73691299999999,94.17512565766103,target,0.014986136818039349,0.0005227837512082606,0.06087892727043125,0.0634214765518415,7.385523076146271,LTC
2206,2023-01-29 01:00:00+00:00,2023-01-30 09:00:00+00:00,1,33,-0.03599114929673425,False,0.003432180730283372,94.51834699999999,91.24965087017755,stop,-0.011675674568360979,0.036800759962507444,0.03577774164840202,3.2193870005176066,3.129891787237287,LTC
2207,2023-02-05 01:00:00+00:00,2023-02-07 00:00:00+00:00,-1,48,0.015231124866379684,False,0.003191086619704937,98.000591,96.468932,time,0.004763204923756327,0.0089735071087479,0.03316909588841153,1.2726000684125798,4.703957236031627,LTC
2208,2023-02-11 22:00:00+00:00,2023-02-12 21:00:00+00:00,1,24,-0.024834854989107227,False,0.003356915501626957,94.57836499999999,92.33957568706167,stop,-0.007884857339306545,0.027896073272148377,0.002026203349994527,3.579742987356352,0.2600110475169488,LTC
2209,2023-02-12 22:00:00+00:00,2023-02-13 00:00:00+00:00,-1,3,-0.025439958667221946,False,0.003363010447794192,92.06237300000001,94.31124915284995,stop,-0.007876382217076214,0.03180047292502428,0.01338628323213013,3.9551992949284993,1.664925491085094,LTC
2210,2023-02-13 09:00:00+00:00,2023-02-14 14:00:00+00:00,-1,30,-0.03217807212269012,False,0.0033021978807061124,91.37258000000001,94.24296367054102,stop,-0.00970910064311006,0.034993211311314394,0.03570633553304518,3.3750378221023487,3.4438174833568307,LTC
2211,2023-02-19 10:00:00+00:00,2023-02-19 16:00:00+00:00,-1,7,-0.021887676155106884,False,0.0029511908673383962,98.95030600000001,101.01611504265541,stop,-0.006391666318127413,0.026171662369593826,0.0015190049033301089,3.81676799260435,0.22152545045725355,LTC
2212,2023-02-19 18:00:00+00:00,2023-02-21 13:00:00+00:00,-1,44,0.05726076890906632,False,0.0029145699036591762,98.000591,92.3420135035453,target,0.01635536897712289,0.008157185501054756,0.05969954813843923,0.8476430698360374,6.203599053294503,LTC
2213,2023-02-24 14:00:00+00:00,2023-02-26 13:00:00+00:00,-1,48,-0.012207494355042,False,0.0032502212687319765,92.912118,94.008194,time,-0.0036864794753407636,0.015152835069371536,0.03446394365910389,1.9242299293305392,4.37651116560062,LTC
2214,2023-03-25 19:00:00+00:00,2023-03-27 18:00:00+00:00,-1,48,0.022250222551387696,False,0.0032775480993506565,91.01268800000001,88.936673,time,0.006637207178945867,0.041393261563706256,0.03859558570558878,2.8725124930175796,2.6783659447566315,LTC
2215,2023-04-02 07:00:00+00:00,2023-04-02 15:00:00+00:00,1,9,-0.02715419958601145,False,0.003255491419107161,93.668092,91.22638617407816,stop,-0.00828028403728938,0.02837777457877541,0.009735524451592297,3.302894384783355,1.13311947541282,LTC
2216,2023-04-02 20:00:00+00:00,2023-04-03 18:00:00+00:00,-1,23,-0.035713069208691724,False,0.0032659521135324837,90.832742,94.00716618137055,stop,-0.010594474321094179,0.04081411524491917,0.005865087723543554,3.5349520757235826,0.507981219198967,LTC
2217,2023-04-07 07:00:00+00:00,2023-04-09 06:00:00+00:00,-1,48,0.0013222331564933033,False,0.00316849468960671,90.28290700000001,90.11702700000001,time,0.0003782392218188733,0.012705539045170511,0.014099091869073328,1.8147049182242372,2.0137430821581765,LTC
2218,2023-04-28 14:00:00+00:00,2023-04-29 13:00:00+00:00,-1,24,-0.030867452869580182,False,0.0032530098563353688,88.053576,90.7089963210175,stop,-0.00884164698156712,0.035505928799529955,0.0011762838570009227,3.5686841464639043,0.11822773531490265,LTC
2219,2023-04-29 14:00:00+00:00,2023-04-30 19:00:00+00:00,1,30,-0.021938308225164245,False,0.003054978526609435,90.867252,88.99373989289677,stop,-0.006090019597215148,0.026051761750206705,0.008394091195802884,3.84542615883381,1.2390278313412286,LTC
2220,2023-04-30 20:00:00+00:00,2023-05-01 19:00:00+00:00,-1,24,0.04306505838283085,False,0.003051904267030115,88.963303,85.05009055489808,target,0.011692485651333876,0.0004124959254267319,0.043987833949915275,0.05626630373099703,6.000138844848334,LTC
2221,2023-05-14 06:00:00+00:00,2023-05-15 01:00:00+00:00,1,20,0.03796019269975671,False,0.003500866021708595,80.894261,84.05858333343113,target,0.01075032542185063,0.004132073102194455,0.04778755565861471,0.6338058480361319,7.329984608378983,LTC
2222,2023-06-14 19:00:00+00:00,2023-06-14 20:00:00+00:00,-1,2,0.051948751446075865,False,0.003812245645792499,77.106861,73.02618931796489,target,0.01527035081806497,0.0038017239477562276,0.08944549046031068,0.4310158074571933,10.140773192358976,LTC
2223,2023-06-14 21:00:00+00:00,2023-06-16 03:00:00+00:00,-1,31,-0.04780839247545253,False,0.004302593406009596,71.868433,75.23046862254849,stop,-0.014783342001945178,0.04941762122460644,0.004430777000522592,3.1905334165655703,0.28606277945403225,LTC
2224,2023-06-18 10:00:00+00:00,2023-06-19 16:00:00+00:00,1,31,-0.019390914974563588,False,0.0037980516028945795,77.52325,76.12145942901267,stop,-0.005709408725731908,0.01951995046647295,0.011825484612680624,3.292185325196577,1.9944562345111128,LTC
2225,2023-07-09 08:00:00+00:00,2023-07-10 00:00:00+00:00,-1,17,0.04088866761666054,False,0.0029876335942922655,96.64099900000001,92.60646499514941,target,0.011805698938423956,0.00671558662178149,0.05630114605913795,0.9651687147309571,8.091639322100336,LTC
2226,2023-07-16 15:00:00+00:00,2023-07-16 23:00:00+00:00,1,9,-0.02267240612748326,False,0.0031615643596596835,95.058509,93.00299608662229,stop,-0.0068138197012215075,0.035120569795598224,0.0016988589627468073,4.939588188575039,0.23893871071222558,LTC
2227,2023-07-17 00:00:00+00:00,2023-07-18 23:00:00+00:00,-1,48,0.013276595727829554,False,0.0031650104148509208,92.802151,91.52745,time,0.0038995987024503195,0.008166287007722562,0.039677431614704606,0.9196576750297155,4.468328687863019,LTC
2228,2023-07-25 09:00:00+00:00,2023-07-27 08:00:00+00:00,1,48,0.017616497154059434,False,0.003323244879970812,89.556859,91.242619,time,0.0052430108398788455,0.012917592386753952,0.026498707374272738,1.8109547600562326,3.7149306788767045,LTC
2229,2023-08-09 15:00:00+00:00,2023-08-11 14:00:00+00:00,-1,48,-0.0005639781425140934,False,0.0036303567400705165,83.424965,83.42502,time,-0.00017080776475324443,0.011327963997347848,0.009768838380693368,1.560144583782997,1.345413906069834,LTC
2230,2023-08-11 15:00:00+00:00,2023-08-13 14:00:00+00:00,1,48,-0.00753545593317547,False,0.0036278719095354447,83.43502299999999,82.925115,time,-0.0022809190338975685,0.009768355909723695,0.0067714609487195,2.450387877891379,1.6986180661005885,LTC
2231,2023-08-26 19:00:00+00:00,2023-08-27 14:00:00+00:00,-1,20,-0.014885615277400437,False,0.0046273607548733015,64.920518,65.8337783149001,stop,-0.004471797468001286,0.014779333707719248,0.0018563930743744853,3.2214819463911275,0.40464183925824715,LTC
2232,2023-08-27 15:00:00+00:00,2023-08-27 18:00:00+00:00,1,4,-0.011836507609566933,False,0.0045009904865334,65.749719,65.04310938041982,stop,-0.0035028825649387045,0.01140261907431116,0.0025898361634063075,3.273449299712733,0.7434868533469124,LTC
2233,2023-08-28 01:00:00+00:00,2023-08-28 23:00:00+00:00,-1,23,-0.01580083624416882,False,0.004516346059388383,64.750569,65.71596388684233,stop,-0.00462073298679227,0.015280653363833701,0.013290524134235765,3.1387722431626397,2.7299832838532794,LTC
2234,2023-09-22 17:00:00+00:00,2023-09-24 16:00:00+00:00,-1,48,-0.008453661411410135,False,0.004483052236747219,64.200734,64.689401,time,-0.002433092623166863,0.01618775885023367,0.0031266620721189433,2.122541313483224,0.40996838924850443,LTC
2235,2023-09-24 20:00:00+00:00,2023-09-25 00:00:00+00:00,-1,5,0.026183043886269557,False,0.004440314074878029,64.27071300000001,62.526024857490434,target,0.007472173398034187,0.0012336412076209492,0.027550853527951596,0.27266878727999605,6.089499745621008,LTC
2236,2023-10-09 06:00:00+00:00,2023-10-09 09:00:00+00:00,-1,4,0.02525938118561638,False,0.004520713080195363,64.78056,63.0867454887979,target,0.007397319025373878,0.0006088246226954357,0.030573369541726673,0.1397083319542777,7.015738690044895,LTC
2237,2023-10-09 10:00:00+00:00,2023-10-11 09:00:00+00:00,-1,48,0.013459897338500169,False,0.00472383998873387,63.560926,62.668794999999996,time,0.004041356303414198,0.0036040066502491972,0.033053734931426285,0.5768772796451347,5.290764013444347,LTC
2238,2023-10-14 16:00:00+00:00,2023-10-16 06:00:00+00:00,1,39,0.020173685043717898,False,0.004919174316643697,61.858552,63.17781005343517,target,0.00613871114831713,0.00854452590484182,0.02249402798823996,2.403860254437994,6.328320663467738,LTC
2239,2023-10-29 02:00:00+00:00,2023-10-29 15:00:00+00:00,-1,14,-0.023616909401845305,False,0.0046078775615395065,67.369783,68.89948342831882,stop,-0.007331437603864845,0.024346478895441996,0.0037076414510641017,3.2607893044369556,0.4965743769453383,LTC
2240,2023-10-29 16:00:00+00:00,2023-10-31 15:00:00+00:00,1,48,-0.021731962277194185,False,0.0043978138025591,68.92067,67.52559072980596,stop,-0.006586963716594446,0.021628779871118407,0.024511224281481857,3.252807343934121,3.6863055071399056,LTC
2241,2023-11-19 20:00:00+00:00,2023-11-20 21:00:00+00:00,1,26,-0.022717753004998772,False,0.004210573618980022,70.42112,68.91214102001463,stop,-0.006736116141342548,0.025718420837385184,0.009498286877573113,3.6507177064595084,1.348277341919165,LTC
2242,2023-11-20 22:00:00+00:00,2023-11-21 13:00:00+00:00,-1,16,-0.02968930664891841,False,0.004175513586799806,69.399174,71.40309022595467,stop,-0.00860328397103527,0.036899949270289466,0.005607761268167212,3.875143163786725,0.5889134855798591,LTC
2243,2023-11-24 13:00:00+00:00,2023-11-26 12:00:00+00:00,1,48,0.00846955309786786,False,0.004006407968981151,70.18104799999999,70.888727,time,0.002381417360299283,0.0031496822333003088,0.030620118411455025,0.5112991509078896,4.970673034552834,LTC
2244,2023-11-26 15:00:00+00:00,2023-11-27 19:00:00+00:00,-1,29,0.030679229469499244,False,0.004038160869373398,70.21892799999999,68.02336824666241,target,0.008699258954730558,0.005569324555909033,0.033309081562737555,1.068716985011735,6.391795066687131,LTC
2245,2023-11-30 09:00:00+00:00,2023-12-01 04:00:00+00:00,-1,20,-0.01718094722911394,False,0.004213031978388418,69.369183,70.50495420384783,stop,-0.005021210624578212,0.016157275486435932,0.003880440685023094,3.0166628228597943,0.7245021699759316,LTC
2246,2023-12-15 13:00:00+00:00,2023-12-17 06:00:00+00:00,-1,42,-0.021460043219077574,False,0.004008364558322575,71.65849600000001,73.171181104222,stop,-0.006164040655820433,0.022767767830348996,0.016446005230140604,3.283276027752557,2.371632350029376,LTC
2247,2023-12-17 07:00:00+00:00,2023-12-17 23:00:00+00:00,1,17,-0.02218218364123602,False,0.0038623373127344217,72.77182499999999,71.25071452410415,stop,-0.006234731605184657,0.026134084173373255,0.012617177046198927,3.804337704927749,1.836682014497694,LTC
2248,2023-12-24 04:00:00+00:00,2023-12-24 22:00:00+00:00,1,19,-0.02070659206178605,False,0.003777181437376525,72.761822,71.38197347951346,stop,-0.005690888017234174,0.03795702092231824,0.0038231313119126012,6.0993067255813935,0.6143382688344332,LTC
2249,2024-01-03 12:00:00+00:00,2024-01-03 12:00:00+00:00,-1,1,0.04727369102731897,False,0.0037465138148577984,71.838442,68.3722683338411,target,0.012723416843332221,0.003362517243901221,0.2179674497951946,0.41814061832802263,27.105004263711162,LTC
2250,2024-01-03 13:00:00+00:00,2024-01-05 12:00:00+00:00,-1,48,0.004789628290100179,False,0.00429084945593544,65.690287,65.349599,time,0.0013500387905982984,0.021612220996994603,0.04491207353074886,0.8490365459005275,1.764371731395869,LTC
2251,2024-01-17 15:00:00+00:00,2024-01-19 13:00:00+00:00,-1,47,-0.023419600862624932,False,0.004111787542428059,68.87933000000001,70.46422064096456,stop,-0.006632833102842395,0.02541647835424626,0.040060349019074445,3.3585829510519547,5.293652541213528,LTC
2252,2024-01-21 16:00:00+00:00,2024-01-21 22:00:00+00:00,-1,7,-0.01859969912407276,False,0.003903871004986392,70.84873900000001,72.09503234304844,stop,-0.005144385467779113,0.02020164395586479,0.00464001201207001,3.506069694003017,0.8052911699102467,LTC
2253,2024-01-21 23:00:00+00:00,2024-01-22 05:00:00+00:00,1,7,-0.019529898287435676,False,0.0037599909226922875,72.191651,70.86045845349469,stop,-0.005301194662576308,0.019969774621167665,0.007041659152524573,3.3016722310108513,1.1642219767212558,LTC
2254,2024-01-22 10:00:00+00:00,2024-01-23 09:00:00+00:00,-1,24,0.07294090459978532,False,0.0038052976469211968,69.93901199999999,64.79061738321315,target,0.019412401742381978,0.0024448157774949464,0.08448806797556692,0.19927143825667756,6.886432497695202,LTC
2255,2024-01-30 13:00:00+00:00,2024-01-31 08:00:00+00:00,-1,20,-0.018750422731129444,False,0.004213554367740844,67.76966300000001,68.99239580019609,stop,-0.005354204952626218,0.034091020933658615,0.011209484692287804,5.766034048870575,1.895932378552222,LTC
2256,2024-02-02 16:00:00+00:00,2024-02-04 15:00:00+00:00,1,48,-0.010378999566182481,False,0.004097015075400575,68.390511,67.789657,time,-0.0029081640700454724,0.01419072596196864,0.011690057411619487,2.7107742973662794,2.233085696326007,LTC
2257,2024-02-18 23:00:00+00:00,2024-02-20 09:00:00+00:00,1,35,-0.018022526881944764,False,0.003903754806684363,71.03130300000001,69.93017939562075,stop,-0.0049974446810519164,0.020009530164468596,0.010962730051566052,3.947558546729485,2.1627703576665684,LTC
2258,2024-02-26 10:00:00+00:00,2024-02-26 14:00:00+00:00,-1,5,-0.019167916397484493,False,0.003924683829215788,69.37918,70.63902521935636,stop,-0.005219257752632798,0.021776273516060513,0.00042058727128240576,3.659164326949548,0.07067315435354833,LTC
2259,2024-02-26 15:00:00+00:00,2024-02-27 01:00:00+00:00,1,11,0.03660034385231747,False,0.0037732050661457663,70.781228,73.52318722139998,target,0.009774930256997256,0.0027016767779162476,0.042508050298308016,0.41844823622655875,6.583844084589547,LTC
2260,2024-03-24 06:00:00+00:00,2024-03-26 05:00:00+00:00,1,48,0.035088951869805395,False,0.0031432593882779612,88.076415,91.352586,time,0.009714271701642466,0.018693029229220903,0.0462505768428473,1.595500379909603,3.9476112736424973,LTC
2261,2024-03-26 14:00:00+00:00,2024-03-26 18:00:00+00:00,-1,5,-0.03017273281424247,False,0.0031768512049376563,90.202931,92.86401871526692,stop,-0.008646337239168665,0.05949994019595645,0.029188973914827814,6.1146064049828235,2.9996515335424148,LTC
2262,2024-03-26 19:00:00+00:00,2024-03-28 18:00:00+00:00,1,48,0.0049020568573783395,False,0.002959433354453502,93.908164,94.67159000000001,time,0.0013623549001269507,0.01723134529602765,0.05954579199312214,1.0808161351827417,3.734940694574684,LTC
2263,2024-04-10 10:00:00+00:00,2024-04-11 20:00:00+00:00,-1,35,-0.033122348782415344,False,0.00289223642232142,96.561023,99.70509276061253,stop,-0.00925032039256113,0.03633947622945116,0.031907522355060405,3.3803358368153216,2.968070882468679,LTC
2264,2024-04-20 04:00:00+00:00,2024-04-22 03:00:00+00:00,1,48,0.03312772654129504,False,0.0032752487685465182,82.444726,85.294404,time,0.008945380194198363,0.007213633046703418,0.04239536195438377,0.5926856886590767,3.4832828525104547,LTC
2265,2024-05-03 08:00:00+00:00,2024-05-03 12:00:00+00:00,-1,5,-0.025205555484340125,False,0.0035101394254610156,79.47615,81.39895295702823,stop,-0.007031653487590076,0.02445828088049053,0.0024680360082867995,3.0718388596217485,0.3099730906781983,LTC
2266,2024-05-03 13:00:00+00:00,2024-05-05 12:00:00+00:00,1,48,-0.008787464691397661,False,0.0033471947336171396,81.244366,80.64579900000001,time,-0.0023896694225274463,0.011131430332042913,0.021363130583110276,1.333051144096647,2.5583545704206663,LTC
2267,2024-05-12 14:00:00+00:00,2024-05-13 02:00:00+00:00,1,13,-0.01727215488712002,False,0.0032946595369565674,81.814537,80.49893938310954,stop,-0.004655727392121643,0.03122350982686605,0.004100285991962581,5.934156381495922,0.7792762062971861,LTC
2268,2024-05-13 03:00:00+00:00,2024-05-13 07:00:00+00:00,-1,5,-0.021804397218541372,False,0.0033229848211626055,79.716078,81.37369414334455,stop,-0.005775882717486492,0.023632898748480808,0.010613643084648388,3.460523328702357,1.5541368787570853,LTC
2269,2024-05-26 10:00:00+00:00,2024-05-27 15:00:00+00:00,-1,30,-0.015891057164858242,False,0.0030677854614418157,84.464653,85.74704577984299,stop,-0.00411768174583356,0.0207820305613521,0.010710432919199896,4.190451161093162,2.159632377094897,LTC
2270,2024-06-02 08:00:00+00:00,2024-06-03 01:00:00+00:00,-1,18,-0.010997487284335635,False,0.0030769393994711583,82.87513000000001,83.71987968352092,stop,-0.002804378533167703,0.011883782263750132,0.00766369838575237,3.604759999898494,2.324663375608584,LTC
2271,2024-06-20 08:00:00+00:00,2024-06-20 16:00:00+00:00,1,9,-0.018829224385203933,False,0.0033805542729796584,74.602374,73.2738646416059,stop,-0.004748680948173424,0.019066068862634195,0.00948530136587885,3.266019680243668,1.6248331607946547,LTC
2272,2024-06-22 20:00:00+00:00,2024-06-23 20:00:00+00:00,1,25,-0.015755087554473038,False,0.0033102432879389917,74.752419,73.67129094872071,stop,-0.003898575827424463,0.020499925226500085,0.0037133380258904778,4.341048198213113,0.786333567978589,LTC
2273,2024-07-14 07:00:00+00:00,2024-07-16 06:00:00+00:00,1,48,0.00929154130572446,False,0.003459463971330463,70.40111399999999,71.12865500000001,time,0.00226295597606405,0.017345094851765924,0.04316531127618244,2.204016879447696,5.484955572303144,LTC
2274,2024-07-21 17:00:00+00:00,2024-07-21 18:00:00+00:00,1,2,-0.017976594252285285,False,0.0033383962993494636,73.632083,72.38143567929805,stop,-0.004418881882429672,0.033709259590007645,0.0013298143419358324,6.059149806913084,0.23903059311214378,LTC
2275,2024-07-21 19:00:00+00:00,2024-07-21 23:00:00+00:00,-1,5,-0.024853309817185837,False,0.0033384022052760282,72.308301,74.03223134093686,stop,-0.005999444629869995,0.024916904077168116,0.002050954011490376,3.1762415147079364,0.26144200161775816,LTC
2276,2024-07-22 01:00:00+00:00,2024-07-22 06:00:00+00:00,1,6,-0.02466701449005736,False,0.0031667897946898115,74.33229299999999,72.57218949273617,stop,-0.005806485632376905,0.02451549557337062,0.0005072761578875511,3.144911338899396,0.06507470086090279,LTC
2277,2024-07-27 14:00:00+00:00,2024-07-27 19:00:00+00:00,1,6,-0.015986917332354786,False,0.003185999520187196,72.06161200000001,70.98826090257107,stop,-0.0036704085531774006,0.01653601642994062,0.004001964319088274,3.397977301653998,0.8223615388812229,LTC
2278,2024-08-11 02:00:00+00:00,2024-08-11 12:00:00+00:00,1,11,-0.02075935666205416,False,0.0036592692429267093,61.738516,60.51907558576294,stop,-0.004689909280581566,0.020222643511547882,0.009904416879732003,3.117966135826368,1.5270820755197947,LTC
2279,2024-08-11 15:00:00+00:00,2024-08-12 11:00:00+00:00,-1,21,-0.025170962917007975,False,0.0036717161394005885,60.25191900000001,61.72461322111702,stop,-0.005568520360085052,0.02585944192084561,0.02492732223184473,3.2143443834102516,3.0984813382533933,LTC
2280,2024-08-18 14:00:00+00:00,2024-08-20 13:00:00+00:00,-1,48,0.011557686579842541,False,0.003223130738146768,66.90992100000001,66.08982099999999,time,0.0024925240197410945,0.007623368737798843,0.018680652754021553,1.1176499565593039,2.7387407663373797,LTC
2281,2024-09-09 15:00:00+00:00,2024-09-09 19:00:00+00:00,-1,5,-0.02752980335954042,False,0.0036485104883047102,59.79205700000001,61.3760697822813,stop,-0.006005680205663182,0.02806297498679451,0.002375850692007607,3.215260199926017,0.27220842318298005,LTC
2282,2024-09-09 20:00:00+00:00,2024-09-11 19:00:00+00:00,1,48,0.008041947894147495,False,0.003451865919328204,61.458431999999995,62.021388,time,0.001706069224155906,0.022591399663434215,0.015157692275650732,2.6041998976674265,1.7472870765512993,LTC
2283,2024-09-12 17:00:00+00:00,2024-09-14 02:00:00+00:00,1,34,0.043783008809058506,False,0.003408612876919861,62.738816,65.5556431807883,target,0.009363098715317429,0.0060379845230104515,0.04528590402471093,0.8068993424594583,6.051881392038164,LTC
2284,2024-09-29 05:00:00+00:00,2024-09-30 23:00:00+00:00,-1,43,0.039298496448490434,False,0.003227557379900053,69.15924600000001,66.40783307715016,target,0.008772030972350018,0.016205410914977163,0.04221049489174614,2.4440257382504544,6.365993215535953,LTC
2285,2024-10-09 13:00:00+00:00,2024-10-11 12:00:00+00:00,-1,48,-0.0005265802302507184,False,0.003564077452201614,65.090467,65.08952099999999,time,-0.0001221600131499116,0.007981706445584352,0.028736420035210455,1.3091701571048355,4.713386014458057,LTC
2286,2024-10-20 08:00:00+00:00,2024-10-20 13:00:00+00:00,-1,6,-0.024116591921190388,False,0.0031291808721086818,74.09776400000001,75.8097957567823,stop,-0.005591800960053443,0.023782579997960355,0.0005096510064731493,3.1295339183328656,0.06706463770570693,LTC
2287,2024-11-20 17:00:00+00:00,2024-11-21 06:00:00+00:00,-1,14,-0.05381722490748566,False,0.00267637941630532,84.544629,89.01623588117235,stop,-0.012177412099221508,0.08936547583643656,0.035893811776026546,5.099341246669479,2.0481600212669036,LTC
2288,2024-11-21 07:00:00+00:00,2024-11-23 02:00:00+00:00,1,44,0.12467536468700675,False,0.002373122110551094,90.217057,101.63875693343019,target,0.0266925084373742,0.034439795569921966,0.14789822948890924,1.6321862865120174,7.0092594330620726,LTC
2289,2024-12-01 03:00:00+00:00,2024-12-01 15:00:00+00:00,-1,13,-0.04864113438299287,False,0.002414887301090292,99.710078,104.48072618004667,stop,-0.011712230706572175,0.11212429299273044,0.0004019453279335923,7.07692516481583,0.025369497815409328,LTC
2290,2024-12-01 16:00:00+00:00,2024-12-01 21:00:00+00:00,1,6,0.09722475259995705,False,0.00210504336929779,108.822637,119.51706080850418,target,0.022271893443142524,0.029981234510977693,0.09857657648931993,1.8304700047919673,6.018480205433574,LTC
2291,2024-12-26 07:00:00+00:00,2024-12-28 06:00:00+00:00,-1,48,0.0649717238361681,False,0.0023576865247261053,106.608008,99.639883,time,0.016330529988128433,0.005083970802643715,0.06873787567628126,0.43968143175195235,5.944716987205927,LTC
2292,2024-12-29 18:00:00+00:00,2024-12-30 06:00:00+00:00,-1,13,-0.032142198832452146,False,0.002697281370143101,99.240219,102.33819455969424,stop,-0.00860378501604548,0.033048909333825635,0.025395137429110242,3.2078363844397653,2.4649359835173117,LTC
2293,2024-12-30 07:00:00+00:00,2024-12-30 14:00:00+00:00,1,8,-0.03783318791995004,False,0.0025302589846490356,102.39070799999999,98.62392493184518,stop,-0.00980163349562272,0.04444454080735516,0.005950657163148151,3.6530481232758074,0.4891047716370747,LTC
2294,2025-01-05 05:00:00+00:00,2025-01-07 04:00:00+00:00,1,48,-0.0022933852161748864,False,0.0022143114961899655,112.573762,112.49624100000001,time,-0.0005716798738502899,0.016822410181157446,0.0427829532782248,2.227956188641133,5.666164627903938,LTC
2295,2025-02-09 02:00:00+00:00,2025-02-09 21:00:00+00:00,1,20,-0.03422793746804629,False,0.0023506391922085163,105.80173099999999,102.30589177871029,stop,-0.008512546081500781,0.03319162141118451,0.031552120824942,3.0403384395630977,2.890160881429114,LTC
2296,2025-02-24 04:00:00+00:00,2025-02-24 22:00:00+00:00,-1,19,0.0890366730341542,False,0.0019704849321654687,121.89342100000002,110.92571196112794,target,0.021385642762423378,0.028193309957228782,0.11315968398327274,1.8800165036216532,7.5458352976613305,LTC
2297,2025-03-15 09:00:00+00:00,2025-03-16 11:00:00+00:00,1,27,-0.03308249583106942,False,0.0028227152770946063,92.66779199999999,89.69575012885001,stop,-0.00865354697157696,0.04497562648303945,0.016534417912968204,4.2454482231723425,1.5607568062730843,LTC
2298,2025-03-21 23:00:00+00:00,2025-03-23 22:00:00+00:00,-1,48,0.001924484863499717,False,0.0027662053831702584,91.43256199999999,91.16734199999999,time,0.0004867431080476878,0.01681499420304999,0.012058745548440303,1.743755930008768,1.2505213385530358,LTC
2299,2025-03-24 07:00:00+00:00,2025-03-26 06:00:00+00:00,1,48,0.011067702139887612,False,0.0027097228442922476,93.518047,94.691584,time,0.0028046441344776246,0.0182643570390215,0.027181416652124982,2.3546938590322433,3.504307035490608,LTC
2300,2025-04-17 17:00:00+00:00,2025-04-19 16:00:00+00:00,1,48,-0.012893467127363736,False,0.0033782088064687643,75.84274599999999,74.967503,time,-0.0033034691540317017,0.021659896122431913,0.01578600542759904,1.7682209583528605,1.2887017319000245,LTC
2301,2025-04-19 17:00:00+00:00,2025-04-20 03:00:00+00:00,-1,11,-0.021793538893247776,False,0.0033722348548065073,74.997494,76.56121356470277,stop,-0.005511785686618101,0.021500798413344267,0.0014333012247049566,3.1396998881900546,0.20930086448119314,LTC
