,entry,exit,direction,bars,return,open,mae,mfe,mae_atr,mfe_atr,symbol
0,2019-09-24 20:00:00+00:00,2019-09-28 16:00:00+00:00,1,23,-0.06930908678884959,False,0.10929708834888463,0.01270355706537768,4.874693618956291,0.5665836986157522,BTC
1,2019-10-09 16:00:00+00:00,2019-10-11 16:00:00+00:00,-1,12,0.023399371115436995,False,0.027825438094803662,0.032932986670315745,1.5685218031860069,1.8564346573961414,BTC
2,2019-10-23 16:00:00+00:00,2019-10-25 16:00:00+00:00,1,12,0.11000614952108055,False,0.03343408522181357,0.15413421876410724,1.973960787457831,9.100141422361638,BTC
3,2019-10-25 16:00:00+00:00,2019-10-28 04:00:00+00:00,-1,15,-0.16162952808346642,False,0.25941736483183525,0.0008796639127257767,11.898811994742086,0.04034793708920885,BTC
4,2019-11-22 12:00:00+00:00,2019-11-24 12:00:00+00:00,1,12,0.014149703071587406,False,0.04712435079848626,0.039762271775550265,1.8275490337739675,1.5420371874151957,BTC
5,2019-11-25 16:00:00+00:00,2019-11-27 16:00:00+00:00,-1,12,-0.011219019162018937,False,0.026059396318720267,0.05441855713934699,0.8475765270274986,1.769952423375258,BTC
6,2019-12-19 00:00:00+00:00,2019-12-21 00:00:00+00:00,-1,12,0.011389320228246201,False,0.012426072904757758,0.03223935889543574,0.5563988360362441,1.4435728730600805,BTC
7,2020-01-03 08:00:00+00:00,2020-01-05 08:00:00+00:00,-1,12,-0.03762694338894762,False,0.0412585683285125,2.7785418768545457e-06,2.9989693737321015,0.00020196439987861588,BTC
8,2020-01-07 20:00:00+00:00,2020-01-08 20:00:00+00:00,-1,6,0.011677725335015533,False,0.04836890653415387,0.015562578998255697,2.7730299961447766,0.8922157119484013,BTC
9,2020-01-08 20:00:00+00:00,2020-01-10 20:00:00+00:00,1,12,0.010981512691113231,False,0.037043081964331696,0.0226439256501842,1.6838244673415497,1.0292986982874806,BTC
10,2020-01-14 04:00:00+00:00,2020-01-16 04:00:00+00:00,-1,12,-0.021672429884556737,False,0.053290262862108445,0.0002479385679068747,3.2736344914634588,0.015230929705943027,BTC
11,2020-01-19 12:00:00+00:00,2020-01-21 12:00:00+00:00,1,12,-0.008007651499423098,False,0.03031991397888994,0.00644354175378297,1.4770967195175773,0.31391033606540003,BTC
12,2020-01-29 00:00:00+00:00,2020-01-31 00:00:00+00:00,-1,12,-0.01170322120314491,False,0.021281032622688892,0.020061751381532836,1.2532032939142659,1.1814019253098331,BTC
13,2020-02-11 16:00:00+00:00,2020-02-13 16:00:00+00:00,-1,12,-0.00020478807547895492,False,0.03288878610088409,0.010131913813564498,2.2400633647205286,0.690087158542516,BTC
14,2020-02-20 00:00:00+00:00,2020-02-22 00:00:00+00:00,1,12,0.006914895642514209,False,0.021999968729315693,0.017296857817410527,0.9226343586914222,0.7253953637887588,BTC
15,2020-03-08 16:00:00+00:00,2020-03-10 16:00:00+00:00,1,12,-0.07819363028003651,False,0.09104642857142857,0.0001773809523809264,5.384648584746206,0.010490626696571179,BTC
16,2020-03-12 12:00:00+00:00,2020-03-15 00:00:00+00:00,1,15,-0.11837139057836021,False,0.40020170973009317,0.04316058280532194,6.695236335271692,0.7220616384787146,BTC
17,2020-03-16 16:00:00+00:00,2020-03-18 16:00:00+00:00,-1,12,-0.043771129450756764,False,0.07506007138580205,0.06393617269454188,0.8425287837916626,0.7176660616767742,BTC
18,2020-04-30 04:00:00+00:00,2020-05-02 04:00:00+00:00,-1,12,0.04962930652372856,False,0.018669615292450138,0.09735945403141841,0.8422666203698721,4.392303591882795,BTC
19,2020-05-10 04:00:00+00:00,2020-05-12 04:00:00+00:00,1,12,0.010051415716068362,False,0.05457540030040651,0.06290559231701592,1.490404679471425,1.7178946675266789,BTC
20,2020-06-02 00:00:00+00:00,2020-06-02 16:00:00+00:00,-1,4,0.07468884116972932,False,0.0029142495269963596,0.09463297265179116,0.15898008558606483,5.1624810957597465,BTC
21,2020-06-02 16:00:00+00:00,2020-06-04 16:00:00+00:00,1,12,0.035638742044780694,False,0.009037907033238597,0.04035741822368217,0.37896430523550023,1.692208262597701,BTC
22,2020-07-26 12:00:00+00:00,2020-07-29 20:00:00+00:00,-1,20,-0.11287736289314013,False,0.15120025252651784,0.016950341461948126,13.180821242729147,1.4776392041671669,BTC
23,2020-08-02 08:00:00+00:00,2020-08-04 08:00:00+00:00,1,12,-0.006036093407819858,False,0.03639573788147644,0.013709755731525311,1.2386725293352205,0.4665902876825423,BTC
24,2020-08-17 16:00:00+00:00,2020-08-19 16:00:00+00:00,-1,12,0.061219906943177846,False,0.004454359092220445,0.06621590020564143,0.28697109499417084,4.265944661090484,BTC
25,2020-09-03 16:00:00+00:00,2020-09-06 00:00:00+00:00,1,14,-0.04905767716475753,False,0.08190224447025768,0.010896150076893615,3.88123441383742,0.516353525233784,BTC
26,2020-10-08 16:00:00+00:00,2020-10-12 04:00:00+00:00,-1,21,-0.04527592894261571,False,0.05520307655868288,0.006816498036756761,5.827363250732318,0.71956515169692,BTC
27,2020-10-19 16:00:00+00:00,2020-10-23 16:00:00+00:00,-1,24,-0.0928826125636298,False,0.12192741027970219,0.012296290521577661,12.058879075791266,1.2161291717781042,BTC
28,2020-11-07 20:00:00+00:00,2020-11-11 16:00:00+00:00,1,23,0.06705748928996029,False,0.020794637093527402,0.0828578330287675,0.7983176068425175,3.1809579880704737,BTC
29,2020-12-16 16:00:00+00:00,2020-12-18 16:00:00+00:00,-1,12,-0.0892434033089626,False,0.15588222485665212,0.0056371422350180245,9.16290336798991,0.3313565072514463,BTC
30,2020-12-21 12:00:00+00:00,2020-12-23 12:00:00+00:00,1,12,0.016759784840026135,False,0.03278471517451353,0.0630304902263601,1.0801840446331965,2.0767156129161974,BTC
31,2021-01-02 16:00:00+00:00,2021-01-04 16:00:00+00:00,-1,12,0.000630770162236953,False,0.09821985111459125,0.12349871567338783,3.918197862849597,4.926625303591532,BTC
32,2021-01-12 00:00:00+00:00,2021-01-14 00:00:00+00:00,-1,12,-0.05898072993303711,False,0.0698008329082937,0.08439960393646036,0.9726246257988166,1.1760480466489434,BTC
33,2021-01-29 12:00:00+00:00,2021-01-31 12:00:00+00:00,-1,12,0.09639362617323308,False,0.04249137554493843,0.11377104314426313,0.9703633010650965,2.59815653353772,BTC
34,2021-02-08 16:00:00+00:00,2021-02-10 16:00:00+00:00,-1,12,-0.012509553294184798,False,0.1023288138326093,0.025962977503442272,3.0581737511073492,0.7759231572008651,BTC
35,2021-04-18 04:00:00+00:00,2021-04-20 04:00:00+00:00,1,12,-0.003972565012807637,False,0.03189566497099514,0.04892008052586111,0.9485300892199755,1.4548111283473795,BTC
36,2021-04-26 04:00:00+00:00,2021-04-28 04:00:00+00:00,-1,12,-0.04569868305569525,False,0.06319254977354248,0.007110587820547755,1.8991372108528353,0.21369579118792045,BTC
37,2021-05-13 00:00:00+00:00,2021-05-15 00:00:00+00:00,1,12,0.004089106457941437,False,0.08064076445244517,0.039060597115559835,2.2087569421396727,1.069872856847622,BTC
38,2021-05-17 04:00:00+00:00,2021-05-19 04:00:00+00:00,1,12,-0.05377193094228352,False,0.066590774442619,0.06707041205802443,1.4076744498301297,1.417813596311531,BTC
39,2021-05-21 16:00:00+00:00,2021-05-23 16:00:00+00:00,1,12,-0.09660305447630542,False,0.11546640005844956,0.055224785003667946,1.4754143858185818,0.7056549975309245,BTC
40,2021-07-26 04:00:00+00:00,2021-07-28 04:00:00+00:00,-1,12,-0.043897881573272,False,0.0601514661461041,0.049435764047638664,1.523305346201794,1.2519356300381022,BTC
41,2021-09-07 16:00:00+00:00,2021-09-09 16:00:00+00:00,1,12,0.006137795273348021,False,0.04744447302975731,0.019354043392504933,1.554600811987224,0.6341689484959181,BTC
42,2021-09-24 12:00:00+00:00,2021-09-26 12:00:00+00:00,1,12,0.03611114149866958,False,0.01891228295020522,0.054081829802221495,0.5779050466187039,1.6525853835503492,BTC
43,2021-10-01 12:00:00+00:00,2021-10-03 12:00:00+00:00,-1,12,-0.011531807671516597,False,0.020380870586010385,0.015283388936544,0.8284219853757218,0.6212244640212676,BTC
44,2021-10-06 16:00:00+00:00,2021-10-08 16:00:00+00:00,-1,12,0.011480351974507376,False,0.021716092837392096,0.029805118838754696,0.9502354701327252,1.304188618283095,BTC
45,2021-11-16 04:00:00+00:00,2021-11-18 04:00:00+00:00,1,12,-0.019187982288014906,False,0.04277735726208902,0.010163808591176514,2.17644034910256,0.5171175718701128,BTC
46,2021-11-26 12:00:00+00:00,2021-11-28 12:00:00+00:00,1,12,0.012371194879301911,False,0.004953841947612188,0.028524346547608336,0.20364858637087002,1.17261368307748,BTC
47,2021-11-29 00:00:00+00:00,2021-12-01 00:00:00+00:00,-1,12,0.004785886303118852,False,0.0333112742348391,0.024700549046483455,1.596424807801924,1.1837604585805126,BTC
48,2021-12-04 08:00:00+00:00,2021-12-06 08:00:00+00:00,1,12,0.023725413503071745,False,0.024122003482922896,0.05202073666338352,0.52020151886266,1.1218498597682616,BTC
49,2021-12-31 20:00:00+00:00,2022-01-02 20:00:00+00:00,1,12,0.02410419431499121,False,0.0012606213143454552,0.050153125452604995,0.05829611560423591,2.3192788873452286,BTC
50,2022-01-21 00:00:00+00:00,2022-01-23 04:00:00+00:00,1,13,-0.1476432508976564,False,0.1650617571478215,0.010675158853456403,8.24353129251885,0.5331398840148538,BTC
51,2022-02-21 12:00:00+00:00,2022-02-23 12:00:00+00:00,1,12,0.0320574881406683,False,0.03301739818215236,0.046607314533460766,1.4861655432964882,2.0978692670778964,BTC
52,2022-02-24 04:00:00+00:00,2022-02-26 04:00:00+00:00,1,12,0.1208124715473446,False,0.017305587862884678,0.1585118512194981,0.558630212024106,5.11681601091368,BTC
53,2022-02-28 16:00:00+00:00,2022-03-02 16:00:00+00:00,-1,12,-0.08088649488451599,False,0.11171579298307537,0.002897570159440008,3.795641672003911,0.0984474777562712,BTC
54,2022-03-09 04:00:00+00:00,2022-03-11 04:00:00+00:00,-1,12,0.05952944813608228,False,0.035171183416871976,0.0727793487626977,1.3256795603202953,2.7432143503549864,BTC
55,2022-03-28 00:00:00+00:00,2022-03-30 00:00:00+00:00,-1,12,-0.013976395410242225,False,0.0294569934729863,0.0036223217031747814,2.143706480088698,0.2636112376907312,BTC
56,2022-04-26 16:00:00+00:00,2022-04-28 16:00:00+00:00,1,12,0.021583277079899515,False,0.022702214704684386,0.04636170483229517,1.1596109419580816,2.3681187457128208,BTC
57,2022-05-05 16:00:00+00:00,2022-05-07 16:00:00+00:00,1,12,-0.027002398909246383,False,0.04571874728897375,0.012088466209768408,2.080389245295362,0.5500744571140916,BTC
58,2022-05-11 20:00:00+00:00,2022-05-13 20:00:00+00:00,1,12,0.02571757021190677,False,0.09296503806134092,0.05831303962807168,1.9851407459407169,1.2451948969133901,BTC
59,2022-06-06 04:00:00+00:00,2022-06-07 04:00:00+00:00,-1,6,0.05247213603744276,False,0.01744837522010565,0.06547142628461662,1.1489030356299674,4.311021482317951,BTC
60,2022-06-07 04:00:00+00:00,2022-06-09 04:00:00+00:00,1,12,0.0244586371918049,False,0.007699466959979694,0.06943057788306964,0.3898405140445838,3.5154189651097307,BTC
61,2022-06-19 12:00:00+00:00,2022-06-21 12:00:00+00:00,-1,12,-0.06647560266484777,False,0.09049346215977312,0.029178985440986793,1.7952473025511078,0.5788649660858651,BTC
62,2022-07-27 20:00:00+00:00,2022-07-29 20:00:00+00:00,-1,12,-0.049934198048158254,False,0.07627021850481909,0.008482766497684858,3.328318440365786,0.37017526254730343,BTC
63,2022-09-06 20:00:00+00:00,2022-09-08 20:00:00+00:00,1,12,0.02635577211445639,False,0.01663743156328071,0.03412533886142561,0.9503398522330119,1.9492593774236215,BTC
64,2022-09-13 16:00:00+00:00,2022-09-15 16:00:00+00:00,1,12,-0.05482123818370985,False,0.06583300918655974,0.004643702668568187,2.5546534518791466,0.18019913107936814,BTC
65,2022-09-27 04:00:00+00:00,2022-09-29 04:00:00+00:00,-1,12,0.027097467715440783,False,0.014090255277002101,0.08122178589381797,0.727454157730507,4.193332532675456,BTC
66,2022-11-08 20:00:00+00:00,2022-11-10 16:00:00+00:00,1,11,-0.031725071987035745,False,0.1521767737690536,0.026537997587454766,4.822041539307594,0.8409123387709432,BTC
67,2022-11-10 16:00:00+00:00,2022-11-12 16:00:00+00:00,-1,12,0.03242192484634299,False,0.039243854608473655,0.06832900077529978,0.8769613351531698,1.5269114705325186,BTC
68,2022-12-16 12:00:00+00:00,2022-12-18 12:00:00+00:00,1,12,-0.02052004870890666,False,0.02923272184551021,0.003425663685614734,2.2376718911016544,0.2622236608064984,BTC
69,2023-01-12 00:00:00+00:00,2023-01-16 04:00:00+00:00,-1,25,-0.16501622887734835,False,0.20117976995600947,0.0018566323031718457,25.24198474280381,0.232951276760621,BTC
70,2023-01-21 00:00:00+00:00,2023-01-23 00:00:00+00:00,-1,12,-0.003347813274783619,False,0.032165252348738654,0.01650846604975039,1.8992757701759642,0.9747826390764495,BTC
71,2023-02-16 00:00:00+00:00,2023-02-17 00:00:00+00:00,-1,6,0.030584260315725992,False,0.03934639126110656,0.03347772124639367,2.659720005300238,2.263012237641077,BTC
72,2023-02-17 00:00:00+00:00,2023-02-19 00:00:00+00:00,1,12,0.04432489965877704,False,0.007506397014443164,0.06446320335280076,0.36759403447052286,3.156812642570784,BTC
73,2023-03-03 04:00:00+00:00,2023-03-05 04:00:00+00:00,1,12,0.001419819301119279,False,0.008347417545715817,0.015408203063708492,0.46853423588841886,0.8648507888015535,BTC
74,2023-03-09 20:00:00+00:00,2023-03-11 20:00:00+00:00,1,12,-0.03135902347576807,False,0.06351460260198795,0.0006140384541583313,4.417032793618114,0.04270243184163498,BTC
75,2023-03-13 00:00:00+00:00,2023-03-15 16:00:00+00:00,-1,16,-0.1139244278613835,False,0.2048421282440804,0.008287016401197148,9.771237909412669,0.3953015403101883,BTC
76,2023-03-22 20:00:00+00:00,2023-03-24 20:00:00+00:00,1,12,0.04194994755587166,False,0.0024048833012556624,0.07964628331101037,0.09278657649901677,3.072958241026011,BTC
77,2023-04-26 20:00:00+00:00,2023-04-28 20:00:00+00:00,1,12,0.04919969379943138,False,0.024106716800792245,0.07269328606948211,1.1374176435976702,3.429858442764151,BTC
78,2023-06-05 16:00:00+00:00,2023-06-06 20:00:00+00:00,1,7,0.040186297266686634,False,0.025788803434916373,0.04797648498185973,2.390578442588485,4.447338979423882,BTC
79,2023-06-06 20:00:00+00:00,2023-06-08 20:00:00+00:00,-1,12,0.01874064882064209,False,0.01186413131805626,0.035540682298361506,0.8372645455130958,2.5081442892051666,BTC
80,2023-06-15 00:00:00+00:00,2023-06-17 00:00:00+00:00,1,12,0.04610414590692385,False,0.013493444391799675,0.05617955159878801,1.0197862356125451,4.2458494495405565,BTC
81,2023-06-20 20:00:00+00:00,2023-06-25 16:00:00+00:00,-1,29,-0.09097930802093501,False,0.12605366450035393,0.004225382322029926,9.657429591724387,0.32372190395945477,BTC
82,2023-07-14 20:00:00+00:00,2023-07-16 20:00:00+00:00,1,12,0.002941192104896945,False,0.004481742464260727,0.011352197183379249,0.2998242361768691,0.7594510118727517,BTC
83,2023-08-17 16:00:00+00:00,2023-08-20 00:00:00+00:00,1,14,-0.06816332139627107,False,0.11962006955363191,0.0056266094574314775,14.36756125724876,0.6758118127829451,BTC
84,2023-08-29 16:00:00+00:00,2023-08-31 16:00:00+00:00,-1,12,0.016879893346915892,False,0.027601654785964908,0.024719642192664443,2.6756630694479777,2.396285085722917,BTC
85,2023-09-12 04:00:00+00:00,2023-09-14 04:00:00+00:00,-1,12,-0.01961243839997188,False,0.03070396537951463,0.00726688950760431,2.759565399812009,0.6531227026076977,BTC
86,2023-10-02 00:00:00+00:00,2023-10-04 00:00:00+00:00,-1,12,0.01882710308022825,False,0.022572137205429266,0.030677521496422673,2.2860633293231785,3.1069613076172016,BTC
87,2023-10-16 08:00:00+00:00,2023-10-18 08:00:00+00:00,-1,12,-0.024802618355851302,False,0.10355926601813398,0.0075366775394076725,11.913476258160447,0.8670207156105362,BTC
88,2023-10-23 04:00:00+00:00,2023-10-26 00:00:00+00:00,-1,17,-0.11928428972459565,False,0.17113331597448253,0.012726207525061841,13.37410510934444,0.9945558298472155,BTC
89,2023-11-15 20:00:00+00:00,2023-11-17 20:00:00+00:00,-1,12,0.03070010299470621,False,0.01259346504154294,0.05439492211024485,0.774471724030832,3.3451737838851976,BTC
90,2023-11-22 00:00:00+00:00,2023-11-24 00:00:00+00:00,1,12,0.040976015486870555,False,0.0035341522791505417,0.0599658617119512,0.21297059529677512,3.613586585280907,BTC
91,2023-12-05 20:00:00+00:00,2023-12-07 20:00:00+00:00,-1,12,0.01234058463765797,False,0.01583474015604322,0.023246794725555506,1.0260673918546412,1.5063574013829155,BTC
92,2023-12-11 04:00:00+00:00,2023-12-13 04:00:00+00:00,1,12,-0.03642538169659751,False,0.049264052485299956,0.004199674802896454,3.0806583616720524,0.26262076798710227,BTC
93,2024-01-08 20:00:00+00:00,2024-01-10 20:00:00+00:00,-1,12,0.009450738773196354,False,0.02325838657042513,0.05776197861155957,1.2558894217365697,3.1189892599461464,BTC
94,2024-01-18 20:00:00+00:00,2024-01-20 20:00:00+00:00,1,12,0.013338124169178326,False,0.017413481184565274,0.02883879241823571,1.0791619879036793,1.7872203854557271,BTC
95,2024-02-12 16:00:00+00:00,2024-02-16 12:00:00+00:00,-1,23,-0.04727796119959136,False,0.05875966942678473,0.03253654452443048,4.1010513515294695,2.2708439512627763,BTC
96,2024-02-26 16:00:00+00:00,2024-03-01 16:00:00+00:00,-1,24,-0.14669809387094093,False,0.21613775076930636,0.001798673407436518,20.022579803119022,0.16662559738851526,BTC
97,2024-03-05 20:00:00+00:00,2024-03-06 08:00:00+00:00,1,3,0.08201810145241423,False,0.005005673855718144,0.08675634285045422,0.15564162879545396,2.697518635609216,BTC
98,2024-03-06 08:00:00+00:00,2024-03-08 08:00:00+00:00,-1,12,-0.007257750612156298,False,0.020100540148653357,0.03211382966293877,0.6321252815724667,1.0099212990261561,BTC
99,2024-04-13 20:00:00+00:00,2024-04-15 20:00:00+00:00,1,12,-0.024588242934539088,False,0.07913972253396541,0.03235302744249296,3.5367366653478856,1.445849628064621,BTC
100,2024-05-01 08:00:00+00:00,2024-05-03 08:00:00+00:00,1,12,0.02785759048816874,False,0.016427751296057946,0.04340315229115204,0.7432105041025061,1.9636089025578078,BTC
101,2024-05-20 20:00:00+00:00,2024-05-22 20:00:00+00:00,-1,12,0.0031233987992533344,False,0.030521569680726564,0.015663662702653198,2.3998135591430683,1.2315837793692357,BTC
102,2024-06-12 20:00:00+00:00,2024-06-14 20:00:00+00:00,1,12,-0.03193168909182777,False,0.03659186768399596,0.017318492014596596,2.554938001716316,1.209221506883231,BTC
103,2024-07-05 04:00:00+00:00,2024-07-07 04:00:00+00:00,1,12,0.046964264728528146,False,0.034141332183878874,0.05899526574492981,1.527952922774303,2.640259853930837,BTC
104,2024-08-05 04:00:00+00:00,2024-08-05 16:00:00+00:00,1,3,0.008368061609778602,False,0.09238249594813612,0.02020269530169453,2.96735281988342,0.6489164885346257,BTC
105,2024-08-05 16:00:00+00:00,2024-08-07 16:00:00+00:00,-1,12,-0.03511781017129511,False,0.06279632638175121,0.032591757567719926,1.5131011569623007,0.785310684949284,BTC
106,2024-08-28 00:00:00+00:00,2024-08-30 00:00:00+00:00,1,12,-0.0016763676983565818,False,0.02634525844285967,0.029644099049415278,1.5519085250867788,1.7462318744408871,BTC
107,2024-11-06 04:00:00+00:00,2024-11-08 04:00:00+00:00,-1,12,-0.022005286437086324,False,0.034059416058982994,0.02212806469527527,1.7943809281304455,1.1657914861745344,BTC
108,2024-11-13 16:00:00+00:00,2024-11-15 16:00:00+00:00,-1,12,0.042473709667516936,False,0.008778929704853031,0.0636456206314567,0.35728563041069367,2.590254900619522,BTC
109,2024-12-05 04:00:00+00:00,2024-12-07 04:00:00+00:00,-1,12,0.03572230911491407,False,0.005935889675296398,0.12499223939901909,0.3417701615990139,7.196666413092037,BTC
110,2024-12-20 12:00:00+00:00,2024-12-20 16:00:00+00:00,1,1,0.04419836509910473,False,0.004772685355459898,0.05220185277263352,0.1950028393552262,2.132868343944312,BTC
111,2024-12-20 16:00:00+00:00,2024-12-22 16:00:00+00:00,-1,12,0.01540960253009994,False,0.026027910104340565,0.019351019427338564,1.0158078892573668,0.7552246077638398,BTC
112,2025-01-20 00:00:00+00:00,2025-01-20 08:00:00+00:00,1,2,0.05602412240212078,False,0.017870626730430404,0.08576025426531045,0.9345323828002318,4.484774707517158,BTC
113,2025-01-20 08:00:00+00:00,2025-01-22 08:00:00+00:00,-1,12,0.0176460302641951,False,0.019798691532280636,0.06607276812205404,0.8619523368828184,2.8765323604473947,BTC
114,2025-02-26 20:00:00+00:00,2025-02-28 16:00:00+00:00,1,11,0.002296337051613845,False,0.06717959728981776,0.03857715430861723,2.966098744336379,1.7032499980794498,BTC
115,2025-02-28 16:00:00+00:00,2025-03-02 16:00:00+00:00,-1,12,-0.04221610485916798,False,0.055938133203729375,0.009467754481638094,1.9773310303519493,0.33467124575134416,BTC
116,2025-03-02 20:00:00+00:00,2025-03-06 20:00:00+00:00,-1,24,0.0479909432273724,False,0.014258462585310553,0.13124697086574666,0.5977892406357237,5.502558679110551,BTC
117,2025-04-03 00:00:00+00:00,2025-04-05 00:00:00+00:00,1,12,0.015179564256728699,False,0.015916814067025543,0.026684819440116955,0.8466453238914177,1.4194158141651152,BTC
118,2025-04-09 20:00:00+00:00,2025-04-11 20:00:00+00:00,-1,12,-0.0209235408810967,False,0.022934352799928098,0.0470936209616071,0.8329734031983075,1.7104356100009068,BTC
119,2019-12-16 20:00:00+00:00,2019-12-18 16:00:00+00:00,1,11,-0.03309758294665281,False,0.11938938254727718,0.008885850991114271,6.609365311597781,0.4919184105960252,ETH
120,2019-12-18 16:00:00+00:00,2019-12-20 16:00:00+00:00,-1,12,-0.0027729436802435012,False,0.05860633199780025,0.012962526514258823,1.9802735920087213,0.43799616981426326,ETH
121,2020-01-14 20:00:00+00:00,2020-01-16 20:00:00+00:00,-1,12,0.01040675855662214,False,0.03954597597053681,0.043470385799673904,1.596079787856114,1.754469385124272,ETH
122,2020-01-19 12:00:00+00:00,2020-01-21 12:00:00+00:00,1,12,0.004581162790749925,False,0.032180739497812694,0.015640918079942383,0.9563328387408834,0.4648098154774096,ETH
123,2020-02-20 00:00:00+00:00,2020-02-22 00:00:00+00:00,1,12,0.022833161274749672,False,0.04844638780327365,0.03896606431141893,1.12983353698542,0.908739913533799,ETH
124,2020-03-08 16:00:00+00:00,2020-03-10 16:00:00+00:00,1,12,-0.09566833753325202,False,0.1243721487489055,0.005575779917976167,4.006047407395798,0.17959679003145423,ETH
125,2020-03-12 12:00:00+00:00,2020-03-13 04:00:00+00:00,1,4,-0.05109427043798405,False,0.38455355838082717,1.3600759900628376,4.36521504414096,15.438744600349573,ETH
126,2020-03-13 04:00:00+00:00,2020-03-15 04:00:00+00:00,-1,12,0.020428438519087738,False,0.12068688813994537,0.15222275718183276,0.4911242276009269,0.619456555690797,ETH
127,2020-05-10 04:00:00+00:00,2020-05-12 04:00:00+00:00,1,12,0.011733390197112042,False,0.05614714424007743,0.04033559212649242,1.5411269687287898,1.1071314430522918,ETH
128,2020-06-02 16:00:00+00:00,2020-06-04 16:00:00+00:00,1,12,0.04665023287959645,False,0.006763988184425756,0.05612397791001321,0.20270380253054365,1.6819283868198758,ETH
129,2020-06-27 20:00:00+00:00,2020-06-29 20:00:00+00:00,1,12,0.03574639710929726,False,0.005603527466470691,0.04675730295792765,0.28417976570158965,2.371270503969006,ETH
130,2020-07-23 00:00:00+00:00,2020-07-25 00:00:00+00:00,-1,12,-0.054276204075562724,False,0.08888636621636967,0.0166874787149505,5.547610961886671,1.041505506254578,ETH
131,2020-07-27 04:00:00+00:00,2020-07-29 04:00:00+00:00,-1,12,0.02884185196157673,False,0.029249109008233937,0.059788619884478415,1.0465333321499395,2.1392372524829724,ETH
132,2020-08-01 20:00:00+00:00,2020-08-02 08:00:00+00:00,-1,3,0.007481004790233042,False,0.08769330734243018,0.21507472384665366,3.3319899654626632,8.171967090753862,ETH
133,2020-08-02 08:00:00+00:00,2020-08-04 08:00:00+00:00,1,12,0.03579441340310862,False,0.07200315457413246,0.06172450052576241,1.4475718166295188,1.2409268439014658,ETH
134,2020-08-14 00:00:00+00:00,2020-08-16 00:00:00+00:00,-1,12,-0.013306505159070241,False,0.047773545869187126,0.01725678280904682,1.7129901662877054,0.6187671171531339,ETH
135,2020-09-02 12:00:00+00:00,2020-09-04 12:00:00+00:00,1,12,-0.11013850282401125,False,0.16012043556018385,0.020781925610667166,4.523664991199196,0.587123492424836,ETH
136,2020-09-05 12:00:00+00:00,2020-09-07 20:00:00+00:00,1,14,-0.02352524412462103,False,0.13752560541010744,0.013441086511210317,2.5782901174196464,0.2519895870728456,ETH
137,2020-10-12 16:00:00+00:00,2020-10-14 16:00:00+00:00,-1,12,0.024982270204311506,False,0.024748626516015372,0.030138903285995635,1.3779222368010715,1.678035142826852,ETH
138,2020-10-22 12:00:00+00:00,2020-10-24 12:00:00+00:00,-1,12,0.0035583771846177813,False,0.014768135462766948,0.033528959014816236,0.7300244024135761,1.6574169657402724,ETH
139,2020-11-04 20:00:00+00:00,2020-11-06 20:00:00+00:00,-1,12,-0.09012886614802063,False,0.10979360984322284,0.01793510617185954,4.966101326083148,0.8112271257926177,ETH
140,2020-11-21 16:00:00+00:00,2020-11-24 20:00:00+00:00,-1,19,-0.12074176854684142,False,0.16198820618710105,0.04942612124932576,6.900204140710943,2.105402205083719,ETH
141,2020-11-26 04:00:00+00:00,2020-11-28 04:00:00+00:00,1,12,-0.03229576502134493,False,0.09767144655979257,0.009190174594523457,2.1327559234949627,0.2006768609946187,ETH
142,2020-12-21 12:00:00+00:00,2020-12-23 12:00:00+00:00,1,12,-0.008879155142122903,False,0.030721839686357163,0.05350377227951112,0.9958059168220234,1.7342507334251676,ETH
143,2020-12-27 16:00:00+00:00,2020-12-29 16:00:00+00:00,-1,12,-0.028610970603745543,False,0.07097437949216232,0.05618507351785441,2.118733892044142,1.6772421307665761,ETH
144,2021-01-03 16:00:00+00:00,2021-01-05 16:00:00+00:00,-1,12,-0.13665597341840954,False,0.27636857841804846,0.032345746126664854,8.615389428166226,1.0083317026159375,ETH
145,2021-01-11 04:00:00+00:00,2021-01-13 04:00:00+00:00,1,12,-0.04476499099384576,False,0.17175721047249293,0.04356600512221839,2.109390909767206,0.5350444090636679,ETH
146,2021-02-23 12:00:00+00:00,2021-02-25 12:00:00+00:00,1,12,0.11938253896537764,False,0.01913575999449525,0.17941237184339093,0.28021248877008403,2.6272061964010023,ETH
147,2021-04-18 04:00:00+00:00,2021-04-20 12:00:00+00:00,1,14,0.023588321320004046,False,0.054478442280945755,0.056365322206768625,1.1727518085849387,1.2133704781529806,ETH
148,2021-08-04 16:00:00+00:00,2021-08-06 16:00:00+00:00,-1,12,-0.06438332648324772,False,0.0671122104183895,0.054404484375409234,2.19689311843946,1.7809104571503371,ETH
149,2021-09-07 16:00:00+00:00,2021-09-09 16:00:00+00:00,1,12,0.021643324605891117,False,0.06797908246780521,0.03573653180363012,1.7073104957177676,0.8975313230769971,ETH
150,2021-09-24 12:00:00+00:00,2021-09-26 12:00:00+00:00,1,12,0.05285805568857811,False,0.031234073277082507,0.07275327028710571,0.7124819817465758,1.6595784268308906,ETH
151,2021-09-26 12:00:00+00:00,2021-09-28 12:00:00+00:00,-1,12,0.013199933618052124,False,0.06420407531735411,0.03327256459761457,1.55329330571013,0.8049652860480201,ETH
152,2021-10-06 16:00:00+00:00,2021-10-08 16:00:00+00:00,-1,12,-0.0023511917677815756,False,0.015915617925662602,0.04075923965471016,0.5990754006843697,1.5342073390919988,ETH
153,2021-10-20 16:00:00+00:00,2021-10-22 16:00:00+00:00,-1,12,0.02806375268123603,False,0.07492335269514465,0.030521789383980927,3.368593996740153,1.3722759699100913,ETH
154,2021-11-16 04:00:00+00:00,2021-11-18 04:00:00+00:00,1,12,-0.008888055746357114,False,0.05795370475591917,0.013244772014128298,2.403176981530008,0.5492234079602137,ETH
155,2021-11-26 12:00:00+00:00,2021-11-28 12:00:00+00:00,1,12,0.026576366759691647,False,0.018397209045503647,0.049785407725321806,0.5842257973676221,1.5809963051274358,ETH
156,2021-12-15 20:00:00+00:00,2021-12-17 20:00:00+00:00,-1,12,0.020693781400134916,False,0.03782932453034645,0.06908412816409845,1.1349988545626166,2.0727413800848704,ETH
157,2022-01-21 00:00:00+00:00,2022-01-24 00:00:00+00:00,1,18,-0.15960161712232596,False,0.23545961225632686,0.010660284274247318,8.754661834300654,0.3963617496190824,ETH
158,2022-02-24 04:00:00+00:00,2022-02-26 04:00:00+00:00,1,12,0.15521051618237192,False,0.04038072178505084,0.20311423740842022,1.048176576650465,5.272307591949589,ETH
159,2022-02-27 20:00:00+00:00,2022-03-01 20:00:00+00:00,1,12,0.12405786048072004,False,0.020035381386014007,0.1650530145171132,0.4854952044181791,3.999546875546886,ETH
160,2022-04-25 20:00:00+00:00,2022-04-26 16:00:00+00:00,-1,5,0.04954550804397279,False,0.010563929874899939,0.05326465616583473,0.5339858916416094,2.6924236768436907,ETH
161,2022-04-26 16:00:00+00:00,2022-04-28 16:00:00+00:00,1,12,0.009820032385999253,False,0.033929852182279376,0.03210006122627482,1.5515819249531049,1.4679072140074998,ETH
162,2022-05-05 16:00:00+00:00,2022-05-07 16:00:00+00:00,1,12,-0.019557328954864422,False,0.040373633991936254,0.011803769178844402,1.762946402142632,0.5154208414759506,ETH
163,2022-05-11 16:00:00+00:00,2022-05-13 04:00:00+00:00,1,9,-0.07151239438333741,False,0.21599685591525106,0.008465183235669296,4.332343636181385,0.16978989145356232,ETH
164,2022-05-13 04:00:00+00:00,2022-05-15 04:00:00+00:00,-1,12,0.03538917852433025,False,0.026527503903209917,0.06892567428846985,0.40076930772682645,1.0413077261239143,ETH
165,2022-06-19 12:00:00+00:00,2022-06-21 12:00:00+00:00,-1,12,-0.08458151257870435,False,0.11887581426661471,0.035206660155694514,1.7698739810159585,0.5241718187375193,ETH
166,2022-08-10 16:00:00+00:00,2022-08-12 16:00:00+00:00,-1,12,-0.03407221692610077,False,0.057794908647459814,0.018259619781799158,2.290988470853146,0.7238107885494949,ETH
167,2022-09-13 16:00:00+00:00,2022-09-15 16:00:00+00:00,1,12,-0.05297265758686551,False,0.08625616227588151,0.041102772631645086,2.695114385310767,1.284275475199053,ETH
168,2022-10-25 16:00:00+00:00,2022-10-27 20:00:00+00:00,-1,13,-0.10811409250909028,False,0.13319881777878823,0.0027068887120608913,8.634403920172748,0.17546980443704768,ETH
169,2022-11-08 20:00:00+00:00,2022-11-10 16:00:00+00:00,1,11,0.021471234052768177,False,0.18406118360413468,0.025312888015417794,3.6825430050543226,0.5064392006702615,ETH
170,2022-11-10 16:00:00+00:00,2022-11-12 16:00:00+00:00,-1,12,0.03195451616793098,False,0.021767430595501187,0.09208773576337385,0.3615830535398087,1.529687417391814,ETH
171,2022-12-16 12:00:00+00:00,2022-12-18 12:00:00+00:00,1,12,-0.02651362532172758,False,0.047355828727002613,0.005280092401617103,2.496697969017614,0.2783774738974389,ETH
172,2023-01-04 04:00:00+00:00,2023-01-06 04:00:00+00:00,-1,12,-0.0012281815291177436,False,0.019730791071157276,0.009373525389297248,2.030239034549898,0.964507559178143,ETH
173,2023-01-12 00:00:00+00:00,2023-01-14 00:00:00+00:00,-1,12,-0.04523507132348914,False,0.05487093848523676,0.022501187682651188,4.226121102514776,1.733025654789608,ETH
174,2023-01-14 04:00:00+00:00,2023-01-16 04:00:00+00:00,-1,12,-0.007212088412867213,False,0.01780925619410549,0.034219946880172394,0.7764597249720233,1.491943866354743,ETH
175,2023-01-25 00:00:00+00:00,2023-01-27 00:00:00+00:00,1,12,0.026843993242493407,False,0.028078586623307384,0.05474970918836243,1.3845494487723007,2.6996971284255484,ETH
176,2023-02-17 00:00:00+00:00,2023-02-19 00:00:00+00:00,1,12,0.029845777805847386,False,0.004691885295912175,0.05101891397193404,0.204639465193199,2.2252213367301894,ETH
177,2023-03-03 04:00:00+00:00,2023-03-05 04:00:00+00:00,1,12,-0.0001586304380090857,False,0.011843812518775589,0.015052443864930654,0.5962480341196295,0.7577788021326102,ETH
178,2023-03-13 00:00:00+00:00,2023-03-16 16:00:00+00:00,-1,22,-0.055378416101989764,False,0.12650861796031052,0.009548776009016836,5.391361425693173,0.40693593422820296,ETH
179,2023-04-14 04:00:00+00:00,2023-04-16 04:00:00+00:00,-1,12,0.009056423503124742,False,0.00933480616884197,0.032384997937714204,0.5503532843157803,1.9093261986597676,ETH
180,2023-04-19 12:00:00+00:00,2023-04-21 12:00:00+00:00,1,12,-0.038637641520545926,False,0.04326753168071896,0.012773261978088531,2.29984882669147,0.6789518706568735,ETH
181,2023-04-26 20:00:00+00:00,2023-04-28 20:00:00+00:00,1,12,0.0333456569569024,False,0.024822287524830563,0.06129507111235149,1.0854761556754857,2.6804273412083512,ETH
182,2023-05-29 00:00:00+00:00,2023-05-31 00:00:00+00:00,-1,12,0.003210290563493618,False,0.010396361273554333,0.019053008866251598,0.9222771518618429,1.6902216351661423,ETH
183,2023-06-05 16:00:00+00:00,2023-06-06 20:00:00+00:00,1,7,0.037789419412754516,False,0.02416229143187006,0.04345913851397782,2.2214360048883344,3.9955521316592164,ETH
184,2023-06-06 20:00:00+00:00,2023-06-08 20:00:00+00:00,-1,12,0.02216436980742809,False,0.0032097211719976605,0.037612432778286055,0.2466227587646471,2.889996183019697,ETH
185,2023-06-10 08:00:00+00:00,2023-06-12 08:00:00+00:00,1,12,0.0009757332789001003,False,0.011164311168354205,0.027116627488578567,0.7483324059550378,1.817599920309809,ETH
186,2023-06-15 00:00:00+00:00,2023-06-17 00:00:00+00:00,1,12,0.038910310279234285,False,0.014919584530172537,0.04837048079603433,0.9205127259775066,2.984375539704474,ETH
187,2023-06-30 20:00:00+00:00,2023-07-02 20:00:00+00:00,-1,12,0.005439398183165189,False,0.009719777566628778,0.02202526519104663,0.5179321680262227,1.1736475730594216,ETH
188,2023-07-13 20:00:00+00:00,2023-07-14 20:00:00+00:00,-1,6,0.040523801374552325,False,0.01795074819841036,0.049442233870886955,1.4339372033872113,3.949532230211687,ETH
189,2023-07-14 20:00:00+00:00,2023-07-16 20:00:00+00:00,1,12,0.0061975763132524914,False,0.006627331596731879,0.01784201111006503,0.40666046781344894,1.0948057266864022,ETH
190,2023-08-17 16:00:00+00:00,2023-08-20 00:00:00+00:00,1,14,-0.041288931667633866,False,0.141320355285563,0.005815960237470735,14.365549979372243,0.5912061804585822,ETH
191,2023-08-29 16:00:00+00:00,2023-08-31 16:00:00+00:00,-1,12,0.014659134206201758,False,0.01836038819106461,0.024247369801533025,1.5973291434471755,2.109488646584213,ETH
192,2023-09-27 12:00:00+00:00,2023-09-29 12:00:00+00:00,-1,12,-0.02595984947719529,False,0.03606092417628967,0.02840549815520807,3.9880848912308138,3.1414485515364254,ETH
193,2023-10-02 00:00:00+00:00,2023-10-04 00:00:00+00:00,-1,12,0.043917407696778356,False,0.00611518469588489,0.06542093816163708,0.4724073515252154,5.053867326694333,ETH
194,2023-10-24 00:00:00+00:00,2023-10-24 16:00:00+00:00,-1,4,-0.008965039883362762,False,0.0501146431907606,0.004880120021513229,3.0744316930372095,0.2993854631041619,ETH
195,2023-10-24 16:00:00+00:00,2023-10-26 16:00:00+00:00,1,12,-0.0010534614048161195,False,0.012595138580276485,0.05342386382174421,0.5853266039461725,2.4827363812759167,ETH
196,2023-11-09 16:00:00+00:00,2023-11-12 00:00:00+00:00,-1,14,-0.008973080850753896,False,0.049049795053835124,0.032634489791915876,2.9081876778703677,1.93491575208968,ETH
197,2023-12-07 16:00:00+00:00,2023-12-09 16:00:00+00:00,-1,12,-0.01837835306639083,False,0.03651611625574204,0.002286024255104785,2.0490414816367837,0.1282764709678282,ETH
198,2023-12-11 04:00:00+00:00,2023-12-13 04:00:00+00:00,1,12,-0.039584075771143874,False,0.0467772097134557,0.0015901852699094872,2.2178449461721397,0.0753953556860327,ETH
199,2024-01-08 20:00:00+00:00,2024-01-10 20:00:00+00:00,-1,12,-0.05302195081756445,False,0.054245002632428214,0.0563849119410335,3.0620161159414474,3.1828094880793887,ETH
200,2024-01-11 00:00:00+00:00,2024-01-13 00:00:00+00:00,-1,12,0.022063971718565778,False,0.05184815648420992,0.04928417291226769,1.9085776602415336,1.8141950997328387,ETH
201,2024-01-23 12:00:00+00:00,2024-01-25 12:00:00+00:00,1,12,0.004300149108817467,False,0.022891609715635624,0.020808915015236962,1.1953130533400032,1.086562633756876,ETH
202,2024-02-14 12:00:00+00:00,2024-02-16 12:00:00+00:00,-1,12,-0.02525702401389717,False,0.0409418214252047,0.01086633358230053,2.413442976719824,0.6405498229923183,ETH
203,2024-03-05 20:00:00+00:00,2024-03-06 08:00:00+00:00,1,3,0.11703063214213669,False,0.015303176985727116,0.12310930713822595,0.4580114921567186,3.684560239572994,ETH
204,2024-03-06 08:00:00+00:00,2024-03-08 08:00:00+00:00,-1,12,-0.0316934919324317,False,0.0434292740590631,0.017108901695058406,1.2606834860272231,0.4966444937967403,ETH
205,2024-04-12 20:00:00+00:00,2024-04-15 20:00:00+00:00,1,18,-0.03232024204613831,False,0.1295206081734217,0.030695545341723383,4.636556640728718,1.0988338967988427,ETH
206,2024-04-30 12:00:00+00:00,2024-05-02 12:00:00+00:00,1,12,-0.0032557435786384993,False,0.06370407827194904,0.01039279025127007,2.8277563377070223,0.4613249150867834,ETH
207,2024-05-20 20:00:00+00:00,2024-05-23 00:00:00+00:00,-1,13,-0.0883159971991391,False,0.11952743951208311,0.005261336303802223,6.45289534636266,0.2840423311086001,ETH
208,2024-07-05 04:00:00+00:00,2024-07-07 04:00:00+00:00,1,12,0.04202741126934549,False,0.041066334236329154,0.05482703234003793,1.6108056181353783,2.1505618497814467,ETH
209,2024-07-08 12:00:00+00:00,2024-07-10 12:00:00+00:00,-1,12,-0.017694259529632723,False,0.02494390487577185,0.054450759126717665,1.041349939692331,2.273192389692134,ETH
210,2024-07-25 04:00:00+00:00,2024-07-27 04:00:00+00:00,1,12,0.022814731689673424,False,0.02552741283476501,0.03743367862556839,1.1502376551437359,1.6867211340367045,ETH
211,2024-08-05 04:00:00+00:00,2024-08-07 04:00:00+00:00,1,12,0.08406807458474962,False,0.06977639541976155,0.1066631482867363,1.4021084909086436,2.1433223224013855,ETH
212,2024-10-01 16:00:00+00:00,2024-10-03 16:00:00+00:00,1,12,-0.07641321982676127,False,0.08537609865506385,0.002758030385886507,4.992998402490776,0.16129621202755168,ETH
213,2024-10-14 16:00:00+00:00,2024-10-16 16:00:00+00:00,-1,12,0.009523873039791407,False,0.02042163987931475,0.037310005882464546,1.3747228412529515,2.511596404452269,ETH
214,2024-11-06 04:00:00+00:00,2024-11-09 04:00:00+00:00,-1,18,-0.1422672725235496,False,0.16167256033252686,0.00716545691420064,7.52870317616696,0.3336781338631177,ETH
215,2024-11-13 16:00:00+00:00,2024-11-15 16:00:00+00:00,-1,12,0.08656387546673205,False,0.006929243217946534,0.08935251581346901,0.23446244636811275,3.0233906918596882,ETH
216,2024-12-10 16:00:00+00:00,2024-12-12 16:00:00+00:00,1,12,0.10235117256693183,False,0.01551814981726864,0.11739086567565754,0.5330997462701378,4.032764307796829,ETH
217,2024-12-19 20:00:00+00:00,2024-12-20 16:00:00+00:00,1,5,-0.013722413762012092,False,0.09856730358217716,0.007563311107686377,3.3903439106766666,0.2601494088465082,ETH
218,2024-12-20 16:00:00+00:00,2024-12-22 16:00:00+00:00,-1,12,0.01924748643708659,False,0.05349033000130437,0.029739247981217364,1.4015763275032953,0.7792403966699777,ETH
219,2025-01-07 16:00:00+00:00,2025-01-09 16:00:00+00:00,1,12,-0.043631611670261285,False,0.0735783150978993,0.008575035897850703,4.056987203226271,0.4728133670701497,ETH
220,2025-01-19 16:00:00+00:00,2025-01-21 16:00:00+00:00,-1,12,0.022755848032688156,False,0.02130828747569211,0.07164135876536054,0.7368019058884727,2.4772281554288997,ETH
221,2025-02-03 04:00:00+00:00,2025-02-05 04:00:00+00:00,1,12,0.07729340493202215,False,0.03168694784444013,0.15602317320904605,0.563161693381123,2.7729484979892085,ETH
222,2025-02-28 04:00:00+00:00,2025-03-02 04:00:00+00:00,1,12,0.03366845758368461,False,0.03559897689630586,0.06212233450272788,0.8938139347637715,1.5597585402617673,ETH
223,2025-03-02 20:00:00+00:00,2025-03-04 20:00:00+00:00,-1,12,0.12658496713839973,False,0.02615281226232481,0.20322654637204685,0.7503131316100241,5.830483731738664,ETH
224,2025-04-03 00:00:00+00:00,2025-04-05 00:00:00+00:00,1,12,0.011151687340810793,False,0.025990747449974854,0.028354049384092368,0.9662426155643945,1.0541016910521335,ETH
225,2025-04-06 20:00:00+00:00,2025-04-08 20:00:00+00:00,1,12,-0.09918849961609577,False,0.1324251485952671,0.008152742397952276,4.817627542503986,0.2965968076302286,ETH
226,2025-04-09 20:00:00+00:00,2025-04-11 20:00:00+00:00,-1,12,0.042225199970751685,False,0.029437773291944393,0.10299866441426338,0.6592204419199643,2.3065204150789906,ETH
227,2020-10-08 16:00:00+00:00,2020-10-10 16:00:00+00:00,-1,12,-0.03729780328746038,False,0.08314449342837131,0.05623995715050878,1.5544721828014778,1.051464087970275,SOL
228,2020-11-06 04:00:00+00:00,2020-11-07 20:00:00+00:00,-1,10,-0.2441696991633891,False,0.6274982097519692,0.0013019985678015765,14.405819712647917,0.029890693459171967,SOL
229,2020-11-07 20:00:00+00:00,2020-11-09 20:00:00+00:00,1,12,0.09495186494977705,False,0.032358530405405476,0.20713682432432423,0.32299404505548707,2.0675834140256573,SOL
230,2020-11-26 04:00:00+00:00,2020-11-28 04:00:00+00:00,1,12,-0.028083222668782507,False,0.11032583277035803,0.01964350672971993,1.1477052815615065,0.2043488442912154,SOL
231,2021-01-08 12:00:00+00:00,2021-01-10 12:00:00+00:00,-1,12,-0.057552854968546244,False,0.22143219908583037,0.07630777044184857,2.089854597659496,0.7201849846292177,SOL
232,2021-02-22 20:00:00+00:00,2021-02-24 20:00:00+00:00,-1,12,-0.2957070853258966,False,0.3681271542317013,0.14207769532955042,5.426149239079337,2.09420785600987,SOL
233,2021-04-07 16:00:00+00:00,2021-04-09 16:00:00+00:00,-1,12,-0.059798105366603654,False,0.09157946063538493,0.05070702524286413,1.4534579399307912,0.8047713749149898,SOL
234,2021-04-18 04:00:00+00:00,2021-04-18 08:00:00+00:00,1,1,0.2423882296585234,False,0.009443646068569116,0.2651565957252675,0.14107439266482802,3.9610554473779915,SOL
235,2021-04-18 08:00:00+00:00,2021-04-20 08:00:00+00:00,-1,12,-0.12578784857176287,False,0.32285569687101173,0.08655327201513895,4.9114649462276665,1.316697724722205,SOL
236,2021-05-17 08:00:00+00:00,2021-05-19 08:00:00+00:00,-1,12,-0.015873165420762846,False,0.1573093638877914,0.11876728565784277,2.104356630235534,1.588772078484997,SOL
237,2021-06-22 12:00:00+00:00,2021-06-22 16:00:00+00:00,1,1,0.16276363636363628,False,0.0864545454545455,0.2011818181818181,0.7976628299345342,1.8561806967877208,SOL
238,2021-06-22 16:00:00+00:00,2021-06-24 16:00:00+00:00,-1,12,-0.1991126895183092,False,0.28611024359775145,0.008041848844472186,2.7489105708768444,0.07726505356810323,SOL
239,2021-08-15 20:00:00+00:00,2021-08-19 04:00:00+00:00,-1,20,-0.3076825887055492,False,0.5187819557383544,0.017357508065581225,12.890718825896993,0.4313001898325365,SOL
240,2021-09-08 20:00:00+00:00,2021-09-10 20:00:00+00:00,-1,12,0.05577068375315692,False,0.11108829041616386,0.13676157223177834,1.329744931526631,1.6370582967974032,SOL
241,2021-11-26 12:00:00+00:00,2021-11-28 12:00:00+00:00,1,12,0.02621847041606716,False,0.01501576061142527,0.08323977719245217,0.34164016283005116,1.893880154983854,SOL
242,2021-12-04 16:00:00+00:00,2021-12-06 16:00:00+00:00,-1,12,0.07836915704404003,False,0.02742100047353348,0.1398290398012136,0.43573280287284927,2.221950271085451,SOL
243,2021-12-15 20:00:00+00:00,2021-12-17 20:00:00+00:00,-1,12,-0.017062470628893527,False,0.0790931414539432,0.040374621666381255,1.8097693805957964,0.9238317343546806,SOL
244,2022-01-07 04:00:00+00:00,2022-01-09 04:00:00+00:00,1,12,0.019410864550423384,False,0.048202263286062294,0.059876808480160325,1.2524993028505398,1.5558535173596533,SOL
245,2022-01-21 00:00:00+00:00,2022-01-24 08:00:00+00:00,1,20,-0.3655972797238669,False,0.32553942722636336,0.009807767752059519,9.372172431647327,0.28236238948081516,SOL
246,2022-03-30 16:00:00+00:00,2022-04-01 16:00:00+00:00,-1,12,-0.084017555469726,False,0.08998288369060227,0.04270926725894527,2.447497668245335,1.1616746178990536,SOL
247,2022-05-01 00:00:00+00:00,2022-05-03 00:00:00+00:00,1,12,0.035161794340892324,False,0.005917159763313609,0.10248520710059167,0.1790831712938231,3.101720526809015,SOL
248,2022-05-05 16:00:00+00:00,2022-05-07 16:00:00+00:00,1,12,-0.034932815259505506,False,0.06936756565775527,0.01554587209987054,2.0384895421494815,0.45684315715404594,SOL
249,2022-05-11 16:00:00+00:00,2022-05-13 04:00:00+00:00,1,9,-0.06620500706766672,False,0.3320129636298163,0.021786100108030265,3.4166505011263277,0.22419452854462366,SOL
250,2022-05-13 04:00:00+00:00,2022-05-15 04:00:00+00:00,-1,12,-0.013726190058502574,False,0.11934074662430497,0.0915409054805401,0.9545151036145898,0.7321654954514576,SOL
251,2022-06-19 00:00:00+00:00,2022-06-21 00:00:00+00:00,-1,12,-0.11660146081199155,False,0.1538461538461538,0.10350218886804248,2.165148185641258,1.456634246844017,SOL
252,2022-07-30 16:00:00+00:00,2022-08-01 16:00:00+00:00,-1,12,0.08334875742316591,False,0.007996542035876322,0.10741301059001525,0.21606342564173095,2.9022573660524635,SOL
253,2022-09-06 20:00:00+00:00,2022-09-08 20:00:00+00:00,1,12,0.07516315479349527,False,0.023548387096774207,0.09612903225806442,0.7992559282025681,3.262715980881711,SOL
254,2022-09-12 12:00:00+00:00,2022-09-13 16:00:00+00:00,-1,7,0.07485349381548538,False,0.03289997346776339,0.08888299283629596,1.1724907987633117,3.167616270852485,SOL
255,2022-09-13 16:00:00+00:00,2022-09-15 16:00:00+00:00,1,12,-0.04907307530500347,False,0.06797235023041473,0.015841013824884915,1.7618268082296187,0.4105952307314822,SOL
256,2022-10-25 16:00:00+00:00,2022-10-27 20:00:00+00:00,-1,13,-0.05926142611833228,False,0.0892255892255893,0.0003367003367002697,4.089592601200097,0.015432424910185963,SOL
257,2022-11-08 00:00:00+00:00,2022-11-10 04:00:00+00:00,1,13,-0.5625016897772819,False,0.6815478202095303,0.07772896248732683,12.962997205437729,1.4784000383054885,SOL
258,2022-11-10 04:00:00+00:00,2022-11-12 16:00:00+00:00,-1,15,-0.29492986213298455,False,0.3336409455526371,0.16944700787960534,1.4202151276586719,0.7212879807917556,SOL
259,2022-12-29 20:00:00+00:00,2022-12-30 00:00:00+00:00,1,1,0.09641572523809536,False,0.11403508771929828,0.24060150375939848,2.762254518224051,5.828053489000194,SOL
260,2022-12-30 00:00:00+00:00,2023-01-01 00:00:00+00:00,-1,12,-0.052110666039825,False,0.07135427501560224,0.06698564593301436,1.2275040353270166,1.1523507270416893,SOL
261,2023-01-02 08:00:00+00:00,2023-01-04 08:00:00+00:00,-1,12,-0.26761828339111604,False,0.2812415410989803,0.02264729766308756,6.340744606581208,0.5105957318741996,SOL
262,2023-01-09 04:00:00+00:00,2023-01-11 04:00:00+00:00,-1,12,-0.0019333446217741227,False,0.09047856430707889,0.029972582253240163,2.2188422912233308,0.735029712175218,SOL
263,2023-01-14 04:00:00+00:00,2023-01-16 04:00:00+00:00,-1,12,-0.06493747324678466,False,0.14733199781460576,0.029093061373156044,3.2492133234029894,0.6416091822170913,SOL
264,2023-03-13 00:00:00+00:00,2023-03-16 16:00:00+00:00,-1,22,0.018677342157499627,False,0.09701381666914274,0.07725449413162988,2.4881108723740533,1.9813440331309493,SOL
265,2023-04-11 08:00:00+00:00,2023-04-13 08:00:00+00:00,-1,12,-0.07450173878443733,False,0.09008367455937337,0.015088125333808022,4.934259668051219,0.8264397368919741,SOL
266,2023-04-26 20:00:00+00:00,2023-04-28 20:00:00+00:00,1,12,0.1001444494339179,False,0.03692628980967292,0.1130096350087807,1.1962101054495675,3.660894937114943,SOL
267,2023-05-28 00:00:00+00:00,2023-05-30 00:00:00+00:00,-1,12,-0.008993344996380047,False,0.03781533186382572,0.007347538574577447,2.654689564857043,0.5158075579385384,SOL
268,2023-06-05 16:00:00+00:00,2023-06-07 16:00:00+00:00,1,12,-0.03288833234560696,False,0.04142427281845539,0.03801404212637909,1.8737211130696136,1.7194680432285285,SOL
269,2023-06-09 20:00:00+00:00,2023-06-12 08:00:00+00:00,1,15,-0.12932703716442664,False,0.2751121850189852,0.02082614198596239,8.301231313107431,0.6284077238278701,SOL
270,2023-06-29 12:00:00+00:00,2023-07-01 12:00:00+00:00,-1,12,-0.02048067585003685,False,0.1105076479716249,0.058357348703170074,3.4991695982864672,1.8478563625855833,SOL
271,2023-07-13 16:00:00+00:00,2023-07-16 04:00:00+00:00,-1,15,-0.13013894170969081,False,0.3936664729808251,4.1504108906832494e-05,11.800000530911932,0.001244069639528345,SOL
272,2023-08-18 00:00:00+00:00,2023-08-20 00:00:00+00:00,1,12,0.009596880228399558,False,0.03924103226997837,0.02432944000738643,1.109411847278975,0.68783534531296,SOL
273,2023-08-29 16:00:00+00:00,2023-08-31 16:00:00+00:00,-1,12,0.04561564952309857,False,0.031138623147626988,0.05505533670981068,1.497539185380675,2.647757535597775,SOL
274,2023-09-30 16:00:00+00:00,2023-10-04 00:00:00+00:00,-1,20,-0.10412182814173257,False,0.1594676628531403,0.013868783562923212,9.150667850999978,0.7958267501455343,SOL
275,2023-10-21 08:00:00+00:00,2023-10-26 00:00:00+00:00,-1,28,-0.15677302058693385,False,0.21073835074334207,0.008199935826589198,7.791306633723257,0.30316368224604157,SOL
276,2023-10-30 12:00:00+00:00,2023-11-01 12:00:00+00:00,-1,12,-0.11977511881094008,False,0.13816485937455297,0.02080054934050539,4.8756774489582275,0.7340272324275522,SOL
277,2023-11-02 16:00:00+00:00,2023-11-04 16:00:00+00:00,1,12,0.030968583773795615,False,0.05304562823106305,0.06852975699907594,1.0399760838894867,1.343547257152899,SOL
278,2023-11-11 16:00:00+00:00,2023-11-13 16:00:00+00:00,-1,12,0.08419386037727615,False,0.026892299619572357,0.11127508854781584,0.5291164634280128,2.1893806834283502,SOL
279,2023-12-25 16:00:00+00:00,2023-12-27 16:00:00+00:00,-1,12,0.12538417427134319,False,0.030541663960511792,0.1692375138013899,0.6606498571439378,3.6607939718294857,SOL
280,2024-02-29 00:00:00+00:00,2024-03-03 04:00:00+00:00,-1,19,-0.08806023945318844,False,0.15550345405065952,0.01714046472681597,4.584886175060631,0.505371923986274,SOL
281,2024-03-05 20:00:00+00:00,2024-03-07 20:00:00+00:00,1,12,0.22530719742250954,False,0.028538650275923873,0.2530125526516325,0.4686076242034221,4.154492593216606,SOL
282,2024-03-15 00:00:00+00:00,2024-03-17 00:00:00+00:00,-1,12,-0.03687103550727158,False,0.12110759905230961,0.06884891801573069,3.067846149441775,1.7440514854609677,SOL
283,2024-04-12 20:00:00+00:00,2024-04-15 20:00:00+00:00,1,18,-0.06631021711412394,False,0.24336114182329888,0.04565282943009339,6.041859685245013,1.1334101557237235,SOL
284,2024-06-07 20:00:00+00:00,2024-06-09 20:00:00+00:00,1,12,-0.0011336626253393362,False,0.03401536894731967,0.011134771471777319,1.504343004651628,0.4924396262731885,SOL
285,2024-06-18 04:00:00+00:00,2024-06-20 04:00:00+00:00,1,12,-0.019541177656349322,False,0.03819193365110765,0.04685447810752176,1.15584436471631,1.4180084458942308,SOL
286,2024-06-27 16:00:00+00:00,2024-06-29 16:00:00+00:00,-1,12,0.0333297676796778,False,0.021679519556930732,0.05931061565231515,0.8078244863833027,2.2100382575633133,SOL
287,2024-07-08 12:00:00+00:00,2024-07-10 12:00:00+00:00,-1,12,-0.01714444394269478,False,0.03978485443524278,0.05020063177665849,1.1781333062173354,1.4865716396047128,SOL
288,2024-08-05 04:00:00+00:00,2024-08-05 16:00:00+00:00,1,3,0.04135961438633831,False,0.13389612656500413,0.0516193528935719,2.311270080726743,0.8910359768433415,SOL
289,2024-08-05 16:00:00+00:00,2024-08-07 16:00:00+00:00,-1,12,-0.1364095466678452,False,0.188073851912648,0.02812785248026756,2.5425954089292935,0.38026417735404056,SOL
290,2024-10-02 20:00:00+00:00,2024-10-04 20:00:00+00:00,1,12,0.027167480940683223,False,0.04922509436120322,0.03295493537687282,1.6190796296833343,1.0839321947197433,SOL
291,2024-10-21 00:00:00+00:00,2024-10-23 00:00:00+00:00,-1,12,-0.002234056605368127,False,0.026938239159001433,0.03625612232708155,1.5339009430004915,2.0644742181846856,SOL
292,2024-11-06 04:00:00+00:00,2024-11-08 04:00:00+00:00,-1,12,-0.07194424769134465,False,0.08842139419176893,0.024768806446379233,3.2549481209854516,0.9117836326674815,SOL
293,2024-11-17 08:00:00+00:00,2024-11-19 08:00:00+00:00,-1,12,-0.026421427077713215,False,0.04698947368421051,0.03393684210526317,1.4703755712439492,1.0619379125650752,SOL
294,2024-12-19 20:00:00+00:00,2024-12-20 16:00:00+00:00,1,5,-0.005438167021677955,False,0.08626264733493283,0.04104516532804842,2.303116368475695,1.095860085846657,SOL
295,2024-12-20 16:00:00+00:00,2024-12-22 16:00:00+00:00,-1,12,0.03830114104681322,False,0.06441071052076744,0.06346194391735184,1.3990197596805591,1.3784122673121049,SOL
296,2025-01-18 16:00:00+00:00,2025-01-22 08:00:00+00:00,-1,22,-0.01993397547545093,False,0.14720378779058488,0.110218496526565,4.474155135405001,3.350013336290588,SOL
297,2025-02-18 08:00:00+00:00,2025-02-20 08:00:00+00:00,1,12,0.035719965353038736,False,0.0292839029102765,0.05597150102644597,0.9379777133208426,1.7927945159761245,SOL
298,2025-02-28 04:00:00+00:00,2025-02-28 16:00:00+00:00,1,3,0.13512441870884453,False,0.016223841993886726,0.1583196175248843,0.3522886640605029,3.4377927603971643,SOL
299,2025-02-28 16:00:00+00:00,2025-03-03 20:00:00+00:00,-1,19,0.0072790620901942195,False,0.23600906406646985,0.048959692371077355,5.31061840170126,1.1016790574375896,SOL
300,2025-03-03 20:00:00+00:00,2025-03-05 20:00:00+00:00,1,12,0.022159003862000627,False,0.07954866008462623,0.05543018335684051,1.2529495081730044,0.8730658806950173,SOL
301,2025-04-03 00:00:00+00:00,2025-04-05 00:00:00+00:00,1,12,0.04659299667482493,False,0.04405999659110279,0.05641724901994197,1.186337921126503,1.5190632568389626,SOL
302,2025-04-09 20:00:00+00:00,2025-04-11 20:00:00+00:00,-1,12,-0.01948028753353856,False,0.026247160763859596,0.08967779927652066,0.5621301719902648,1.9206114209667462,SOL
303,2020-03-12 12:00:00+00:00,2020-03-13 08:00:00+00:00,1,5,-0.0433786037938554,False,0.45013667225112425,0.1101313817123711,4.911899901895429,1.2017557252629565,BNB
304,2020-03-13 08:00:00+00:00,2020-03-15 08:00:00+00:00,-1,12,-0.021597087335551025,False,0.13625776397515527,0.126455745341615,0.936867771004959,0.8694720125494748,BNB
305,2020-05-10 04:00:00+00:00,2020-05-12 04:00:00+00:00,1,12,0.011903074732638921,False,0.06716368235372432,0.03321573587166349,1.8381711756490708,0.9090658242308098,BNB
306,2020-06-02 16:00:00+00:00,2020-06-04 16:00:00+00:00,1,12,0.026941146252396013,False,0.005337556454924106,0.03572057012141485,0.2157989839894271,1.4441932005446148,BNB
307,2020-06-27 20:00:00+00:00,2020-06-29 20:00:00+00:00,1,12,0.028386725087489677,False,0.006349842924938215,0.041240558786177335,0.37290031261075623,2.4218893987456287,BNB
308,2020-07-07 00:00:00+00:00,2020-07-09 00:00:00+00:00,-1,12,-0.05714268715306358,False,0.07020338152413606,0.018622886547414973,5.2687732636064375,1.3976501502062582,BNB
309,2020-07-16 08:00:00+00:00,2020-07-18 08:00:00+00:00,1,12,0.008782561362121865,False,0.014350363224961275,0.04108610217934984,0.5361388017692547,1.5350032083850078,BNB
310,2020-07-19 08:00:00+00:00,2020-07-21 08:00:00+00:00,-1,12,-0.0022125069047947777,False,0.03150846790074825,0.02948292353570027,1.4857101131959092,1.3902001773476063,BNB
311,2020-07-27 20:00:00+00:00,2020-07-29 20:00:00+00:00,-1,12,-0.023752768666259392,False,0.05819295558958655,0.006329760081674261,2.187435216470308,0.23793154986168016,BNB
312,2020-08-02 08:00:00+00:00,2020-08-04 08:00:00+00:00,1,12,0.0654855183157065,False,0.05462043830623905,0.08195463482472544,1.6704838419181376,2.506459074484714,BNB
313,2020-08-14 12:00:00+00:00,2020-08-16 12:00:00+00:00,-1,12,-0.007143159972501232,False,0.048692436382847655,0.007968653693757039,1.7867378471018573,0.29240465671377125,BNB
314,2020-09-01 20:00:00+00:00,2020-09-03 16:00:00+00:00,-1,11,0.10778594439289711,False,0.03960515228120869,0.1451386380963846,1.736506447093499,6.363671549277787,BNB
315,2020-09-03 16:00:00+00:00,2020-09-06 00:00:00+00:00,1,14,-0.1268591763037307,False,0.19912257140299042,0.017414271644730923,4.330802010920083,0.37875044564926025,BNB
316,2020-09-06 12:00:00+00:00,2020-09-08 12:00:00+00:00,-1,12,0.02763099414603425,False,0.05725053840631729,0.1066493180186647,0.931808680441146,1.7358222832355825,BNB
317,2020-09-13 04:00:00+00:00,2020-09-15 04:00:00+00:00,-1,12,0.048081333022671056,False,0.06368979174651845,0.08968953622077423,1.5621046464709547,2.199794306564915,BNB
318,2020-11-03 04:00:00+00:00,2020-11-05 04:00:00+00:00,1,12,0.040770726803232564,False,0.013040494166094667,0.048577747273697895,0.541708667151754,2.0179439823138527,BNB
319,2020-11-21 16:00:00+00:00,2020-11-23 16:00:00+00:00,-1,12,0.018250887095923887,False,0.02614272159146679,0.05513202238000192,1.2963169053250272,2.7337847127317527,BNB
320,2020-11-24 04:00:00+00:00,2020-11-26 04:00:00+00:00,-1,12,0.09820164369305535,False,0.07115210160266107,0.14862413063199273,2.516897425185392,5.257352675217252,BNB
321,2020-12-19 16:00:00+00:00,2020-12-21 12:00:00+00:00,-1,11,0.04793084092088158,False,0.05256950791638415,0.060058377804640815,2.361974152728804,2.6984528037625215,BNB
322,2020-12-21 12:00:00+00:00,2020-12-23 12:00:00+00:00,1,12,-0.010763726354855962,False,0.05657459247115595,0.06715332982770884,1.4985371320973278,1.7787447314288114,BNB
323,2020-12-27 16:00:00+00:00,2020-12-31 04:00:00+00:00,-1,21,-0.07254469274601329,False,0.13378684807256241,0.05224030540486238,3.9216892126512515,1.5313182508099714,BNB
324,2021-02-01 12:00:00+00:00,2021-02-03 12:00:00+00:00,-1,12,-0.055826974701524194,False,0.08700030829308389,0.029904429143972833,3.36024169449641,1.1550086618219406,BNB
325,2021-02-06 00:00:00+00:00,2021-02-08 00:00:00+00:00,-1,12,-0.018983876030507038,False,0.11518247313097897,0.09176804062832172,3.315418381667688,2.6414561215645183,BNB
326,2021-02-09 08:00:00+00:00,2021-02-12 08:00:00+00:00,-1,18,-0.31062808039650047,False,0.6019365250134481,0.017310381925766637,12.082325798985021,0.3474613442460591,BNB
327,2021-02-17 20:00:00+00:00,2021-02-21 16:00:00+00:00,-1,23,-0.633489452811686,False,1.072661593580671,0.04792585793385259,22.324634456494792,0.9974508883231442,BNB
328,2021-04-18 12:00:00+00:00,2021-04-20 12:00:00+00:00,1,12,0.21668390837306134,False,0.0018096188200356653,0.2549219311880844,0.023976859229169152,3.3776324554384227,BNB
329,2021-05-17 04:00:00+00:00,2021-05-23 16:00:00+00:00,1,39,-0.7035375043474624,False,0.5476892822025565,0.06784660766961652,9.423156221814528,1.1673209682319614,BNB
330,2021-07-20 04:00:00+00:00,2021-07-22 04:00:00+00:00,1,12,0.11818061576744388,False,0.021601604690634248,0.1533713933035025,0.6292727499102384,4.467836524362673,BNB
331,2021-09-07 16:00:00+00:00,2021-09-09 16:00:00+00:00,1,12,0.013132514341976615,False,0.08232183631775027,0.04795096743179903,1.6637409155617395,0.9690987230790273,BNB
332,2021-09-24 12:00:00+00:00,2021-09-26 12:00:00+00:00,1,12,-0.00587551234118092,False,0.07551215554460897,0.04526093129726755,1.8706718050051485,1.1212545508127563,BNB
333,2021-09-29 12:00:00+00:00,2021-10-01 12:00:00+00:00,-1,12,-0.12570027577604492,False,0.1262422486392808,0.025400092068563987,4.166723273656644,0.8383497277327175,BNB
334,2021-10-12 16:00:00+00:00,2021-10-14 16:00:00+00:00,-1,12,-0.09307862746501266,False,0.11007020370583495,0.010012659684658686,4.096017706448101,0.37259885033561485,BNB
335,2021-11-26 12:00:00+00:00,2021-11-28 12:00:00+00:00,1,12,0.046089809413774184,False,0.009492893490085924,0.08994560449201613,0.26622498349062124,2.522494021022056,BNB
336,2021-12-15 20:00:00+00:00,2021-12-17 20:00:00+00:00,-1,12,0.01812166040528134,False,0.016913201228021056,0.04956740161875531,0.558462361980917,1.6366817737262693,BNB
337,2022-01-08 20:00:00+00:00,2022-01-10 20:00:00+00:00,1,12,-0.0044545657405543814,False,0.03545325106786901,0.05650213573801614,1.1674719549213681,1.8606095881310427,BNB
338,2022-01-21 00:00:00+00:00,2022-01-24 08:00:00+00:00,1,20,-0.18453033200673424,False,0.2371775934552892,0.010271560049994277,8.722021984578316,0.3777286516268451,BNB
339,2022-02-21 12:00:00+00:00,2022-02-23 12:00:00+00:00,1,12,0.025958132244044058,False,0.059887036186255085,0.03734832310893725,2.264478522244062,1.4122334466341653,BNB
340,2022-02-24 04:00:00+00:00,2022-02-26 04:00:00+00:00,1,12,0.10592474760479241,False,0.05461250292671513,0.14958440646218688,1.6096253760446966,4.4087863327783685,BNB
341,2022-05-05 16:00:00+00:00,2022-05-07 16:00:00+00:00,1,12,-0.013741067671284404,False,0.028437885670771695,0.006223249218811556,1.325472789891019,0.29006191246922675,BNB
342,2022-05-09 20:00:00+00:00,2022-05-12 12:00:00+00:00,1,16,-0.09457953914288998,False,0.29170894569735856,0.08854047330692943,8.504086953475133,2.5811888699674865,BNB
343,2022-05-12 12:00:00+00:00,2022-05-15 04:00:00+00:00,-1,16,-0.07883529959119437,False,0.14907743663108464,0.03892006896298746,2.0767579559705602,0.542185086438181,BNB
344,2022-09-06 20:00:00+00:00,2022-09-08 20:00:00+00:00,1,12,0.057269893571392824,False,0.02952029520295194,0.06517810076059946,1.4616369745738298,3.2271602078919743,BNB
345,2022-09-13 16:00:00+00:00,2022-09-15 16:00:00+00:00,1,12,-0.04907536189972493,False,0.058457623524422214,0.004948045522018722,2.9452408817468365,0.24929487511762385,BNB
346,2022-10-25 16:00:00+00:00,2022-10-27 20:00:00+00:00,-1,13,-0.030504738797294484,False,0.044639994299761405,3.562649185931421e-05,4.5105961534818455,0.003599837313230433,BNB
347,2022-10-28 16:00:00+00:00,2022-10-30 16:00:00+00:00,-1,12,-0.0457100779771968,False,0.07577237963680472,0.004514672686230164,5.943381322784523,0.35411876267368203,BNB
348,2022-10-31 12:00:00+00:00,2022-11-02 12:00:00+00:00,-1,12,0.029318899017101746,False,0.021711521016026632,0.04744481403084366,1.004694364555146,2.1954950668342934,BNB
349,2022-11-07 00:00:00+00:00,2022-11-09 00:00:00+00:00,1,12,-0.029728005700580748,False,0.11703041250851368,0.18425182860019554,5.1729842266165385,8.144308668524324,BNB
350,2022-11-10 04:00:00+00:00,2022-11-12 16:00:00+00:00,-1,15,-0.017610086107968437,False,0.10359101362108626,0.0415708473376968,1.5067971988593742,0.6046744223564764,BNB
351,2022-11-23 12:00:00+00:00,2022-11-25 12:00:00+00:00,-1,12,-0.01441408336145102,False,0.024928318434811896,0.01811435317928826,1.0770712943007452,0.7826620907165112,BNB
352,2022-12-16 12:00:00+00:00,2022-12-19 00:00:00+00:00,1,15,0.0049639381922228915,False,0.12849806934437324,0.011902392420683812,5.050419512322252,0.46780527700878044,BNB
353,2023-01-04 04:00:00+00:00,2023-01-06 04:00:00+00:00,-1,12,-0.005388474699015266,False,0.015096101470702653,0.013345264959925215,1.4334392419315711,1.2671898453157895,BNB
354,2023-01-14 04:00:00+00:00,2023-01-16 04:00:00+00:00,-1,12,0.009887065742809835,False,0.023767777128384935,0.0518864861354634,1.353459730755295,2.954683947741757,BNB
355,2023-01-24 04:00:00+00:00,2023-01-26 04:00:00+00:00,-1,12,0.050472469040408155,False,0.001364975957809827,0.09167054443927411,0.06984674103641089,4.690843630968075,BNB
356,2023-02-13 12:00:00+00:00,2023-02-15 12:00:00+00:00,1,12,0.030553962450574557,False,0.03400383141762452,0.03150656814449911,1.5638847607039081,1.4490320569499966,BNB
357,2023-02-17 00:00:00+00:00,2023-02-19 00:00:00+00:00,1,12,0.037941575544713155,False,0.005163284769954264,0.04860722859867803,0.2144907009767412,2.019218191360672,BNB
358,2023-03-03 04:00:00+00:00,2023-03-05 04:00:00+00:00,1,12,0.0009508535783213583,False,0.014769315711377306,0.00980020014493245,1.0501599849255254,0.6968351301842162,BNB
359,2023-03-09 20:00:00+00:00,2023-03-11 20:00:00+00:00,1,12,-0.025514267032677177,False,0.05478130360205827,0.006575185820468954,3.6332462815520294,0.4360843547329326,BNB
360,2023-03-13 00:00:00+00:00,2023-03-15 08:00:00+00:00,-1,14,-0.08758135916234314,False,0.11008887654492423,0.007117067074017536,6.053944621671028,0.3913776876198576,BNB
361,2023-03-27 16:00:00+00:00,2023-03-29 16:00:00+00:00,1,12,0.007454722169628279,False,0.027011530865770586,0.01930305153851055,1.7211519989634947,1.2299741879385329,BNB
362,2023-04-16 16:00:00+00:00,2023-04-18 16:00:00+00:00,-1,12,0.009732104339892755,False,0.015392612701071538,0.026771016836572566,1.1803462081832001,2.052872298284833,BNB
363,2023-04-26 20:00:00+00:00,2023-04-28 20:00:00+00:00,1,12,-0.007105002316914612,False,0.028666707458850898,0.027932448142935797,1.8288677548471075,1.782023756857425,BNB
364,2023-04-30 20:00:00+00:00,2023-05-02 20:00:00+00:00,-1,12,0.02486045222138265,False,0.008555161415327592,0.04203058395683674,0.7029949885532151,3.4537384455054108,BNB
365,2023-06-05 16:00:00+00:00,2023-06-09 16:00:00+00:00,1,24,-0.053099273464282185,False,0.08078792715664238,0.03703838061379953,5.972724636275165,2.7382810299222813,BNB
366,2023-06-10 04:00:00+00:00,2023-06-12 08:00:00+00:00,1,13,-0.10753681509178978,False,0.11150244136716567,0.0003201793004081649,4.898410026789541,0.014065786150146632,BNB
367,2023-06-24 16:00:00+00:00,2023-06-26 16:00:00+00:00,1,12,0.023218237402058466,False,0.011938503822038997,0.04045349136820402,0.5214092419785349,1.7667895897258241,BNB
368,2023-07-10 12:00:00+00:00,2023-07-12 12:00:00+00:00,-1,12,-0.029172628497415098,False,0.033688822751322775,0.004092261904761825,2.4960249065717166,0.30319811748539255,BNB
369,2023-07-14 20:00:00+00:00,2023-07-16 20:00:00+00:00,1,12,8.791401659935939e-05,False,0.005321326238231729,0.03151862464183376,0.26109044118392993,1.5464587670124923,BNB
370,2023-08-01 08:00:00+00:00,2023-08-03 08:00:00+00:00,-1,12,0.024022499971221453,False,0.013770625381951616,0.043389692401711054,1.370477206020516,4.318219598851586,BNB
371,2023-08-17 16:00:00+00:00,2023-08-20 00:00:00+00:00,1,14,-0.03569190062468793,False,0.09122027117137134,0.007601689264280987,8.061958387708538,0.6718298656423819,BNB
372,2023-08-29 16:00:00+00:00,2023-08-31 16:00:00+00:00,-1,12,0.028299845161432406,False,0.01195952161913519,0.034914793884435094,0.8166084893577416,2.384018190542573,BNB
373,2023-10-02 00:00:00+00:00,2023-10-04 00:00:00+00:00,-1,12,0.020689114152952603,False,0.0157588529021027,0.02725731824636946,1.7645559834945053,3.0520663086605504,BNB
374,2023-10-09 12:00:00+00:00,2023-10-11 12:00:00+00:00,1,12,0.001474321320621798,False,0.02737807822308058,0.03814582327378081,3.170348159746731,4.417239940387875,BNB
375,2023-10-23 04:00:00+00:00,2023-10-24 16:00:00+00:00,-1,9,-0.01032147230792137,False,0.07279107432067665,0.01822026273168981,7.291685078517608,1.8251745715696157,BNB
376,2023-10-24 16:00:00+00:00,2023-10-26 16:00:00+00:00,1,12,-0.014910591589301915,False,0.024237825291255666,0.023612908985403705,1.2349357294471055,1.2030957658886132,BNB
377,2023-11-20 20:00:00+00:00,2023-11-21 20:00:00+00:00,-1,6,0.06304236024952767,False,0.0570796631873037,0.0829614683171005,2.665644491620578,3.8743357736810147,BNB
378,2023-11-21 20:00:00+00:00,2023-11-24 00:00:00+00:00,1,13,-0.02624670830817956,False,0.06802579571458288,0.03349282296650723,1.7578414735169399,0.8654815817621646,BNB
379,2023-12-21 12:00:00+00:00,2023-12-23 12:00:00+00:00,-1,12,0.010528792862764988,False,0.016385595404668933,0.02533323514249943,0.9493030047140861,1.4676864432433538,BNB
380,2023-12-26 12:00:00+00:00,2023-12-29 12:00:00+00:00,-1,18,-0.1019764684258869,False,0.16547035682241718,0.02236179170405122,8.767973430897056,1.184910695145204,BNB
381,2024-01-23 12:00:00+00:00,2024-01-25 12:00:00+00:00,1,12,-0.004761599606484309,False,0.02835896569207383,0.01554841980733468,1.4992893144851296,0.8220179793362944,BNB
382,2024-02-15 16:00:00+00:00,2024-02-17 16:00:00+00:00,-1,12,0.022726166954809036,False,0.01842039559464029,0.03459372485921166,1.1367187480490446,2.134771504242718,BNB
383,2024-03-05 20:00:00+00:00,2024-03-07 20:00:00+00:00,1,12,0.219320257809788,False,0.012237855057074632,0.24226174674807538,0.413145949961172,8.178676658016581,BNB
384,2024-03-10 12:00:00+00:00,2024-03-12 12:00:00+00:00,-1,12,0.001528450963018871,False,0.022445529676934722,0.05227272727272725,0.900315000969125,2.096716859997543,BNB
385,2024-04-13 20:00:00+00:00,2024-04-15 20:00:00+00:00,1,12,0.02202526928456599,False,0.10182940268900163,0.07449856733524345,3.078244236540428,2.252048813746022,BNB
386,2024-04-30 12:00:00+00:00,2024-05-03 08:00:00+00:00,1,17,-0.009532048408763842,False,0.056363572334131556,0.024035075362727306,2.946428734344777,1.2564433684413148,BNB
387,2024-05-21 08:00:00+00:00,2024-05-23 08:00:00+00:00,-1,12,0.024261105323946656,False,0.0007291171342527126,0.03628150261531144,0.044133446280518934,2.1961186638282566,BNB
388,2024-06-10 08:00:00+00:00,2024-06-12 08:00:00+00:00,1,12,-0.041958432342575194,False,0.07811841797332092,0.019237069974256848,4.195238733538003,1.0330995323451813,BNB
389,2024-07-04 04:00:00+00:00,2024-07-07 04:00:00+00:00,1,18,-0.0367614009926915,False,0.16162551630887773,0.003445146233492033,9.88467447581977,0.21069785153592605,BNB
390,2024-08-04 16:00:00+00:00,2024-08-05 16:00:00+00:00,1,6,-0.0751037616338322,False,0.2084752853983623,0.019365250134480844,9.310306956703139,0.8648335590515505,BNB
391,2024-08-05 16:00:00+00:00,2024-08-07 16:00:00+00:00,-1,12,-0.04328236360106917,False,0.07666500725092534,0.02439341139802165,1.5622294805699515,0.49707301654498354,BNB
392,2024-11-06 04:00:00+00:00,2024-11-08 04:00:00+00:00,-1,12,-0.02705347335409474,False,0.05147589429916504,0.01111645647915884,3.2812683294499396,0.7086050097310138,BNB
393,2024-11-09 04:00:00+00:00,2024-11-11 04:00:00+00:00,-1,12,-0.004307608189156944,False,0.014374459385075075,0.04136195643626652,0.8121715278016106,2.336992470588889,BNB
394,2024-11-14 08:00:00+00:00,2024-11-16 08:00:00+00:00,-1,12,0.053333477340344326,False,0.00028777850143122985,0.08572770095269834,0.009151689178671778,2.7262400395420214,BNB
395,2024-12-03 20:00:00+00:00,2024-12-06 00:00:00+00:00,-1,13,-0.0421792324983455,False,0.14940864806960152,0.003691425758913642,6.253896372842061,0.15451444385957724,BNB
396,2024-12-10 16:00:00+00:00,2024-12-12 16:00:00+00:00,1,12,0.08209847031716719,False,0.012558344609490202,0.10402444772170945,0.3539516017038784,2.9318848170192946,BNB
397,2024-12-20 12:00:00+00:00,2024-12-20 16:00:00+00:00,1,1,0.07353601653186109,False,0.00301900195347186,0.08130317560258958,0.09227035576296079,2.4848850888891416,BNB
398,2024-12-20 16:00:00+00:00,2024-12-22 16:00:00+00:00,-1,12,0.01112049992622402,False,0.04136947218259622,0.024491328177791212,1.22174922913139,0.7232932822915817,BNB
399,2025-02-03 04:00:00+00:00,2025-02-05 04:00:00+00:00,1,12,0.04161127835641969,False,0.0208020548812474,0.11922290758461003,0.5755757907651164,3.2988000321155484,BNB
400,2025-02-28 04:00:00+00:00,2025-03-02 04:00:00+00:00,1,12,0.05775080079143091,False,0.023131579406784102,0.06630470836752156,0.891620192412415,2.555753577948946,BNB
401,2025-04-06 20:00:00+00:00,2025-04-09 08:00:00+00:00,1,15,-0.003248183964377159,False,0.08767187052420505,0.016846892008020774,5.608398674328444,1.0777012768109282,BNB
402,2020-01-19 12:00:00+00:00,2020-01-21 12:00:00+00:00,1,12,0.0106150792770425,False,0.04403591278324072,0.03634031637451906,1.241294453752664,1.024369209407539,XRP
403,2020-02-02 12:00:00+00:00,2020-02-04 12:00:00+00:00,-1,12,0.012439669694570558,False,0.027418723070896787,0.03055229142185675,1.3212957552728843,1.4723009844469441,XRP
404,2020-02-04 16:00:00+00:00,2020-02-06 16:00:00+00:00,-1,12,-0.03924069648353007,False,0.07801418439716301,0.01791713325867871,3.1002862267225404,0.7120274587688179,XRP
405,2020-02-13 04:00:00+00:00,2020-02-15 04:00:00+00:00,-1,12,-0.033293792044855525,False,0.06789554531490018,0.0881720430107527,2.3159041730525898,3.0075316636474803,XRP
406,2020-02-20 00:00:00+00:00,2020-02-22 00:00:00+00:00,1,12,-0.0020394070108483153,False,0.04989075018208299,0.026219956300072775,1.0092181272472422,0.5303920084803017,XRP
407,2020-03-08 16:00:00+00:00,2020-03-10 16:00:00+00:00,1,12,-0.0476866331668436,False,0.09349220898258478,0.0013748854262144578,3.7992566022763796,0.05587142062171047,XRP
408,2020-03-12 12:00:00+00:00,2020-03-15 00:00:00+00:00,1,15,-0.006623580047841988,False,0.3306982872200263,0.11725955204216082,4.860645771421967,1.7234959109822925,XRP
409,2020-04-28 12:00:00+00:00,2020-04-30 12:00:00+00:00,-1,12,-0.052325124102281594,False,0.139277108433735,0.014457831325301219,7.49976100296349,0.7785219034218159,XRP
410,2020-05-10 04:00:00+00:00,2020-05-12 04:00:00+00:00,1,12,-0.0011519531339494644,False,0.05246913580246907,0.037551440329218116,1.3971394959803243,0.9999135608486649,XRP
411,2020-06-02 16:00:00+00:00,2020-06-04 16:00:00+00:00,1,12,0.01829568125370961,False,0.007952286282306115,0.030318091451292356,0.19061001627902702,0.7267006870637975,XRP
412,2020-06-26 12:00:00+00:00,2020-06-27 20:00:00+00:00,-1,8,0.07476402703241501,False,0.00863464651915822,0.09390178089584457,0.5529094273714675,6.012890022664641,XRP
413,2020-06-27 20:00:00+00:00,2020-06-29 20:00:00+00:00,1,12,0.033114585446158785,False,0.005830903790087469,0.048979591836734636,0.2934432614113328,2.4649233958551906,XRP
414,2020-07-08 04:00:00+00:00,2020-07-10 04:00:00+00:00,-1,12,-0.004674260824295089,False,0.06099999999999994,0.022000000000000075,3.169668379169023,1.1431590875691608,XRP
415,2020-07-25 20:00:00+00:00,2020-07-27 20:00:00+00:00,-1,12,-0.025615950422344953,False,0.041532071988924814,0.03830179972311953,2.4848966684417495,2.2916269275629455,XRP
416,2020-07-29 04:00:00+00:00,2020-07-31 04:00:00+00:00,-1,12,0.013127332261907394,False,0.025347506132461204,0.044971381847915,0.9177774258690372,1.6283147878321613,XRP
417,2020-08-01 20:00:00+00:00,2020-08-04 04:00:00+00:00,-1,14,-0.07666724485182885,False,0.13528399311531844,0.15628227194492245,3.346030522074349,3.8653889491647666,XRP
418,2020-09-04 00:00:00+00:00,2020-09-06 00:00:00+00:00,1,12,-0.025891676224717795,False,0.051681706316652996,0.09023789991796552,1.2455540067462878,2.174776837176057,XRP
419,2020-11-03 12:00:00+00:00,2020-11-05 12:00:00+00:00,-1,12,0.001007368256108194,False,0.009189640768588168,0.03174603174603173,0.47433897577217865,1.63862555266752,XRP
420,2020-11-21 08:00:00+00:00,2020-11-26 00:00:00+00:00,-1,28,-0.6217958385947064,False,1.1872209821428572,0.0005580357142856528,39.44214935315448,0.01853920063602826,XRP
421,2020-12-23 08:00:00+00:00,2020-12-25 00:00:00+00:00,1,10,0.02119136246089886,False,0.4073554183043234,0.06120157215047722,3.9214260055048995,0.5891597995865385,XRP
422,2020-12-25 00:00:00+00:00,2020-12-27 00:00:00+00:00,-1,12,0.1253481168449581,False,0.13730111962286398,0.18709487330583383,0.9761902778481102,1.3302163657372308,XRP
423,2020-12-29 20:00:00+00:00,2020-12-31 20:00:00+00:00,-1,12,-0.008219041303199533,False,0.06907449209932283,0.13769751693002258,0.45129984227246733,0.8996500123732188,XRP
424,2021-01-07 12:00:00+00:00,2021-01-09 12:00:00+00:00,-1,12,0.10713019914997365,False,0.029883785279468666,0.2136137244050913,0.438454650330401,3.1341387968062064,XRP
425,2021-01-30 16:00:00+00:00,2021-02-01 16:00:00+00:00,-1,12,-0.20534109063178302,False,0.9814330543933054,0.05622384937238498,18.62392733120796,1.0669182990167105,XRP
426,2021-02-01 16:00:00+00:00,2021-02-03 16:00:00+00:00,1,12,-0.11445437103030287,False,0.196976854038734,0.03188474256022676,1.1185159870410946,0.1810547461037745,XRP
427,2021-02-22 08:00:00+00:00,2021-02-23 12:00:00+00:00,-1,7,0.2875041724878629,False,0.07451640033641717,0.4074011774600505,1.201154947466586,6.567036755675104,XRP
428,2021-02-23 12:00:00+00:00,2021-02-25 12:00:00+00:00,1,12,0.07158494863372197,False,0.01574982880620854,0.14288975119835665,0.12502943947516504,1.134325059586287,XRP
429,2021-04-05 16:00:00+00:00,2021-04-08 20:00:00+00:00,-1,19,-0.28457557576710596,False,0.4589823468328143,0.023883696780893006,10.104861268130234,0.5258185727760066,XRP
430,2021-04-13 08:00:00+00:00,2021-04-15 08:00:00+00:00,-1,12,-0.06338521376198147,False,0.20607613469985364,0.048316251830161014,3.4514442184878584,0.8092196036241507,XRP
431,2021-04-18 04:00:00+00:00,2021-04-20 04:00:00+00:00,1,12,-0.006580405842189323,False,0.11277566539923946,0.16425855513307983,0.948884710809443,1.38205729962805,XRP
432,2021-07-26 04:00:00+00:00,2021-07-28 04:00:00+00:00,-1,12,0.020517614102116943,False,0.03520804755372658,0.06721536351165985,1.4006085317123977,2.6738890150873056,XRP
433,2021-07-28 08:00:00+00:00,2021-07-30 08:00:00+00:00,-1,12,-0.030838082038894585,False,0.05403547366973739,0.054172968513680725,1.5420596527654944,1.5459834686758387,XRP
434,2021-08-11 20:00:00+00:00,2021-08-13 20:00:00+00:00,-1,12,0.039674091335344656,False,0.0005635919594213168,0.13375915836934058,0.015487528184409112,3.675706689100167,XRP
435,2021-09-07 16:00:00+00:00,2021-09-09 16:00:00+00:00,1,12,-0.010494925347191405,False,0.10544427777287563,0.022059472337421806,1.7351061479267047,0.3629929179763001,XRP
436,2021-10-27 12:00:00+00:00,2021-10-29 12:00:00+00:00,1,12,0.044603648538861486,False,0.032541169509910296,0.07287249778128398,0.9407225265397955,2.106648324584573,XRP
437,2021-11-10 16:00:00+00:00,2021-11-11 00:00:00+00:00,-1,2,0.10166550379550168,False,0.022375085040441507,0.1727265855317862,0.7974876126536966,6.156281063897608,XRP
438,2021-11-11 00:00:00+00:00,2021-11-13 00:00:00+00:00,1,12,-0.002234304790324498,False,0.03007645131479445,0.05401999495925399,0.7031003109327333,1.2628310053903626,XRP
439,2021-11-26 12:00:00+00:00,2021-11-28 12:00:00+00:00,1,12,0.0006341015369247604,False,0.06016486457552727,0.03404346429718439,1.8226397191939485,1.0313157129958617,XRP
440,2021-12-04 08:00:00+00:00,2021-12-06 08:00:00+00:00,1,12,0.03669301753395978,False,0.012271575296785362,0.15019341069761227,0.19553670309713506,2.393199213993199,XRP
441,2021-12-20 04:00:00+00:00,2021-12-22 04:00:00+00:00,-1,12,-0.07249351223059355,False,0.07025657967184228,0.09062878537605995,2.764993362897419,3.566754761229746,XRP
442,2022-01-21 00:00:00+00:00,2022-01-24 08:00:00+00:00,1,20,-0.1761252943239975,False,0.23992215735335012,0.012371420628301233,11.463854389528924,0.5911257477798744,XRP
443,2022-02-07 04:00:00+00:00,2022-02-11 00:00:00+00:00,-1,23,-0.14315415553501165,False,0.2678645473393227,0.007187284035936396,11.031188599108066,0.29598648459938987,XRP
444,2022-02-19 16:00:00+00:00,2022-02-21 16:00:00+00:00,-1,12,0.05799500962015458,False,0.029004693705620425,0.09002286677097121,0.8762827295610643,2.719748886770438,XRP
445,2022-02-24 04:00:00+00:00,2022-02-26 04:00:00+00:00,1,12,0.1961594874281024,False,0.028025677156724636,0.271488961953969,0.5724682773840306,5.545586552982725,XRP
446,2022-03-12 00:00:00+00:00,2022-03-14 00:00:00+00:00,-1,12,0.052285604790506375,False,0.057320872274143356,0.06679127725856696,2.074860594103052,2.417663648780944,XRP
447,2022-03-31 16:00:00+00:00,2022-04-02 16:00:00+00:00,1,12,0.010186546286676906,False,0.028064633701858837,0.03292431053334941,1.0339770355006666,1.2130206780115995,XRP
448,2022-04-11 12:00:00+00:00,2022-04-13 12:00:00+00:00,1,12,-0.0045818297578140025,False,0.04041260421082374,0.025575808958598283,1.8545724008956546,1.1736979180493499,XRP
449,2022-04-15 04:00:00+00:00,2022-04-17 04:00:00+00:00,-1,12,0.013670251090691428,False,0.01742337530204762,0.029632455805672118,0.6919883507307155,1.1768852972281467,XRP
450,2022-05-05 16:00:00+00:00,2022-05-07 16:00:00+00:00,1,12,-0.011168910476217216,False,0.03746253746253759,0.025641025641025588,1.300661606301743,0.8902306105354104,XRP
451,2022-05-09 20:00:00+00:00,2022-05-13 04:00:00+00:00,1,20,-0.06784235253462409,False,0.31292238378046283,0.09932418595125955,7.604011362528368,2.4135769049910087,XRP
452,2022-05-13 04:00:00+00:00,2022-05-15 04:00:00+00:00,-1,12,0.05328166766994551,False,0.04652730950775454,0.11171049674084069,0.5833559720204752,1.400617961807615,XRP
453,2022-06-24 04:00:00+00:00,2022-06-26 04:00:00+00:00,-1,12,0.0020036089188633947,False,0.0533478497550354,0.04137180185084374,1.8161120369438004,1.408413416405395,XRP
454,2022-07-30 16:00:00+00:00,2022-08-01 16:00:00+00:00,-1,12,0.05532489934629936,False,0.021170610211705982,0.07820672478206735,0.7790967488969824,2.8780750488665197,XRP
455,2022-09-13 16:00:00+00:00,2022-09-15 16:00:00+00:00,1,12,-0.04015157072121657,False,0.043067846607669616,0.014454277286135573,2.0212721122723942,0.6783721472694966,XRP
456,2022-09-17 16:00:00+00:00,2022-09-19 00:00:00+00:00,-1,8,0.02709984809192368,False,0.07308522114347345,0.04126213592233019,2.8910675747725585,1.6322263429527792,XRP
457,2022-09-19 00:00:00+00:00,2022-09-19 20:00:00+00:00,1,5,0.09029886596741024,False,0.05033557046979855,0.09563758389261748,1.2631044116804397,2.3998983821928412,XRP
458,2022-09-19 20:00:00+00:00,2022-09-22 16:00:00+00:00,-1,17,-0.11740424001363955,False,0.15414208771479862,0.05078225185945124,3.687722658190072,1.2149236045285123,XRP
459,2022-09-22 20:00:00+00:00,2022-09-25 04:00:00+00:00,-1,14,-0.02033500766021394,False,0.15669633616228523,0.056096046367211674,3.1491180149769815,1.127359289377491,XRP
460,2022-09-30 00:00:00+00:00,2022-10-02 00:00:00+00:00,-1,12,0.023423354040350286,False,0.023389413212966805,0.04595814526056622,0.5399586127808653,1.0609713093238025,XRP
461,2022-11-04 12:00:00+00:00,2022-11-06 12:00:00+00:00,-1,12,-0.004643690055382268,False,0.04337152209492634,0.011865793780687453,2.029258874852154,0.5551745978369127,XRP
462,2022-11-08 04:00:00+00:00,2022-11-10 20:00:00+00:00,1,16,-0.10984123270488783,False,0.2926995678871958,0.038890152376620434,10.498752452763464,1.3949391370804607,XRP
463,2023-01-11 08:00:00+00:00,2023-01-13 08:00:00+00:00,-1,12,-0.04089980888812072,False,0.05555555555555557,0.01326699834162528,2.9559842666536484,0.7059066905441586,XRP
464,2023-01-14 04:00:00+00:00,2023-01-18 04:00:00+00:00,-1,24,0.03153007863276997,False,0.0199302441454908,0.06601893373193814,0.8871401141827869,2.9386516282304758,XRP
465,2023-02-17 00:00:00+00:00,2023-02-19 00:00:00+00:00,1,12,0.024104059581057612,False,0.009116957541026316,0.042198489189893176,0.47368031040868486,2.192463151034481,XRP
466,2023-03-03 04:00:00+00:00,2023-03-05 04:00:00+00:00,1,12,0.024403760128959305,False,0.0027449903925336285,0.04446884435904472,0.1469287479394444,2.380245716618996,XRP
467,2023-03-09 20:00:00+00:00,2023-03-11 20:00:00+00:00,1,12,-0.04604497640452915,False,0.0581088219757,0.0,2.574726062841436,0.0,XRP
468,2023-03-13 00:00:00+00:00,2023-03-16 16:00:00+00:00,-1,22,0.01871605502285844,False,0.043935309973045775,0.04420485175202148,1.8985759566069695,1.9102236618622257,XRP
469,2023-03-21 16:00:00+00:00,2023-03-23 20:00:00+00:00,-1,13,-0.044534857121465356,False,0.1487526229890418,0.048962462112380555,5.524096280914759,1.8182762053167711,XRP
470,2023-04-19 12:00:00+00:00,2023-04-21 12:00:00+00:00,1,12,-0.06318264617142537,False,0.06678736672701671,0.009253671293502411,2.6581281765035665,0.3682948678288112,XRP
471,2023-04-26 20:00:00+00:00,2023-04-28 20:00:00+00:00,1,12,0.05749810050858658,False,0.03860745369337198,0.07810756527560807,1.5023107552209933,3.039357019233224,XRP
472,2023-05-17 00:00:00+00:00,2023-05-19 00:00:00+00:00,-1,12,-0.041129201198394194,False,0.06894213381555148,0.011528028933092209,4.498259119565733,0.7521679183536141,XRP
473,2023-06-05 16:00:00+00:00,2023-06-07 16:00:00+00:00,1,12,0.02544105401167903,False,0.04425481246279032,0.0676721571740425,1.978802166589007,3.025881339941033,XRP
474,2023-06-10 08:00:00+00:00,2023-06-12 08:00:00+00:00,1,12,0.04578592076473977,False,0.01982423870835885,0.0819538115675454,0.7039283541502048,2.9100543300436317,XRP
475,2023-06-13 12:00:00+00:00,2023-06-13 16:00:00+00:00,-1,1,0.09419229894905584,False,0.0026718916993230244,0.10046312789454935,0.1127649179797885,4.239960916040201,XRP
476,2023-06-13 16:00:00+00:00,2023-06-15 16:00:00+00:00,1,12,-0.06789924000604189,False,0.09535066981875502,0.03289992119779341,2.9355429670999897,1.012883627077884,XRP
477,2023-07-13 16:00:00+00:00,2023-07-15 20:00:00+00:00,-1,13,-0.2691422264196264,False,0.6303429633384018,0.016725798276735968,22.226430684944976,0.5897659173973617,XRP
478,2023-08-18 00:00:00+00:00,2023-08-20 00:00:00+00:00,1,12,0.027668809331762367,False,0.04686573067035802,0.03776942851492981,1.0188910037265941,0.8211315684041312,XRP
479,2023-09-29 16:00:00+00:00,2023-10-01 16:00:00+00:00,-1,12,0.023367263493956583,False,0.009779951100244676,0.03554636072973466,0.6460622324250763,2.3481877293910904,XRP
480,2023-10-04 00:00:00+00:00,2023-10-06 00:00:00+00:00,-1,12,0.02923433020855616,False,0.00686966208689201,0.04418863720757507,0.37071751772432354,2.3846153842807536,XRP
481,2023-10-09 12:00:00+00:00,2023-10-11 12:00:00+00:00,1,12,-0.023144612659347044,False,0.0331525015069318,0.017882258388587653,2.2244497293379837,1.1998547024914104,XRP
482,2023-10-20 00:00:00+00:00,2023-10-22 00:00:00+00:00,-1,12,-0.004084050163952713,False,0.030233005969574518,0.021182360870402483,2.0166157110061653,1.4129154663100492,XRP
483,2023-10-31 12:00:00+00:00,2023-11-02 12:00:00+00:00,-1,12,-0.02287931542482692,False,0.03491065519523477,0.040039708802117796,1.5579341588102824,1.786824959393792,XRP
484,2023-11-14 20:00:00+00:00,2023-11-16 20:00:00+00:00,1,12,-0.010772639511140512,False,0.031169665809768595,0.0502892030848329,0.7598776698419696,1.2259881992811175,XRP
485,2023-12-11 04:00:00+00:00,2023-12-13 04:00:00+00:00,1,12,-0.03824455115537408,False,0.041274900398406256,0.004143426294820792,1.3506665393630701,0.1355881468086508,XRP
486,2023-12-25 12:00:00+00:00,2023-12-27 12:00:00+00:00,-1,12,0.02301391048740255,False,0.008713241014470107,0.07701882682433499,0.5298148346067504,4.6831846987561585,XRP
487,2024-01-03 16:00:00+00:00,2024-01-05 16:00:00+00:00,1,12,-0.024947757618890468,False,0.049939309866481596,0.029651465233223522,1.5103591759430854,0.8967757607162092,XRP
488,2024-02-27 20:00:00+00:00,2024-02-29 20:00:00+00:00,-1,12,-0.026694853859379825,False,0.055031975765735555,0.13379333557724657,2.932210204723976,7.128767928916066,XRP
489,2024-03-02 04:00:00+00:00,2024-03-04 04:00:00+00:00,-1,12,-0.004377520422684851,False,0.03260009495173279,0.08213324893179309,1.0802609799227056,2.721628391164496,XRP
490,2024-03-05 20:00:00+00:00,2024-03-07 20:00:00+00:00,1,12,0.10879738357069155,False,0.016205742469614207,0.11942927602607006,0.31258898839262833,2.3036449361978506,XRP
491,2024-03-11 16:00:00+00:00,2024-03-13 16:00:00+00:00,-1,12,0.022096502881553973,False,0.07467204843592341,0.05362548652155112,2.553159765148181,1.83354330624541,XRP
492,2024-04-12 20:00:00+00:00,2024-04-15 20:00:00+00:00,1,18,-0.06953419311018263,False,0.23568898004848035,0.024053701286593367,6.972768920707193,0.7116196129519219,XRP
493,2024-06-07 20:00:00+00:00,2024-06-09 20:00:00+00:00,1,12,0.0068725955441606215,False,0.0068965517241379596,0.019878296146044687,0.3321849510761896,0.9574742707490161,XRP
494,2024-07-05 04:00:00+00:00,2024-07-07 04:00:00+00:00,1,12,0.1085397757340364,False,0.02912377604820487,0.1285463218679388,0.9916467364848454,4.376923526553802,XRP
495,2024-07-14 00:00:00+00:00,2024-07-16 00:00:00+00:00,1,12,0.02030881161219993,False,0.022835394862036177,0.02797335870599438,0.7323204287340456,0.8970925251992079,XRP
496,2024-07-16 16:00:00+00:00,2024-07-18 16:00:00+00:00,-1,12,0.03362330951349557,False,0.09103353867214221,0.0398699520876112,2.857034892383002,1.251295357002331,XRP
497,2024-08-05 04:00:00+00:00,2024-08-05 16:00:00+00:00,1,3,0.034465276516440366,False,0.087737843551797,0.04122621564482033,1.8799206476025963,0.8833362079096547,XRP
498,2024-08-05 16:00:00+00:00,2024-08-07 16:00:00+00:00,-1,12,-0.026351872392977746,False,0.06306306306306306,0.03276003276003279,1.131634972735745,0.5878623234990888,XRP
499,2024-08-08 00:00:00+00:00,2024-08-10 00:00:00+00:00,-1,12,0.031169878283887214,False,0.07015497417097155,0.05465755707382093,1.3827162068568069,1.0772705839644454,XRP
500,2024-09-29 16:00:00+00:00,2024-10-01 16:00:00+00:00,-1,12,0.0731422328713125,False,0.0030321406913280803,0.10218314129775624,0.14812300671135312,4.991745326172597,XRP
501,2024-10-03 00:00:00+00:00,2024-10-05 00:00:00+00:00,1,12,-0.008193007601136582,False,0.0581892545082729,0.01152630600483358,1.459476723631446,0.28909762576725057,XRP
502,2024-11-06 04:00:00+00:00,2024-11-08 04:00:00+00:00,-1,12,-0.03091753525974616,False,0.08352059925093627,0.013670411985018883,4.922684279383492,0.805730834966366,XRP
503,2024-11-12 12:00:00+00:00,2024-11-13 04:00:00+00:00,-1,4,-0.03348298983895359,False,0.14506172839506168,0.03395061728395064,4.018565517501324,0.9405153338832897,XRP
504,2024-11-13 04:00:00+00:00,2024-11-14 20:00:00+00:00,1,10,0.17564190331218968,False,0.04028755429084907,0.19964055713643866,0.8150909650406541,4.039093889959836,XRP
505,2024-11-14 20:00:00+00:00,2024-11-16 20:00:00+00:00,-1,12,-0.4225230019657361,False,0.6059686393525545,0.04653515427415269,12.205667497128161,0.9373300582101743,XRP
506,2024-11-22 04:00:00+00:00,2024-11-24 04:00:00+00:00,-1,12,-0.06903176121466975,False,0.18024976539377754,0.02245001082797943,3.465851164664178,0.43166988875072326,XRP
507,2024-12-01 20:00:00+00:00,2024-12-04 16:00:00+00:00,-1,17,-0.19996611761449035,False,0.37158984007525875,0.023142050799623667,8.70422774307682,0.5420860822270617,XRP
508,2024-12-20 12:00:00+00:00,2024-12-22 12:00:00+00:00,1,12,0.14443784805152704,False,0.0030487804878048808,0.21229674796747977,0.04702912682243584,3.274794864402281,XRP
509,2025-02-03 04:00:00+00:00,2025-02-05 04:00:00+00:00,1,12,0.11652266341293804,False,0.05997519489723609,0.23405386250885896,0.8315311472481088,3.2450595140760714,XRP
510,2025-02-28 04:00:00+00:00,2025-03-02 04:00:00+00:00,1,12,0.11022672454589276,False,0.03386976974498628,0.12240653627135446,0.7525086581362979,2.7195926943171584,XRP
511,2025-03-02 16:00:00+00:00,2025-03-04 20:00:00+00:00,-1,13,0.025137041145813326,False,0.15759279223779454,0.148506083474511,3.995842877708202,3.7654449008845674,XRP
512,2025-03-19 16:00:00+00:00,2025-03-21 16:00:00+00:00,-1,12,0.07099290580455866,False,0.009164969450101867,0.07754974150086165,0.3471619493499393,2.937524186807167,XRP
513,2025-04-03 00:00:00+00:00,2025-04-05 00:00:00+00:00,1,12,0.05310237554077411,False,0.03171697179614044,0.07001484413656615,0.8951317583810796,1.9759928831657296,XRP
514,2025-04-07 08:00:00+00:00,2025-04-09 08:00:00+00:00,1,12,0.09391774181037368,False,0.00268304316718337,0.1951466730264728,0.05665008991977616,4.120349873498435,XRP
515,2025-04-09 20:00:00+00:00,2025-04-11 20:00:00+00:00,-1,12,-0.006114740152886967,False,0.024833137023949844,0.05756772673733803,0.48606239687196556,1.1267810109304608,XRP
516,2020-08-01 12:00:00+00:00,2020-08-03 12:00:00+00:00,-1,12,0.08296218406622671,False,0.030303030303030335,0.17180735930735935,1.2050788891435502,6.8323669161263725,DOGE
517,2020-08-17 08:00:00+00:00,2020-08-19 08:00:00+00:00,-1,12,0.07236174173642206,False,0.008358047991372278,0.10083580479913729,0.3811657764704681,4.598580658063102,DOGE
518,2020-09-04 00:00:00+00:00,2020-09-06 00:00:00+00:00,1,12,0.002256241088391447,False,0.028260869565217374,0.07246376811594206,0.9001382504372574,2.3080467959929702,DOGE
519,2020-10-26 04:00:00+00:00,2020-10-28 04:00:00+00:00,-1,12,0.06577528794275962,False,0.013272790778903192,0.08767027593433459,0.8133698536699832,5.372521928188594,DOGE
520,2020-11-16 16:00:00+00:00,2020-11-18 16:00:00+00:00,-1,12,0.025982917434901002,False,0.013043478260869556,0.05919732441471574,0.6573557468616704,2.9833837742183533,DOGE
521,2020-11-21 04:00:00+00:00,2020-11-23 16:00:00+00:00,-1,15,-0.04338401323686479,False,0.13922109782275374,0.03495860165593375,5.6800983401146565,1.4262801999406844,DOGE
522,2020-11-24 00:00:00+00:00,2020-11-25 04:00:00+00:00,-1,7,-0.0615767678169548,False,0.17046070460704602,0.042547425474254746,3.871589792872526,0.9663586605421095,DOGE
523,2020-11-25 04:00:00+00:00,2020-11-28 04:00:00+00:00,1,18,-0.16006136746214888,False,0.24090791849368068,0.07454217178230607,3.3981786471755733,1.051470694896941,DOGE
524,2020-12-17 16:00:00+00:00,2020-12-19 16:00:00+00:00,-1,12,-0.03161569759671459,False,0.06311945748565456,0.06103286384976533,2.3969237024380017,2.317686555249975,DOGE
525,2020-12-20 12:00:00+00:00,2020-12-22 12:00:00+00:00,-1,12,-0.06573083677861641,False,0.2338545207341944,0.047133469295263956,5.435467767137573,1.0955206352370295,DOGE
526,2021-01-02 04:00:00+00:00,2021-01-03 20:00:00+00:00,-1,10,-0.5031973562073948,False,1.1189221737166943,0.02002107481559528,25.79378493060446,0.4615328125616007,DOGE
527,2021-01-03 20:00:00+00:00,2021-01-05 20:00:00+00:00,1,12,0.017094041546879445,False,0.2119537406611401,0.18247876368846586,1.3128274652155112,1.1302614053497135,DOGE
528,2021-01-28 08:00:00+00:00,2021-01-29 04:00:00+00:00,-1,5,-2.7250267409134645,False,7.191725157000368,0.006649427410417517,100.81650972187397,0.09321436074551848,DOGE
529,2020-02-20 00:00:00+00:00,2020-02-22 00:00:00+00:00,1,12,0.017396635924709383,False,0.03346696879902385,0.04688861774446584,0.7198298556905491,1.008511620733116,ADA
530,2020-03-12 04:00:00+00:00,2020-03-15 00:00:00+00:00,1,17,-0.28959597269066645,False,0.5215729109776078,0.000273074822501449,11.185027438853682,0.005856035308302151,ADA
531,2020-05-04 16:00:00+00:00,2020-05-06 16:00:00+00:00,-1,12,-0.0131809732745263,False,0.021956087824351374,0.0295409181636727,0.6431250147465714,0.8652954743862943,ADA
532,2020-05-10 04:00:00+00:00,2020-05-12 04:00:00+00:00,1,12,0.07661968696900437,False,0.04581630458163046,0.08711550871155098,1.0646918046763374,2.0244139948071225,ADA
533,2020-05-30 20:00:00+00:00,2020-06-02 08:00:00+00:00,-1,15,-0.10755611488766179,False,0.16434689507494646,0.03466274089935754,4.595635943877689,0.9692750077071004,ADA
534,2020-07-01 16:00:00+00:00,2020-07-03 16:00:00+00:00,-1,12,-0.10895789237826632,False,0.10827034237438861,0.030235660293463765,5.027815385034133,1.4040716475660004,ADA
535,2020-07-07 00:00:00+00:00,2020-07-10 04:00:00+00:00,-1,19,-0.16381112333436268,False,0.32841504045692527,0.02122798667301294,11.288657503978834,0.7296726444600843,ADA
536,2020-08-02 08:00:00+00:00,2020-08-04 08:00:00+00:00,1,12,-0.0038870253308029737,False,0.04673102237823612,0.023475208424747627,1.1126106742729798,0.5589170992826683,ADA
537,2020-08-31 20:00:00+00:00,2020-09-02 20:00:00+00:00,-1,12,0.08552830291612101,False,0.0176022835394862,0.12567396130669206,0.6183476236157234,4.414779204643793,ADA
538,2020-09-04 00:00:00+00:00,2020-09-07 20:00:00+00:00,1,23,-0.03555898327158853,False,0.09760491733785498,0.10131411615091139,1.7251465126276275,1.7907058263539766,ADA
539,2020-09-21 12:00:00+00:00,2020-09-23 12:00:00+00:00,1,12,-0.014935386765528545,False,0.06234748657881897,0.016959492435334168,2.2977159255837947,0.6250147038280717,ADA
540,2020-11-07 16:00:00+00:00,2020-11-09 16:00:00+00:00,1,12,-0.028139008830366137,False,0.06361395525218058,0.02853621539628364,1.775775890853573,0.7965850121414674,ADA
541,2020-11-22 20:00:00+00:00,2020-11-26 04:00:00+00:00,-1,20,0.09275662800647022,False,0.26702866176369505,0.19595848511925223,5.586406889421569,4.099574270718378,ADA
542,2020-11-26 04:00:00+00:00,2020-11-28 04:00:00+00:00,1,12,0.08743021308467272,False,0.05738144487857205,0.12050869531908369,0.5343058142649089,1.1221135458460618,ADA
543,2020-12-25 12:00:00+00:00,2020-12-27 12:00:00+00:00,-1,12,0.08288353502558705,False,0.0038973498021344518,0.1088259983211416,0.08783780939057236,2.452701908367581,ADA
544,2021-01-07 00:00:00+00:00,2021-01-09 00:00:00+00:00,-1,12,0.07955675335738029,False,0.06874812368658054,0.20759531672170517,0.9983630414091222,3.0147076119406493,ADA
545,2021-02-02 00:00:00+00:00,2021-02-04 00:00:00+00:00,-1,12,-0.08084596609073214,False,0.11236366298221208,0.050191542834834034,2.565887420535028,1.146152100768852,ADA
546,2021-02-06 20:00:00+00:00,2021-02-08 20:00:00+00:00,-1,12,-0.15314578258551392,False,0.18145344681957004,0.05951530115002275,3.6692754620769046,1.2034934466967835,ADA
547,2021-02-20 04:00:00+00:00,2021-02-22 04:00:00+00:00,-1,12,-0.004597815643243105,False,0.15742968795118095,0.032966292567424386,3.064681940801271,0.6417544416265788,ADA
548,2021-03-16 20:00:00+00:00,2021-03-18 20:00:00+00:00,-1,12,-0.03798557205438165,False,0.20703201408358862,0.05375888374519138,4.658781896889994,1.2097207067115354,ADA
549,2021-03-18 20:00:00+00:00,2021-03-20 20:00:00+00:00,1,12,-0.011975848168366516,False,0.06430893664261372,0.06565696614067082,0.9786163019795141,0.9991298372861106,ADA
550,2021-04-18 04:00:00+00:00,2021-04-20 12:00:00+00:00,1,14,0.03493207062735875,False,0.05894215014914081,0.11363273536949126,0.8752835310252708,1.6874318565339665,ADA
551,2021-04-23 12:00:00+00:00,2021-04-25 12:00:00+00:00,-1,12,0.004889712993590785,False,0.06345515539856948,0.07469958643213392,0.8295741629820209,0.976577025149601,ADA
552,2021-05-06 12:00:00+00:00,2021-05-08 12:00:00+00:00,-1,12,0.04853903119015615,False,0.052144881587164356,0.09929384637555841,1.2573009104002486,2.3941418533369987,ADA
553,2021-07-26 04:00:00+00:00,2021-07-28 04:00:00+00:00,-1,12,0.03618875309989509,False,0.054634513941220805,0.08643556895252451,2.016427144824725,3.190126807053737,ADA
554,2021-08-10 12:00:00+00:00,2021-08-12 12:00:00+00:00,-1,12,-0.11496058345440795,False,0.20371780230935158,0.029881994670727153,7.643251842573343,1.1211372213802726,ADA
555,2021-08-19 20:00:00+00:00,2021-08-21 20:00:00+00:00,-1,12,-0.00177426231242711,False,0.07755816862646983,0.031315153031440224,1.7554428815879286,0.7087836581035127,ADA
556,2021-09-07 16:00:00+00:00,2021-09-09 16:00:00+00:00,1,12,0.07523986309429498,False,0.09203466776723065,0.08258357408171686,1.548130573648225,1.3891521425426452,ADA
557,2021-09-11 12:00:00+00:00,2021-09-13 12:00:00+00:00,-1,12,0.10247178405722414,False,0.03279958677685958,0.14772727272727268,0.6233189356339512,2.8073892219103866,ADA
558,2021-10-27 12:00:00+00:00,2021-10-29 12:00:00+00:00,1,12,0.0111718949113849,False,0.03691529709228822,0.04166877370417184,1.2678779697892943,1.4311389686388722,ADA
559,2021-11-03 08:00:00+00:00,2021-11-05 08:00:00+00:00,-1,12,0.03452195543972666,False,0.03232012312427843,0.0712774143901501,1.5104617968792464,3.3311077127604976,ADA
560,2021-11-26 12:00:00+00:00,2021-11-28 12:00:00+00:00,1,12,0.003993821258113296,False,0.02181697612732091,0.05358090185676392,0.5492772613894527,1.3489848851145247,ADA
561,2021-11-29 00:00:00+00:00,2021-12-01 00:00:00+00:00,-1,12,0.023241822192230154,False,0.026231565735801734,0.030687166614370848,0.7374256587505459,0.8626821701651101,ADA
562,2021-12-02 12:00:00+00:00,2021-12-04 08:00:00+00:00,-1,11,0.20340506606006847,False,0.057070767752012475,0.2931635227682326,1.9229968214151307,9.878131040532464,ADA
563,2021-12-04 08:00:00+00:00,2021-12-06 08:00:00+00:00,1,12,-0.024346653095075742,False,0.048106904231625815,0.07342242019302152,0.8386789452243922,1.2800207975724138,ADA
564,2022-01-21 00:00:00+00:00,2022-01-24 08:00:00+00:00,1,20,-0.18576575651316107,False,0.2736381709741551,0.018608349900596313,5.350104138723143,0.36382573916338506,ADA
565,2022-02-22 00:00:00+00:00,2022-02-24 00:00:00+00:00,1,12,0.013277911530425932,False,0.05173420530188006,0.12133598038070782,1.1496912145739446,2.696454112736642,ADA
566,2022-02-24 04:00:00+00:00,2022-02-26 04:00:00+00:00,1,12,0.14161325655978063,False,0.06624921728240445,0.16430807764558544,1.2291353688508717,3.0484415953352455,ADA
567,2022-03-23 16:00:00+00:00,2022-03-25 16:00:00+00:00,-1,12,-0.032869619821509516,False,0.11036414565826339,0.019607843137254815,3.8667257326318327,0.686981729147784,ADA
568,2022-05-05 16:00:00+00:00,2022-05-07 16:00:00+00:00,1,12,-0.014344082597971002,False,0.036080516521078715,0.019116343840992533,1.004638464035299,0.5322821335765956,ADA
569,2022-05-10 08:00:00+00:00,2022-05-12 04:00:00+00:00,-1,11,0.39887390550635987,False,0.03334325692170302,0.3448943137838642,0.609023173826723,6.299583454270141,ADA
570,2022-05-12 04:00:00+00:00,2022-05-13 04:00:00+00:00,1,6,0.22761824730080515,False,0.09010440308669998,0.25669541534271445,0.781226870294236,2.2256110586971802,ADA
571,2022-05-13 04:00:00+00:00,2022-05-15 04:00:00+00:00,-1,12,0.04061760196456256,False,0.11444790331441128,0.10602453763047062,1.1613970099944966,1.0759181900589019,ADA
572,2022-05-31 08:00:00+00:00,2022-06-02 08:00:00+00:00,-1,12,0.12349284178133452,False,0.04862385321100908,0.1811926605504588,1.2945109849954823,4.8238852742756295,ADA
573,2022-07-24 00:00:00+00:00,2022-07-26 00:00:00+00:00,-1,12,0.08217128042551455,False,0.03850619195046424,0.08359133126934987,1.1690814610071967,2.5379054831915133,ADA
574,2022-08-14 04:00:00+00:00,2022-08-16 04:00:00+00:00,-1,12,0.05852892849056484,False,0.00237167541927826,0.08148399119091992,0.1082234944981468,3.718250060972161,ADA
575,2022-09-06 20:00:00+00:00,2022-09-08 20:00:00+00:00,1,12,0.021443645409934105,False,0.02828369402185556,0.03278337261624165,0.9689155073887529,1.1230611562915083,ADA
576,2022-09-13 16:00:00+00:00,2022-09-15 16:00:00+00:00,1,12,-0.005137455904886592,False,0.018743343982960542,0.036847710330138526,0.6439699566670415,1.2659863920840766,ADA
577,2022-10-13 16:00:00+00:00,2022-10-15 16:00:00+00:00,-1,12,0.02208778185197453,False,0.035400585573596044,0.04045781208410964,1.3365960845710636,1.527538382366925,ADA
578,2022-10-25 20:00:00+00:00,2022-10-27 20:00:00+00:00,-1,12,0.02641308367430359,False,0.013539651837524163,0.04642166344294016,0.5785622953938332,1.9836421556360069,ADA
579,2022-11-08 20:00:00+00:00,2022-11-10 04:00:00+00:00,1,8,-0.06493325820682365,False,0.15923913043478258,0.02554347826086962,3.4562916599041835,0.5544222116569864,ADA
580,2022-11-10 04:00:00+00:00,2022-11-12 04:00:00+00:00,-1,12,-0.016365011351838994,False,0.10566258026853476,0.005837711617046123,1.7165543531361314,0.09483725707934433,ADA
581,2022-12-16 12:00:00+00:00,2022-12-19 00:00:00+00:00,1,15,-0.07019503973483626,False,0.11083916083916068,0.0024475524475525666,5.880054294035676,0.12984347021530535,ADA
582,2023-01-04 04:00:00+00:00,2023-01-06 04:00:00+00:00,-1,12,-0.034505325581088875,False,0.047619047619047616,0.011337868480725634,3.1919004960640915,0.7599763085866892,ADA
583,2023-01-09 04:00:00+00:00,2023-01-11 04:00:00+00:00,-1,12,0.04451127468789006,False,0.010925644916540187,0.071320182094082,0.3876980864331319,2.5308069531051745,ADA
584,2023-01-25 00:00:00+00:00,2023-01-27 00:00:00+00:00,1,12,0.0557229958733029,False,0.033454139949818815,0.08558684137161975,1.1464069430052093,2.932891095854992,ADA
585,2023-01-31 16:00:00+00:00,2023-02-02 16:00:00+00:00,-1,12,-0.02537214708195249,False,0.036372821419550457,0.06415761555948467,1.4819693747502012,2.614029313795487,ADA
586,2023-02-16 00:00:00+00:00,2023-02-18 00:00:00+00:00,-1,12,0.035562412622940104,False,0.0064393036012401145,0.08061054137848794,0.2832927602590285,3.546405665464901,ADA
587,2023-03-03 04:00:00+00:00,2023-03-05 04:00:00+00:00,1,12,0.027939439149241924,False,0.0018187329493787356,0.044558957259775656,0.07351219864755404,1.801048866864938,ADA
588,2023-03-13 00:00:00+00:00,2023-03-16 16:00:00+00:00,-1,22,0.004147577479463313,False,0.11545454545454535,0.043030303030303,4.413362906218987,1.6448754138663946,ADA
589,2023-03-22 20:00:00+00:00,2023-03-24 20:00:00+00:00,1,12,0.03630267879403756,False,0.002855511136493435,0.10022844089091937,0.07518599734511693,2.639028506813599,ADA
590,2023-04-26 20:00:00+00:00,2023-04-28 20:00:00+00:00,1,12,0.04601154111010833,False,0.02331002331002333,0.08417508417508425,0.9146352560492127,3.302849535733268,ADA
591,2023-06-05 16:00:00+00:00,2023-06-09 16:00:00+00:00,1,24,-0.13521247417060928,False,0.1269306374613873,0.021903959561920733,9.130563062426171,1.5756281390912357,ADA
592,2023-06-10 04:00:00+00:00,2023-06-12 08:00:00+00:00,1,13,0.021343001800601436,False,0.21599131693198256,0.02206946454413891,6.620927226146178,0.6765101520852876,ADA
593,2023-07-13 16:00:00+00:00,2023-07-14 20:00:00+00:00,-1,7,-0.04335210953801609,False,0.21908127208480557,0.004497269514937399,11.962155889011637,0.2455574522671033,ADA
594,2023-07-14 20:00:00+00:00,2023-07-16 20:00:00+00:00,1,12,-0.021441169413855852,False,0.02302426882389551,0.04978220286247653,0.5691346349403302,1.230561372843951,ADA
595,2023-08-18 00:00:00+00:00,2023-08-20 00:00:00+00:00,1,12,0.05187255554804768,False,0.00235386426049427,0.05845429580227528,0.07791499789584941,1.9348891144136235,ADA
596,2023-08-29 16:00:00+00:00,2023-08-31 16:00:00+00:00,-1,12,0.0531395302959361,False,0.01899890390938978,0.06284252831567406,1.1402239769274802,3.7715100775293684,ADA
597,2023-10-24 00:00:00+00:00,2023-10-26 00:00:00+00:00,-1,12,-0.002421902238516473,False,0.04592381630473486,0.028479886080455704,2.6311737307086687,1.631735646951111,ADA
598,2023-11-01 20:00:00+00:00,2023-11-04 20:00:00+00:00,-1,18,-0.07948943687947918,False,0.09800664451827251,0.009302325581395246,4.439198186564553,0.421347624487478,ADA
599,2023-12-05 20:00:00+00:00,2023-12-07 20:00:00+00:00,-1,12,-0.07120781007552016,False,0.08882046423495968,0.01373756513500717,4.237310775561977,0.6553707332869227,ADA
600,2023-12-08 12:00:00+00:00,2023-12-11 08:00:00+00:00,-1,17,-0.07499400389459004,False,0.24543883234107913,0.024966391396197447,8.307083955537157,0.8450085400781159,ADA
601,2023-12-13 16:00:00+00:00,2023-12-15 16:00:00+00:00,-1,12,0.0027905908986909584,False,0.08761570379827632,0.030960740504309102,1.8359585583689064,0.6487722410265387,ADA
602,2024-01-11 00:00:00+00:00,2024-01-13 00:00:00+00:00,-1,12,0.029679756583326007,False,0.0906040268456376,0.07117626280466266,2.142096628067356,1.6827776629846867,ADA
603,2024-02-29 08:00:00+00:00,2024-03-02 08:00:00+00:00,-1,12,-0.07417314790228519,False,0.11744084136722177,0.06514753140520008,3.467677662575462,1.923612235707282,ADA
604,2024-03-05 20:00:00+00:00,2024-03-07 20:00:00+00:00,1,12,0.17476324460022327,False,0.014638753344876397,0.19329450653234695,0.22344837479566934,2.9504796155815347,ADA
605,2024-04-12 20:00:00+00:00,2024-04-15 20:00:00+00:00,1,18,-0.04702169933034249,False,0.18004563368595725,0.07114706492428957,4.121043587122879,1.6284769013630738,ADA
606,2024-06-07 12:00:00+00:00,2024-06-07 20:00:00+00:00,-1,2,0.07148377817621804,False,0.013008465826966699,0.12905224034689242,0.865484107755845,8.58615186265723,ADA
607,2024-06-07 20:00:00+00:00,2024-06-09 20:00:00+00:00,1,12,-0.011807854875531286,False,0.03939461384375694,0.005786779434676267,1.5340406270620484,0.2253393011503615,ADA
608,2024-06-18 04:00:00+00:00,2024-06-20 04:00:00+00:00,1,12,0.02296341952006767,False,0.03458289334741288,0.04963041182682149,1.128353372750644,1.6193162906650451,ADA
609,2024-07-05 04:00:00+00:00,2024-07-07 04:00:00+00:00,1,12,0.13507676708401092,False,0.024405313561939954,0.15291936978683965,0.607977838530528,3.8094813933242118,ADA
610,2024-07-08 12:00:00+00:00,2024-07-10 12:00:00+00:00,-1,12,-0.01712022313450556,False,0.02601539686753393,0.052030793735067714,0.7694486839684623,1.5388973679369202,ADA
611,2024-08-05 04:00:00+00:00,2024-08-05 16:00:00+00:00,1,3,0.039906696140714605,False,0.10569105691056901,0.0435772357723578,2.405081164974111,0.9916334649431744,ADA
612,2024-08-05 16:00:00+00:00,2024-08-07 16:00:00+00:00,-1,12,-0.018315431971091485,False,0.06764797995615413,0.04196680238020661,1.232389465218719,0.7645379089782772,ADA
613,2024-09-24 20:00:00+00:00,2024-09-26 20:00:00+00:00,-1,12,-0.026547764722564038,False,0.04122648801855196,0.026539551661942735,2.1203733530892763,1.364990346051217,ADA
614,2024-10-01 16:00:00+00:00,2024-10-03 16:00:00+00:00,1,12,-0.07713667037370002,False,0.09503003823047529,0.004096122337520484,3.9381827426563336,0.1697492561489798,ADA
615,2024-10-31 16:00:00+00:00,2024-11-02 16:00:00+00:00,1,12,0.026100640644380876,False,0.031630876378409806,0.05629715612304113,1.5035293824666076,2.676006423839642,ADA
616,2024-11-06 04:00:00+00:00,2024-11-09 16:00:00+00:00,-1,21,-0.20617805090791222,False,0.2810493999441809,0.01925760535863806,12.088674230776705,0.8283202799638478,ADA
617,2024-11-10 00:00:00+00:00,2024-11-12 08:00:00+00:00,-1,14,-0.21928736195822546,False,0.32796780684104637,0.017706237424547234,10.296428978454772,0.5558808282846731,ADA
618,2024-11-13 16:00:00+00:00,2024-11-15 16:00:00+00:00,-1,12,-0.09016264737216997,False,0.1688769514856472,0.09048178613396014,2.760060714545458,1.478799925586484,ADA
619,2024-12-02 16:00:00+00:00,2024-12-04 16:00:00+00:00,-1,12,0.006741195058025114,False,0.10080344570529273,0.055744222645572876,2.117787249102385,1.171134608583327,ADA
620,2024-12-20 12:00:00+00:00,2024-12-20 16:00:00+00:00,1,1,0.14689796667978477,False,0.0009182736455462718,0.16817525908434997,0.013761205173197776,2.520266433148784,ADA
621,2024-12-20 16:00:00+00:00,2024-12-22 16:00:00+00:00,-1,12,-0.01905243459339221,False,0.13934894346087964,0.007652769845802317,2.1615347548225037,0.11870723653533283,ADA
622,2025-02-03 04:00:00+00:00,2025-02-05 04:00:00+00:00,1,12,0.14503566668609327,False,0.051250947687642066,0.2492797573919636,0.6350320406820048,3.088735724500644,ADA
623,2025-03-02 16:00:00+00:00,2025-03-04 20:00:00+00:00,-1,13,-0.11132686630135856,False,0.3591997224470915,0.12513010292587032,8.049970939560769,2.8042719113344354,ADA
624,2025-04-09 20:00:00+00:00,2025-04-11 20:00:00+00:00,-1,12,0.0032830404934744727,False,0.021831988609397304,0.07419712070874852,0.4642096330479903,1.5776399847790334,ADA
625,2020-10-08 16:00:00+00:00,2020-10-10 16:00:00+00:00,-1,12,-0.09978767356613372,False,0.12664267834793494,0.01666145181476842,2.6044984541490876,0.34265483059527746,AVAX
626,2020-11-05 16:00:00+00:00,2020-11-07 16:00:00+00:00,-1,12,-0.12188701056175044,False,0.19661772337372932,0.009127262736957794,4.523809430570844,0.21000140036340384,AVAX
627,2020-11-26 04:00:00+00:00,2020-11-28 04:00:00+00:00,1,12,0.00989063926773005,False,0.07075591753626877,0.06391221967704545,1.07543988750069,0.9714205218831191,AVAX
628,2020-12-24 00:00:00+00:00,2020-12-26 00:00:00+00:00,1,12,0.0026894317916475773,False,0.057096413695011713,0.06166819059229899,0.992832624866589,1.0723298990996764,AVAX
629,2021-01-01 00:00:00+00:00,2021-01-03 12:00:00+00:00,-1,15,-0.15636545824650527,False,0.235669986844578,0.04532356073419792,6.871573548432077,1.3215267044897978,AVAX
630,2021-01-05 12:00:00+00:00,2021-01-07 12:00:00+00:00,-1,12,-0.12681658550474234,False,0.22830443870650458,0.037772039837698154,3.7319236562209563,0.6174315743166056,AVAX
631,2021-01-16 12:00:00+00:00,2021-01-18 12:00:00+00:00,-1,12,-0.14766959324909917,False,0.2594932915500074,0.03893212778163067,3.9859745322250637,0.598021123767688,AVAX
632,2021-02-07 12:00:00+00:00,2021-02-12 12:00:00+00:00,-1,30,-0.8685141330641326,False,1.5499506063854385,0.1436744645521996,27.608311095740554,2.559184336281144,AVAX
633,2021-04-12 20:00:00+00:00,2021-04-14 20:00:00+00:00,-1,12,-0.06325081391460603,False,0.13395911315865247,0.08250791822631723,3.258150704169536,2.0067558341496423,AVAX
634,2021-04-18 04:00:00+00:00,2021-04-18 08:00:00+00:00,1,1,0.14877465675855955,False,0.02121891434865575,0.1569369676848849,0.19499084697283162,1.4421695543609303,AVAX
635,2021-04-18 08:00:00+00:00,2021-04-20 08:00:00+00:00,-1,12,0.14780169946836674,False,0.03417304995145108,0.19927648613658427,0.3455296469489136,2.014919183327686,AVAX
636,2021-08-06 16:00:00+00:00,2021-08-08 16:00:00+00:00,-1,12,-0.0463884219909486,False,0.11541387179309859,0.0015213332411313353,3.577741019332404,0.0471601572350592,AVAX
637,2021-08-17 12:00:00+00:00,2021-08-20 16:00:00+00:00,-1,19,-0.44424475399902474,False,0.5429832522069136,0.1151720155102715,10.15115118872278,2.153157647870092,AVAX
638,2021-11-07 04:00:00+00:00,2021-11-09 04:00:00+00:00,-1,12,-0.058870595156490305,False,0.142789820923657,0.030560791705937725,4.1551896045974,0.8893202833602001,AVAX
639,2021-11-20 20:00:00+00:00,2021-11-22 20:00:00+00:00,-1,12,-0.06261570822458261,False,0.14682453584601562,0.04466416638254344,3.089477130110309,0.9398219431051194,AVAX
640,2021-12-04 04:00:00+00:00,2021-12-06 04:00:00+00:00,1,12,-0.116237560839935,False,0.2187662757025895,0.04279077519218354,3.4225748937717713,0.66945708330704,AVAX
641,2021-12-15 20:00:00+00:00,2021-12-17 20:00:00+00:00,-1,12,-0.13852347765588363,False,0.17290579622214136,0.008271649880677889,3.8263436656020504,0.18304866474428141,AVAX
642,2022-01-21 00:00:00+00:00,2022-01-24 08:00:00+00:00,1,20,-0.2701966956337669,False,0.33375834774595076,0.014252711044904309,10.404284076324995,0.4443012603892493,AVAX
643,2022-03-09 04:00:00+00:00,2022-03-11 04:00:00+00:00,-1,12,0.05648282503881692,False,0.006760986603230149,0.10679854763991486,0.16800661455307336,2.6538822632180312,AVAX
644,2022-05-02 16:00:00+00:00,2022-05-04 16:00:00+00:00,-1,12,0.006501122303317447,False,0.019908616187989538,0.052382506527415156,0.49574066070023065,1.3043668203670018,AVAX
645,2022-05-04 20:00:00+00:00,2022-05-05 16:00:00+00:00,-1,5,0.13296362535690107,False,0.032867340868530756,0.1426234384295062,0.896946653472701,3.8921802745715697,AVAX
646,2022-05-05 16:00:00+00:00,2022-05-07 16:00:00+00:00,1,12,-0.02067373960953754,False,0.05705962988348181,0.02518848526387935,1.1870815619316712,0.5240269958076745,AVAX
647,2022-05-10 08:00:00+00:00,2022-05-11 08:00:00+00:00,-1,6,0.2164319656193975,False,0.08941329292054563,0.30374539943710765,1.2598315596378278,4.279766775234555,AVAX
648,2022-05-11 08:00:00+00:00,2022-05-13 08:00:00+00:00,1,12,-0.060195186399545075,False,0.3602739726027397,0.136986301369863,3.347890735300212,1.2729622567681416,AVAX
649,2022-06-20 12:00:00+00:00,2022-06-22 12:00:00+00:00,-1,12,0.04783766555670562,False,0.046998867497168646,0.09682899207248023,0.8230644300300234,1.6957110546401732,AVAX
650,2022-08-29 00:00:00+00:00,2022-08-31 00:00:00+00:00,1,12,0.04997031612692749,False,0.05672609400324152,0.11507293354943268,1.4855203596090043,3.013484158063977,AVAX
651,2022-09-06 20:00:00+00:00,2022-09-08 20:00:00+00:00,1,12,0.03304576305232926,False,0.033659066232356184,0.04723127035830604,1.0824804520719362,1.5189645053267422,AVAX
652,2022-09-13 16:00:00+00:00,2022-09-15 16:00:00+00:00,1,12,-0.06430711970910646,False,0.07641365257259297,0.011207335710647092,2.1165646951112236,0.3104294886163162,AVAX
653,2022-09-19 00:00:00+00:00,2022-09-21 00:00:00+00:00,1,12,-0.0015026470102570265,False,0.019772318753744866,0.04254044337926886,0.6026147972371061,1.2965348667828525,AVAX
654,2022-10-25 16:00:00+00:00,2022-10-27 16:00:00+00:00,-1,12,-0.05517456547890479,False,0.07177853993140622,0.0,3.6598749080402344,0.0,AVAX
655,2022-11-10 16:00:00+00:00,2022-11-12 16:00:00+00:00,-1,12,0.14577771419696625,False,0.023630642779169094,0.17344121235471652,0.3484719203877251,2.5576702634979482,AVAX
656,2022-12-17 00:00:00+00:00,2022-12-19 00:00:00+00:00,1,12,0.007729308791087715,False,0.026969901927629276,0.016570848833276947,0.8721059773693851,0.5358394092927891,AVAX
657,2023-01-04 04:00:00+00:00,2023-01-06 04:00:00+00:00,-1,12,0.008902045430794144,False,0.03995259861181645,0.014305061791095352,2.3914484425077025,0.8562601414911087,AVAX
658,2023-01-11 20:00:00+00:00,2023-01-14 00:00:00+00:00,-1,13,-0.09829597502883035,False,0.1403448512743011,0.017998213917702854,4.716608003029951,0.6048709235407971,AVAX
659,2023-01-28 00:00:00+00:00,2023-01-30 00:00:00+00:00,-1,12,0.009459627526607072,False,0.028697987842231668,0.055888035436595825,0.8140820666803006,1.585388064175434,AVAX
660,2023-03-03 04:00:00+00:00,2023-03-05 04:00:00+00:00,1,12,0.009214943463070193,False,0.027832756061355723,0.045274616526472,0.9738519265628928,1.5841324672089732,AVAX
661,2023-03-13 00:00:00+00:00,2023-03-16 16:00:00+00:00,-1,22,0.014887902397283029,False,0.10855588526211674,0.05885262116716112,3.3706011241955034,1.8273418395410665,AVAX
662,2023-04-17 00:00:00+00:00,2023-04-19 00:00:00+00:00,-1,12,-0.05036749742345016,False,0.06939766197741232,0.012779869229245053,3.416588963957161,0.6291791239835437,AVAX
663,2023-04-19 12:00:00+00:00,2023-04-21 12:00:00+00:00,1,12,-0.09209551520633008,False,0.09160578347723901,0.014407602309303633,2.9651573450218844,0.4663549198528566,AVAX
664,2023-04-26 20:00:00+00:00,2023-04-28 20:00:00+00:00,1,12,0.04393219947570861,False,0.03454860075183487,0.06921654036637032,1.1996908176344787,2.4035256450017166,AVAX
665,2023-06-05 16:00:00+00:00,2023-06-07 16:00:00+00:00,1,12,0.005837761548188571,False,0.042438989479710865,0.05231517927431474,2.741090225457183,3.3789830603865108,AVAX
666,2023-06-10 04:00:00+00:00,2023-06-12 08:00:00+00:00,1,13,-0.12735573521356683,False,0.26071647274954074,0.007654623392529061,12.508125510269522,0.36723797740074804,AVAX
667,2023-07-14 20:00:00+00:00,2023-07-16 20:00:00+00:00,1,12,-0.002090899950085846,False,0.014187866927592914,0.0727564998602181,0.37546125570230515,1.9253949122468028,AVAX
668,2023-08-15 20:00:00+00:00,2023-08-17 20:00:00+00:00,1,12,-0.03889962975077842,False,0.05782864952592477,0.012983684974801336,4.038444078316158,0.9067112258553203,AVAX
669,2023-08-18 00:00:00+00:00,2023-08-20 00:00:00+00:00,1,12,0.02177776266718678,False,0.004163118554262511,0.040401173242501615,0.14307284202870074,1.388456898778511,AVAX
670,2023-08-29 16:00:00+00:00,2023-08-31 16:00:00+00:00,-1,12,0.056483369261351606,False,0.013207721437147935,0.06714694744619934,0.7022698304052304,3.5702808860461555,AVAX
671,2023-10-04 08:00:00+00:00,2023-10-06 08:00:00+00:00,-1,12,-0.1014584195168634,False,0.10787475293872889,0.00395298033912413,5.133728475332903,0.18812119774604774,AVAX
672,2023-11-01 20:00:00+00:00,2023-11-03 20:00:00+00:00,-1,12,-0.00858174266249346,False,0.0477303070761014,0.047313084112149545,1.4994197438880081,1.4863129279449336,AVAX
673,2023-11-09 20:00:00+00:00,2023-11-10 20:00:00+00:00,1,6,0.13617076264324957,False,0.03236703590227033,0.1678843585513395,0.8652611059243857,4.488016949903925,AVAX
674,2023-11-10 20:00:00+00:00,2023-11-14 08:00:00+00:00,-1,21,-0.1918702359935438,False,0.3611837577426015,0.0363386097728836,8.987307692349237,0.9042108349009882,AVAX
675,2023-12-06 04:00:00+00:00,2023-12-08 04:00:00+00:00,-1,12,-0.004389977554507893,False,0.04614348265409231,0.058156506118782925,1.2941331551884936,1.6310485994833057,AVAX
676,2023-12-12 04:00:00+00:00,2023-12-14 04:00:00+00:00,-1,12,0.06799383492833742,False,0.015483563601715239,0.18842305859933295,0.27418822020018735,3.336659725820711,AVAX
677,2024-01-11 00:00:00+00:00,2024-01-13 00:00:00+00:00,-1,12,0.0675067587434637,False,0.08314525125171883,0.11536565750901487,1.8591734445308434,2.57963940961892,AVAX
678,2024-01-28 04:00:00+00:00,2024-01-30 04:00:00+00:00,-1,12,0.0009231042743221986,False,0.02396094839609489,0.042594142259414255,0.8371325373791656,1.488127339438864,AVAX
679,2024-03-05 20:00:00+00:00,2024-03-07 20:00:00+00:00,1,12,0.15414461024141074,False,0.030126078301260732,0.18380889183808904,0.4926419270733213,3.005766823773355,AVAX
680,2024-03-12 16:00:00+00:00,2024-03-14 16:00:00+00:00,-1,12,0.0067306667073120975,False,0.10380024541702298,0.050924032276057046,2.560794830274152,1.256316861923861,AVAX
681,2024-04-12 20:00:00+00:00,2024-04-15 20:00:00+00:00,1,18,-0.07049355412570699,False,0.2586914722236657,0.028062152471028567,5.227450191251884,0.5670596832615573,AVAX
682,2024-05-17 08:00:00+00:00,2024-05-19 08:00:00+00:00,-1,12,0.00842732875770864,False,0.012474514432878964,0.028651142826483657,0.5179925371946403,1.1897118918793177,AVAX
683,2024-06-07 20:00:00+00:00,2024-06-09 20:00:00+00:00,1,12,-0.017094946823660546,False,0.04523154241952845,0.009692473375613414,1.4948877210651863,0.3203330830854028,AVAX
684,2024-06-18 04:00:00+00:00,2024-06-20 04:00:00+00:00,1,12,0.013663570071466732,False,0.03544466253963461,0.04386229805224215,0.8986182851407917,1.112028165424493,AVAX
685,2024-07-05 04:00:00+00:00,2024-07-07 04:00:00+00:00,1,12,0.18546410470310354,False,0.022409844164009467,0.23959222167332828,0.5727437239450492,6.123422379252196,AVAX
686,2024-08-05 04:00:00+00:00,2024-08-05 16:00:00+00:00,1,3,0.0597930016510195,False,0.0738672965428388,0.06141292677689491,1.4310619368976703,1.1897782382346884,AVAX
687,2024-08-05 16:00:00+00:00,2024-08-07 16:00:00+00:00,-1,12,-0.040840508846605485,False,0.09979705733130384,0.028716387620497334,1.6838932307881227,0.48453663885413434,AVAX
688,2024-09-19 00:00:00+00:00,2024-09-21 00:00:00+00:00,-1,12,-0.11706110000213271,False,0.16678139045228166,8.098149572818122e-05,6.878934055239518,0.0033400990799882036,AVAX
689,2024-10-01 16:00:00+00:00,2024-10-03 16:00:00+00:00,1,12,-0.08939753107797327,False,0.10523750609230303,0.007010834926704952,3.682358115134396,0.2453156279052856,AVAX
690,2024-11-06 04:00:00+00:00,2024-11-08 04:00:00+00:00,-1,12,-0.047078695167517066,False,0.0688129386634116,0.028341470857491686,2.579935685261906,1.0625788326771637,AVAX
691,2024-11-13 16:00:00+00:00,2024-11-15 16:00:00+00:00,-1,12,0.09556251723918198,False,0.00882919674441351,0.12058899657760781,0.17361029701108815,2.3711660435423054,AVAX
692,2024-11-23 00:00:00+00:00,2024-11-25 00:00:00+00:00,-1,12,0.021151207407103814,False,0.0488335493427143,0.11442325495278642,1.2475806421306348,2.9232410875326327,AVAX
693,2024-12-20 12:00:00+00:00,2024-12-20 16:00:00+00:00,1,1,0.12727026802163183,False,0.002258275390741086,0.1424793486658345,0.03305392104620663,2.085441466007363,AVAX
694,2024-12-20 16:00:00+00:00,2024-12-22 16:00:00+00:00,-1,12,0.020959233736051297,False,0.11421126056171195,0.0482219473033087,1.7475053224440389,0.7378266307253933,AVAX
695,2025-01-20 00:00:00+00:00,2025-01-20 08:00:00+00:00,1,2,0.08234839369671038,False,0.03435317872065962,0.1357581536218066,0.8567146787798452,3.385596538753655,AVAX
696,2025-01-20 08:00:00+00:00,2025-01-22 08:00:00+00:00,-1,12,0.044830918924520013,False,0.01363695174019909,0.10782766205201194,0.3098355223510851,2.449875942385175,AVAX
697,2025-02-03 04:00:00+00:00,2025-02-05 04:00:00+00:00,1,12,0.11979085654407136,False,0.04305578823923614,0.2046825263863294,0.6234186707774592,2.963664439775717,AVAX
698,2025-02-28 04:00:00+00:00,2025-03-02 04:00:00+00:00,1,12,0.058863570866828696,False,0.0184159378036928,0.09324586977648205,0.4009129031455124,2.029952140201169,AVAX
699,2025-03-02 20:00:00+00:00,2025-03-03 20:00:00+00:00,-1,6,0.15647878971349552,False,0.017389541953789965,0.15277665180381036,0.49205683102861236,4.322988802207104,AVAX
700,2025-03-03 20:00:00+00:00,2025-03-05 20:00:00+00:00,1,12,0.017546905187082802,False,0.10094546843663454,0.01919587431954928,2.0635829174163334,0.39241264560140393,AVAX
701,2025-04-03 00:00:00+00:00,2025-04-05 00:00:00+00:00,1,12,0.012867844259341388,False,0.022540071237756074,0.05632235084594838,0.549648807539313,1.3734434400735396,AVAX
702,2025-04-09 20:00:00+00:00,2025-04-11 20:00:00+00:00,-1,12,-0.0392517721378591,False,0.05542363734484605,0.052563410685375074,1.1943544717350678,1.1327178729016156,AVAX
703,2020-02-07 08:00:00+00:00,2020-02-09 08:00:00+00:00,-1,12,-0.044012850091908286,False,0.06422018348623852,0.04892966360856273,2.347374801971257,1.7884760395971497,LINK
704,2020-03-12 04:00:00+00:00,2020-03-15 00:00:00+00:00,1,17,-0.36424361172242475,False,0.597758773223238,0.0,8.46085454782071,0.0,LINK
705,2020-05-10 04:00:00+00:00,2020-05-12 04:00:00+00:00,1,12,-0.0011344894058954718,False,0.1031096563011457,0.04882705946535741,2.493089720513874,1.1805901057459893,LINK
706,2020-06-02 16:00:00+00:00,2020-06-04 16:00:00+00:00,1,12,0.03857788291176968,False,0.0072412987619714314,0.05956552207428169,0.21777813885038777,1.7914008195757873,LINK
707,2020-06-15 04:00:00+00:00,2020-06-17 04:00:00+00:00,1,12,0.0714917494990826,False,0.021669341894060983,0.0941680042803638,0.8994725286475599,3.9088188899251994,LINK
708,2020-07-07 00:00:00+00:00,2020-07-10 08:00:00+00:00,-1,20,-0.09408680679921323,False,0.23160052170672635,0.0057760387553567535,9.99140705796886,0.24918231600726595,LINK
709,2020-07-13 00:00:00+00:00,2020-07-15 04:00:00+00:00,-1,13,-0.1042213902233121,False,0.17085152838427944,0.0640010917030568,4.807853911308071,1.8010251472871301,LINK
710,2020-08-04 00:00:00+00:00,2020-08-06 00:00:00+00:00,-1,12,-0.040398330842116116,False,0.07537361923326832,0.01905999566818282,1.6478151665299972,0.416688892685747,LINK
711,2020-08-08 20:00:00+00:00,2020-08-10 20:00:00+00:00,-1,12,0.005104925973383221,False,0.08782210202088502,0.09848997070092404,1.8060497666825786,2.0254330574173305,LINK
712,2020-09-04 00:00:00+00:00,2020-09-06 00:00:00+00:00,1,12,-0.10477118336517452,False,0.24500463704578032,0.08953713852120389,3.161735858188393,1.155458871781167,LINK
713,2020-11-04 20:00:00+00:00,2020-11-06 20:00:00+00:00,-1,12,-0.11847906745493347,False,0.13671173300557812,0.047272383473574736,3.8859599568256975,1.3436929311292178,LINK
714,2020-11-21 16:00:00+00:00,2020-11-23 16:00:00+00:00,-1,12,0.022228266454966145,False,0.04084060269627282,0.08802537668517044,1.1185346043783082,2.4108221570095547,LINK
715,2020-11-26 04:00:00+00:00,2020-11-28 04:00:00+00:00,1,12,0.017082811483434632,False,0.08686149113575653,0.05650449283574843,1.225611141702352,0.7972754677616419,LINK
716,2020-12-21 12:00:00+00:00,2020-12-23 12:00:00+00:00,1,12,-0.03433887565514174,False,0.05538411564073416,0.04515185967191807,1.4166949343291861,1.1549595065792166,LINK
717,2020-12-24 00:00:00+00:00,2020-12-26 00:00:00+00:00,1,12,0.05750729813677606,False,0.10235144002916509,0.08594604447685013,1.5709295640637961,1.3191331958256098,LINK
718,2020-12-27 16:00:00+00:00,2020-12-29 16:00:00+00:00,-1,12,0.12910369593261425,False,0.027478907036148203,0.12485486492762607,0.5019030839546396,2.280477956109401,LINK
719,2021-02-23 20:00:00+00:00,2021-02-25 20:00:00+00:00,1,12,0.14899933602795623,False,0.02201617341970446,0.24294000592743129,0.19875117156981015,2.1931427355145603,LINK
720,2021-03-17 16:00:00+00:00,2021-03-19 16:00:00+00:00,-1,12,0.00831284001873868,False,0.03594868243131822,0.05359321922100194,0.9993067681507014,1.4897922002246697,LINK
721,2021-04-15 00:00:00+00:00,2021-04-17 00:00:00+00:00,-1,12,-0.01148414945135761,False,0.07399720036684855,0.07081141091856924,1.7742910563206795,1.6979027916649918,LINK
722,2021-04-18 04:00:00+00:00,2021-04-18 16:00:00+00:00,1,3,0.14663544564248282,False,0.02011250907331234,0.14054560851681583,0.244104560175217,1.7057953250138864,LINK
723,2021-04-18 16:00:00+00:00,2021-04-20 16:00:00+00:00,-1,12,0.008743862851270618,False,0.11833390962044839,0.1163390696066176,1.433019002884027,1.4088615685805215,LINK
724,2021-07-26 04:00:00+00:00,2021-07-28 04:00:00+00:00,-1,12,-0.05364244881732405,False,0.0731157397466179,0.0554541550354306,2.124998047560204,1.6116908833551364,LINK
725,2021-09-07 16:00:00+00:00,2021-09-09 16:00:00+00:00,1,12,0.03887542145365185,False,0.10803059273422569,0.049925642659868284,1.5012070990885529,0.6937731923024774,LINK
726,2021-09-24 12:00:00+00:00,2021-09-26 12:00:00+00:00,1,12,0.11114518962982732,False,0.02689695497683619,0.11568389331174377,0.4849425164793649,2.0857393852590773,LINK
727,2021-11-10 16:00:00+00:00,2021-11-12 16:00:00+00:00,-1,12,0.12738549035339597,False,0.003039513677811541,0.17461482024944977,0.10536124673420412,6.05282196755809,LINK
728,2021-11-26 12:00:00+00:00,2021-11-28 12:00:00+00:00,1,12,0.013653442406206789,False,0.011970652593641393,0.07272493242373537,0.29500794369595473,1.7922525611635964,LINK
729,2021-12-04 08:00:00+00:00,2021-12-06 08:00:00+00:00,1,12,-0.0425384655197431,False,0.06332703213610583,0.10024154589371975,0.885664501377635,1.4019349362602862,LINK
730,2022-01-05 04:00:00+00:00,2022-01-07 04:00:00+00:00,-1,12,0.0703029478018066,False,0.07320981863664795,0.12695434646654163,2.009332387815922,3.484416228310792,LINK
731,2022-01-21 00:00:00+00:00,2022-01-24 08:00:00+00:00,1,20,-0.2619682041214079,False,0.2942868478476493,0.01646498710573285,6.89556163459117,0.3857981905433516,LINK
732,2022-02-24 04:00:00+00:00,2022-02-26 04:00:00+00:00,1,12,0.17191318591106422,False,0.07210950867758492,0.25136478448627075,1.4314118211883393,4.989723693068959,LINK
733,2022-05-01 00:00:00+00:00,2022-05-03 00:00:00+00:00,1,12,0.019951977686324056,False,0.018354488174595972,0.04794082732170581,0.5432590755907156,1.4189602720652996,LINK
734,2022-05-04 20:00:00+00:00,2022-05-05 16:00:00+00:00,-1,5,0.09227806368457633,False,0.02263648468708391,0.1024467376830892,0.7216812083183852,3.2661381155879825,LINK
735,2022-05-05 16:00:00+00:00,2022-05-07 16:00:00+00:00,1,12,-0.018027194581955473,False,0.04707717720473524,0.013673488115995149,1.2715809505903302,0.3693285801909515,LINK
736,2022-05-11 20:00:00+00:00,2022-05-13 20:00:00+00:00,1,12,0.05001836831703695,False,0.20760947595118445,0.10581478822684855,2.3015664613011415,1.173066723360264,LINK
737,2022-06-07 20:00:00+00:00,2022-06-09 20:00:00+00:00,-1,12,-0.08798974946460064,False,0.15129151291512924,0.02118795381502191,4.03642455782865,0.5652899852820579,LINK
738,2022-08-10 16:00:00+00:00,2022-08-12 16:00:00+00:00,-1,12,-0.01050567738968618,False,0.03192529047670762,0.04517320013030735,0.9658649765159627,1.3666660892198648,LINK
739,2022-09-06 20:00:00+00:00,2022-09-08 20:00:00+00:00,1,12,0.11443417063798335,False,0.01706331387516837,0.12228708277204013,0.5263642644354029,3.772277228453725,LINK
740,2022-09-13 16:00:00+00:00,2022-09-15 16:00:00+00:00,1,12,-0.0006925416929804793,False,0.030054264644497033,0.04897732016140245,0.8300997332992303,1.3527551209320756,LINK
741,2022-10-29 20:00:00+00:00,2022-10-31 20:00:00+00:00,-1,12,-0.034915944633759806,False,0.10411140583554367,0.00795755968169756,4.902687828718587,0.3747277321313549,LINK
742,2022-11-04 04:00:00+00:00,2022-11-06 04:00:00+00:00,-1,12,-0.06471368618429585,False,0.09475732879211773,0.02384138182702831,2.9134580883683134,0.7330395190246325,LINK
743,2022-11-08 20:00:00+00:00,2022-11-10 16:00:00+00:00,1,11,0.0011994867136678232,False,0.22204192021636235,0.0669371196754564,2.829584723540552,0.8530112290819574,LINK
744,2022-11-10 16:00:00+00:00,2022-11-12 16:00:00+00:00,-1,12,0.1237105464403975,False,0.029315068493150742,0.15054794520547948,0.3594896981014441,1.84616438417517,LINK
745,2023-01-25 00:00:00+00:00,2023-01-27 00:00:00+00:00,1,12,0.07327913955987664,False,0.022829678582156822,0.09957945328927596,0.7027790635363811,3.0654113100303935,LINK
746,2023-02-09 08:00:00+00:00,2023-02-11 08:00:00+00:00,-1,12,0.07128657054920608,False,0.050631211388665144,0.09293580445876984,1.8427885032265674,3.382518950219583,LINK
747,2023-02-18 16:00:00+00:00,2023-02-20 16:00:00+00:00,-1,12,0.0034951295507306833,False,0.02711947226972875,0.05741509894942582,1.0392103714356797,2.200130065652118,LINK
748,2023-03-03 04:00:00+00:00,2023-03-05 04:00:00+00:00,1,12,0.01703071656665854,False,0.015859030837004354,0.02878120411160068,0.571301531275069,1.036806482684391,LINK
749,2023-03-14 16:00:00+00:00,2023-03-16 16:00:00+00:00,-1,12,0.07417288443478143,False,0.001818945011893088,0.1081572687841053,0.06655642848215054,3.957547632054062,LINK
750,2023-03-22 20:00:00+00:00,2023-03-24 20:00:00+00:00,1,12,0.0339115672844316,False,0.005970998009667304,0.0880011373329542,0.16768899838400161,2.4714164285642246,LINK
751,2023-04-26 20:00:00+00:00,2023-04-28 20:00:00+00:00,1,12,0.02128643186103555,False,0.027753560011624507,0.05042138913106661,1.0178958776385187,1.849266332673124,LINK
752,2023-06-05 16:00:00+00:00,2023-06-07 16:00:00+00:00,1,12,-0.017295309496394427,False,0.025337282000658094,0.0384995064165844,1.7224942414474846,2.6172964447968288,LINK
753,2023-06-10 04:00:00+00:00,2023-06-12 08:00:00+00:00,1,13,-0.12207007972547315,False,0.18734835355285956,0.003639514731369289,10.703070995696375,0.20792274829753238,LINK
754,2023-07-13 20:00:00+00:00,2023-07-14 20:00:00+00:00,-1,6,0.022453428258868282,False,0.0557471264367816,0.043103448275862044,3.0091199232663373,2.326639115927579,LINK
755,2023-07-14 20:00:00+00:00,2023-07-16 20:00:00+00:00,1,12,-0.026344283441530184,False,0.026238207547169802,0.03478773584905657,0.9992526225439968,1.3248517916875455,LINK
756,2023-07-20 08:00:00+00:00,2023-07-22 12:00:00+00:00,-1,13,-0.07951436916229047,False,0.14162627894453425,0.002423263327948276,5.328654791910684,0.09117470176272925,LINK
757,2023-08-18 00:00:00+00:00,2023-08-20 00:00:00+00:00,1,12,-0.002757462928940409,False,0.020216723273491832,0.015849911046417576,0.5841741055587779,0.4579924987580813,LINK
758,2023-08-29 16:00:00+00:00,2023-08-31 16:00:00+00:00,-1,12,0.03751080595754738,False,0.017305515122109042,0.05159307779395115,0.9798245178111629,2.9211590764650497,LINK
759,2023-09-18 04:00:00+00:00,2023-09-20 04:00:00+00:00,-1,12,-0.047949591755732913,False,0.056504003625925454,0.017525305937452735,3.1466476148225544,0.9759655703727664,LINK
760,2023-10-21 16:00:00+00:00,2023-10-25 00:00:00+00:00,-1,20,-0.16070388850254552,False,0.24675905230219045,0.019669199821189108,11.152393801993579,0.8889589262458656,LINK
761,2023-10-25 04:00:00+00:00,2023-10-27 04:00:00+00:00,-1,12,0.021650209229044485,False,0.04058584789130059,0.0868184224457385,0.8007696796255808,1.7129507929381957,LINK
762,2023-11-05 04:00:00+00:00,2023-11-07 04:00:00+00:00,-1,12,-0.048926956654472054,False,0.06961566352429303,0.05906051083716048,2.146787660440914,1.8212909202583172,LINK
763,2023-11-11 16:00:00+00:00,2023-11-13 16:00:00+00:00,-1,12,0.06989883657092374,False,0.02214859807350148,0.11767593103871399,0.4958296852667888,2.634352732248473,LINK
764,2023-12-11 04:00:00+00:00,2023-12-13 04:00:00+00:00,1,12,-0.07004051916369891,False,0.07915479896668215,0.008809697290852547,1.9323630388779978,0.21506634658642287,LINK
765,2023-12-28 16:00:00+00:00,2023-12-30 16:00:00+00:00,1,12,-0.05130254846806149,False,0.07132262051915945,0.02231149567367124,1.908459425716706,0.5970137371609464,LINK
766,2024-02-01 16:00:00+00:00,2024-02-03 16:00:00+00:00,-1,12,-0.08438755053223845,False,0.13136456211812636,0.013477896250149628,4.642141114496603,0.47627986810840184,LINK
767,2024-03-05 20:00:00+00:00,2024-03-07 20:00:00+00:00,1,12,0.12642464317675514,False,0.008395785203132975,0.15123682875979044,0.1687454645902801,3.0396834024181825,LINK
768,2024-03-11 00:00:00+00:00,2024-03-13 00:00:00+00:00,-1,12,0.047423410506668096,False,0.05515366539188127,0.10141455098373499,1.9511094607597737,3.587629008464716,LINK
769,2024-04-12 20:00:00+00:00,2024-04-15 20:00:00+00:00,1,18,-0.04641984966530372,False,0.19094991364421413,0.06362694300518143,4.305483341104871,1.4346418803030363,LINK
770,2024-05-16 20:00:00+00:00,2024-05-18 20:00:00+00:00,-1,12,-0.08529515380380025,False,0.11837715200854136,0.022154010409715784,5.034282386792217,0.9421543136499543,LINK
771,2024-06-07 20:00:00+00:00,2024-06-09 20:00:00+00:00,1,12,-0.008738141617491221,False,0.03733038619758082,0.008657211272794363,1.3856903742457738,0.32135253744844894,LINK
772,2024-06-12 16:00:00+00:00,2024-06-14 16:00:00+00:00,-1,12,0.05334189593532545,False,0.010268857356235943,0.0633557381130197,0.4231316321999895,2.610593948967223,LINK
773,2024-07-05 04:00:00+00:00,2024-07-07 04:00:00+00:00,1,12,0.14201955006477712,False,0.027650176678445285,0.17279151943462892,0.679466134204497,4.246120634198061,LINK
774,2024-07-08 12:00:00+00:00,2024-07-10 12:00:00+00:00,-1,12,0.041048666380827964,False,0.0036366335164019215,0.060932165652367504,0.10648138023102524,1.7841063912178083,LINK
775,2024-08-05 04:00:00+00:00,2024-08-05 16:00:00+00:00,1,3,0.020948970536929186,False,0.15495379325166553,0.02364066193853435,3.005558128795362,0.45854562297848955,LINK
776,2024-08-05 16:00:00+00:00,2024-08-07 16:00:00+00:00,-1,12,-0.04478485984195751,False,0.11033386327503977,0.02861685214626405,1.6116171427255084,0.4179986825512865,LINK
777,2024-10-01 16:00:00+00:00,2024-10-03 16:00:00+00:00,1,12,-0.08153545583770318,False,0.09558823529411754,0.0041141456582633575,3.7251732738535304,0.16033254933252594,LINK
778,2024-11-06 04:00:00+00:00,2024-11-08 04:00:00+00:00,-1,12,-0.07960023727983022,False,0.0972459801573726,0.012316113581936378,3.719415352408868,0.47106051956629486,LINK
779,2024-11-13 20:00:00+00:00,2024-11-15 20:00:00+00:00,1,12,0.013040229373618827,False,0.044720030063885675,0.04006012777151443,0.9604240333044299,0.86034623487607,LINK
780,2024-11-23 00:00:00+00:00,2024-11-25 00:00:00+00:00,-1,12,-0.08434587744042941,False,0.110300325654324,0.02828368109998801,2.9855921260233997,0.7655782980344328,LINK
781,2024-12-02 16:00:00+00:00,2024-12-04 20:00:00+00:00,-1,13,-0.14231383890636734,False,0.2342044933516736,0.03259972489683625,5.889371112157039,0.8197617190179416,LINK
782,2024-12-12 04:00:00+00:00,2024-12-14 04:00:00+00:00,-1,12,-0.09660164047924,False,0.14499778007991715,0.011099600414384977,2.753561976868698,0.21078555576948238,LINK
783,2024-12-20 12:00:00+00:00,2024-12-20 16:00:00+00:00,1,1,0.1316833957553059,False,0.0,0.14506866416978784,0.0,2.0432470813802817,LINK
784,2024-12-20 16:00:00+00:00,2024-12-22 16:00:00+00:00,-1,12,0.03456096385183874,False,0.09808760024676137,0.05155547721864802,1.457089932249076,0.7658558943088115,LINK
785,2025-01-19 16:00:00+00:00,2025-01-21 16:00:00+00:00,-1,12,-0.027060539101883104,False,0.06068476977567893,0.07945690672963408,1.4973841681696682,1.9605827727202076,LINK
786,2025-02-03 04:00:00+00:00,2025-02-05 04:00:00+00:00,1,12,0.1332789510846187,False,0.037451279444162024,0.24363102299045353,0.5104005815431167,3.320298202406427,LINK
787,2025-02-28 04:00:00+00:00,2025-03-02 04:00:00+00:00,1,12,0.06887914368225614,False,0.03049307958477509,0.09104671280276816,0.666994823627469,1.991523551398329,LINK
788,2025-03-02 20:00:00+00:00,2025-03-03 20:00:00+00:00,-1,6,0.13227966623627185,False,0.034397309575786086,0.13428520856687717,0.9106139596828341,3.5549869163604413,LINK
789,2025-03-03 20:00:00+00:00,2025-03-05 20:00:00+00:00,1,12,0.10658142401036227,False,0.11389228055894723,0.11870845204178537,2.2194133138006507,2.313265812478343,LINK
790,2025-04-03 00:00:00+00:00,2025-04-05 00:00:00+00:00,1,12,0.003965743724133149,False,0.046610826741119965,0.031177291763610924,1.2282832144057116,0.8215804528969958,LINK
791,2025-04-09 20:00:00+00:00,2025-04-11 20:00:00+00:00,-1,12,-0.011344411094158173,False,0.017380952380952476,0.07404761904761904,0.3828196326638015,1.6309165172389262,LINK
792,2020-01-30 16:00:00+00:00,2020-02-03 04:00:00+00:00,-1,21,-0.0833983028543671,False,0.11648718337630808,0.007887153041104355,3.8579841278083067,0.2612176753203595,LTC
793,2020-02-20 00:00:00+00:00,2020-02-22 00:00:00+00:00,1,12,0.03781240744830769,False,0.06249999999999995,0.0697278911564626,1.1543314669837363,1.2878255822131495,LTC
794,2020-03-08 16:00:00+00:00,2020-03-10 16:00:00+00:00,1,12,-0.08764960633904546,False,0.13294905169207882,0.012458162885831195,3.882637413463616,0.36382756182106707,LTC
795,2020-03-12 12:00:00+00:00,2020-03-15 00:00:00+00:00,1,15,0.04225521758129596,False,0.2987859046490969,0.17263843648208463,3.4392325744444743,1.9871878998029013,LTC
796,2020-05-10 04:00:00+00:00,2020-05-12 04:00:00+00:00,1,12,-0.001210471273350787,False,0.06191728424575655,0.026296916088931425,1.5764142226241749,0.6695195540102692,LTC
797,2020-06-02 16:00:00+00:00,2020-06-04 16:00:00+00:00,1,12,0.04540130590166429,False,0.010498687664041927,0.052930883639545095,0.3450436153907611,1.7395948942617665,LTC
798,2020-06-26 12:00:00+00:00,2020-06-27 20:00:00+00:00,-1,8,0.07648581481299763,False,0.006695913184022146,0.10090048487647205,0.4058835662523693,6.116245463871934,LTC
799,2020-06-27 20:00:00+00:00,2020-06-29 20:00:00+00:00,1,12,0.038815768303278195,False,0.006751687921980573,0.05151287821955477,0.3114312295740485,2.376104936750115,LTC
800,2020-07-25 04:00:00+00:00,2020-07-27 04:00:00+00:00,-1,12,-0.03303251636588251,False,0.0820578231292517,0.005952380952380976,4.737245514643237,0.34363438966324145,LTC
801,2020-07-27 20:00:00+00:00,2020-07-29 20:00:00+00:00,-1,12,-0.056670034019855875,False,0.10931558935361216,0.019011406844106463,3.6210193846595926,0.6297425016799292,LTC
802,2020-08-02 08:00:00+00:00,2020-08-04 08:00:00+00:00,1,12,-0.012839106624328512,False,0.06579394763685817,0.022101326079564724,1.3512664063172861,0.4539137798998628,LTC
803,2020-09-04 00:00:00+00:00,2020-09-06 00:00:00+00:00,1,12,0.013882063318621605,False,0.04695431472081216,0.10744500846023684,0.9123643151833961,2.08775257708633,LTC
804,2020-10-16 08:00:00+00:00,2020-10-18 08:00:00+00:00,1,12,0.0061297015378018686,False,0.022934805691229673,0.014865151836907956,0.9500378597261061,0.6157652794520989,LTC
805,2020-10-21 04:00:00+00:00,2020-10-23 16:00:00+00:00,-1,15,-0.11231211576556978,False,0.15961773078487193,0.012810085400569389,9.11927345801094,0.7318652584136196,LTC
806,2020-11-05 16:00:00+00:00,2020-11-07 16:00:00+00:00,-1,12,-0.0313848647853097,False,0.09455587392550142,0.027979099949435305,3.5574901717972245,1.0526619759685172,LTC
807,2020-11-19 12:00:00+00:00,2020-11-21 12:00:00+00:00,-1,12,-0.0434045186529958,False,0.08823156023866958,0.012314332867843074,2.058947144119359,0.2873638460137806,LTC
808,2020-12-16 16:00:00+00:00,2020-12-19 12:00:00+00:00,-1,17,-0.2084996056543524,False,0.2786514311573707,0.0,8.88818850548356,0.0,LTC
809,2020-12-19 16:00:00+00:00,2020-12-21 12:00:00+00:00,-1,11,0.1062629437909606,False,0.056824938418414996,0.1289390979359552,1.278223899611602,2.9003645435133234,LTC
810,2020-12-21 12:00:00+00:00,2020-12-23 12:00:00+00:00,1,12,0.003597181672616152,False,0.06553328901130216,0.11596542881565194,1.1288747184107286,1.997617436492026,LTC
811,2021-01-11 04:00:00+00:00,2021-01-13 16:00:00+00:00,1,15,-0.01884494018049753,False,0.21567944250871082,0.041045296167247294,2.4132747331044055,0.4592629459768955,LTC
812,2021-02-13 16:00:00+00:00,2021-02-15 16:00:00+00:00,-1,12,0.01547732993127922,False,0.072696926144003,0.14553294079465895,1.488344053468337,2.979535703977746,LTC
813,2021-02-23 12:00:00+00:00,2021-02-25 12:00:00+00:00,1,12,0.15679307406970272,False,0.046980662000237365,0.16668643967255897,0.5446549523408426,1.9324247677749549,LTC
814,2021-04-18 04:00:00+00:00,2021-04-20 04:00:00+00:00,1,12,-0.055271018887737965,False,0.09973086691179259,0.06970926045259841,1.1951987626031944,0.835412590052175,LTC
815,2021-05-04 12:00:00+00:00,2021-05-06 12:00:00+00:00,-1,12,-0.0950294432236608,False,0.15202692077868973,0.08158002327263594,3.7110270753178543,1.9913951661924985,LTC
816,2021-05-13 00:00:00+00:00,2021-05-15 00:00:00+00:00,1,12,0.051895612646132815,False,0.06609103164922653,0.08862425370738895,0.8799799480647607,1.1800022518731406,LTC
817,2021-05-19 16:00:00+00:00,2021-05-21 16:00:00+00:00,1,12,-0.12151086993157807,False,0.19499079546555567,0.09558182346671844,1.4030467359649506,0.6877543379028199,LTC
818,2021-06-22 12:00:00+00:00,2021-06-24 12:00:00+00:00,1,12,0.16719909095819746,False,0.08140553803014376,0.18051174202593756,1.2550019738390112,2.7828891992555014,LTC
819,2021-07-26 04:00:00+00:00,2021-07-28 04:00:00+00:00,-1,12,0.009538521292483743,False,0.025485614137578567,0.06995764568424126,1.012745642415973,2.7799722791819472,LTC
820,2021-09-07 16:00:00+00:00,2021-09-09 16:00:00+00:00,1,12,0.04047165095500979,False,0.05602943636059548,0.053241902213302016,0.8940649452493431,0.8495841022021096,LTC
821,2021-09-24 12:00:00+00:00,2021-09-26 12:00:00+00:00,1,12,0.026472498796876392,False,0.03334924640250963,0.06308395280638342,0.7627968847268809,1.4429184424792776,LTC
822,2021-10-06 16:00:00+00:00,2021-10-08 16:00:00+00:00,-1,12,0.0008476486573352698,False,0.0308971746433883,0.044060142093958254,0.9763842858153644,1.3923483576689655,LTC
823,2021-10-20 16:00:00+00:00,2021-10-22 16:00:00+00:00,-1,12,0.057616880604282494,False,0.05185909980430525,0.05831702544031319,2.1225882667273055,2.386910579187692,LTC
824,2021-11-09 04:00:00+00:00,2021-11-11 16:00:00+00:00,-1,15,-0.07818893527972424,False,0.19552485964699703,0.02346621430590897,7.531145882270169,0.9038619619084839,LTC
825,2021-11-26 12:00:00+00:00,2021-11-28 12:00:00+00:00,1,12,-0.005950577644273002,False,0.04328256659862868,0.05217982938190192,0.9753098295834589,1.1757967353019474,LTC
826,2021-12-04 08:00:00+00:00,2021-12-06 08:00:00+00:00,1,12,-0.024451248920249916,False,0.03724247226624397,0.09964342313787641,0.5115851311432598,1.3687623455588316,LTC
827,2022-01-21 00:00:00+00:00,2022-01-23 00:00:00+00:00,1,12,-0.17420002759708947,False,0.2579300764065755,0.011190862082272263,7.721756695016094,0.335025350322366,LTC
828,2022-02-24 04:00:00+00:00,2022-02-26 04:00:00+00:00,1,12,0.12672127148503262,False,0.06892332789559548,0.1925978792822186,1.7771860929179024,4.966130960831236,LTC
829,2022-05-05 16:00:00+00:00,2022-05-07 16:00:00+00:00,1,12,-0.020021714565703695,False,0.05837408312958425,0.002954360228198923,2.2892572236486344,0.11586118583911335,LTC
830,2022-05-11 20:00:00+00:00,2022-05-13 04:00:00+00:00,1,8,0.028606607356946145,False,0.2021167132147582,0.03439658973982072,2.810897441889582,0.4783636373833914,LTC
831,2022-05-13 04:00:00+00:00,2022-05-15 04:00:00+00:00,-1,12,0.03291643685559471,False,0.052480230050323595,0.07836089144500363,0.653381958579911,0.9755977189754824,LTC
832,2022-06-15 20:00:00+00:00,2022-06-17 20:00:00+00:00,-1,12,0.03889481762375713,False,0.06026092358666398,0.09049492648581482,1.0640755136987867,1.5979415789909586,LTC
833,2022-06-19 00:00:00+00:00,2022-06-21 00:00:00+00:00,-1,12,-0.12198687562404596,False,0.1974103162810443,0.04776056039057525,3.5845233717949516,0.8672233964020049,LTC
834,2022-07-27 20:00:00+00:00,2022-07-29 20:00:00+00:00,-1,12,-0.04667642701020958,False,0.10618256550779248,0.008391847919164275,3.7513128768826856,0.2964747273665359,LTC
835,2022-09-02 16:00:00+00:00,2022-09-04 16:00:00+00:00,-1,12,0.039655569144829345,False,0.014622258326563862,0.048415922014622206,0.48663142927428876,1.6112907324859664,LTC
836,2022-09-06 20:00:00+00:00,2022-09-08 20:00:00+00:00,1,12,0.05850228195023202,False,0.039244186046511566,0.06104651162790697,1.1851964705469946,1.8436389541842164,LTC
837,2022-09-13 16:00:00+00:00,2022-09-15 16:00:00+00:00,1,12,-0.06977913120345479,False,0.08151382823871905,0.016173378618793467,2.4654377356480364,0.48917415389842,LTC
838,2022-09-19 00:00:00+00:00,2022-09-21 00:00:00+00:00,1,12,-0.0062243290150986435,False,0.05019011406844107,0.022813688212927674,1.748438525658286,0.794744784390127,LTC
839,2022-10-25 20:00:00+00:00,2022-10-27 20:00:00+00:00,-1,12,0.016442503343805537,False,0.014972696846926092,0.028712348071164392,0.9365786832751847,1.7960273573394867,LTC
840,2022-11-02 12:00:00+00:00,2022-11-04 12:00:00+00:00,-1,12,-0.09912328921676816,False,0.1438715131022823,0.012172442941673692,5.7170939634258024,0.4837024269878464,LTC
841,2022-11-08 20:00:00+00:00,2022-11-10 16:00:00+00:00,1,11,0.051612877479045645,False,0.16555125044029584,0.07062345896442405,2.6212151923991973,1.1181992469702955,LTC
842,2022-11-10 16:00:00+00:00,2022-11-12 16:00:00+00:00,-1,12,-0.014259234663951051,False,0.08504893688828888,0.034762065474181494,1.3077448720713214,0.5345147691402612,LTC
843,2022-11-22 16:00:00+00:00,2022-11-25 04:00:00+00:00,-1,15,-0.11438608885086286,False,0.2071662164083607,0.027442058865348964,6.233420997278786,0.8257036736271796,LTC
844,2023-01-02 08:00:00+00:00,2023-01-04 08:00:00+00:00,-1,12,-0.02636653828112334,False,0.04292017649418363,0.015643802647412778,2.030053276088073,0.7399259604433188,LTC
845,2023-01-23 12:00:00+00:00,2023-01-25 12:00:00+00:00,-1,12,0.05262401050987519,False,0.01314645806171223,0.07105606258148638,0.5780846305662701,3.1245235404160576,LTC
846,2023-01-29 04:00:00+00:00,2023-01-31 04:00:00+00:00,-1,12,-0.009377307865452902,False,0.033900095046995544,0.07065159995775687,1.6332807623078256,3.4039402803237766,LTC
847,2023-02-09 20:00:00+00:00,2023-02-11 20:00:00+00:00,1,12,0.022000336364493663,False,0.01974042970880142,0.03348238630166875,0.8080954452942982,1.370637025996408,LTC
848,2023-03-03 04:00:00+00:00,2023-03-05 04:00:00+00:00,1,12,0.018653686629526395,False,0.015890904992674527,0.033810436154626394,0.6683368737870234,1.4219933484830178,LTC
849,2023-03-10 00:00:00+00:00,2023-03-13 00:00:00+00:00,1,18,0.005482646865055705,False,0.15165753067084317,0.0018271991647089605,5.41028671127587,0.06518417724428782,LTC
850,2023-03-13 00:00:00+00:00,2023-03-16 16:00:00+00:00,-1,22,-0.04528705360985828,False,0.15790853099200625,0.03276110601493906,4.416491477452344,0.916284538890528,LTC
851,2023-04-16 16:00:00+00:00,2023-04-18 16:00:00+00:00,-1,12,-0.0005639060891699098,False,0.022103808959936796,0.0397671205841721,1.1832477737428762,2.128789521510626,LTC
852,2023-04-26 20:00:00+00:00,2023-04-28 20:00:00+00:00,1,12,0.03329235138426323,False,0.02608695652173913,0.05136231884057979,1.007818148837203,1.984281955266141,LTC
853,2023-05-06 16:00:00+00:00,2023-05-08 16:00:00+00:00,1,12,-0.013887355093057673,False,0.02608483666504145,0.03851779619697704,1.303010007239443,1.9240708518115113,LTC
854,2023-05-08 20:00:00+00:00,2023-05-10 20:00:00+00:00,1,12,0.053517897500018466,False,0.0019523623584536182,0.067551737602499,0.07433894620869562,2.5721275388210136,LTC
855,2023-06-05 16:00:00+00:00,2023-06-07 16:00:00+00:00,1,12,0.020572721262699437,False,0.032798325191905175,0.06361944638287972,1.4430429593741176,2.799093967296596,LTC
856,2023-06-10 08:00:00+00:00,2023-06-12 08:00:00+00:00,1,12,-0.01717499138212049,False,0.044623167726034474,0.024516798547152684,1.3213209443493703,0.7259583095407884,LTC
857,2023-06-30 04:00:00+00:00,2023-07-02 20:00:00+00:00,-1,16,-0.1559225932862984,False,0.19926969222743882,0.07428273343766292,7.414680360018066,2.764006500697829,LTC
858,2023-07-14 20:00:00+00:00,2023-07-16 20:00:00+00:00,1,12,0.002525504997442676,False,0.009647336263265147,0.026476578411405282,0.3083037774306962,0.846122589170905,LTC
859,2023-08-18 00:00:00+00:00,2023-08-20 00:00:00+00:00,1,12,-0.009809860219662282,False,0.026425591098748168,0.018544274455261984,0.6177269256264675,0.4334925793869973,LTC
860,2023-08-29 16:00:00+00:00,2023-08-31 16:00:00+00:00,-1,12,0.029675846703544284,False,0.026694045174537884,0.043854502786741106,1.6524214287395456,2.714692347214986,LTC
861,2023-10-24 00:00:00+00:00,2023-10-24 16:00:00+00:00,-1,4,0.011194170296856945,False,0.05591771693466608,0.03085614950021723,3.0877877581623157,1.703882882094746,LTC
862,2023-10-24 16:00:00+00:00,2023-10-26 16:00:00+00:00,1,12,-0.004700719305167594,False,0.029804727646454282,0.03773307884304812,1.152322694490412,1.4588518841578155,LTC
863,2023-11-09 20:00:00+00:00,2023-11-11 20:00:00+00:00,1,12,0.052809745149199644,False,0.014743049705138966,0.06093793878124127,0.5659019881087473,2.3390615508494967,LTC
864,2023-12-11 04:00:00+00:00,2023-12-13 04:00:00+00:00,1,12,-0.03887479438679133,False,0.0467163168584968,0.0056872037914692175,1.7084460763559415,0.20798473973029005,LTC
865,2024-01-03 16:00:00+00:00,2024-01-05 16:00:00+00:00,1,12,-0.015130743726839443,False,0.04722854973424438,0.019134396355353155,1.3785325294070012,0.5585051405314575,LTC
866,2024-02-13 16:00:00+00:00,2024-02-15 16:00:00+00:00,1,12,0.005020885882888021,False,0.011172373766685955,0.03119558908879848,0.6259677867357222,1.7478321317945509,LTC
867,2024-02-27 04:00:00+00:00,2024-02-29 04:00:00+00:00,-1,12,-0.031061201502061368,False,0.04550930263686261,0.06304376924106538,2.808068248132648,3.8900004260896277,LTC
868,2024-02-29 08:00:00+00:00,2024-03-04 04:00:00+00:00,-1,23,-0.0886295653223763,False,0.15111057167131936,0.05692438402718774,5.05083342280507,1.9026834339723506,LTC
869,2024-03-05 20:00:00+00:00,2024-03-07 20:00:00+00:00,1,12,0.1365055391850528,False,0.01829896907216479,0.14871134020618565,0.3264952931984895,2.6533490728947915,LTC
870,2024-03-26 20:00:00+00:00,2024-03-28 20:00:00+00:00,-1,12,0.016053121657915264,False,0.0447291054178917,0.030974380512389633,1.6486098206363828,1.1416429509101653,LTC
871,2024-03-29 12:00:00+00:00,2024-03-31 12:00:00+00:00,-1,12,0.00045508374430964875,False,0.07955876610698952,0.012495119094103876,2.6427841273846857,0.41506302859538624,LTC
872,2024-04-12 20:00:00+00:00,2024-04-15 20:00:00+00:00,1,18,-0.08774617884537167,False,0.17787620934840895,0.010374169483622806,4.658560419186081,0.2716984779210756,LTC
873,2024-06-07 20:00:00+00:00,2024-06-09 20:00:00+00:00,1,12,0.011047295950595483,False,0.007550969041026861,0.015605336018122442,0.4017683754243756,0.8303213092103903,LTC
874,2024-06-18 04:00:00+00:00,2024-06-20 04:00:00+00:00,1,12,0.011926684382593315,False,0.0343318287511969,0.024893995349473497,1.633482044326894,1.184437179551774,LTC
875,2024-07-05 00:00:00+00:00,2024-07-07 04:00:00+00:00,1,13,-8.309645450912885e-05,False,0.13691295701392078,0.004130335016062353,5.970778864253833,0.18012405512273863,LTC
876,2024-08-02 16:00:00+00:00,2024-08-04 16:00:00+00:00,1,12,-0.03911153978255579,False,0.04534351145038166,0.012824427480916082,1.5618817448006836,0.4417443318628216,LTC
877,2024-08-05 04:00:00+00:00,2024-08-05 16:00:00+00:00,1,3,0.02801773246378063,False,0.1089592760180996,0.0338461538461538,2.618252788209818,0.8133110820518854,LTC
878,2024-08-05 16:00:00+00:00,2024-08-07 16:00:00+00:00,-1,12,-0.00802884011359454,False,0.04756871035940809,0.03576462297392532,0.9086898012066199,0.6832001097960879,LTC
879,2024-08-28 00:00:00+00:00,2024-08-30 00:00:00+00:00,1,12,0.033177566552929263,False,0.016075571760026615,0.05866755054690088,0.759795866032223,2.7728632636639716,LTC
880,2024-09-05 08:00:00+00:00,2024-09-07 08:00:00+00:00,-1,12,0.06386835275090906,False,0.00234466588511153,0.10389800703399761,0.10981870751907985,4.866341476938895,LTC
881,2024-10-01 16:00:00+00:00,2024-10-03 16:00:00+00:00,1,12,-0.04073851451158682,False,0.051800766283524945,0.005517241379310336,2.599046666729834,0.2768215384682656,LTC
882,2024-10-15 20:00:00+00:00,2024-10-17 20:00:00+00:00,-1,12,-0.04758397528299075,False,0.04805623296514143,0.01520585281882066,2.472457425596768,0.7823298122783695,LTC
883,2024-11-06 04:00:00+00:00,2024-11-08 04:00:00+00:00,-1,12,-0.032703656479760375,False,0.054854157596865495,0.007110724132926932,2.404906422712205,0.31174712887009726,LTC
884,2024-11-14 04:00:00+00:00,2024-11-16 04:00:00+00:00,-1,12,-0.011727179320309759,False,0.047955880589857336,0.06881668864644522,1.178548095967671,1.6912165177136065,LTC
885,2024-11-16 20:00:00+00:00,2024-11-20 04:00:00+00:00,-1,20,0.11980849168847647,False,0.009204674733684979,0.13838039094011786,0.1929558967088461,2.9008425819824253,LTC
886,2024-11-23 04:00:00+00:00,2024-11-25 04:00:00+00:00,-1,12,0.042891738228097415,False,0.05276679841897237,0.09565217391304354,1.4122901422118272,2.5601064750206906,LTC
887,2024-12-02 00:00:00+00:00,2024-12-04 00:00:00+00:00,-1,12,-0.09853757030772756,False,0.16843512407051547,0.04327846937922961,4.894840142371122,1.2577019810259116,LTC
888,2024-12-10 00:00:00+00:00,2024-12-12 00:00:00+00:00,1,12,0.06269170567549852,False,0.08329560887279314,0.07369850611136261,1.4748094991923837,1.3048857960245654,LTC
889,2024-12-17 20:00:00+00:00,2024-12-19 20:00:00+00:00,-1,12,0.26468097117261413,False,0.012386328002508499,0.2502351834430856,0.33233736025831484,6.714056037623744,LTC
890,2024-12-20 12:00:00+00:00,2024-12-22 12:00:00+00:00,1,12,0.17912555749431075,False,0.0008065445327803593,0.22110842262933514,0.011454439661590305,3.1401528157984964,LTC
891,2025-01-16 00:00:00+00:00,2025-01-18 00:00:00+00:00,-1,12,-0.16541431829755213,False,0.20788438515478025,0.02479904224388568,7.191350417872799,0.8578739700465263,LTC
892,2025-02-03 04:00:00+00:00,2025-02-05 04:00:00+00:00,1,12,0.10254362284863561,False,0.03870068610634648,0.1674528301886793,0.5293698981094774,2.2905146283850533,LTC
893,2025-04-03 00:00:00+00:00,2025-04-05 00:00:00+00:00,1,12,0.0341648460899314,False,0.017184239597397885,0.04517000122744577,0.5465312939178357,1.4365965440125938,LTC
894,2025-04-06 20:00:00+00:00,2025-04-08 20:00:00+00:00,1,12,-0.052550306947851566,False,0.1346972401482905,0.0089248935878073,4.473202882437794,0.29638958956010114,LTC
895,2025-04-09 20:00:00+00:00,2025-04-11 20:00:00+00:00,-1,12,0.003807068414241116,False,0.00918618191227835,0.0818993401474966,0.2297667908986476,2.0484842061809228,LTC
