,entry,exit,direction,bars,return,open,mae,mfe,mae_atr,mfe_atr,symbol
0,2019-10-23 14:00:00+00:00,2019-10-23 22:00:00+00:00,-1,8,0.003944662248452525,False,0.008474020279271783,0.03962531682178044,0.7374870243263841,3.44855877467836,BTC
1,2019-10-31 14:00:00+00:00,2019-10-31 22:00:00+00:00,1,8,-0.0195677961140088,False,0.031002333508973717,0.0,2.7464062778947653,0.0,BTC
2,2019-11-08 15:00:00+00:00,2019-11-08 23:00:00+00:00,-1,8,-0.0047640720367153055,False,0.014531990784702372,0.006229787389268972,1.5501919215409994,0.6645590564184042,BTC
3,2019-11-15 15:00:00+00:00,2019-11-15 23:00:00+00:00,-1,8,-0.008676421341768657,False,0.008059512032535953,0.005485290415456659,1.003941619787213,0.6832809880381884,BTC
4,2019-11-29 15:00:00+00:00,2019-11-29 23:00:00+00:00,1,8,-0.004094847434270542,False,0.011102504518461141,0.013426284533953009,0.9443870260879689,1.1420494268970787,BTC
5,2019-12-04 15:00:00+00:00,2019-12-04 23:00:00+00:00,1,8,-0.03458526903433988,False,0.051965977816163855,0.004798859316098947,4.137888323767308,0.38211816203545584,BTC
6,2019-12-17 15:00:00+00:00,2019-12-17 23:00:00+00:00,-1,8,0.023258670713238762,False,0.001010484143399941,0.02929811356537918,0.129119572979989,3.7437103168710673,BTC
7,2019-12-18 15:00:00+00:00,2019-12-18 23:00:00+00:00,1,8,0.10564276791511594,False,0.0,0.11767254840141225,0.0,9.631891726243065,BTC
8,2020-01-14 15:00:00+00:00,2020-01-14 23:00:00+00:00,1,8,0.0039831395944386686,False,0.02053654364360399,0.019123679103859956,2.220329899684801,2.067576571946757,BTC
9,2020-02-25 15:00:00+00:00,2020-02-25 23:00:00+00:00,-1,8,0.0002468716677707935,False,0.005449715724729292,0.017861599949868145,0.6195185506340503,2.030489858899421,BTC
10,2020-02-26 15:00:00+00:00,2020-02-26 23:00:00+00:00,-1,8,0.02693341130957109,False,0.0019205332408060293,0.04857357863412292,0.15450859791251995,3.907787363889665,BTC
11,2020-02-28 15:00:00+00:00,2020-02-28 23:00:00+00:00,1,8,0.012216709583538193,False,0.019523026790091415,0.01442223952475712,1.602652486899821,1.183926974517493,BTC
12,2020-03-13 14:00:00+00:00,2020-03-13 22:00:00+00:00,1,8,-0.012299859557008307,False,0.15328735796469656,0.05052526263131569,1.8351538395669937,0.6048876498631045,BTC
13,2020-03-16 14:00:00+00:00,2020-03-16 22:00:00+00:00,1,8,0.025974814820792703,False,0.016408083105070005,0.07499095560494082,0.35219267973526175,1.6096496733522285,BTC
14,2020-03-19 14:00:00+00:00,2020-03-19 22:00:00+00:00,1,8,0.06614706057958833,False,0.01672206421546797,0.0893328307576328,0.7756136648971301,4.143493492595921,BTC
15,2020-03-23 14:00:00+00:00,2020-03-23 22:00:00+00:00,1,8,0.023700721945858077,False,0.021681467325841013,0.034110202191696234,0.749788821941482,1.1795995138675708,BTC
16,2020-04-29 14:00:00+00:00,2020-04-29 22:00:00+00:00,1,8,0.0645341576591915,False,0.0041721415225122755,0.08355855584352961,0.46613114434249264,9.335552268489938,BTC
17,2020-05-01 14:00:00+00:00,2020-05-01 22:00:00+00:00,-1,8,-0.007325617661787102,False,0.007446590909090983,0.016363636363636365,0.45380612333743414,0.9972238937981057,BTC
18,2020-05-04 14:00:00+00:00,2020-05-04 22:00:00+00:00,1,8,0.010550308937959864,False,0.009614949037372552,0.013209513023782494,0.8103658658152869,1.1133224333179623,BTC
19,2020-05-07 14:00:00+00:00,2020-05-07 22:00:00+00:00,1,8,0.038306654299681525,False,0.015472887422603903,0.049678828825981985,1.3248617836573862,4.253736227166587,BTC
20,2020-06-11 14:00:00+00:00,2020-06-11 22:00:00+00:00,-1,8,0.02710851308436619,False,0.004056012390028679,0.060678360292157424,0.559494457156916,8.370094316352013,BTC
21,2020-07-08 14:00:00+00:00,2020-07-08 22:00:00+00:00,1,8,-0.0019526394738237016,False,0.005444715360966881,0.00392240008480865,1.140923429983564,0.8219269258059069,BTC
22,2020-07-21 14:00:00+00:00,2020-07-21 22:00:00+00:00,1,8,-0.004869354782836421,False,0.009120690186805159,0.0015906449661297827,2.221149377382427,0.38736762282167125,BTC
23,2020-07-27 14:00:00+00:00,2020-07-27 22:00:00+00:00,1,8,0.07046176314764568,False,0.005939828550995056,0.08126914787718294,0.5868745566986312,8.029658553984236,BTC
24,2020-07-30 14:00:00+00:00,2020-07-30 22:00:00+00:00,1,8,0.003540087527989719,False,0.006259691555896291,0.014630114490637678,0.6009874574612979,1.4046243703196455,BTC
25,2020-08-05 14:00:00+00:00,2020-08-05 22:00:00+00:00,1,8,0.011680583455804394,False,0.010261234170951108,0.015413797198837155,1.4058878724620674,2.1118386140900585,BTC
26,2020-08-06 14:00:00+00:00,2020-08-06 22:00:00+00:00,1,8,-0.012343020441114077,False,0.022387425193556063,0.003117268387295608,2.8806930764955876,0.4011132760120076,BTC
27,2020-08-10 14:00:00+00:00,2020-08-10 22:00:00+00:00,1,8,-0.00972518430820737,False,0.01476099157268781,0.003986196600422742,1.459370969122779,0.3941022232298173,BTC
28,2020-08-17 14:00:00+00:00,2020-08-17 22:00:00+00:00,1,8,0.014164484160157646,False,0.002542683705806992,0.030213016727314662,0.33405486150631497,3.9693513965111293,BTC
29,2020-08-25 14:00:00+00:00,2020-08-25 22:00:00+00:00,-1,8,0.012245522718401194,False,0.0002487664240392636,0.028501649277748203,0.04425168512028177,5.070000962222109,BTC
30,2020-09-03 14:00:00+00:00,2020-09-03 22:00:00+00:00,-1,8,0.01643756259711175,False,0.0004393512246914722,0.04408157287738443,0.03481802000462901,3.4934080071316433,BTC
31,2020-09-10 14:00:00+00:00,2020-09-10 22:00:00+00:00,1,8,-0.010724965050991929,False,0.01778149157161511,0.0046983538033859825,2.376502387478535,0.6279365814727013,BTC
32,2020-09-14 14:00:00+00:00,2020-09-14 22:00:00+00:00,1,8,0.005182262139228151,False,0.004869885679903662,0.010271886281588469,0.8049566234846284,1.6978679668326624,BTC
33,2020-10-08 14:00:00+00:00,2020-10-08 22:00:00+00:00,1,8,0.01141717195979392,False,0.002293171919872285,0.02107183656887058,0.547115541968104,5.027416036597471,BTC
34,2020-10-12 14:00:00+00:00,2020-10-12 22:00:00+00:00,1,8,0.015032289376524602,False,0.003474591019839914,0.020884093282283328,0.5291987505270264,3.1807588311165893,BTC
35,2020-10-13 14:00:00+00:00,2020-10-13 22:00:00+00:00,-1,8,-0.009778034915106593,False,0.00967766375822847,0.0037776806732164555,1.3656637369417073,0.5330874923992638,BTC
36,2020-10-14 14:00:00+00:00,2020-10-14 22:00:00+00:00,1,8,-0.01580772351881029,False,0.02170792858437521,0.00041801053004946826,3.86116286750363,0.07435102481469541,BTC
37,2020-10-19 14:00:00+00:00,2020-10-19 22:00:00+00:00,1,8,0.007503470991104412,False,0.0025637323404994017,0.016726570167884574,0.5895390303436592,3.846332084662545,BTC
38,2020-10-20 14:00:00+00:00,2020-10-20 22:00:00+00:00,1,8,-0.0028732982595565107,False,0.006600311490443193,0.009726951299860757,0.917567151784904,1.3522287565801543,BTC
39,2020-10-21 14:00:00+00:00,2020-10-21 22:00:00+00:00,1,8,0.0330793870562647,False,0.004415021658142892,0.041998835704422914,0.5404762931446432,5.141396078103389,BTC
40,2020-10-28 14:00:00+00:00,2020-10-28 22:00:00+00:00,-1,8,-0.007685211472497288,False,0.010978821543399816,0.01735502437915015,0.9468207489981861,1.4967086509778709,BTC
41,2020-10-29 14:00:00+00:00,2020-10-29 22:00:00+00:00,1,8,0.019546191548201156,False,0.00047261659451386655,0.03122823600582259,0.04875539589628222,3.221522534926022,BTC
42,2020-11-02 15:00:00+00:00,2020-11-02 23:00:00+00:00,1,8,0.006922277440697025,False,0.0015806922198283325,0.01789964871029045,0.17185699675715613,1.9460966731984681,BTC
43,2020-11-03 15:00:00+00:00,2020-11-03 23:00:00+00:00,1,8,0.0015469017177913423,False,0.010041850116330978,0.0048761011516948805,1.1161156903008038,0.5419611864201916,BTC
44,2020-11-09 15:00:00+00:00,2020-11-09 23:00:00+00:00,-1,8,-0.011041294880503483,False,0.026028213788992647,0.01834558580038413,1.7774123418718129,1.2527817269681736,BTC
45,2020-11-18 15:00:00+00:00,2020-11-18 23:00:00+00:00,-1,8,-0.007999962862163638,False,0.017929842204281368,0.023508341760780933,1.0233364709418913,1.3417264480681834,BTC
46,2020-11-19 15:00:00+00:00,2020-11-19 23:00:00+00:00,1,8,-0.01672767244259312,False,0.01459915998034782,0.0035681811539820495,1.0313863453841143,0.25208116939796277,BTC
47,2020-11-20 15:00:00+00:00,2020-11-20 23:00:00+00:00,1,8,-0.003740653994004796,False,0.012615401767528449,0.009382222660554638,1.1255431416624226,0.8370796716374358,BTC
48,2020-11-26 15:00:00+00:00,2020-11-26 23:00:00+00:00,-1,8,-0.027548751936280407,False,0.03313533276875499,0.03362744758439717,1.3855188025109253,1.4060960616809126,BTC
49,2020-11-27 15:00:00+00:00,2020-11-27 23:00:00+00:00,-1,8,-0.013370325763415403,False,0.021940908142273584,0.019419218270176695,1.1761767438405588,1.0409976088883401,BTC
50,2020-11-30 15:00:00+00:00,2020-11-30 23:00:00+00:00,1,8,-0.0038864575231406266,False,0.026411159443254634,0.019439063162898597,2.236655868554678,1.6462168120985896,BTC
51,2020-12-01 15:00:00+00:00,2020-12-01 23:00:00+00:00,1,8,-0.022096026515142746,False,0.03488388965008322,0.010511391313540445,1.622563909211038,0.4889192217962553,BTC
52,2020-12-16 15:00:00+00:00,2020-12-16 23:00:00+00:00,1,8,0.03171563886272632,False,0.0062046304237307615,0.03857009558720023,0.5688040092376097,3.5358794172120573,BTC
53,2020-12-21 15:00:00+00:00,2020-12-21 23:00:00+00:00,1,8,-0.00013972447924255897,False,0.021458313444125313,0.007815864741002567,1.1605688085632595,0.4227195606018274,BTC
54,2021-01-04 15:00:00+00:00,2021-01-04 23:00:00+00:00,1,8,-0.02501533711525078,False,0.045022002859795546,0.0025794845329036803,1.4126756573101218,0.08093764774056848,BTC
55,2021-01-05 15:00:00+00:00,2021-01-05 23:00:00+00:00,1,8,0.05417227620207356,False,0.018447559332653313,0.06481645805008956,0.7094429859501598,2.492664786087721,BTC
56,2021-01-06 15:00:00+00:00,2021-01-06 23:00:00+00:00,-1,8,-0.052491516056803696,False,0.07103751569323125,0.002116085667885498,3.0005329872926207,0.0893807277530198,BTC
57,2021-01-11 15:00:00+00:00,2021-01-11 23:00:00+00:00,-1,8,-0.03560193506747909,False,0.04797878932924408,0.08627263274299764,1.060343660959977,1.9066475107492458,BTC
58,2021-01-12 15:00:00+00:00,2021-01-12 23:00:00+00:00,-1,8,-0.011760236551140352,False,0.06381142400003832,0.0025195603743824817,1.6847002590227649,0.06651949994632798,BTC
59,2021-01-14 15:00:00+00:00,2021-01-14 23:00:00+00:00,1,8,-0.015664592272362256,False,0.0303879963625341,0.015191219561483263,1.5685614638346497,0.7841373056820607,BTC
60,2021-01-21 15:00:00+00:00,2021-01-21 23:00:00+00:00,-1,8,0.007618588736653272,False,0.0486058879337478,0.03717749581425373,1.8664256596117201,1.4275849099271907,BTC
61,2021-01-22 15:00:00+00:00,2021-01-22 23:00:00+00:00,1,8,0.00991986644481272,False,0.017381182315172848,0.04017515233746018,0.6599503303130183,1.5254201109401924,BTC
62,2021-01-27 15:00:00+00:00,2021-01-27 23:00:00+00:00,-1,8,-0.03470965743548721,False,0.07062411569019937,0.006570510545468292,3.253084848262426,0.30265056194930245,BTC
63,2021-02-11 15:00:00+00:00,2021-02-11 23:00:00+00:00,1,8,-0.007183652395924348,False,0.029550393134827484,0.01719690043578379,1.6415080180025066,0.9552783213858481,BTC
64,2021-02-23 15:00:00+00:00,2021-02-23 23:00:00+00:00,-1,8,-0.038387293855607074,False,0.05108666234316683,0.03646804099494966,1.1229725118364755,0.8016301265242444,BTC
65,2021-02-24 15:00:00+00:00,2021-02-24 23:00:00+00:00,-1,8,0.011125885412381551,False,0.01513029460213568,0.029035961900663584,0.5385430684386746,1.0334971279967409,BTC
66,2021-03-03 15:00:00+00:00,2021-03-03 23:00:00+00:00,-1,8,0.0037423155815212218,False,0.01569781403150695,0.010985401768496866,1.03361367819628,0.723327560487729,BTC
67,2021-04-08 14:00:00+00:00,2021-04-08 22:00:00+00:00,1,8,0.00218764575996928,False,0.001428763806134961,0.012591981454604004,0.14836035116318774,1.3075294757774205,BTC
68,2021-04-21 14:00:00+00:00,2021-04-21 22:00:00+00:00,1,8,-0.016446882117107615,False,0.016363011467819814,0.014107055777186383,1.1775054106370924,1.0151636536137845,BTC
69,2021-04-23 14:00:00+00:00,2021-04-23 22:00:00+00:00,-1,8,-0.025554256998235932,False,0.043212779964536235,0.006173399595235026,1.7815647550786875,0.2545152417158495,BTC
70,2021-04-30 14:00:00+00:00,2021-04-30 22:00:00+00:00,1,8,0.01726229052992249,False,0.004535301781900589,0.02525447744670675,0.45040972896749676,2.508071764349082,BTC
71,2021-05-05 14:00:00+00:00,2021-05-05 22:00:00+00:00,1,8,0.009348817178337143,False,0.010639800837827468,0.029646680491251944,0.7777771085343763,2.1671937080014683,BTC
72,2021-05-18 14:00:00+00:00,2021-05-18 22:00:00+00:00,-1,8,0.01448771530760716,False,0.0030070028443695647,0.030146656007429377,0.13835855819533946,1.3871113781647524,BTC
73,2021-05-19 14:00:00+00:00,2021-05-19 22:00:00+00:00,-1,8,-0.09155879047753751,False,0.1359834502103786,0.0849929873772791,2.2351380372702696,1.397016024334477,BTC
74,2021-05-20 14:00:00+00:00,2021-05-20 22:00:00+00:00,1,8,-0.025580712370055846,False,0.08670085053675834,0.013000212430390665,2.1910628014991476,0.32853520688057614,BTC
75,2021-05-28 14:00:00+00:00,2021-05-28 22:00:00+00:00,1,8,-0.0524608541528053,False,0.059738897449554275,0.004202360575222324,2.594161900583521,0.18248752759392184,BTC
76,2021-06-14 14:00:00+00:00,2021-06-14 22:00:00+00:00,1,8,-0.008281777068813893,False,0.030314898641028074,0.011837511728677585,2.1280230917226257,0.8309609939803853,BTC
77,2021-06-22 14:00:00+00:00,2021-06-22 22:00:00+00:00,-1,8,-0.10885944739028229,False,0.13810493249492414,0.007913786687243777,4.640022227878463,0.26588584109296304,BTC
78,2021-07-16 14:00:00+00:00,2021-07-16 22:00:00+00:00,1,8,-0.0029289709540615224,False,0.0034996669758097215,0.015448228516003245,0.351763939761159,1.5527562372881734,BTC
79,2021-07-19 14:00:00+00:00,2021-07-19 22:00:00+00:00,-1,8,-0.004909054772016742,False,0.012051814961504754,0.007922238343594378,1.2721764470253292,0.836262841790541,BTC
80,2021-07-28 14:00:00+00:00,2021-07-28 22:00:00+00:00,-1,8,-0.013308783309730232,False,0.026096580501995936,0.022557377115337285,1.4474439959195156,1.25114246545788,BTC
81,2021-08-04 14:00:00+00:00,2021-08-04 22:00:00+00:00,1,8,0.019903461941294012,False,0.00410362854851142,0.02540232771519098,0.3906287025103063,2.4180741991684758,BTC
82,2021-08-16 14:00:00+00:00,2021-08-16 22:00:00+00:00,-1,8,0.006970403940659458,False,0.004937264607769364,0.016850747874744457,0.4816477672920888,1.6438505398922525,BTC
83,2021-08-19 14:00:00+00:00,2021-08-19 22:00:00+00:00,1,8,0.03411832849143229,False,0.0,0.04219134478381962,0.0,4.078708563712828,BTC
84,2021-08-20 14:00:00+00:00,2021-08-20 22:00:00+00:00,1,8,0.030271784094699383,False,0.0033539986252870743,0.034797631212339586,0.3894627376110012,4.040663765381188,BTC
85,2021-08-24 14:00:00+00:00,2021-08-24 22:00:00+00:00,-1,8,0.007488342818438545,False,0.0021003826724594428,0.018655796193005027,0.24473835498419855,2.1737890580911214,BTC
86,2021-09-13 14:00:00+00:00,2021-09-13 22:00:00+00:00,1,8,-0.023254134700201396,False,0.061622950464597454,0.0023528774718966704,4.747419842127623,0.1812652122620221,BTC
87,2021-10-06 14:00:00+00:00,2021-10-06 22:00:00+00:00,1,8,0.01771357703964908,False,0.004322891634939056,0.025749510646594344,0.28389871217531343,1.6910562486990761,BTC
88,2021-10-08 14:00:00+00:00,2021-10-08 22:00:00+00:00,-1,8,-0.0012933337832909946,False,0.010894338968974446,0.008116334184807164,0.9132865273484486,0.6804027930057904,BTC
89,2021-10-20 14:00:00+00:00,2021-10-20 22:00:00+00:00,1,8,-0.0057128461932792925,False,0.007533534411032856,0.015266493469107335,0.8056713104028321,1.6326700227849191,BTC
90,2021-11-03 14:00:00+00:00,2021-11-03 22:00:00+00:00,-1,8,-0.022200282697908795,False,0.02515904404359991,0.025444622708885804,2.7911820148984843,2.822864539600271,BTC
91,2021-11-10 15:00:00+00:00,2021-11-10 23:00:00+00:00,1,8,-0.05085770776262975,False,0.08871106243154434,0.005353778751369198,8.75676505881213,0.5284772994211167,BTC
92,2021-11-16 15:00:00+00:00,2021-11-16 23:00:00+00:00,1,8,-0.006794956787380145,False,0.029319324123116896,0.003977059365718768,2.1467527388479004,0.29119917805969603,BTC
93,2021-11-17 15:00:00+00:00,2021-11-17 23:00:00+00:00,-1,8,-0.007765022192565196,False,0.017405037026803117,0.004810877179863232,1.2835903439499348,0.3547935855862854,BTC
94,2021-11-19 15:00:00+00:00,2021-11-19 23:00:00+00:00,1,8,-0.004564135165865478,False,0.007672413793103449,0.0057413793103448275,0.6128092915302994,0.4585741439990779,BTC
95,2021-11-22 15:00:00+00:00,2021-11-22 23:00:00+00:00,1,8,-0.02877562921614048,False,0.04587586707746624,0.0035352358385498765,3.590607567611402,0.27669546896527686,BTC
96,2021-11-23 15:00:00+00:00,2021-11-23 23:00:00+00:00,1,8,-0.0032794762606678995,False,0.014387886949716966,0.0033199616267552494,1.0768027414103072,0.2484689929494755,BTC
97,2021-12-01 15:00:00+00:00,2021-12-01 23:00:00+00:00,1,8,-0.027242600185521455,False,0.035489875545759074,0.008894661154790063,3.037280958569265,0.7612194898665358,BTC
98,2021-12-08 15:00:00+00:00,2021-12-08 23:00:00+00:00,1,8,-0.011500596546117979,False,0.013185656920517715,0.009818451716612064,1.0367913804790791,0.7720272240356241,BTC
99,2021-12-09 15:00:00+00:00,2021-12-09 23:00:00+00:00,-1,8,0.01167761009338536,False,0.005835088190313591,0.02588163548003745,0.4791784701415568,2.1254044651241637,BTC
100,2021-12-10 15:00:00+00:00,2021-12-10 23:00:00+00:00,-1,8,0.013860590425219088,False,0.007034009070273302,0.021720633845986777,0.4774755884560631,1.4744184040195238,BTC
101,2021-12-17 15:00:00+00:00,2021-12-17 23:00:00+00:00,-1,8,-0.014529993584046587,False,0.03242709177499748,0.012346025678113923,3.083218769630594,1.173879494505026,BTC
102,2021-12-29 15:00:00+00:00,2021-12-29 23:00:00+00:00,1,8,-0.012868480329067254,False,0.016896413094270406,0.004857368403218078,1.6225599619553794,0.46645234391205603,BTC
103,2022-01-04 15:00:00+00:00,2022-01-04 23:00:00+00:00,1,8,-0.02600909216874255,False,0.03926684580960075,0.004679406236516419,4.758267840884957,0.5670398971594651,BTC
104,2022-01-12 15:00:00+00:00,2022-01-12 23:00:00+00:00,1,8,-0.0016294849894163213,False,0.01185951152541507,0.01096128497515271,1.264131841385465,1.1683878657140276,BTC
105,2022-01-14 15:00:00+00:00,2022-01-14 23:00:00+00:00,1,8,0.00512280499854805,False,0.004496206667630607,0.011757106574931,0.48391934179712337,1.2653980779263125,BTC
106,2022-01-20 15:00:00+00:00,2022-01-20 23:00:00+00:00,1,8,-0.04398074975141705,False,0.05034749714494366,0.012892931197335143,6.900403209318156,1.7670475963380514,BTC
107,2022-01-24 15:00:00+00:00,2022-01-24 23:00:00+00:00,1,8,0.07869112393411476,False,0.013672023186294653,0.11658872741673407,0.6696282856571133,5.710282128929792,BTC
108,2022-02-02 15:00:00+00:00,2022-02-02 23:00:00+00:00,-1,8,0.017041873483679467,False,0.003282112012020647,0.030917166199233653,0.3682372346396461,3.4687578432434436,BTC
109,2022-02-07 15:00:00+00:00,2022-02-07 23:00:00+00:00,1,8,0.01400729698956325,False,0.006842593153995,0.026842210461207095,0.7772523760859912,3.049015393848551,BTC
110,2022-02-17 15:00:00+00:00,2022-02-17 23:00:00+00:00,-1,8,0.028110038993915346,False,0.004902206350683089,0.045319764598675163,0.498405916966648,4.607647499042527,BTC
111,2022-02-21 15:00:00+00:00,2022-02-21 23:00:00+00:00,1,8,-0.030271922987680493,False,0.04891508225816042,0.01674656621659038,3.7385449303861282,1.2799281395456472,BTC
112,2022-02-28 15:00:00+00:00,2022-02-28 23:00:00+00:00,1,8,0.07748221271911358,False,0.005789890308718797,0.11427745737369169,0.37814509740241664,7.463606034884891,BTC
113,2022-03-01 15:00:00+00:00,2022-03-01 23:00:00+00:00,-1,8,-0.009206870053372502,False,0.0105509750690117,0.013580869878918437,0.7140258720886425,0.9190707394899978,BTC
114,2022-03-02 15:00:00+00:00,2022-03-02 23:00:00+00:00,1,8,-0.018839423391783867,False,0.03138213014714906,0.01185894217789529,2.386874564926,0.9019721516232982,BTC
115,2022-04-06 14:00:00+00:00,2022-04-06 22:00:00+00:00,-1,8,0.005992309273005703,False,0.006187014516384652,0.02393731458205947,0.7039604763113377,2.7235952542499704,BTC
116,2022-04-13 14:00:00+00:00,2022-04-13 22:00:00+00:00,1,8,0.01579782134364564,False,0.0036497071344614067,0.02675793403858117,0.38007307602654444,2.786516814494959,BTC
117,2022-04-19 14:00:00+00:00,2022-04-19 22:00:00+00:00,1,8,-0.004427661484020874,False,0.006661097644593416,0.008894339877739077,0.8270709610452025,1.1043600654188193,BTC
118,2022-04-20 14:00:00+00:00,2022-04-20 22:00:00+00:00,-1,8,0.000976611736998422,False,0.003730077992539809,0.018780257281588456,0.5132191835159936,2.583964283737227,BTC
119,2022-04-26 14:00:00+00:00,2022-04-26 22:00:00+00:00,-1,8,0.0366676969037118,False,0.0004722656946702533,0.05345896940572393,0.05344482175399585,6.049783253971324,BTC
120,2022-04-28 14:00:00+00:00,2022-04-28 22:00:00+00:00,-1,8,-0.02099476436552344,False,0.033027424352128826,0.005728437766241725,3.833627591715185,0.6649230907002918,BTC
121,2022-04-29 14:00:00+00:00,2022-04-29 22:00:00+00:00,1,8,-0.01977576987314524,False,0.02777565464634568,0.0013655981370797048,2.9088831366247634,0.1430160852349153,BTC
122,2022-05-05 14:00:00+00:00,2022-05-05 22:00:00+00:00,-1,8,0.06552625700798405,False,0.001728533106281742,0.0924431815267512,0.2712798704744864,14.50824066932214,BTC
123,2022-06-10 14:00:00+00:00,2022-06-10 22:00:00+00:00,-1,8,0.005352348448786069,False,0.009630763995235665,0.019737961545005955,1.0812607360929714,2.216011402593369,BTC
124,2022-06-14 14:00:00+00:00,2022-06-14 22:00:00+00:00,1,8,-0.04349344741684888,False,0.04678138031413796,0.01764459009366995,1.517088520148569,0.5722021217433824,BTC
125,2022-06-15 14:00:00+00:00,2022-06-15 22:00:00+00:00,1,8,0.029536524236270845,False,0.0634473476586067,0.04144428458718151,2.3290082380100143,1.5213256942015545,BTC
126,2022-06-21 14:00:00+00:00,2022-06-21 22:00:00+00:00,1,8,-0.03174832050824847,False,0.044416466863538256,0.0062671838404784845,2.3802800694259747,0.33585860921246447,BTC
127,2022-06-27 14:00:00+00:00,2022-06-27 22:00:00+00:00,-1,8,-0.0044360373567259625,False,0.011389345824147658,0.011090260927452687,1.1864940578742624,1.1553366535590697,BTC
128,2022-07-13 14:00:00+00:00,2022-07-13 22:00:00+00:00,-1,8,-0.03409032558424867,False,0.042743641870306444,0.005139401734224069,3.0959583688607184,0.372251242846524,BTC
129,2022-08-10 14:00:00+00:00,2022-08-10 22:00:00+00:00,1,8,-0.004186523820102443,False,0.02324651635418665,0.00928694580255037,2.5288433589019053,1.010268844563103,BTC
130,2022-08-26 14:00:00+00:00,2022-08-26 22:00:00+00:00,1,8,-0.05383189304542195,False,0.056539572182677564,0.002363479188508224,6.896999859034761,0.28830985097137046,BTC
131,2022-08-29 14:00:00+00:00,2022-08-29 22:00:00+00:00,1,8,0.004656399382397871,False,0.00035880160264719474,0.01859788307054442,0.05018979464958227,2.6015043560030904,BTC
132,2022-09-13 14:00:00+00:00,2022-09-13 22:00:00+00:00,-1,8,0.04987451015700167,False,0.0033367471670686525,0.06363417546476118,0.22956315930917917,4.377935045213054,BTC
133,2022-09-16 14:00:00+00:00,2022-09-16 22:00:00+00:00,-1,8,-0.01273922206058561,False,0.015379649884985667,0.011235034043228972,1.8181852011444184,1.3282079100964979,BTC
134,2022-09-19 14:00:00+00:00,2022-09-19 22:00:00+00:00,1,8,0.02028937043386314,False,0.011924025576170838,0.030917631533470418,1.0258672928669255,2.6599563008723264,BTC
135,2022-09-20 14:00:00+00:00,2022-09-20 22:00:00+00:00,-1,8,0.0002989878406722276,False,0.021409913387408996,0.011722839708541795,1.9552287387110834,1.0705710332730232,BTC
136,2022-09-22 14:00:00+00:00,2022-09-22 22:00:00+00:00,-1,8,-0.01588162597056797,False,0.03122287383820622,0.006647894480553965,2.192014293072518,0.46671807969132745,BTC
137,2022-09-26 14:00:00+00:00,2022-09-26 22:00:00+00:00,1,8,-0.006597567563378958,False,0.01158450116783454,0.0048121037704370664,1.162155808740075,0.48274969012919766,BTC
138,2022-09-29 14:00:00+00:00,2022-09-29 22:00:00+00:00,-1,8,-0.024869433113337794,False,0.03518255097202462,0.008102839681787011,3.066963505479102,0.7063476896416353,BTC
139,2022-10-07 14:00:00+00:00,2022-10-07 22:00:00+00:00,-1,8,8.634425879140424e-05,False,0.005021817346704507,0.01480517492153403,0.6509861093561942,1.9192181943519127,BTC
140,2022-10-13 14:00:00+00:00,2022-10-13 22:00:00+00:00,-1,8,-0.053478768348537487,False,0.0585271843869601,0.0021877799191118196,5.999564818729426,0.22426719431851574,BTC
141,2022-10-28 14:00:00+00:00,2022-10-28 22:00:00+00:00,1,8,0.004510356603434301,False,0.006969560712400646,0.013665421985884857,0.8518365829048967,1.6702209577854434,BTC
142,2022-10-31 14:00:00+00:00,2022-10-31 22:00:00+00:00,-1,8,-0.00563463962655932,False,0.010243460625929025,0.004430136743554151,1.466696457454341,0.6343233117294168,BTC
143,2022-11-04 14:00:00+00:00,2022-11-04 22:00:00+00:00,1,8,0.018447179256698906,False,0.004327752556651114,0.026371338518925518,0.6896949593723479,4.20268465221105,BTC
144,2022-11-08 15:00:00+00:00,2022-11-08 23:00:00+00:00,-1,8,0.0452551892212957,False,0.06597336741424806,0.13268881926121368,6.558381177315975,13.19053261627336,BTC
145,2022-11-10 15:00:00+00:00,2022-11-10 23:00:00+00:00,1,8,0.010936843127393608,False,0.029543287783175113,0.034525809234121844,1.1274754169195267,1.3176259002186776,BTC
146,2022-11-11 15:00:00+00:00,2022-11-11 23:00:00+00:00,-1,8,-0.0025060925343889,False,0.008329290945445466,0.022248908555270418,0.37677232055317345,1.0064209500003558,BTC
147,2022-11-22 15:00:00+00:00,2022-11-22 23:00:00+00:00,1,8,0.0024875058990898894,False,0.004444003078527295,0.012252042007001144,0.42579690899206313,1.1739149418300654,BTC
148,2022-12-13 15:00:00+00:00,2022-12-13 23:00:00+00:00,1,8,-0.006927286627764506,False,0.014052269293189241,0.0008562314623089861,2.0052317281195764,0.12218257841588306,BTC
149,2022-12-14 15:00:00+00:00,2022-12-14 23:00:00+00:00,1,8,-0.013989316527599015,False,0.02195416431285226,0.019063126529979327,4.311950070543116,3.744130207570514,BTC
150,2022-12-15 15:00:00+00:00,2022-12-15 23:00:00+00:00,-1,8,0.004954644622456871,False,0.002017423200366846,0.010889500229252636,0.29824059447911283,1.6098213906542689,BTC
151,2022-12-22 15:00:00+00:00,2022-12-22 23:00:00+00:00,-1,8,-0.009214692161400953,False,0.010925584827776676,0.006671746473634046,3.071051010512336,1.87534800861598,BTC
152,2023-01-12 15:00:00+00:00,2023-01-12 23:00:00+00:00,-1,8,-0.05214966379810454,False,0.06283039739406433,0.00044469891104354154,7.61939333412757,0.053928290429992566,BTC
153,2023-01-13 15:00:00+00:00,2023-01-13 23:00:00+00:00,1,8,0.04252866715273706,False,0.0004370698416542974,0.053064491498201735,0.05405300596083186,6.562555916474105,BTC
154,2023-01-23 15:00:00+00:00,2023-01-23 23:00:00+00:00,-1,8,-0.014327117587224325,False,0.024624818317966653,0.0021293796966738703,2.7932127925085615,0.24153723824706716,BTC
155,2023-01-25 15:00:00+00:00,2023-01-25 23:00:00+00:00,-1,8,-0.024328799114924745,False,0.0626231466704708,0.004698519119495637,8.970682683819794,0.6730566307478536,BTC
156,2023-02-14 15:00:00+00:00,2023-02-14 23:00:00+00:00,1,8,-0.004470511925607147,False,0.017819324727179658,0.003601634899437432,2.427139100374364,0.49057239954575216,BTC
157,2023-02-27 15:00:00+00:00,2023-02-27 23:00:00+00:00,1,8,-0.015108795072700822,False,0.02951227611485444,0.004115157145199114,5.05826578524438,0.7053186446025255,BTC
158,2023-03-13 14:00:00+00:00,2023-03-13 22:00:00+00:00,1,8,0.06960976927255717,False,0.003431669277880741,0.09124412476855148,0.2518200827579018,6.695605313277355,BTC
159,2023-03-14 14:00:00+00:00,2023-03-14 22:00:00+00:00,1,8,-0.050991912295688946,False,0.07146152444532317,0.012971858123694079,4.153521923639208,0.7539567274180484,BTC
160,2023-03-17 14:00:00+00:00,2023-03-17 22:00:00+00:00,-1,8,-0.025430322149475656,False,0.02974309346317267,0.01259582961607672,2.230102170583215,0.9444204921686955,BTC
161,2023-03-31 14:00:00+00:00,2023-03-31 22:00:00+00:00,1,8,0.002118467554341898,False,0.0039138115235304695,0.011078554781020508,0.42914663303968953,1.214755604514151,BTC
162,2023-04-26 14:00:00+00:00,2023-04-26 22:00:00+00:00,1,8,-0.03931833131610071,False,0.08839242025109431,0.002064523048254826,9.261525445225118,0.2163152981822452,BTC
163,2023-05-04 14:00:00+00:00,2023-05-04 22:00:00+00:00,-1,8,-0.004506422955636309,False,0.0076672603807191875,0.0029778470444171822,1.0020535481094102,0.38918232177025175,BTC
164,2023-05-10 14:00:00+00:00,2023-05-10 22:00:00+00:00,1,8,-0.024766670371681825,False,0.052820766009441106,0.004841281962939126,8.779257780954103,0.8046619834201036,BTC
165,2023-05-24 14:00:00+00:00,2023-05-24 22:00:00+00:00,-1,8,0.001262249902770264,False,0.0016646489104116223,0.014073849878934624,0.30568774992124803,2.584450976606915,BTC
166,2023-06-02 14:00:00+00:00,2023-06-02 22:00:00+00:00,-1,8,-0.012390479059234301,False,0.01422495203819093,0.0007956455138978248,2.417942094196671,0.13524297129067556,BTC
167,2023-06-21 14:00:00+00:00,2023-06-21 22:00:00+00:00,1,8,0.0181309763648706,False,0.008420743633241993,0.05206388432826903,0.934358115642777,5.776961628657977,BTC
168,2023-06-22 14:00:00+00:00,2023-06-22 22:00:00+00:00,1,8,-0.007650716923056796,False,0.02404157899612267,0.002051159897839004,2.7519160090318504,0.2347857335351239,BTC
169,2023-06-26 14:00:00+00:00,2023-06-26 22:00:00+00:00,1,8,-0.01756427424073311,False,0.02419428556504486,0.0011785369166078556,3.984849309608025,0.1941074889715875,BTC
170,2023-06-30 14:00:00+00:00,2023-06-30 22:00:00+00:00,-1,8,-0.013213669874151679,False,0.020235723771580345,0.007028552456839333,2.0015067745603714,0.6951911143140804,BTC
171,2023-07-06 14:00:00+00:00,2023-07-06 22:00:00+00:00,-1,8,0.003455184862842147,False,0.0037712234244026152,0.01635294698878514,0.4659146809874373,2.020319992229368,BTC
172,2023-08-10 14:00:00+00:00,2023-08-10 22:00:00+00:00,1,8,-0.008984992306920903,False,0.012339146202535864,0.0020222583232782157,3.265940685933429,0.5352538682218151,BTC
173,2023-08-17 14:00:00+00:00,2023-08-17 22:00:00+00:00,-1,8,0.07546286257043151,False,0.003757928807148191,0.13426759129794702,0.9058639023728713,32.365744658070035,BTC
174,2023-08-18 14:00:00+00:00,2023-08-18 22:00:00+00:00,-1,8,0.005182404064851301,False,0.0027489810469003826,0.02394015533077377,0.2639640017247883,2.2987932965741784,BTC
175,2023-09-19 14:00:00+00:00,2023-09-19 22:00:00+00:00,-1,8,-0.008618129320343764,False,0.019318080655212292,0.0033828896999911246,2.928983018183972,0.512909468622083,BTC
176,2023-09-21 14:00:00+00:00,2023-09-21 22:00:00+00:00,-1,8,-0.008785938299856287,False,0.010508099756893692,0.001821403957861656,1.7388397460915124,0.3013988893225425,BTC
177,2023-10-02 14:00:00+00:00,2023-10-02 22:00:00+00:00,1,8,-0.040029930022424845,False,0.04502452697967765,0.0025578135949544498,7.225628192292896,0.41048315800574425,BTC
178,2023-10-05 14:00:00+00:00,2023-10-05 22:00:00+00:00,1,8,-0.021078214435978397,False,0.02298706776377396,0.0047682706261662055,4.982057953133702,1.033441970063823,BTC
179,2023-10-06 14:00:00+00:00,2023-10-06 22:00:00+00:00,-1,8,-0.020305353324643047,False,0.034030319440860345,0.0023115756877483645,5.174651448730182,0.3514982720701176,BTC
180,2023-10-16 14:00:00+00:00,2023-10-16 22:00:00+00:00,1,8,0.013506551672340737,False,0.00398406374501992,0.02899254997945443,0.312292920433064,2.2725961940752337,BTC
181,2023-11-02 14:00:00+00:00,2023-11-02 22:00:00+00:00,-1,8,-0.0014279541042146453,False,0.004797975460473915,0.018075427838563626,0.566671947454061,2.1348249858144275,BTC
182,2023-11-09 15:00:00+00:00,2023-11-09 23:00:00+00:00,1,8,-0.037880704096078424,False,0.06904626289475353,0.003979178533004279,6.945417911401869,0.4002686995228199,BTC
183,2023-11-16 15:00:00+00:00,2023-11-16 23:00:00+00:00,-1,8,0.012068884716091133,False,0.005644579379450325,0.033747668513703054,0.6701605700926107,4.006739076569084,BTC
184,2023-11-17 15:00:00+00:00,2023-11-17 23:00:00+00:00,-1,8,-0.01607896992115382,False,0.02748242451492208,0.0031418000960304064,3.2813547006759074,0.37512558282824493,BTC
185,2023-11-21 15:00:00+00:00,2023-11-21 23:00:00+00:00,-1,8,0.005477498975174855,False,0.0241360020738679,0.011851063539492255,3.868468463509737,1.8994639386119727,BTC
186,2023-12-12 15:00:00+00:00,2023-12-12 23:00:00+00:00,-1,8,0.003979294820910695,False,0.002841299334138283,0.018896207022033894,0.33145166695052813,2.204336319388511,BTC
187,2023-12-14 15:00:00+00:00,2023-12-14 23:00:00+00:00,-1,8,-0.011301629378325406,False,0.018403887035947513,0.010512154018877343,1.8765608246861367,1.0718766299945688,BTC
188,2023-12-15 15:00:00+00:00,2023-12-15 23:00:00+00:00,-1,8,0.001314262253375444,False,0.0019974977963546406,0.012672144976162788,0.2900677669879175,1.8401926664904764,BTC
189,2023-12-18 15:00:00+00:00,2023-12-18 23:00:00+00:00,1,8,0.019818086178646534,False,0.01108060521770886,0.027959732220708935,1.3755269066994453,3.470872142636341,BTC
190,2023-12-19 15:00:00+00:00,2023-12-19 23:00:00+00:00,-1,8,-0.0008833409784282924,False,0.008955660515351516,0.013004109789414511,1.172619874909861,1.7027083115129467,BTC
191,2023-12-20 15:00:00+00:00,2023-12-20 23:00:00+00:00,1,8,-0.007505481875602595,False,0.014461816748642846,0.01115619354412465,1.828802584074575,1.410782333681963,BTC
192,2023-12-21 15:00:00+00:00,2023-12-21 23:00:00+00:00,-1,8,-0.011275338761195705,False,0.01440722336018521,0.003706289209967977,1.8297358085300024,0.47070347385518707,BTC
193,2024-01-03 15:00:00+00:00,2024-01-03 23:00:00+00:00,-1,8,-0.014789508879629099,False,0.032977838646008395,0.006731573472719441,2.2013157126657195,0.4493417114300377,BTC
194,2024-01-11 15:00:00+00:00,2024-01-11 23:00:00+00:00,1,8,-0.04644104862993023,False,0.06130153835386053,0.0019165093591941714,4.478132033265033,0.14000271745087742,BTC
195,2024-02-12 15:00:00+00:00,2024-02-12 23:00:00+00:00,1,8,0.023500880071455937,False,0.0027655433780600226,0.032739936494929775,0.42520464682530407,5.033793085601479,BTC
196,2024-02-13 15:00:00+00:00,2024-02-13 23:00:00+00:00,-1,8,-0.01802317755066146,False,0.021325691011512812,0.008421061275435569,2.4313405477793855,0.9600846098374028,BTC
197,2024-02-28 15:00:00+00:00,2024-02-28 23:00:00+00:00,1,8,0.0032042284016351665,False,0.033197380128765025,0.05365099080882049,2.786418451871227,4.5031900159294995,BTC
198,2024-03-04 15:00:00+00:00,2024-03-04 23:00:00+00:00,1,8,0.024327995469190757,False,0.005191487048462983,0.0268211730525883,0.4897532851362688,2.530249520241512,BTC
199,2024-03-05 15:00:00+00:00,2024-03-05 23:00:00+00:00,1,8,-0.08177658111604554,False,0.14093382318746228,0.007853555317862538,10.005291344792505,0.5575461395320295,BTC
200,2024-03-08 15:00:00+00:00,2024-03-08 23:00:00+00:00,1,8,-0.007295255176134585,False,0.03476707113410498,0.026703025914723115,4.22762115988394,3.247045946279674,BTC
201,2024-03-14 14:00:00+00:00,2024-03-14 22:00:00+00:00,-1,8,0.00935544604321539,False,0.00938690475363189,0.04657733772704597,1.0848011417704753,5.382727371062226,BTC
202,2024-03-22 14:00:00+00:00,2024-03-22 22:00:00+00:00,-1,8,-0.00039264175525327506,False,0.020858294821323384,0.012729566446688555,1.6636544451018704,1.015308297474213,BTC
203,2024-03-25 14:00:00+00:00,2024-03-25 22:00:00+00:00,1,8,0.025422807622104006,False,0.00464681556462794,0.046757663130854395,0.5436168181085361,5.470036781074839,BTC
204,2024-04-05 14:00:00+00:00,2024-04-05 22:00:00+00:00,1,8,-0.0015762725354741757,False,0.002446226721211516,0.016212363890670958,0.2323405453939633,1.5398366127806624,BTC
205,2024-04-12 14:00:00+00:00,2024-04-12 22:00:00+00:00,-1,8,0.04115773602843225,False,0.0028998604406415573,0.06909904138735722,0.4227092517416352,10.072486134695495,BTC
206,2024-05-03 14:00:00+00:00,2024-05-03 22:00:00+00:00,1,8,0.015467336872771279,False,0.005524369020065147,0.024838575212354108,0.5241068742772105,2.3564805263303708,BTC
207,2024-05-15 14:00:00+00:00,2024-05-15 22:00:00+00:00,1,8,0.02508131264352869,False,0.002318010441966262,0.03549706972906117,0.26709381069481314,4.090166053951038,BTC
208,2024-05-23 14:00:00+00:00,2024-05-23 22:00:00+00:00,-1,8,-0.0009385719138786379,False,0.004777940372714568,0.02800648812567213,0.5884597104018447,3.449329335694971,BTC
209,2024-05-30 14:00:00+00:00,2024-05-30 22:00:00+00:00,1,8,-0.004386692981439975,False,0.008532567373489947,0.01331738878385408,1.3284200784959508,2.07336032394815,BTC
210,2024-06-03 14:00:00+00:00,2024-06-03 22:00:00+00:00,1,8,-0.011577076552288977,False,0.018264330138436126,0.004337671004337587,3.132980228418932,0.7440643807339421,BTC
211,2024-06-12 14:00:00+00:00,2024-06-12 22:00:00+00:00,1,8,-0.012817953483013032,False,0.0304320669773775,0.010142099014928343,4.506418761182836,1.501854780768679,BTC
212,2024-06-17 14:00:00+00:00,2024-06-17 22:00:00+00:00,-1,8,-0.022448021090094857,False,0.032216591721169134,0.001316340573206419,6.424114120687657,0.2624834475712989,BTC
213,2024-06-20 14:00:00+00:00,2024-06-20 22:00:00+00:00,-1,8,9.437321368455597e-05,False,0.0012239169026455813,0.009103361855562493,0.20321853475212315,1.5115175332630313,BTC
214,2024-06-27 14:00:00+00:00,2024-06-27 22:00:00+00:00,1,8,-0.008967767043587226,False,0.01034826577005362,0.006426121384802467,1.7606667097537998,1.0933482234096181,BTC
215,2024-07-10 14:00:00+00:00,2024-07-10 22:00:00+00:00,-1,8,0.003789170562021433,False,0.004951601474045724,0.01028609445465676,0.513419718001142,1.0665405408581992,BTC
216,2024-07-12 14:00:00+00:00,2024-07-12 22:00:00+00:00,1,8,-0.005848884718005208,False,0.012254350856680309,0.011827134955254807,1.5487718384534206,1.494777957846794,BTC
217,2024-07-19 14:00:00+00:00,2024-07-19 22:00:00+00:00,1,8,0.025104299145921723,False,0.0020889653477512904,0.0346952568198575,0.2771420252746786,4.603002990370918,BTC
218,2024-08-12 14:00:00+00:00,2024-08-12 22:00:00+00:00,-1,8,-0.016437174166228218,False,0.04355993167474293,0.006187460973583259,3.598648480641343,0.5111692368545113,BTC
219,2024-08-14 14:00:00+00:00,2024-08-14 22:00:00+00:00,-1,8,0.010070010109114524,False,0.00380981152342111,0.018176325461960626,0.3835307976766708,1.8297967131446453,BTC
220,2024-09-11 14:00:00+00:00,2024-09-11 22:00:00+00:00,-1,8,-0.030432999028455716,False,0.04021251391032777,0.0035682234267868564,4.296596826118008,0.38125488708814137,BTC
221,2024-10-01 14:00:00+00:00,2024-10-01 22:00:00+00:00,-1,8,0.026161449820351904,False,0.0035662622993082077,0.04313729234598321,0.5887402252081682,7.121366035126258,BTC
222,2024-10-15 14:00:00+00:00,2024-10-15 22:00:00+00:00,1,8,-0.019520328270415794,False,0.0425002254359784,0.004538284942207085,5.6879382924286315,0.6073728889654225,BTC
223,2024-10-21 14:00:00+00:00,2024-10-21 22:00:00+00:00,-1,8,-0.008243661267574419,False,0.00919202555766283,0.006894390473206064,1.6733228360175507,1.2550597196305928,BTC
224,2024-10-31 14:00:00+00:00,2024-10-31 22:00:00+00:00,-1,8,0.010417258288500986,False,0.0009758532406460516,0.022674566965124425,0.15744059772435076,3.658231819537332,BTC
225,2024-11-01 14:00:00+00:00,2024-11-01 22:00:00+00:00,1,8,-0.028862704901102283,False,0.033571023349603685,0.006133694315098927,4.698763069651794,0.8585015722691763,BTC
226,2024-11-05 15:00:00+00:00,2024-11-05 23:00:00+00:00,1,8,-0.00691260510924082,False,0.01854962650559348,0.008433467958111358,2.6350277422475736,1.1979983546449546,BTC
227,2024-11-13 15:00:00+00:00,2024-11-13 23:00:00+00:00,1,8,-0.021003854563238916,False,0.03885739873092837,0.020293131505083994,2.831010277968108,1.4784845547914687,BTC
228,2024-11-14 15:00:00+00:00,2024-11-14 23:00:00+00:00,-1,8,0.010574461868255669,False,0.01120546315613971,0.019239781365608728,0.7894302001931424,1.3554517330952722,BTC
229,2024-11-22 15:00:00+00:00,2024-11-22 23:00:00+00:00,-1,8,-0.014477955184119151,False,0.02351538405448065,0.0013607845513467659,3.015658304810405,0.17450964117018788,BTC
230,2024-11-25 15:00:00+00:00,2024-11-25 23:00:00+00:00,-1,8,0.008654487201702943,False,0.011716769134700444,0.029110141611241667,1.5585620353669556,3.8722245900594907,BTC
231,2024-11-27 15:00:00+00:00,2024-11-27 23:00:00+00:00,1,8,0.010854386979555354,False,0.005519796659037196,0.024819062793746308,0.6792117002746083,3.0539889203641595,BTC
232,2024-12-02 15:00:00+00:00,2024-12-02 23:00:00+00:00,1,8,-0.0112597135728669,False,0.020483719173512445,0.011008144304330668,2.8841156614364203,1.5499510182958678,BTC
233,2024-12-06 15:00:00+00:00,2024-12-06 23:00:00+00:00,1,8,0.009130030034978621,False,0.009079134970243541,0.02475661869542204,0.7819898827307133,2.1322984418550575,BTC
234,2024-12-09 15:00:00+00:00,2024-12-09 23:00:00+00:00,1,8,-0.033440134794107915,False,0.06154841014576788,0.0027343317303230403,7.871637085108452,0.3497030548867815,BTC
235,2024-12-16 15:00:00+00:00,2024-12-16 23:00:00+00:00,1,8,0.001400205539517545,False,0.0022730311538975523,0.022029531387649067,0.29907130973603435,2.898508801200632,BTC
236,2024-12-20 15:00:00+00:00,2024-12-20 23:00:00+00:00,1,8,0.017273040357784247,False,0.002220569608006214,0.022120973452530685,0.1453238883635464,1.447694260480731,BTC
237,2024-12-23 15:00:00+00:00,2024-12-23 23:00:00+00:00,-1,8,-0.010039425108934887,False,0.008288832379741502,0.020296673023945812,0.8291008978518551,2.030200281126182,BTC
238,2024-12-24 15:00:00+00:00,2024-12-24 23:00:00+00:00,1,8,0.011882499945453796,False,0.0022933943262614612,0.020940312205498017,0.261799491029053,2.39041451119551,BTC
239,2024-12-30 15:00:00+00:00,2024-12-30 23:00:00+00:00,-1,8,-0.012036873551411753,False,0.03469315761738239,0.0036496191417733,5.230105132674196,0.5501918279162598,BTC
240,2025-01-06 15:00:00+00:00,2025-01-06 23:00:00+00:00,1,8,0.010899114650819754,False,0.0028698507776898394,0.01729755387424884,0.44744865866533945,2.696923247505717,BTC
241,2025-01-13 15:00:00+00:00,2025-01-13 23:00:00+00:00,1,8,0.02608170274530499,False,0.006450980392156831,0.03138453159041401,0.6336205493476873,3.082614259921707,BTC
242,2025-01-15 15:00:00+00:00,2025-01-15 23:00:00+00:00,1,8,0.0013353433025847074,False,0.008374722284831,0.012844326560839748,1.117539855082603,1.7139728763822693,BTC
243,2025-01-16 15:00:00+00:00,2025-01-16 23:00:00+00:00,-1,8,-0.023990459008917893,False,0.03087613373543737,0.0030034830566049602,4.0798998958117965,0.3968732068176959,BTC
244,2025-01-23 15:00:00+00:00,2025-01-23 23:00:00+00:00,1,8,-0.013241409081764752,False,0.028581018696805228,0.015903171791338978,2.769315265510277,1.5409141598130063,BTC
245,2025-01-27 15:00:00+00:00,2025-01-27 23:00:00+00:00,1,8,-0.004031752157893114,False,0.029864710045973564,0.0055034865559228825,2.785934686404349,0.5133937034279934,BTC
246,2025-02-03 15:00:00+00:00,2025-02-03 23:00:00+00:00,1,8,0.05049305205725931,False,0.004218963479500301,0.061277000382223765,0.29234597383115934,4.2460866127988615,BTC
247,2025-02-07 15:00:00+00:00,2025-02-07 23:00:00+00:00,1,8,-0.03880866392010053,False,0.04131221487929992,6.019702486295854e-06,5.19158141052827,0.0007564778508262339,BTC
248,2025-02-24 15:00:00+00:00,2025-02-24 23:00:00+00:00,-1,8,0.02240441432430458,False,0.005745013134175665,0.024710847370945952,1.1210115095385482,4.821772146784752,BTC
249,2025-02-25 15:00:00+00:00,2025-02-25 23:00:00+00:00,-1,8,-0.020219628004179247,False,0.02651953358123304,0.012757655052104919,2.0112712569766527,0.967554909445303,BTC
250,2025-02-27 15:00:00+00:00,2025-02-27 23:00:00+00:00,-1,8,0.0014745355981655864,False,0.013837270217612607,0.026811624060415918,1.159468207001603,2.246629948482358,BTC
251,2025-02-28 15:00:00+00:00,2025-02-28 23:00:00+00:00,1,8,0.02346156320585975,False,0.0013771083162718144,0.03690772155601053,0.088554571828057,2.3733408918696512,BTC
252,2025-03-03 15:00:00+00:00,2025-03-03 23:00:00+00:00,-1,8,0.027558585237038954,False,0.02285670102399631,0.04717241193833168,1.5973743758363266,3.2967138169929986,BTC
253,2025-03-05 15:00:00+00:00,2025-03-05 23:00:00+00:00,-1,8,-0.023189341298785825,False,0.02461309284980438,0.010390235687571874,1.8139024462540119,0.7657255447680217,BTC
254,2025-03-07 15:00:00+00:00,2025-03-07 23:00:00+00:00,1,8,-0.043007281347961585,False,0.053717605132963954,0.003787120472239862,3.7357146368146195,0.2633699202432432,BTC
255,2025-03-10 14:00:00+00:00,2025-03-10 22:00:00+00:00,-1,8,0.02243912056850498,False,0.0,0.05024108950371136,0.0,3.6121169062022567,BTC
256,2025-04-07 14:00:00+00:00,2025-04-07 22:00:00+00:00,1,8,0.009997577502694638,False,0.013499761874057404,0.036773540313509157,0.8656630213483247,2.358078187633919,BTC
257,2025-04-09 14:00:00+00:00,2025-04-09 22:00:00+00:00,1,8,0.06928885496371001,False,0.011593224879199641,0.07606170346483128,0.9281081144188403,6.08920166026341,BTC
258,2025-04-10 14:00:00+00:00,2025-04-10 22:00:00+00:00,-1,8,0.012470420567288431,False,0.011801624841671837,0.030042748575047535,1.1403674096590517,2.9029707206581423,BTC
259,2025-04-22 14:00:00+00:00,2025-04-22 22:00:00+00:00,1,8,0.02926091725172763,False,0.002424024679365693,0.043932952320121996,0.3625854548712195,6.5714881685921505,BTC
260,2025-04-28 14:00:00+00:00,2025-04-28 22:00:00+00:00,-1,8,-0.007918030699283103,False,0.01020918826944253,0.0058371683451276055,1.8144398764286387,1.0374175430310508,BTC
261,2025-04-30 14:00:00+00:00,2025-04-30 22:00:00+00:00,-1,8,-0.016678884328407705,False,0.019076535227112588,0.0013981787109007388,3.325840720256602,0.24376122999005406,BTC
262,2020-01-14 15:00:00+00:00,2020-01-14 23:00:00+00:00,1,8,0.049898609065989225,False,0.017825083354706343,0.09643498332905867,1.5986541229940543,8.648833816485809,ETH
263,2020-01-20 15:00:00+00:00,2020-01-20 23:00:00+00:00,1,8,0.006016114026676921,False,0.003367205820455789,0.019060790090794224,0.2673626280191092,1.5134634478938738,ETH
264,2020-02-07 15:00:00+00:00,2020-02-07 23:00:00+00:00,1,8,-0.003439671623749926,False,0.01786676243490748,0.0032321781289279894,1.285065758014842,0.2324742074800721,ETH
265,2020-02-20 15:00:00+00:00,2020-02-20 23:00:00+00:00,1,8,0.005078468772736416,False,0.044898434769099424,0.019575096127704056,2.0620547898703743,0.8990273478327496,ETH
266,2020-02-25 15:00:00+00:00,2020-02-25 23:00:00+00:00,-1,8,0.005246924223614582,False,0.00527704485488128,0.03686055212066323,0.3459480067903527,2.416472644446043,ETH
267,2020-02-26 15:00:00+00:00,2020-02-26 23:00:00+00:00,-1,8,0.02466627004796202,False,0.0033216858634226745,0.06928087657995774,0.15431294858488923,3.2185272133419334,ETH
268,2020-02-28 15:00:00+00:00,2020-02-28 23:00:00+00:00,1,8,0.021870209415273442,False,0.026213894699363506,0.023632560416573956,1.1713350274908059,1.0559913405732082,ETH
269,2020-03-16 14:00:00+00:00,2020-03-16 22:00:00+00:00,1,8,0.009889870817197572,False,0.015094339622641513,0.06930510814542108,0.3251789921974939,1.4930474458823955,ETH
270,2020-03-23 14:00:00+00:00,2020-03-23 22:00:00+00:00,1,8,0.002378142812232178,False,0.03611343419752148,0.015585797916825146,1.2053433445943518,0.5202008118775652,ETH
271,2020-04-22 14:00:00+00:00,2020-04-22 22:00:00+00:00,1,8,0.004183292762719039,False,0.002999000333222215,0.021770520937465218,0.25773961247341964,1.8709986683255861,ETH
272,2020-05-01 14:00:00+00:00,2020-05-01 22:00:00+00:00,-1,8,-0.008984488521222902,False,0.010002370229912367,0.012704432329935901,0.5928239325000746,0.7529706820379984,ETH
273,2020-05-04 14:00:00+00:00,2020-05-04 22:00:00+00:00,1,8,0.01206827461942681,False,0.016284269881392158,0.014437098969473065,1.0450529049462915,0.9265095903553701,ETH
274,2020-06-11 14:00:00+00:00,2020-06-11 22:00:00+00:00,-1,8,0.027178091404044875,False,0.005186506783950873,0.06505954109787968,0.6346268144816535,7.960758760857851,ETH
275,2020-06-30 14:00:00+00:00,2020-06-30 22:00:00+00:00,-1,8,-0.007804140887598453,False,0.010642087452132808,0.0011577166265919463,1.4618342967786553,0.15902799881275348,ETH
276,2020-09-10 14:00:00+00:00,2020-09-10 22:00:00+00:00,1,8,-0.025186434306423037,False,0.039292364990688965,0.002926310188880082,2.3540690647748437,0.17531997097172544,ETH
277,2020-10-08 14:00:00+00:00,2020-10-08 22:00:00+00:00,1,8,0.016036140043829177,False,0.0028790786948176845,0.02783109404990401,0.3571476612984586,3.452427392551732,ETH
278,2020-10-12 14:00:00+00:00,2020-10-12 22:00:00+00:00,1,8,0.021055682216556775,False,0.004817081109230628,0.024866553834136208,0.46965107493154884,2.4244150084304006,ETH
279,2020-10-13 14:00:00+00:00,2020-10-13 22:00:00+00:00,-1,8,-0.014627374739466681,False,0.014054683571107176,0.009422725708689558,1.3600942722598044,0.911852280460434,ETH
280,2020-10-14 14:00:00+00:00,2020-10-14 22:00:00+00:00,1,8,-0.03076049645648145,False,0.03509270992267706,0.0026636323670124118,4.14680101709427,0.31475350387672973,ETH
281,2020-10-19 14:00:00+00:00,2020-10-19 22:00:00+00:00,1,8,-0.0051243968903211465,False,0.006304176516942415,0.01006041502495399,1.1164359202256877,1.781645656026836,ETH
282,2020-10-21 14:00:00+00:00,2020-10-21 22:00:00+00:00,1,8,0.02487728943660166,False,0.005087605451005788,0.03927319922128487,0.5528767294098752,4.267869855087498,ETH
283,2020-11-03 15:00:00+00:00,2020-11-03 23:00:00+00:00,1,8,0.007277092887591409,False,0.01222462090670285,0.012016542252971486,1.198049780659085,1.1776574439669907,ETH
284,2020-11-05 15:00:00+00:00,2020-11-05 23:00:00+00:00,1,8,0.004362518390112386,False,0.020262302971964904,0.010708699314161926,1.346114393652368,0.7114262531773172,ETH
285,2020-11-09 15:00:00+00:00,2020-11-09 23:00:00+00:00,-1,8,0.0006959102824422172,False,0.015270270270270208,0.023063063063063084,1.0334067419358655,1.5607795040447368,ETH
286,2020-11-26 15:00:00+00:00,2020-11-26 23:00:00+00:00,-1,8,-0.03983333379424067,False,0.042666666666666776,0.04346268656716413,1.3695806362135003,1.3951325137547919,ETH
287,2020-12-01 15:00:00+00:00,2020-12-01 23:00:00+00:00,1,8,-0.03584347517437485,False,0.04757229122686443,0.01425368615706862,1.6421059587007143,0.4920104196863801,ETH
288,2020-12-09 15:00:00+00:00,2020-12-09 23:00:00+00:00,1,8,0.00578015231372312,False,0.016787032017766317,0.011803381887491913,1.1309288424496768,0.7951843423474271,ETH
289,2020-12-16 15:00:00+00:00,2020-12-16 23:00:00+00:00,1,8,0.021110792557718396,False,0.005768796931902479,0.02576621869863677,0.5578034867358537,2.4914183667335763,ETH
290,2020-12-21 15:00:00+00:00,2020-12-21 23:00:00+00:00,1,8,-0.004611212056384504,False,0.028060318382899022,0.0008718395815169421,1.6723414937569252,0.051959977366437225,ETH
291,2021-01-04 15:00:00+00:00,2021-01-04 23:00:00+00:00,1,8,-0.03078864272479674,False,0.05862194398177409,0.013994984013937443,1.111568886994819,0.2653680131917717,ETH
292,2021-01-11 15:00:00+00:00,2021-01-11 23:00:00+00:00,-1,8,-0.0218151273991413,False,0.031194407315876863,0.1199407652438145,0.5507391197623601,2.117561356595547,ETH
293,2021-01-12 15:00:00+00:00,2021-01-12 23:00:00+00:00,-1,8,-0.019321280614281677,False,0.08799645082267618,0.00011573404316869285,2.0252727372199835,0.0026636642751663403,ETH
294,2021-02-05 15:00:00+00:00,2021-02-05 23:00:00+00:00,1,8,-0.022916143321805766,False,0.031438692536832825,0.016245528885412953,1.6062413567086884,0.8300039935434496,ETH
295,2021-02-24 15:00:00+00:00,2021-02-24 23:00:00+00:00,-1,8,0.031099657451102863,False,0.02036635114021169,0.05468517268841904,0.6432362454759181,1.7271373218077228,ETH
296,2021-03-03 15:00:00+00:00,2021-03-03 23:00:00+00:00,-1,8,0.0025398121753616868,False,0.026998009681611843,0.01650017894029671,1.5103513859382782,0.9230705679641374,ETH
297,2021-04-08 14:00:00+00:00,2021-04-08 22:00:00+00:00,1,8,0.009713958930576147,False,0.0009109486175738775,0.02403427136420708,0.0672374001432701,1.7739770275638764,ETH
298,2021-04-21 14:00:00+00:00,2021-04-21 22:00:00+00:00,1,8,-0.005803641164137528,False,0.011181887854459487,0.03442932586198955,0.5562641456581385,1.712751888185614,ETH
299,2021-04-23 14:00:00+00:00,2021-04-23 22:00:00+00:00,-1,8,-0.03463199547712975,False,0.06318768526425442,0.007453044034211606,1.691552398201241,0.1995201194227328,ETH
300,2021-05-13 14:00:00+00:00,2021-05-13 22:00:00+00:00,1,8,-0.02691479425603423,False,0.0801612041556232,0.011060742016296789,2.137713232566848,0.2949643137139317,ETH
301,2021-05-18 14:00:00+00:00,2021-05-18 22:00:00+00:00,-1,8,-0.011715798307732814,False,0.028621107102164842,0.03270983668818832,0.9795219213941574,1.1194536244504631,ETH
302,2021-05-19 14:00:00+00:00,2021-05-19 22:00:00+00:00,-1,8,-0.05218978280448009,False,0.17815280242397896,0.08004683784207933,1.7055996094212216,0.7663525552291734,ETH
303,2021-05-20 14:00:00+00:00,2021-05-20 22:00:00+00:00,1,8,-0.022025752902005,False,0.11145091799518535,0.018807622235768463,1.8662135090589047,0.3149282152272987,ETH
304,2021-05-25 14:00:00+00:00,2021-05-25 22:00:00+00:00,1,8,0.029490531680834525,False,0.02089136490250689,0.045096940667734654,0.5239658309997416,1.1310537201750854,ETH
305,2021-05-26 14:00:00+00:00,2021-05-26 22:00:00+00:00,-1,8,-0.04034815295804678,False,0.04565153939089405,0.014996730202949152,1.4731764835126009,0.48394491312541854,ETH
306,2021-05-28 14:00:00+00:00,2021-05-28 22:00:00+00:00,1,8,-0.08822998951714374,False,0.10146966733411159,0.0012562911193747148,3.5271979911303055,0.04367007036637521,ETH
307,2021-06-22 14:00:00+00:00,2021-06-22 22:00:00+00:00,-1,8,-0.0867169579159407,False,0.13164281287467636,0.009470080915614866,3.714234007548638,0.26719344431282954,ETH
308,2021-07-09 14:00:00+00:00,2021-07-09 22:00:00+00:00,1,8,0.000783301196519849,False,0.00943387414651452,0.02244047785841725,0.6042656225492228,1.4373744140341844,ETH
309,2021-07-14 14:00:00+00:00,2021-07-14 22:00:00+00:00,1,8,-0.00616884632795568,False,0.015834178055856567,0.007949546346554204,0.9458403855763656,0.4748590015255622,ETH
310,2021-07-16 14:00:00+00:00,2021-07-16 22:00:00+00:00,1,8,-0.0029037880900591737,False,0.0029147757520174003,0.02254339220864101,0.1929535639201304,1.4923370576607624,ETH
311,2021-07-19 14:00:00+00:00,2021-07-19 22:00:00+00:00,-1,8,-0.00286786672287752,False,0.012810943210531885,0.0019849497680538746,0.897388764296956,0.13904297211160935,ETH
312,2021-08-04 14:00:00+00:00,2021-08-04 22:00:00+00:00,1,8,0.0412992749822735,False,0.002584613496744224,0.04853244571928199,0.181914327097957,3.415886830492323,ETH
313,2021-08-05 14:00:00+00:00,2021-08-05 22:00:00+00:00,1,8,0.05031526890724006,False,0.007497468580618215,0.05943623801298481,0.4032303708517606,3.1966117681327026,ETH
314,2021-08-16 14:00:00+00:00,2021-08-16 22:00:00+00:00,-1,8,0.01354036234251782,False,0.007200918342020364,0.02788222884090342,0.6136295595116956,2.375996920004995,ETH
315,2021-08-24 14:00:00+00:00,2021-08-24 22:00:00+00:00,-1,8,0.015456112113636405,False,0.0009524102122952806,0.03376447817137242,0.094753603827566,3.359168084080586,ETH
316,2021-09-10 14:00:00+00:00,2021-09-10 22:00:00+00:00,-1,8,0.041818480517966716,False,0.005184414897453775,0.05532446923613293,0.32787221144732853,3.4988241555492388,ETH
317,2021-10-06 14:00:00+00:00,2021-10-06 22:00:00+00:00,1,8,-0.0007239268267275215,False,0.009262824268599534,0.015004659312207454,0.5969774537114096,0.9670315500180694,ETH
318,2021-10-20 14:00:00+00:00,2021-10-20 22:00:00+00:00,1,8,0.024435238341169563,False,0.003645778821090222,0.033596985691003466,0.3626229192434182,3.341682978291001,ETH
319,2021-11-02 14:00:00+00:00,2021-11-02 22:00:00+00:00,1,8,0.005870521675576409,False,0.007822549416702565,0.008594789714738415,0.7097749715435269,0.779843795192353,ETH
320,2021-11-03 14:00:00+00:00,2021-11-03 22:00:00+00:00,-1,8,-0.0294317436029315,False,0.04222853245485386,0.006807027241482293,3.8888390647544466,0.6268613165713113,ETH
321,2021-11-10 15:00:00+00:00,2021-11-10 23:00:00+00:00,1,8,-0.044433860258779344,False,0.08242692922315584,0.004612608897365821,8.398936229898368,0.47000426132038914,ETH
322,2021-11-16 15:00:00+00:00,2021-11-16 23:00:00+00:00,1,8,-0.013106962632519502,False,0.03488649884840455,0.004555354280850192,2.0751017161662175,0.27095936244601576,ETH
323,2021-11-17 15:00:00+00:00,2021-11-17 23:00:00+00:00,-1,8,-0.016753648756404668,False,0.022935889754343877,0.006938286399041298,1.4291589587605171,0.432331785330374,ETH
324,2021-11-19 15:00:00+00:00,2021-11-19 23:00:00+00:00,1,8,0.009256648609918185,False,0.006256187080784567,0.0180574161096818,0.4548792129184927,1.3129312025438482,ETH
325,2021-11-22 15:00:00+00:00,2021-11-22 23:00:00+00:00,1,8,-0.03212108174202118,False,0.05254063890774682,0.0028899826506751667,3.7637926398320025,0.207026325830415,ETH
326,2021-11-23 15:00:00+00:00,2021-11-23 23:00:00+00:00,1,8,0.004136518526994405,False,0.010522630147404961,0.017249415087383355,0.6885806320228978,1.128768471048556,ETH
327,2021-11-24 15:00:00+00:00,2021-11-24 23:00:00+00:00,-1,8,-0.012609092541311873,False,0.018963027804670192,0.0019124779672547527,1.4023199626280334,0.1414281547858684,ETH
328,2021-11-30 15:00:00+00:00,2021-11-30 23:00:00+00:00,1,8,-0.010459287629263288,False,0.036662188831242386,0.012899146514633185,2.728979568329173,0.9601583650488644,ETH
329,2021-12-03 15:00:00+00:00,2021-12-03 23:00:00+00:00,-1,8,0.07243319536319943,False,0.0013135606338703157,0.11456283198365355,0.10847980604413247,9.461119245661127,ETH
330,2021-12-08 15:00:00+00:00,2021-12-08 23:00:00+00:00,1,8,-0.006203769854288687,False,0.010390299665224227,0.010360813986191696,0.7510688734199082,0.7489374839079094,ETH
331,2021-12-10 15:00:00+00:00,2021-12-10 23:00:00+00:00,-1,8,0.01571981573599887,False,0.014269403559284117,0.024825634788651983,0.7824676370854744,1.3613221962304651,ETH
332,2021-12-17 15:00:00+00:00,2021-12-17 23:00:00+00:00,-1,8,-0.04538007616503387,False,0.05639239642253872,0.009264885788398715,4.037860163527399,0.6633928617662768,ETH
333,2022-01-12 15:00:00+00:00,2022-01-12 23:00:00+00:00,1,8,-0.004607673756277831,False,0.011171179720468457,0.0115448374440625,0.9942492817922173,1.0275052970578917,ETH
334,2022-01-14 15:00:00+00:00,2022-01-14 23:00:00+00:00,1,8,0.009504823930077427,False,0.005510895085380626,0.020547547880671622,0.49497691339164884,1.8455371895434107,ETH
335,2022-01-20 15:00:00+00:00,2022-01-20 23:00:00+00:00,1,8,-0.05113033523863261,False,0.06122683710042931,0.017206059268423824,6.707028721015545,1.8848194542455818,ETH
336,2022-01-26 15:00:00+00:00,2022-01-26 23:00:00+00:00,1,8,-0.08188011352117802,False,0.09226003615815784,0.02879036589332583,5.190431414398122,1.6197090938547318,ETH
337,2022-02-02 15:00:00+00:00,2022-02-02 23:00:00+00:00,-1,8,0.0012990459066021488,False,0.01745528201003832,0.028044621181656956,1.3265572489095805,2.131320221584236,ETH
338,2022-02-10 15:00:00+00:00,2022-02-10 23:00:00+00:00,-1,8,0.014898910738465708,False,0.03079113614335738,0.026952110043662575,2.200070003040307,1.925766186399573,ETH
339,2022-02-17 15:00:00+00:00,2022-02-17 23:00:00+00:00,-1,8,0.02386559421709268,False,0.0103573086471249,0.041301408109580995,0.71228532940617,2.8403505275897953,ETH
340,2022-02-21 15:00:00+00:00,2022-02-21 23:00:00+00:00,1,8,-0.03205726013973934,False,0.05011535456252289,0.018341930920577624,2.8219980363051618,1.032835016169329,ETH
341,2022-02-24 15:00:00+00:00,2022-02-24 23:00:00+00:00,1,8,0.05254695535185322,False,0.008637224259798402,0.14067627453476864,0.3798610903288474,6.1868768739628335,ETH
342,2022-02-28 15:00:00+00:00,2022-02-28 23:00:00+00:00,1,8,0.048775016190488144,False,0.006629052448250206,0.07617786324631258,0.34894356343988886,4.009890593552527,ETH
343,2022-04-01 14:00:00+00:00,2022-04-01 22:00:00+00:00,1,8,0.028932712515663355,False,0.00017624303615973758,0.04046719340432835,0.01835367924774544,4.214191402866877,ETH
344,2022-04-06 14:00:00+00:00,2022-04-06 22:00:00+00:00,-1,8,0.006521470439862197,False,0.00636306041985744,0.02508934118182543,0.5367750791944161,2.116486754986966,ETH
345,2022-04-13 14:00:00+00:00,2022-04-13 22:00:00+00:00,1,8,0.00683881402912408,False,0.005915775726802277,0.011951751180068923,0.5749477157745365,1.1615775103429506,ETH
346,2022-04-19 14:00:00+00:00,2022-04-19 22:00:00+00:00,1,8,0.0002094997962524208,False,0.00406112379314134,0.011863266876620749,0.4751215746883256,1.3879148547225133,ETH
347,2022-04-20 14:00:00+00:00,2022-04-20 22:00:00+00:00,-1,8,0.0046470434281120545,False,0.0029045964190612976,0.022727419261246044,0.3100033940455731,2.4256647369826276,ETH
348,2022-04-26 14:00:00+00:00,2022-04-26 22:00:00+00:00,-1,8,0.033722374875746974,False,0.001057287293174591,0.04927774699217058,0.1149518793199828,5.357644664768747,ETH
349,2022-04-28 14:00:00+00:00,2022-04-28 22:00:00+00:00,-1,8,-0.02430600587178627,False,0.03829455095370509,0.005791223265246509,3.5110976054156575,0.5309776360510409,ETH
350,2022-04-29 14:00:00+00:00,2022-04-29 22:00:00+00:00,1,8,-0.026761846478388154,False,0.03555186514402446,0.0012785191413077345,3.2692898937965365,0.11757047600090115,ETH
351,2022-05-11 14:00:00+00:00,2022-05-11 22:00:00+00:00,-1,8,0.10656249582952228,False,0.019699636077841903,0.14486835585777985,0.5205634438691096,3.8281504254693366,ETH
352,2022-05-12 14:00:00+00:00,2022-05-12 22:00:00+00:00,-1,8,-0.008601173997205076,False,0.07467694162669396,0.021881470996828398,1.4968781848216588,0.43860790055778187,ETH
353,2022-05-27 14:00:00+00:00,2022-05-27 22:00:00+00:00,1,8,-0.046472198120820624,False,0.05554483769795116,0.0012512333191857512,2.780805323251181,0.06264193791584928,ETH
354,2022-06-10 14:00:00+00:00,2022-06-10 22:00:00+00:00,-1,8,0.027630285625546282,False,0.012202039847648245,0.04490674816795745,1.0788923530853716,3.9706104721234556,ETH
355,2022-06-13 14:00:00+00:00,2022-06-13 22:00:00+00:00,1,8,-0.0066478436621430735,False,0.060547017115507515,0.03889594062527783,1.5228797678752608,0.9783114652487456,ETH
356,2022-06-14 14:00:00+00:00,2022-06-14 22:00:00+00:00,1,8,-0.04212703692758512,False,0.048956331806013935,0.04194380121857102,1.198671755816556,1.026973386231298,ETH
357,2022-06-20 14:00:00+00:00,2022-06-20 22:00:00+00:00,-1,8,0.010007332390162577,False,0.03407014652670795,0.03062193243291661,1.1202582885970316,1.0068777835734124,ETH
358,2022-06-21 14:00:00+00:00,2022-06-21 22:00:00+00:00,1,8,-0.048815094541454974,False,0.05995590732090499,0.008556682743882445,2.5663487353789765,0.3662596884952013,ETH
359,2022-06-27 14:00:00+00:00,2022-06-27 22:00:00+00:00,-1,8,-0.015208283716502576,False,0.023893670629216896,0.008962240221857643,1.6540337381178214,0.6204089746655612,ETH
360,2022-07-13 14:00:00+00:00,2022-07-13 22:00:00+00:00,-1,8,-0.04804152985903921,False,0.05664582192636142,0.00867410161090456,3.0664714539494065,0.46956481650268017,ETH
361,2022-07-22 14:00:00+00:00,2022-07-22 22:00:00+00:00,-1,8,0.036617411472126896,False,0.011398043189950722,0.05177914570978154,0.7024776294423285,3.191222469206445,ETH
362,2022-07-27 14:00:00+00:00,2022-07-27 22:00:00+00:00,1,8,0.0750826010203887,False,0.009057363300905737,0.08874203287487419,0.5926941479596769,5.807085551898255,ETH
363,2022-08-10 14:00:00+00:00,2022-08-10 22:00:00+00:00,1,8,0.01558162113331977,False,0.013819542046517214,0.03181721235719719,0.9149242515286817,2.1064619293208864,ETH
364,2022-08-17 14:00:00+00:00,2022-08-17 22:00:00+00:00,-1,8,-0.004624513770020304,False,0.01957897033158818,0.007962478184991224,1.4025785126381152,0.5704079744990613,ETH
365,2022-08-26 14:00:00+00:00,2022-08-26 22:00:00+00:00,1,8,-0.08360433977416676,False,0.09044631230022504,0.006984728305907396,7.353454927643993,0.5678715192814049,ETH
366,2022-08-29 14:00:00+00:00,2022-08-29 22:00:00+00:00,1,8,0.02941656483085226,False,0.0003813805977638628,0.03976394548264723,0.03013838275581531,3.14232295996194,ETH
367,2022-09-02 14:00:00+00:00,2022-09-02 22:00:00+00:00,1,8,-0.03213605059362272,False,0.051210090948728554,0.013049699396336257,3.7728724465636967,0.9614287023561393,ETH
368,2022-09-13 14:00:00+00:00,2022-09-13 22:00:00+00:00,-1,8,0.002463272604148377,False,0.01572792377669973,0.02285824888705734,0.8395558045906008,1.2201722114355595,ETH
369,2022-09-16 14:00:00+00:00,2022-09-16 22:00:00+00:00,-1,8,-0.008033122882679933,False,0.020130192491906642,0.019011460015802135,1.2220051166009642,1.1540923626391222,ETH
370,2022-09-19 14:00:00+00:00,2022-09-19 22:00:00+00:00,1,8,0.027633257819313202,False,0.012777499645069386,0.04162774884367367,0.774302983061405,2.522597613236908,ETH
371,2022-09-22 14:00:00+00:00,2022-09-22 22:00:00+00:00,-1,8,-0.029764898114739327,False,0.05124312760050013,0.016037565184561856,2.844990802888766,0.8903969680875263,ETH
372,2022-09-26 14:00:00+00:00,2022-09-26 22:00:00+00:00,1,8,-0.007387306843795929,False,0.010082167779355278,0.011992870736791311,0.7666096423084848,0.911892218716023,ETH
373,2022-09-29 14:00:00+00:00,2022-09-29 22:00:00+00:00,-1,8,-0.02576055246493738,False,0.03691540987641029,0.010020995639367187,2.681225870502713,0.7278411060968807,ETH
374,2022-10-13 14:00:00+00:00,2022-10-13 22:00:00+00:00,-1,8,-0.05977427399730484,False,0.06481367806778472,0.003895859421677668,4.252689385088272,0.25562320334663624,ETH
375,2022-10-25 14:00:00+00:00,2022-10-25 22:00:00+00:00,1,8,0.0695016284258802,False,0.003453143663807132,0.11027617910015576,0.4678615312722748,14.941162905389092,ETH
376,2022-10-28 14:00:00+00:00,2022-10-28 22:00:00+00:00,1,8,0.00886301719114832,False,0.01274448031490956,0.02293616717224532,0.8947057789950285,1.6101967918610711,ETH
377,2022-10-31 14:00:00+00:00,2022-10-31 22:00:00+00:00,-1,8,-0.0013257369202741836,False,0.016969720317435898,0.008834784395305231,1.2984404888451142,0.6759947456113778,ETH
378,2022-11-04 14:00:00+00:00,2022-11-04 22:00:00+00:00,1,8,0.018465158970669176,False,0.006181968947827653,0.03923910420237754,0.55614132900419,3.5300221894049755,ETH
379,2022-11-08 15:00:00+00:00,2022-11-08 23:00:00+00:00,-1,8,0.08282518700479988,False,0.09503453722884644,0.17192403888122926,5.672818179843618,10.262519729738223,ETH
380,2022-11-10 15:00:00+00:00,2022-11-10 23:00:00+00:00,1,8,0.0004297528318267283,False,0.06045081192996773,0.02010745131820544,1.7337235197808212,0.5766797857670934,ETH
381,2022-11-11 15:00:00+00:00,2022-11-11 23:00:00+00:00,-1,8,-0.016625525105985015,False,0.020697746315864494,0.023202720592315422,0.6665691475117564,0.7472416295545451,ETH
382,2022-12-13 15:00:00+00:00,2022-12-13 23:00:00+00:00,1,8,-0.010636520928538916,False,0.02054876767434189,0.003197142085197075,2.0688421291802364,0.32188705150868346,ETH
383,2022-12-15 15:00:00+00:00,2022-12-15 23:00:00+00:00,-1,8,0.0036161445411515016,False,0.004812198253116824,0.01070340004253018,0.6056344874569571,1.347065905816738,ETH
384,2022-12-22 15:00:00+00:00,2022-12-22 23:00:00+00:00,-1,8,-0.020505295570140372,False,0.03971927353222328,0.008904764300447662,6.840210164857523,1.5335240014943203,ETH
385,2023-01-12 15:00:00+00:00,2023-01-12 23:00:00+00:00,-1,8,-0.03140299879314551,False,0.04215358327178982,0.0009629726168238951,3.9570293768679017,0.09039589610503158,ETH
386,2023-01-23 15:00:00+00:00,2023-01-23 23:00:00+00:00,-1,8,-0.019797605699045814,False,0.026454861002532883,0.003102035710935324,2.6638521983545793,0.3123571372065916,ETH
387,2023-01-25 15:00:00+00:00,2023-01-25 23:00:00+00:00,-1,8,-0.03373780323146075,False,0.06844178249405951,0.00828749064158069,7.172626420194945,0.8685202542478996,ETH
388,2023-02-14 15:00:00+00:00,2023-02-14 23:00:00+00:00,1,8,-0.002005033056964742,False,0.014154463803175747,0.009457755359394733,1.2427808111806893,0.8304035420161904,ETH
389,2023-03-14 14:00:00+00:00,2023-03-14 22:00:00+00:00,1,8,-0.022252728294709218,False,0.042286347221100584,0.02632368381580914,3.106772756242871,1.9339978290226667,ETH
390,2023-03-17 14:00:00+00:00,2023-03-17 22:00:00+00:00,-1,8,-0.014417190993433027,False,0.021197646882580343,0.019071544218902097,1.8354208203109386,1.6513299579312846,ETH
391,2023-03-21 14:00:00+00:00,2023-03-21 22:00:00+00:00,1,8,-0.01636298591977612,False,0.02578042117182738,0.009229280841684007,2.3497641133370504,0.8412055322586123,ETH
392,2023-03-31 14:00:00+00:00,2023-03-31 22:00:00+00:00,1,8,-0.0029472995816180667,False,0.006895569637585465,0.012153509949008963,0.8438043336883444,1.4872135158494464,ETH
393,2023-04-20 14:00:00+00:00,2023-04-20 22:00:00+00:00,1,8,-0.016062616291599736,False,0.03312464485753712,0.006179478853803101,3.4947257458646646,0.6519491435844978,ETH
394,2023-04-26 14:00:00+00:00,2023-04-26 22:00:00+00:00,1,8,-0.03936716114984275,False,0.08775710790085288,0.00228824751978542,9.631596848737479,0.25114179498253963,ETH
395,2023-05-10 14:00:00+00:00,2023-05-10 22:00:00+00:00,1,8,-0.02112455437224126,False,0.04712254208799122,0.004167444838718255,7.511622849420236,0.6643163226584947,ETH
396,2023-06-02 14:00:00+00:00,2023-06-02 22:00:00+00:00,-1,8,-0.014752022540005669,False,0.017425609736619347,0.000905088192858346,3.078110957035548,0.1598774404815328,ETH
397,2023-06-13 14:00:00+00:00,2023-06-13 22:00:00+00:00,-1,8,-0.0018755961286811857,False,0.00733720046958083,0.008741339226112409,1.038723171681371,1.2375062727717712,ETH
398,2023-06-26 14:00:00+00:00,2023-06-26 22:00:00+00:00,1,8,-0.030635784020448337,False,0.03611421731529458,0.002378214921329896,5.257156643803898,0.34619740654792164,ETH
399,2023-06-30 14:00:00+00:00,2023-06-30 22:00:00+00:00,-1,8,-0.042894719045836915,False,0.05009679628561098,0.007069634007581995,4.849591403058742,0.6843718330904286,ETH
400,2023-07-06 14:00:00+00:00,2023-07-06 22:00:00+00:00,-1,8,0.00695952072294438,False,0.002500488996262372,0.014606450521507964,0.3279224401292097,1.9155384821924946,ETH
401,2023-08-10 14:00:00+00:00,2023-08-10 22:00:00+00:00,1,8,-0.009109488688239938,False,0.009875430037408607,0.0011646566946292005,3.2723381087244885,0.38592248347458386,ETH
402,2023-09-21 14:00:00+00:00,2023-09-21 22:00:00+00:00,-1,8,-0.009608008318671129,False,0.010904336346095299,0.0015486950340205484,1.6152686420408107,0.22940951609893195,ETH
403,2023-10-17 14:00:00+00:00,2023-10-17 22:00:00+00:00,-1,8,0.004504469840321051,False,0.005595482872984425,0.01903991953708365,0.9010643057434137,3.066078883365835,ETH
404,2023-10-24 14:00:00+00:00,2023-10-24 22:00:00+00:00,-1,8,0.02174364478250396,False,0.00021867961249965207,0.04039012442869957,0.01769384014861512,3.2680522754503314,ETH
405,2023-11-03 14:00:00+00:00,2023-11-03 22:00:00+00:00,1,8,0.008552870554903315,False,0.0055910410618000275,0.013355454168394907,0.7956979491949466,1.9007028163262338,ETH
406,2023-11-09 15:00:00+00:00,2023-11-09 23:00:00+00:00,1,8,0.050468493440172964,False,0.008542713567839196,0.06513065326633172,0.9261346613778282,7.060959615363554,ETH
407,2023-11-17 15:00:00+00:00,2023-11-17 23:00:00+00:00,-1,8,-0.016847145905465818,False,0.018755429611550068,0.015528689033218867,1.9119370097397872,1.5830016102146618,ETH
408,2023-12-04 15:00:00+00:00,2023-12-04 23:00:00+00:00,-1,8,-0.0028231836008944505,False,0.01311550541199943,0.011102574125745317,1.3170511025396177,1.1149137630611148,ETH
409,2023-12-18 15:00:00+00:00,2023-12-18 23:00:00+00:00,1,8,0.018374183938590177,False,0.009219838549154142,0.02589479892366094,0.9996015604107863,2.8074766464310543,ETH
410,2023-12-19 15:00:00+00:00,2023-12-19 23:00:00+00:00,-1,8,0.0029409682332910978,False,0.008661489264504357,0.024655093650068433,1.1209821192287213,3.1908968868551546,ETH
411,2023-12-20 15:00:00+00:00,2023-12-20 23:00:00+00:00,1,8,-0.023811666537021083,False,0.03871448125805341,0.008462522794861857,4.342485844946852,0.9492154939202051,ETH
412,2023-12-21 15:00:00+00:00,2023-12-21 23:00:00+00:00,-1,8,-0.01430856295372894,False,0.0218484363373993,0.007914139478253108,2.2975207564053064,0.8322288808031723,ETH
413,2023-12-22 15:00:00+00:00,2023-12-22 23:00:00+00:00,1,8,-0.013900469311903328,False,0.016380984908318522,0.0015369180523832516,1.4457686492492166,0.13564678491782806,ETH
414,2023-12-27 15:00:00+00:00,2023-12-27 23:00:00+00:00,1,8,0.013854610325546014,False,0.00040354432118695885,0.021310574578424918,0.049368369871747,2.607070085567418,ETH
415,2024-01-03 15:00:00+00:00,2024-01-03 23:00:00+00:00,-1,8,-0.007265562259025249,False,0.02393225499177332,0.0023836544202432957,1.4129092424666028,0.14072586817940186,ETH
416,2024-01-04 15:00:00+00:00,2024-01-04 23:00:00+00:00,1,8,-0.0030316408380508184,False,0.0060560214973370136,0.00957880524415407,0.5808354675522569,0.9187070793963897,ETH
417,2024-01-11 15:00:00+00:00,2024-01-11 23:00:00+00:00,1,8,-0.026658749261791532,False,0.04186850695324249,0.0030779091085243247,2.788857656200621,0.20501926166089185,ETH
418,2024-01-12 15:00:00+00:00,2024-01-12 23:00:00+00:00,1,8,-0.08055933366954844,False,0.09165545883152774,0.00496962799840374,7.094948708755022,0.3846934617945407,ETH
419,2024-01-23 15:00:00+00:00,2024-01-23 23:00:00+00:00,-1,8,-0.015713343278993708,False,0.017303118935024474,0.006637873693610039,1.4021432033111636,0.5378943252302231,ETH
420,2024-02-12 15:00:00+00:00,2024-02-12 23:00:00+00:00,1,8,0.048365318317599965,False,0.0027779646462447937,0.055681966577365356,0.47056703739112815,9.43212077369026,ETH
421,2024-02-13 15:00:00+00:00,2024-02-13 23:00:00+00:00,-1,8,-0.0024303816524994795,False,0.006300671059423644,0.01580481583821694,0.5914487234240359,1.4836099303239108,ETH
422,2024-02-15 15:00:00+00:00,2024-02-15 23:00:00+00:00,1,8,-0.015573683198862463,False,0.023728706690906723,0.005678215758187187,2.5417445965543903,0.6082326529398714,ETH
423,2024-02-16 15:00:00+00:00,2024-02-16 23:00:00+00:00,-1,8,0.0014388534275915918,False,0.003833443489755459,0.023704471159857937,0.4032922873255124,2.493797135512381,ETH
424,2024-02-26 15:00:00+00:00,2024-02-26 23:00:00+00:00,1,8,0.02431890956042105,False,0.0018609562997233503,0.030287224760377783,0.21602956722283984,3.5158998942307047,ETH
425,2024-02-28 15:00:00+00:00,2024-02-28 23:00:00+00:00,1,8,-0.005846215688671861,False,0.061186328135467996,0.042769984784557166,5.527146308612074,3.863542244240795,ETH
426,2024-03-05 15:00:00+00:00,2024-03-05 23:00:00+00:00,1,8,-0.08088828652415847,False,0.15848122270971676,0.005077994743461409,13.490282122283634,0.43225046181176163,ETH
427,2024-03-13 14:00:00+00:00,2024-03-13 22:00:00+00:00,-1,8,-0.008379639845490847,False,0.011517587939698528,0.007517587939698511,1.1381334590736902,0.7428654689241883,ETH
428,2024-03-14 14:00:00+00:00,2024-03-14 22:00:00+00:00,-1,8,0.0012855263984272213,False,0.013823400582309162,0.04021282626059615,1.3088937896803339,3.8076244875192726,ETH
429,2024-03-22 14:00:00+00:00,2024-03-22 22:00:00+00:00,-1,8,0.012040021621924114,False,0.010798716119402202,0.027786502502250943,0.7458402267252768,1.9191440072163481,ETH
430,2024-04-10 14:00:00+00:00,2024-04-10 22:00:00+00:00,-1,8,-0.016311563679763136,False,0.024999999999999974,0.004595842956120114,2.1358684948658686,0.39264464709312724,ETH
431,2024-04-12 14:00:00+00:00,2024-04-12 22:00:00+00:00,-1,8,0.07090072881857708,False,0.003260788014151164,0.11640147514586979,0.39018558911498696,13.928589640460823,ETH
432,2024-05-03 14:00:00+00:00,2024-05-03 22:00:00+00:00,1,8,0.014422159685356761,False,0.0055990455800878115,0.02189609243491485,0.5630418729974351,2.2018782879217205,ETH
433,2024-05-15 14:00:00+00:00,2024-05-15 22:00:00+00:00,1,8,0.01943213541371181,False,0.0019766531160257837,0.026723807650969905,0.23219344224698849,3.1391916154215953,ETH
434,2024-05-23 14:00:00+00:00,2024-05-23 22:00:00+00:00,-1,8,-0.017709661974150633,False,0.03268222560459999,0.06864377219685439,1.9708795927833382,4.139516428018503,ETH
435,2024-06-12 14:00:00+00:00,2024-06-12 22:00:00+00:00,1,8,-0.015105544339712083,False,0.028473029045643108,0.008846473029045648,3.0839519522733094,0.9581733550344959,ETH
436,2024-06-20 14:00:00+00:00,2024-06-20 22:00:00+00:00,-1,8,0.002584125493682217,False,0.0032946175637394077,0.01313597733711045,0.3827983684922028,1.5262562637130896,ETH
437,2024-06-27 14:00:00+00:00,2024-06-27 22:00:00+00:00,1,8,-0.005350797643659166,False,0.006501086403772363,0.004518977393555508,0.9943607452454967,0.691191202472864,ETH
438,2024-07-04 14:00:00+00:00,2024-07-04 22:00:00+00:00,-1,8,-0.01321676487506901,False,0.013662688381915276,0.011294915688094001,1.1733953511161046,0.9700434635690605,ETH
439,2024-07-12 14:00:00+00:00,2024-07-12 22:00:00+00:00,1,8,-0.0015065038815512421,False,0.009379520951552972,0.01256483706129731,1.009066101615711,1.3517482626637403,ETH
440,2024-07-23 14:00:00+00:00,2024-07-23 22:00:00+00:00,-1,8,-0.00955740292486049,False,0.01669589393265219,0.015692569876431202,1.5959261594951368,1.5000204766827707,ETH
441,2024-08-05 14:00:00+00:00,2024-08-05 22:00:00+00:00,1,8,0.038359882449047394,False,0.00022261417538571408,0.07808192201654189,0.005450573778585393,1.9117887528388922,ETH
442,2024-08-12 14:00:00+00:00,2024-08-12 22:00:00+00:00,-1,8,-0.028189985725729616,False,0.04146403988383789,0.008719806855704209,2.660222115784036,0.5594395314083062,ETH
443,2024-08-14 14:00:00+00:00,2024-08-14 22:00:00+00:00,-1,8,-0.003419300324385391,False,0.009992325171931177,0.010172909361785363,0.7411024178095155,0.7544958349988446,ETH
444,2024-09-11 14:00:00+00:00,2024-09-11 22:00:00+00:00,-1,8,-0.025683657455431632,False,0.035711942615959974,0.004614341636232304,3.3612943206921764,0.4343129832615004,ETH
445,2024-10-01 14:00:00+00:00,2024-10-01 22:00:00+00:00,-1,8,0.0413440077152476,False,0.004233017536786967,0.06485975222117119,0.5521893413957565,8.46083521999425,ETH
446,2024-10-14 14:00:00+00:00,2024-10-14 22:00:00+00:00,1,8,0.017107658362345773,False,0.0004594961896863709,0.029205266293618064,0.057445754443177434,3.6512132061332583,ETH
447,2024-10-15 14:00:00+00:00,2024-10-15 22:00:00+00:00,1,8,-0.0324373278910813,False,0.05016812575357034,0.006792430222195718,5.4631014001730565,0.7396675578380432,ETH
448,2024-10-21 14:00:00+00:00,2024-10-21 22:00:00+00:00,-1,8,-0.0023064041807195333,False,0.004941809353150464,0.006580350228759814,0.7252519792995609,0.965721598476862,ETH
449,2024-10-30 14:00:00+00:00,2024-10-30 22:00:00+00:00,1,8,-0.015358814998963487,False,0.023536433464812042,0.010057386043477012,2.6128600463950646,1.116504852082196,ETH
450,2024-10-31 14:00:00+00:00,2024-10-31 22:00:00+00:00,-1,8,0.028816672475099284,False,3.841116074700635e-05,0.03876070230966304,0.004518391707927729,4.5595090724532765,ETH
451,2024-11-01 14:00:00+00:00,2024-11-01 22:00:00+00:00,1,8,-0.02832934841299058,False,0.03618051806307027,0.0051542187299725315,3.9603867541175655,0.5641903620734295,ETH
452,2024-11-13 15:00:00+00:00,2024-11-13 23:00:00+00:00,1,8,-0.04416390529858915,False,0.06079543402087925,0.003925393442425545,3.5977234936934948,0.23229508000476842,ETH
453,2024-11-14 15:00:00+00:00,2024-11-14 23:00:00+00:00,-1,8,0.0046078111221771745,False,0.023526877987469923,0.01728433159429234,1.5429832202151814,1.133572998373688,ETH
454,2024-11-15 15:00:00+00:00,2024-11-15 23:00:00+00:00,-1,8,-0.015218984283854209,False,0.02021822220770307,0.014569925843650945,1.413251841054916,1.0184364535635686,ETH
455,2024-11-21 15:00:00+00:00,2024-11-21 23:00:00+00:00,1,8,0.006494332171199799,False,0.03251743552216972,0.012526694643150371,2.3649921869105137,0.9110661552220602,ETH
456,2024-11-22 15:00:00+00:00,2024-11-22 23:00:00+00:00,-1,8,-0.007284390456930661,False,0.010787257058816379,0.007386992087319031,0.8299415096141476,0.5683345943301376,ETH
457,2024-11-25 15:00:00+00:00,2024-11-25 23:00:00+00:00,-1,8,-0.014867029189295677,False,0.040843133632986396,0.01747781188702318,3.1876592484805486,1.3640801708680996,ETH
458,2024-12-06 15:00:00+00:00,2024-12-06 23:00:00+00:00,1,8,0.008032968130101698,False,0.0026079084824731226,0.026319814838497754,0.19398518175549548,1.9577581420246764,ETH
459,2024-12-09 15:00:00+00:00,2024-12-09 23:00:00+00:00,1,8,-0.05824740862721771,False,0.11658756206131267,0.001517689857408284,12.406974876102668,0.16150899459307563,ETH
460,2024-12-20 15:00:00+00:00,2024-12-20 23:00:00+00:00,1,8,0.0408533849776839,False,0.0004538227807013406,0.05086722227398273,0.017679752327968548,1.981654358615328,ETH
461,2024-12-30 15:00:00+00:00,2024-12-30 23:00:00+00:00,-1,8,-0.01497079363281878,False,0.03157469197629947,0.003765069327959266,3.474507435658824,0.4143116070802796,ETH
462,2025-01-03 15:00:00+00:00,2025-01-03 23:00:00+00:00,1,8,0.02326104175395353,False,0.0021607642640216716,0.02934045648271808,0.30522454591780407,4.144564798702585,ETH
463,2025-01-07 15:00:00+00:00,2025-01-07 23:00:00+00:00,-1,8,0.04747572997349486,False,0.0037416443616083085,0.06007931725500629,0.4242441106013746,6.812057494270265,ETH
464,2025-01-10 15:00:00+00:00,2025-01-10 23:00:00+00:00,-1,8,-0.006994330498558743,False,0.020740413088085316,0.019060169314509743,1.7809314342330649,1.6366527768685133,ETH
465,2025-01-15 15:00:00+00:00,2025-01-15 23:00:00+00:00,1,8,0.028523242846592453,False,0.0016614789265584852,0.043435806222884454,0.15781977154327545,4.125859741774044,ETH
466,2025-01-16 15:00:00+00:00,2025-01-16 23:00:00+00:00,-1,8,-0.007938248456030639,False,0.027066953166967767,0.00305830932265468,2.3215925403393696,0.2623179663306324,ETH
467,2025-01-20 15:00:00+00:00,2025-01-20 23:00:00+00:00,1,8,-0.013106408765513576,False,0.047207872444953974,0.009778029209033567,2.241310121800948,0.4642360416268833,ETH
468,2025-01-23 15:00:00+00:00,2025-01-23 23:00:00+00:00,1,8,0.012992853259084093,False,0.025148168391353767,0.014656533302391764,2.4683352734180066,1.4385635396316754,ETH
469,2025-01-30 15:00:00+00:00,2025-01-30 23:00:00+00:00,1,8,-0.004595789571978099,False,0.01356736736185665,0.003972950902401137,1.3184765404754804,0.3860913043457203,ETH
470,2025-02-17 15:00:00+00:00,2025-02-17 23:00:00+00:00,1,8,-0.033025516742533484,False,0.049569285871019324,0.008217898171677009,5.322523662289074,0.8824003958186042,ETH
471,2025-02-25 15:00:00+00:00,2025-02-25 23:00:00+00:00,-1,8,-0.05575321669507116,False,0.06511665068712044,0.007312744949622325,3.0483559077538898,0.34233716006354403,ETH
472,2025-02-28 15:00:00+00:00,2025-02-28 23:00:00+00:00,1,8,0.02160586105422971,False,0.0012560435551575155,0.041500233199262944,0.05849798131395433,1.9327991105458002,ETH
473,2025-03-03 15:00:00+00:00,2025-03-03 23:00:00+00:00,-1,8,0.04540623503041269,False,0.015694278274333097,0.07859455274825808,0.77939202949741,3.9030764526512822,ETH
474,2025-03-10 14:00:00+00:00,2025-03-10 22:00:00+00:00,-1,8,0.09442970014463845,False,0.0002352613561618005,0.13205363958920485,0.01447520264025226,8.125019865659306,ETH
475,2025-04-07 14:00:00+00:00,2025-04-07 22:00:00+00:00,1,8,0.011049088695945954,False,0.01568872941297947,0.05740487376736025,0.5611528953699284,2.0532517500269547,ETH
476,2025-04-09 14:00:00+00:00,2025-04-09 22:00:00+00:00,1,8,0.11917955503586782,False,0.012262056904553722,0.13540055155713995,0.5956268583409295,6.577053570160667,ETH
477,2025-04-30 14:00:00+00:00,2025-04-30 22:00:00+00:00,-1,8,-0.030841930477641145,False,0.03968071534474235,0.005482317514682836,3.835487617701906,0.5299138576810564,ETH
478,2020-10-20 14:00:00+00:00,2020-10-20 22:00:00+00:00,1,8,-0.010509341096066126,False,0.03203255425709522,0.012103505843071728,1.4337943922957936,0.541759444645964,SOL
479,2020-11-04 15:00:00+00:00,2020-11-04 23:00:00+00:00,-1,8,-0.07188925224719193,False,0.08160760852891534,0.0230863629391011,4.275694739986547,1.2095715382856707,SOL
480,2020-11-05 15:00:00+00:00,2020-11-05 23:00:00+00:00,1,8,-0.03797954168868653,False,0.04132174392935987,0.02717991169977932,1.9755145450614662,1.2994202516764923,SOL
481,2020-11-09 15:00:00+00:00,2020-11-09 23:00:00+00:00,-1,8,-0.011968923577584778,False,0.040942990139646564,0.023124280494519256,1.022915663550949,0.5777347635214419,SOL
482,2020-11-12 15:00:00+00:00,2020-11-12 23:00:00+00:00,-1,8,0.01383836738074834,False,0.01322140608604413,0.04171038824763899,0.5309677242986972,1.6750767492756424,SOL
483,2020-12-16 15:00:00+00:00,2020-12-16 23:00:00+00:00,1,8,0.02990149756485986,False,0.0030718336483932496,0.04454158790170127,0.1380978123330888,2.002418278829749,SOL
484,2020-12-29 15:00:00+00:00,2020-12-29 23:00:00+00:00,1,8,0.020143096508563385,False,0.06109163745618422,0.08243615423134712,1.8720724122690269,2.5261468923753214,SOL
485,2021-01-04 15:00:00+00:00,2021-01-04 23:00:00+00:00,1,8,0.08185884510263493,False,0.08321030734129645,0.09497606585245826,1.3477058435820664,1.5382685515724337,SOL
486,2021-01-07 15:00:00+00:00,2021-01-07 23:00:00+00:00,-1,8,0.01229476678504653,False,0.02214889667972781,0.11280676428129523,0.2732529841408568,1.3917074704380692,SOL
487,2021-01-08 15:00:00+00:00,2021-01-08 23:00:00+00:00,-1,8,0.06629390487323125,False,0.03402850800327136,0.12247341979203172,0.45760466836738817,1.646984012415846,SOL
488,2021-02-12 15:00:00+00:00,2021-02-12 23:00:00+00:00,-1,8,0.00216039519005638,False,0.03801679243277707,0.006663832500797248,1.5451937468383603,0.27085168556546646,SOL
489,2021-02-18 15:00:00+00:00,2021-02-18 23:00:00+00:00,1,8,-0.0005662386971110038,False,0.010954286918053386,0.03488075571274938,0.5950043852603897,1.8946192267502122,SOL
490,2021-02-19 15:00:00+00:00,2021-02-19 23:00:00+00:00,1,8,-0.015611207095283693,False,0.044399452998739056,0.026089118582058996,1.518832133017729,0.8924657613612151,SOL
491,2021-02-22 15:00:00+00:00,2021-02-22 23:00:00+00:00,1,8,0.26778018161063843,False,0.026305642844749465,0.32629985926625665,0.6453713868188706,8.00530114151909,SOL
492,2021-02-23 15:00:00+00:00,2021-02-23 23:00:00+00:00,1,8,0.007187890279448803,False,0.04752904327633811,0.06579542462923839,0.6989253626890654,0.9675366439611303,SOL
493,2021-03-09 15:00:00+00:00,2021-03-09 23:00:00+00:00,1,8,0.012306350665316743,False,0.018312538503720065,0.017730328407113843,1.045665910490284,1.0124210793249755,SOL
494,2021-03-30 14:00:00+00:00,2021-03-30 22:00:00+00:00,-1,8,0.03187145720938682,False,0.0039329144252069305,0.040172987960158404,0.19181116435750292,1.9592665294141245,SOL
495,2021-04-07 14:00:00+00:00,2021-04-07 22:00:00+00:00,1,8,0.019783353211011028,False,0.038897369880076256,0.04676190693188121,0.9890283188622968,1.1889968484301796,SOL
496,2021-04-16 14:00:00+00:00,2021-04-16 22:00:00+00:00,-1,8,-0.028719786733867284,False,0.03886730477868235,0.0014315766032662936,1.603781958507776,0.05907115869273199,SOL
497,2021-04-21 14:00:00+00:00,2021-04-21 22:00:00+00:00,1,8,0.0228854653750659,False,0.008410502694627137,0.06390590882422308,0.23149109376318455,1.7589494075188086,SOL
498,2021-04-28 14:00:00+00:00,2021-04-28 22:00:00+00:00,1,8,-0.02632751880336488,False,0.050881354255595874,0.010444644673489299,1.7881626600172182,0.3670642001480778,SOL
499,2021-05-19 14:00:00+00:00,2021-05-19 22:00:00+00:00,-1,8,0.058053428265995646,False,0.16375264450550792,0.18109087372030241,1.4125583125038226,1.5621208424734123,SOL
500,2021-05-26 14:00:00+00:00,2021-05-26 22:00:00+00:00,-1,8,-0.04273685131068067,False,0.05053936468204297,0.024852494189165124,1.0750419254182306,0.5286467958719392,SOL
501,2021-05-28 14:00:00+00:00,2021-05-28 22:00:00+00:00,1,8,-0.10439282776276922,False,0.1155913978494624,0.0067362428842503925,2.855671058558407,0.16641803980107608,SOL
502,2021-06-03 14:00:00+00:00,2021-06-03 22:00:00+00:00,1,8,0.023032142916603753,False,0.029553632953066414,0.05545772401296485,1.0878923865120154,2.041442276244049,SOL
503,2021-06-22 14:00:00+00:00,2021-06-22 22:00:00+00:00,-1,8,-0.2649951778240982,False,0.3455238095238095,0.006904761904761884,4.389253426555372,0.08771247889340231,SOL
504,2021-07-09 14:00:00+00:00,2021-07-09 22:00:00+00:00,1,8,-0.015519418530761784,False,0.03289240581079498,0.017036730837368553,1.6340657718993166,0.8463697938832127,SOL
505,2021-07-14 14:00:00+00:00,2021-07-14 22:00:00+00:00,1,8,0.005044425445202706,False,0.0029258029521023765,0.03389329037772441,0.13335739191701085,1.5448479895105016,SOL
506,2021-08-16 14:00:00+00:00,2021-08-16 22:00:00+00:00,1,8,0.02101725470514819,False,0.021537494104700478,0.09177802232353394,0.6028388198106156,2.5688854233973553,SOL
507,2021-08-18 14:00:00+00:00,2021-08-18 22:00:00+00:00,1,8,-0.08547934877212533,False,0.09699263607806795,0.036356146042535634,1.9893335805195622,0.7456700333670341,SOL
508,2021-08-24 14:00:00+00:00,2021-08-24 22:00:00+00:00,-1,8,0.04974065785063129,False,0.00011966016513103243,0.08813635940595364,0.004950207387566088,3.6461027524638117,SOL
509,2021-08-26 14:00:00+00:00,2021-08-26 22:00:00+00:00,1,8,0.039909721100240186,False,0.006570841889117098,0.07022587268993853,0.23252560049320578,2.4851173552711208,SOL
510,2021-09-14 14:00:00+00:00,2021-09-14 22:00:00+00:00,-1,8,0.05018580478725093,False,0.04122896481387059,0.09287353391126972,1.3006809769873648,2.9299508093237234,SOL
511,2021-09-20 14:00:00+00:00,2021-09-20 22:00:00+00:00,1,8,-0.046092636782677804,False,0.07923261324619514,0.014708015834087438,2.2805706178224057,0.4233442187936074,SOL
512,2021-10-22 14:00:00+00:00,2021-10-22 22:00:00+00:00,1,8,-0.07548778191473038,False,0.08655026988947392,0.027107946269622884,3.4690893756888217,1.0865348949319582,SOL
513,2021-11-03 14:00:00+00:00,2021-11-03 22:00:00+00:00,-1,8,-0.06565056693228881,False,0.08967750784219168,0.022856283265714233,3.8299729047460063,0.9761527468507498,SOL
514,2021-11-16 15:00:00+00:00,2021-11-16 23:00:00+00:00,1,8,-0.0148044697761723,False,0.0436497084432368,0.0037448062316398174,2.160791731020116,0.1853791612405071,SOL
515,2021-11-17 15:00:00+00:00,2021-11-17 23:00:00+00:00,-1,8,-0.013164676786014351,False,0.01855063791193117,0.017821328558538817,0.8895627798468229,0.854590049590753,SOL
516,2021-11-18 15:00:00+00:00,2021-11-18 23:00:00+00:00,-1,8,0.03564586508297912,False,0.011997705220623087,0.07017535107630145,0.6218190773255364,3.6370598589348537,SOL
517,2021-11-19 15:00:00+00:00,2021-11-19 23:00:00+00:00,1,8,-0.007127751011758075,False,0.019967216616439108,0.019168527951781426,0.815644121818688,0.7830183569459357,SOL
518,2021-11-23 15:00:00+00:00,2021-11-23 23:00:00+00:00,1,8,0.01601640702422239,False,0.014043532667768786,0.032909819968761786,0.7704489162475296,1.805481265196661,SOL
519,2021-12-01 15:00:00+00:00,2021-12-01 23:00:00+00:00,1,8,-0.013984297498191932,False,0.03737001827833807,0.01727696492133315,2.1596439166748653,0.9984499315214552,SOL
520,2021-12-08 15:00:00+00:00,2021-12-08 23:00:00+00:00,1,8,-0.00648514977284672,False,0.023754560257229492,0.011207411835026809,1.2267283148552452,0.5787709511518719,SOL
521,2021-12-10 15:00:00+00:00,2021-12-10 23:00:00+00:00,-1,8,0.023744353853822956,False,0.011478938198216614,0.03450514160773463,0.6314852352982089,1.8982145465809344,SOL
522,2022-01-12 15:00:00+00:00,2022-01-12 23:00:00+00:00,1,8,0.032655539189974686,False,0.005237738929324412,0.0427862050200668,0.34975013375977126,2.8570497939597668,SOL
523,2022-01-13 15:00:00+00:00,2022-01-13 23:00:00+00:00,1,8,-0.06973795144161894,False,0.07334776518527958,0.0015280784413600477,5.80910348429324,0.12102298925611363,SOL
524,2022-01-20 15:00:00+00:00,2022-01-20 23:00:00+00:00,1,8,-0.07026949379772147,False,0.07985301392127753,0.016041269168256735,7.096397640228189,1.425559525957353,SOL
525,2022-01-24 15:00:00+00:00,2022-01-24 23:00:00+00:00,1,8,0.08815815544060461,False,0.025334438262104898,0.13827394341186228,0.5805270275367979,3.1684839633784114,SOL
526,2022-01-26 15:00:00+00:00,2022-01-26 23:00:00+00:00,1,8,-0.09086683914832483,False,0.11271532410634279,0.040027880115503296,4.472765304924777,1.5883848521022592,SOL
527,2022-02-02 15:00:00+00:00,2022-02-02 23:00:00+00:00,-1,8,0.04184858696667552,False,0.05581263575408439,0.08433279818679769,2.533509151371474,3.8281280409047875,SOL
528,2022-02-24 15:00:00+00:00,2022-02-24 23:00:00+00:00,1,8,0.05274753643125965,False,0.008943678994440355,0.1514382402707276,0.2723875501057794,4.612183787601946,SOL
529,2022-02-28 15:00:00+00:00,2022-02-28 23:00:00+00:00,1,8,0.03674651168007351,False,0.012350892008867324,0.0861395545233822,0.5622459347558771,3.9213049808614953,SOL
530,2022-03-30 14:00:00+00:00,2022-03-30 22:00:00+00:00,1,8,0.03790391819251196,False,0.011925337020394016,0.08347735914275835,0.6364743897873234,4.455320728511277,SOL
531,2022-04-01 14:00:00+00:00,2022-04-01 22:00:00+00:00,1,8,0.06933579560060814,False,0.0006226650062265262,0.0737079701120797,0.02681878353446786,3.1746735008932645,SOL
532,2022-04-12 14:00:00+00:00,2022-04-12 22:00:00+00:00,1,8,-0.04837432599059762,False,0.0709719262484945,0.001204484388029236,3.899181655784981,0.06617410120783669,SOL
533,2022-04-13 14:00:00+00:00,2022-04-13 22:00:00+00:00,1,8,0.004634606763730238,False,0.013954383601193368,0.019824848426522976,0.787088073213297,1.1182078833237175,SOL
534,2022-04-19 14:00:00+00:00,2022-04-19 22:00:00+00:00,1,8,0.006080933864380501,False,0.009503199096725678,0.021452766277756878,0.7173003036866153,1.6192521706984906,SOL
535,2022-04-26 14:00:00+00:00,2022-04-26 22:00:00+00:00,-1,8,0.005664465996865584,False,0.005821078431372479,0.026143790849673224,0.4965094560535609,2.2299372061353195,SOL
536,2022-04-28 14:00:00+00:00,2022-04-28 22:00:00+00:00,-1,8,-0.0110326668701592,False,0.03107635315908619,0.009775674006997354,2.5356190728640913,0.7976285162983102,SOL
537,2022-05-05 14:00:00+00:00,2022-05-05 22:00:00+00:00,-1,8,0.058396112582187826,False,0.0038988526233709317,0.0971371282165534,0.28976814415134566,7.2193663342847785,SOL
538,2022-05-11 14:00:00+00:00,2022-05-11 22:00:00+00:00,-1,8,0.16884687173927998,False,0.06441337816315698,0.2380109715094673,0.8369672885054974,3.0926401182414653,SOL
539,2022-05-18 14:00:00+00:00,2022-05-18 22:00:00+00:00,-1,8,0.009129876614745592,False,0.01474582848273182,0.03705859526581289,0.5962045914779215,1.4983562759510933,SOL
540,2022-05-27 14:00:00+00:00,2022-05-27 22:00:00+00:00,1,8,-0.04489393347272825,False,0.06890988707075367,0.003917953445494393,2.3300934947250984,0.13248023214156204,SOL
541,2022-06-14 14:00:00+00:00,2022-06-14 22:00:00+00:00,1,8,-0.060177856133322924,False,0.06735578526175391,0.04701567189063022,1.4600740999740343,1.0191606341402915,SOL
542,2022-06-27 14:00:00+00:00,2022-06-27 22:00:00+00:00,-1,8,0.0010536127326414542,False,0.014774494556765171,0.020217729393468147,0.7229121676402893,0.9892482294025021,SOL
543,2022-07-13 14:00:00+00:00,2022-07-13 22:00:00+00:00,-1,8,-0.04904527388049294,False,0.049815498154981465,0.006150061500615093,2.6673615587484676,0.32930389614179134,SOL
544,2022-07-19 14:00:00+00:00,2022-07-19 22:00:00+00:00,1,8,-0.023825697082448378,False,0.042331418847053714,0.005105296745373368,1.8078043957313208,0.21802666079171945,SOL
545,2022-07-22 14:00:00+00:00,2022-07-22 22:00:00+00:00,-1,8,0.04430944861021363,False,0.009118541033434497,0.06453121346738379,0.4922921563340354,3.4839137217486225,SOL
546,2022-07-27 14:00:00+00:00,2022-07-27 22:00:00+00:00,1,8,0.05306491732304067,False,0.025187566988210015,0.07931404072883175,1.6084320325295656,5.064849804561199,SOL
547,2022-08-10 14:00:00+00:00,2022-08-10 22:00:00+00:00,1,8,0.005054768114943355,False,0.020218839200761216,0.01926736441484306,1.3979765129155892,1.3321893828960334,SOL
548,2022-08-17 14:00:00+00:00,2022-08-17 22:00:00+00:00,-1,8,0.018926085365098093,False,0.011841469308844728,0.030207829869502174,0.7615126970477206,1.9426344312442057,SOL
549,2022-08-26 14:00:00+00:00,2022-08-26 22:00:00+00:00,1,8,-0.07267242791637579,False,0.08401930173147869,0.00709622480840193,6.145466809912085,0.5190428048912245,SOL
550,2022-08-29 14:00:00+00:00,2022-08-29 22:00:00+00:00,1,8,0.01080055179354138,False,0.005699810006333113,0.022482583913869567,0.40693767488308974,1.6051430509277473,SOL
551,2022-09-13 14:00:00+00:00,2022-09-13 22:00:00+00:00,-1,8,0.04136016291071716,False,0.007348784624081345,0.05992085924251002,0.3225405248096351,2.629945817678589,SOL
552,2022-09-16 14:00:00+00:00,2022-09-16 22:00:00+00:00,-1,8,-0.007286777183317778,False,0.01623985009369132,0.016864459712679657,1.0702159765142862,1.1113781294571572,SOL
553,2022-09-19 14:00:00+00:00,2022-09-19 22:00:00+00:00,1,8,0.025459428872208943,False,0.006279434850863511,0.03861852433280995,0.40075717025891666,2.4646565970922962,SOL
554,2022-09-26 14:00:00+00:00,2022-09-26 22:00:00+00:00,1,8,0.004575521636988197,False,0.01447963800904968,0.023529411764705917,0.998965129339341,1.623318335176442,SOL
555,2022-10-25 14:00:00+00:00,2022-10-25 22:00:00+00:00,1,8,0.07674130699283879,False,0.0031152647975077833,0.11768778123918305,0.34237898263721583,12.93431712185039,SOL
556,2022-10-28 14:00:00+00:00,2022-10-28 22:00:00+00:00,1,8,0.03617932636264434,False,0.011279407025459279,0.04866258459555262,0.8618539377281594,3.7182841313414676,SOL
557,2022-10-31 14:00:00+00:00,2022-10-31 22:00:00+00:00,-1,8,0.010635230966477756,False,0.014665444546287933,0.0171096853040023,0.8917832699467073,1.0404138149378075,SOL
558,2022-11-04 14:00:00+00:00,2022-11-04 22:00:00+00:00,1,8,0.02222827408863185,False,0.009696969696969706,0.030606060606060546,0.6740255873512819,2.127393260077478,SOL
559,2022-11-08 15:00:00+00:00,2022-11-08 23:00:00+00:00,-1,8,0.14981447091477632,False,0.17156502571638507,0.3240264511388685,4.0865438678409545,7.718055013780987,SOL
560,2022-11-09 15:00:00+00:00,2022-11-09 23:00:00+00:00,-1,8,0.2636265662598811,False,0.05864273420211462,0.4207646914187362,0.47807130081068017,3.4301866394644693,SOL
561,2022-11-10 15:00:00+00:00,2022-11-10 23:00:00+00:00,1,8,0.12359753778714136,False,0.03192963431532027,0.13181516958852935,0.2659343957537193,1.0978574677530872,SOL
562,2022-11-11 15:00:00+00:00,2022-11-11 23:00:00+00:00,-1,8,-0.02329142406562472,False,0.05421875981654843,0.04033423383803477,0.6873788760405203,0.5113525358262028,SOL
563,2022-12-13 15:00:00+00:00,2022-12-13 23:00:00+00:00,1,8,-0.009275331289243037,False,0.02359712230215836,0.0011510791366906485,1.61937685631625,0.07899399299103638,SOL
564,2022-12-22 15:00:00+00:00,2022-12-22 23:00:00+00:00,-1,8,0.0015008120326240586,False,0.02284457229884081,0.012014552838649736,2.58031254223298,1.3570532629521739,SOL
565,2022-12-27 15:00:00+00:00,2022-12-27 23:00:00+00:00,-1,8,-0.0190758291413547,False,0.02019549981556632,0.013279232755440809,1.8119851185883757,1.1914422697567348,SOL
566,2023-01-03 15:00:00+00:00,2023-01-03 23:00:00+00:00,1,8,0.09943151555927662,False,0.0015632713509955677,0.14192858318249132,0.08271666527156683,7.509802504918515,SOL
567,2023-01-25 15:00:00+00:00,2023-01-25 23:00:00+00:00,-1,8,-0.049504362436517846,False,0.10186588163989789,0.017706394216199788,4.678786500782027,0.8132697317551393,SOL
568,2023-02-14 15:00:00+00:00,2023-02-14 23:00:00+00:00,1,8,-0.012644665343256981,False,0.01887308533916856,0.019921590080233458,1.0054287788604015,1.0612859332415336,SOL
569,2023-02-27 15:00:00+00:00,2023-02-27 23:00:00+00:00,1,8,-0.0243369067409025,False,0.039357533479739824,0.007621754295310666,3.717090909286094,0.7198305152556222,SOL
570,2023-03-10 15:00:00+00:00,2023-03-10 23:00:00+00:00,1,8,0.040618488379404405,False,0.004383688065986071,0.05393089923285452,0.16755215137144983,2.0613323885829518,SOL
571,2023-03-14 14:00:00+00:00,2023-03-14 22:00:00+00:00,1,8,-0.04485725301553009,False,0.06567288166882031,0.02233708694849556,3.115531588441772,1.0596748340167428,SOL
572,2023-03-21 14:00:00+00:00,2023-03-21 22:00:00+00:00,1,8,-0.026497737051280074,False,0.041410111872344196,0.011750932269534178,1.8652945053297325,0.5293139381616244,SOL
573,2023-04-12 14:00:00+00:00,2023-04-12 22:00:00+00:00,1,8,-0.002849584582591178,False,0.031990669388095166,0.016120298246344686,1.6181194198699478,0.8153804889188335,SOL
574,2023-04-20 14:00:00+00:00,2023-04-20 22:00:00+00:00,1,8,-0.03471184003298863,False,0.05433212206120571,0.003808940063920132,3.198222702558648,0.22421061653714874,SOL
575,2023-05-10 14:00:00+00:00,2023-05-10 22:00:00+00:00,1,8,-0.013188985318051651,False,0.07179341657207705,0.0066212637154748665,7.451569742943793,0.6872330461213025,SOL
576,2023-05-24 14:00:00+00:00,2023-05-24 22:00:00+00:00,-1,8,-0.0093594844968402,False,0.013504318241298044,0.015964407223239975,1.2989321446293622,1.535559318263397,SOL
577,2023-06-02 14:00:00+00:00,2023-06-02 22:00:00+00:00,-1,8,-0.016288367838191375,False,0.019067594622938246,0.0009533797311470647,2.43882337148271,0.12194116857415499,SOL
578,2023-06-09 14:00:00+00:00,2023-06-09 22:00:00+00:00,-1,8,0.07294181566865476,False,0.0037880780764980885,0.09543852264955016,0.33449029160690147,8.427297069096198,SOL
579,2023-06-13 14:00:00+00:00,2023-06-13 22:00:00+00:00,-1,8,0.011461794709719995,False,0.004539473684210582,0.029539473684210518,0.23660549584037685,1.539650255540984,SOL
580,2023-06-29 14:00:00+00:00,2023-06-29 22:00:00+00:00,-1,8,-0.00795447730556903,False,0.012625831769322717,0.018938747653983873,0.644393559927136,0.9665903398906935,SOL
581,2023-06-30 14:00:00+00:00,2023-06-30 22:00:00+00:00,-1,8,-0.061845771169621144,False,0.10995402426189549,0.01290644214258021,3.7158618330427746,0.43616917234204977,SOL
582,2023-07-07 14:00:00+00:00,2023-07-07 22:00:00+00:00,1,8,0.021522751433179478,False,0.006472647072925062,0.042335906410317835,0.26902271202299893,1.759607812713417,SOL
583,2023-07-26 14:00:00+00:00,2023-07-26 22:00:00+00:00,1,8,0.027318832051223405,False,0.009421265141318901,0.049063991190505446,0.8521904044997045,4.438030548108898,SOL
584,2023-08-16 14:00:00+00:00,2023-08-16 22:00:00+00:00,-1,8,0.009088178277144473,False,0.023617611371121432,0.033628011787138146,2.055469119033491,2.926686305266044,SOL
585,2023-09-05 14:00:00+00:00,2023-09-05 22:00:00+00:00,1,8,0.01584534392647757,False,0.009834420471650675,0.033617661816357336,1.0353334625146742,3.539150101453269,SOL
586,2023-09-19 14:00:00+00:00,2023-09-19 22:00:00+00:00,-1,8,-0.009731084582123184,False,0.01587141633496235,0.002166574293344224,1.3812731753036218,0.18855475091447635,SOL
587,2023-10-03 14:00:00+00:00,2023-10-03 22:00:00+00:00,1,8,-0.034729971098995636,False,0.03900432009874513,0.004073235959679087,2.127644236010249,0.22219069553271625,SOL
588,2023-10-04 14:00:00+00:00,2023-10-04 22:00:00+00:00,-1,8,-0.001688379554045526,False,0.009191017081418527,0.02267406572444289,0.5444316052806629,1.3431024979329569,SOL
589,2023-10-17 14:00:00+00:00,2023-10-17 22:00:00+00:00,-1,8,-0.01862491062276186,False,0.030201909267550894,0.0025344259525217,1.989311263562697,0.1669352109283347,SOL
590,2023-10-23 14:00:00+00:00,2023-10-23 22:00:00+00:00,-1,8,-0.031060203901872713,False,0.03886561834786781,0.012051088374648172,1.978438735691563,0.613455827056312,SOL
591,2023-11-02 14:00:00+00:00,2023-11-02 22:00:00+00:00,-1,8,0.06237232907931995,False,0.006510296426262731,0.10781235571151541,0.2373273630160038,3.9302084584565673,SOL
592,2023-11-13 15:00:00+00:00,2023-11-13 23:00:00+00:00,-1,8,0.06630762928856089,False,0.017188448220468958,0.07982008353264558,0.48128962438735834,2.2350230532297832,SOL
593,2023-11-14 15:00:00+00:00,2023-11-14 23:00:00+00:00,1,8,-0.0027873613685171312,False,0.09166986296593319,0.0036089124446459214,3.0582934898262875,0.12040067561697305,SOL
594,2023-11-17 15:00:00+00:00,2023-11-17 23:00:00+00:00,-1,8,-0.045810074339885654,False,0.04575523704520398,0.038073051890315436,1.4407551382811918,1.198856102238643,SOL
595,2023-12-18 15:00:00+00:00,2023-12-18 23:00:00+00:00,1,8,0.0449056487756723,False,0.014338880696580307,0.060529457201039284,0.7137928262549138,3.01317050064513,SOL
596,2023-12-20 15:00:00+00:00,2023-12-20 23:00:00+00:00,1,8,0.032220368192072024,False,0.0028977071417725262,0.0653186212481651,0.1738317727242267,3.918426248045677,SOL
597,2023-12-25 15:00:00+00:00,2023-12-25 23:00:00+00:00,1,8,0.0019811576739716544,False,0.02358775045232194,0.06327481069490051,0.9926618521773404,2.6628436190865146,SOL
598,2023-12-26 15:00:00+00:00,2023-12-26 23:00:00+00:00,-1,8,0.01137332263073983,False,0.005071843769570727,0.09738822097361757,0.18461398142617122,3.544909511176254,SOL
599,2023-12-27 15:00:00+00:00,2023-12-27 23:00:00+00:00,-1,8,0.006155013945205845,False,0.026972833117723128,0.03130659767141014,1.010670989735118,1.17305697609544,SOL
600,2024-01-03 15:00:00+00:00,2024-01-03 23:00:00+00:00,-1,8,-0.02668895499517126,False,0.06854463010124863,0.016502060169368636,1.9395965313732375,0.46695618048767923,SOL
601,2024-01-04 15:00:00+00:00,2024-01-04 23:00:00+00:00,1,8,0.023057899222713767,False,0.007994526974198573,0.05844409695074281,0.33664546856403194,2.4610512249546668,SOL
602,2024-01-05 15:00:00+00:00,2024-01-05 23:00:00+00:00,-1,8,-0.01926593966487616,False,0.028029712315836983,0.025321131037879134,1.1784772524214553,1.0645980450132344,SOL
603,2024-02-08 15:00:00+00:00,2024-02-08 23:00:00+00:00,1,8,-0.018174039212220567,False,0.025909914400467672,0.0057897108020284445,2.3899867048034342,0.53405548268639,SOL
604,2024-02-12 15:00:00+00:00,2024-02-12 23:00:00+00:00,1,8,0.044620481870387946,False,0.004810352102770791,0.04924750339912804,0.43111885967758706,4.413715888940996,SOL
605,2024-02-13 15:00:00+00:00,2024-02-13 23:00:00+00:00,-1,8,-0.02118980564350253,False,0.03504432825642191,0.015221641282109502,2.3232071594639625,1.009094132055697,SOL
606,2024-02-14 15:00:00+00:00,2024-02-14 23:00:00+00:00,1,8,-0.008682630597871738,False,0.024450603001872916,0.0016187400947514049,1.8470066882134382,0.12228016549350863,SOL
607,2024-02-16 15:00:00+00:00,2024-02-16 23:00:00+00:00,-1,8,-0.0006694175284840062,False,0.005753299954483432,0.01684114701866176,0.41933479758783193,1.2274831891415832,SOL
608,2024-02-21 15:00:00+00:00,2024-02-21 23:00:00+00:00,-1,8,-0.029593130607310725,False,0.03448072789376054,0.01597911329662456,2.1480070231054462,0.9954328020539885,SOL
609,2024-02-26 15:00:00+00:00,2024-02-26 23:00:00+00:00,1,8,0.05704981595965531,False,0.003957108801189167,0.07101562575402215,0.3497748076293114,6.277178133015614,SOL
610,2024-03-05 15:00:00+00:00,2024-03-05 23:00:00+00:00,1,8,-0.11459644309811454,False,0.24250260414769714,0.042700737902550204,13.02244799737471,2.2930398654474318,SOL
611,2024-03-07 15:00:00+00:00,2024-03-07 23:00:00+00:00,1,8,-0.024891565622168974,False,0.02612378113747032,0.009015873872172772,1.0602388586403786,0.3659110361389174,SOL
612,2024-03-14 14:00:00+00:00,2024-03-14 22:00:00+00:00,-1,8,-0.018110736077509723,False,0.02425403383194528,0.04348191606266768,1.1523659622953188,2.0659276882843165,SOL
613,2024-03-15 14:00:00+00:00,2024-03-15 22:00:00+00:00,1,8,-0.016322558658999505,False,0.03817233492933171,0.03794746916322519,1.043228379912044,1.0370829253752105,SOL
614,2024-04-05 14:00:00+00:00,2024-04-05 22:00:00+00:00,1,8,-0.0010182282461926528,False,0.014608757255816172,0.013494675259381111,0.7955450192692032,0.7348757667242244,SOL
615,2024-04-10 14:00:00+00:00,2024-04-10 22:00:00+00:00,-1,8,-0.04197025690448591,False,0.04363539985061321,0.006860949810857107,2.929687343592583,0.4606452076686888,SOL
616,2024-04-12 14:00:00+00:00,2024-04-12 22:00:00+00:00,-1,8,0.09374177840603748,False,0.0047833779106824644,0.16603622976893243,0.4106909439761151,14.255527623220786,SOL
617,2024-04-16 14:00:00+00:00,2024-04-16 22:00:00+00:00,-1,8,-0.04172884698207917,False,0.045734135260790766,0.04138825474595935,1.5564823091070366,1.4085777712764656,SOL
618,2024-05-03 14:00:00+00:00,2024-05-03 22:00:00+00:00,1,8,-0.00024990280055367975,False,0.015061168500321848,0.014585257971501382,0.8477919114505671,0.8210029477058529,SOL
619,2024-05-15 14:00:00+00:00,2024-05-15 22:00:00+00:00,1,8,0.02982218138443416,False,0.0004176195684597009,0.039992045341553255,0.028956664946343195,2.772945390814631,SOL
620,2024-05-23 14:00:00+00:00,2024-05-23 22:00:00+00:00,-1,8,-0.04634751046782809,False,0.058305567388095086,0.03952197837465643,3.7245480134460864,2.5246560943825345,SOL
621,2024-06-11 14:00:00+00:00,2024-06-11 22:00:00+00:00,-1,8,0.011114911713167197,False,0.011049906429577459,0.04035100480746979,0.8985062112485565,3.2810801322793064,SOL
622,2024-06-12 14:00:00+00:00,2024-06-12 22:00:00+00:00,1,8,-0.02639389446735037,False,0.051019254681789035,0.008697891153899235,3.4883248818373724,0.5946984196633102,SOL
623,2024-06-18 14:00:00+00:00,2024-06-18 22:00:00+00:00,-1,8,-0.02797357248417792,False,0.0312351013110845,0.028977949940405354,1.640403391442643,1.5218624356575081,SOL
624,2024-06-20 14:00:00+00:00,2024-06-20 22:00:00+00:00,-1,8,0.00772418738486429,False,0.00663528190680958,0.022871334840790153,0.43588724781963883,1.5024716866185044,SOL
625,2024-06-24 14:00:00+00:00,2024-06-24 22:00:00+00:00,1,8,0.014077463970422005,False,0.030849983330619814,0.017793594306049723,2.109808273685551,1.2168911756994965,SOL
626,2024-06-27 14:00:00+00:00,2024-06-27 22:00:00+00:00,1,8,0.011278668883397049,False,0.009874223612979181,0.02222883057021774,0.6935011263132608,1.5612082165943093,SOL
627,2024-07-05 14:00:00+00:00,2024-07-05 22:00:00+00:00,1,8,0.010405142084844488,False,0.017989314617633177,0.024864929853695903,0.6829582286498583,0.9439886293242999,SOL
628,2024-07-12 14:00:00+00:00,2024-07-12 22:00:00+00:00,1,8,-0.005756434485140287,False,0.015349011578446432,0.01293383126901512,1.257971095347779,1.0600282503776137,SOL
629,2024-07-19 14:00:00+00:00,2024-07-19 22:00:00+00:00,1,8,0.0044983431619959645,False,0.003024169401394085,0.03351737849426311,0.20002365397450314,2.2168958243471404,SOL
630,2024-07-26 14:00:00+00:00,2024-07-26 22:00:00+00:00,1,8,-0.0037083637691725313,False,0.019560169974153427,0.002557278661234418,1.4881496865796724,0.19455932352538732,SOL
631,2024-08-05 14:00:00+00:00,2024-08-05 22:00:00+00:00,1,8,0.07052833606661235,False,0.0,0.10645630195828651,0.0,2.070686728602735,SOL
632,2024-08-12 14:00:00+00:00,2024-08-12 22:00:00+00:00,-1,8,0.003247388439378798,False,0.04287972051239379,0.017779903510231225,2.4068044645455005,0.9979717833105763,SOL
633,2024-09-11 14:00:00+00:00,2024-09-11 22:00:00+00:00,-1,8,-0.022759470537208705,False,0.03034185725202044,0.011145673332973043,2.5597702832074525,0.940297198919237,SOL
634,2024-09-20 14:00:00+00:00,2024-09-20 22:00:00+00:00,-1,8,-0.0016403971655012943,False,0.014300466038940677,0.016494789331376766,1.0805871786923467,1.2463969928099892,SOL
635,2024-10-01 14:00:00+00:00,2024-10-01 22:00:00+00:00,-1,8,0.04807794780907598,False,0.005160610162432361,0.07460433152852977,0.5315057602920952,7.683710007551739,SOL
636,2024-10-10 14:00:00+00:00,2024-10-10 22:00:00+00:00,-1,8,-0.005860349460212732,False,0.007267010092667162,0.018794241456010278,0.695343872133674,1.7983270232449857,SOL
637,2024-10-15 14:00:00+00:00,2024-10-15 22:00:00+00:00,1,8,-0.03262061197251139,False,0.052309439676930795,0.009464916708732963,4.458030821506161,0.8066400762677018,SOL
638,2024-10-21 14:00:00+00:00,2024-10-21 22:00:00+00:00,-1,8,-0.030744894100949213,False,0.0341817287593754,0.0009836468707733715,2.7590003733450206,0.0793956941969773,SOL
639,2024-10-23 14:00:00+00:00,2024-10-23 22:00:00+00:00,1,8,0.013503069267870961,False,0.026150751390368095,0.031357235830079176,2.24849661137507,2.696161095087735,SOL
640,2024-10-31 14:00:00+00:00,2024-10-31 22:00:00+00:00,-1,8,0.014940813358113205,False,0.0005817335660267267,0.02082606166375807,0.05593336670660138,2.00241452809645,SOL
641,2024-11-01 14:00:00+00:00,2024-11-01 22:00:00+00:00,1,8,-0.04631510591913365,False,0.05736756881795043,0.0061878325237105115,5.612309664709064,0.6053600142377848,SOL
642,2024-11-05 15:00:00+00:00,2024-11-05 23:00:00+00:00,1,8,0.001972654303755585,False,0.02211964992207168,0.014266874475482529,2.0093360996572223,1.2959945575024887,SOL
643,2024-11-12 15:00:00+00:00,2024-11-12 23:00:00+00:00,1,8,0.006839837318612863,False,0.03101719533336459,0.01068265941995034,1.3053196305803096,0.44956627760167756,SOL
644,2024-11-13 15:00:00+00:00,2024-11-13 23:00:00+00:00,1,8,-0.017981919907319715,False,0.04988933972703796,0.017936185909258644,2.395108878622747,0.8610881273421929,SOL
645,2024-11-14 15:00:00+00:00,2024-11-14 23:00:00+00:00,-1,8,-0.009462228472163325,False,0.03166991121029385,0.007834385831631954,1.4575375197820704,0.36056025601805536,SOL
646,2024-11-19 15:00:00+00:00,2024-11-19 23:00:00+00:00,-1,8,0.015257675889742235,False,0.021366273004214852,0.025706297208195956,1.5166062717653257,1.824666920717655,SOL
647,2024-11-21 15:00:00+00:00,2024-11-21 23:00:00+00:00,1,8,0.012128038492127548,False,0.033001072237004096,0.03363647194313161,1.9058765311334251,1.9425721081468172,SOL
648,2024-11-22 15:00:00+00:00,2024-11-22 23:00:00+00:00,-1,8,-0.007180675099950427,False,0.01834102473080111,0.007967498915315781,1.1662960975873942,0.5066490574465687,SOL
649,2024-11-25 15:00:00+00:00,2024-11-25 23:00:00+00:00,-1,8,0.020735729029436104,False,0.021714002642007887,0.04524438573315723,1.5949436554426126,3.323304650884235,SOL
650,2024-12-06 15:00:00+00:00,2024-12-06 23:00:00+00:00,1,8,-0.003958573223799684,False,0.007557944239166875,0.011882767887134752,0.44981627134885116,0.7072111377318147,SOL
651,2024-12-10 15:00:00+00:00,2024-12-10 23:00:00+00:00,1,8,-0.009187616999648842,False,0.061787116139459815,0.005957053798198993,3.0884492204874983,0.29776528358959947,SOL
652,2024-12-17 15:00:00+00:00,2024-12-17 23:00:00+00:00,-1,8,-0.009989972683538018,False,0.031173979637805282,0.022659699071988473,2.207571046969121,1.6046361800946036,SOL
653,2024-12-20 15:00:00+00:00,2024-12-20 23:00:00+00:00,1,8,0.021559031991238934,False,0.004623724489795943,0.025722789115646277,0.15199103553146323,0.8455593241060674,SOL
654,2024-12-30 15:00:00+00:00,2024-12-30 23:00:00+00:00,-1,8,-0.020165042481720748,False,0.04635055940330324,0.010069259456579577,3.640945095871819,0.7909639346204224,SOL
655,2024-12-31 15:00:00+00:00,2024-12-31 23:00:00+00:00,1,8,-0.033636503207395904,False,0.03410703425907151,0.009324954388810073,2.866329250044639,0.7836620832217168,SOL
656,2025-01-03 15:00:00+00:00,2025-01-03 23:00:00+00:00,1,8,-0.007036931926142673,False,0.011276127612761313,0.007013201320132018,0.9949590041061178,0.6188159659684376,SOL
657,2025-01-06 15:00:00+00:00,2025-01-06 23:00:00+00:00,1,8,-0.012982255429750487,False,0.01652181785261623,0.010048886474741984,1.739907097800767,1.0582448649637601,SOL
658,2025-01-10 15:00:00+00:00,2025-01-10 23:00:00+00:00,-1,8,-0.005141243223068189,False,0.02394538957922249,0.022025491973761375,1.6578789674363028,1.5249532595794897,SOL
659,2025-01-15 15:00:00+00:00,2025-01-15 23:00:00+00:00,1,8,0.04278500915844253,False,0.0002044989775050718,0.04775051124744378,0.016104714457948754,3.7604508259317844,SOL
660,2025-01-16 15:00:00+00:00,2025-01-16 23:00:00+00:00,-1,8,-0.011541115070152708,False,0.03722072419106312,0.006837442218798228,2.192850425314845,0.40282633944982144,SOL
661,2025-01-23 15:00:00+00:00,2025-01-23 23:00:00+00:00,1,8,3.402241828883985e-05,False,0.031155498965462297,0.02809167595097884,1.5468301874588082,1.394715341437958,SOL
662,2025-02-24 15:00:00+00:00,2025-02-24 23:00:00+00:00,-1,8,0.0999155088763933,False,0.002250225022502214,0.11816895975311814,0.15078443420243948,7.918336858973947,SOL
663,2025-02-25 15:00:00+00:00,2025-02-25 23:00:00+00:00,-1,8,-0.06685509092742441,False,0.0821554770318021,0.010600706713780902,2.564088753766977,0.3308501617763837,SOL
664,2025-02-28 15:00:00+00:00,2025-02-28 23:00:00+00:00,1,8,0.014649813205236763,False,0.004712078165061373,0.028064583188968272,0.19021385833401805,1.132891362136423,SOL
665,2025-03-03 15:00:00+00:00,2025-03-03 23:00:00+00:00,-1,8,0.07843320586424221,False,0.028892041790274665,0.10234747839545985,0.9670024856999586,3.4255199660844604,SOL
666,2025-03-05 15:00:00+00:00,2025-03-05 23:00:00+00:00,-1,8,-0.028416469388967146,False,0.030968468468468305,0.0137950450450451,1.3802219589999083,0.6148261453726921,SOL
667,2025-03-10 14:00:00+00:00,2025-03-10 22:00:00+00:00,-1,8,0.04752469147546042,False,0.0005604483586868949,0.07582065652522016,0.0278620342037356,3.7693351987057397,SOL
668,2025-04-07 14:00:00+00:00,2025-04-07 22:00:00+00:00,1,8,0.012713632872567788,False,0.028450704225352123,0.06272300469483574,1.028764870021045,2.2680360830827015,SOL
669,2025-04-09 14:00:00+00:00,2025-04-09 22:00:00+00:00,1,8,0.12427789693814215,False,0.004342080422880817,0.139229752690202,0.19568624948217586,6.274722130135071,SOL
670,2025-04-11 14:00:00+00:00,2025-04-11 22:00:00+00:00,1,8,0.0034198506972297547,False,0.016513152435482608,0.017757862418056596,1.103975059577857,1.1871892600485445,SOL
671,2025-04-28 14:00:00+00:00,2025-04-28 22:00:00+00:00,-1,8,0.0006814795999628185,False,0.005473342793432004,0.018717480910872424,0.4727522198428903,1.6166958629195152,SOL
672,2025-04-30 14:00:00+00:00,2025-04-30 22:00:00+00:00,-1,8,-0.04174596828417232,False,0.04771385906278894,0.001919931735760377,3.952158676412132,0.15902873958736252,SOL
673,2020-03-13 14:00:00+00:00,2020-03-13 22:00:00+00:00,1,8,-0.027758166536838387,False,0.1705676373018799,0.03391079985256177,1.7083148126437835,0.33963255054182206,BNB
674,2020-03-16 14:00:00+00:00,2020-03-16 22:00:00+00:00,1,8,0.0012743240839983962,False,0.027024105502107883,0.059344935682629045,0.5673798906229758,1.2459662398080575,BNB
675,2020-03-23 14:00:00+00:00,2020-03-23 22:00:00+00:00,1,8,-0.0010392785162972138,False,0.029029029029028944,0.013013013013013061,0.9485390137003454,0.4252071440725715,BNB
676,2020-04-13 14:00:00+00:00,2020-04-13 22:00:00+00:00,-1,8,-0.048791875929924636,False,0.05756823821339946,0.003899326479971621,2.9423983308951427,0.1993003795557046,BNB
677,2020-05-04 14:00:00+00:00,2020-05-04 22:00:00+00:00,1,8,0.0035478015168814337,False,0.010338512435753571,0.00815265552076574,0.783749625737307,0.6180425620099956,BNB
678,2020-06-25 14:00:00+00:00,2020-06-25 22:00:00+00:00,-1,8,-0.0099165896659535,False,0.010968921389396678,0.00018911933429995042,1.3283639257416937,0.022902826305892205,BNB
679,2020-07-07 14:00:00+00:00,2020-07-07 22:00:00+00:00,1,8,-0.01839952903391648,False,0.021672010450065223,0.0034437715235720126,2.064823611179172,0.3281089573928551,BNB
680,2020-07-14 14:00:00+00:00,2020-07-14 22:00:00+00:00,-1,8,-0.0015844505404351502,False,0.019739768683273845,0.003892348754448414,1.2454848960704963,0.24558857105615736,BNB
681,2020-07-27 14:00:00+00:00,2020-07-27 22:00:00+00:00,-1,8,-0.03081362417934895,False,0.04019731318219974,0.03804575986565918,3.411933446350459,3.229310376767746,BNB
682,2020-08-11 14:00:00+00:00,2020-08-11 22:00:00+00:00,-1,8,0.02734016747605244,False,0.0036390437145884485,0.05108480353770317,0.30542223568604454,4.287509612352154,BNB
683,2020-08-20 14:00:00+00:00,2020-08-20 22:00:00+00:00,1,8,-0.007196133091637361,False,0.008885821507138831,0.007203554328602924,0.7164231485914818,0.5807896398775674,BNB
684,2020-09-11 14:00:00+00:00,2020-09-11 22:00:00+00:00,1,8,0.03215195754497925,False,0.009432019440668859,0.037934017051773114,0.4972227292677763,1.9997473085398394,BNB
685,2020-09-16 14:00:00+00:00,2020-09-16 22:00:00+00:00,1,8,-0.0057432030734372586,False,0.017161077672685557,0.013900831183720324,0.6408755161912859,0.5191225475620468,BNB
686,2020-10-12 14:00:00+00:00,2020-10-12 22:00:00+00:00,1,8,0.0004578265998340284,False,0.013668831168831148,0.009740259740259763,0.9537518281889048,0.6796331317260631,BNB
687,2020-10-27 14:00:00+00:00,2020-10-27 22:00:00+00:00,1,8,-0.02230445191388792,False,0.022577023824373103,0.01184981913433961,2.1159976689621844,1.110606511333756,BNB
688,2020-11-04 15:00:00+00:00,2020-11-04 23:00:00+00:00,-1,8,-0.02992187132961894,False,0.03933276831805227,0.0004622852299867826,3.6160134681041356,0.0424996685771189,BNB
689,2020-11-05 15:00:00+00:00,2020-11-05 23:00:00+00:00,1,8,-0.003594180577200112,False,0.009212760576610392,0.009682430723653336,0.6914432517909767,0.7266932999215016,BNB
690,2020-11-09 15:00:00+00:00,2020-11-09 23:00:00+00:00,-1,8,-0.006766002668625738,False,0.016392851995964776,0.013726761781236498,1.3153708585221,1.101442411202027,BNB
691,2020-11-26 15:00:00+00:00,2020-11-26 23:00:00+00:00,-1,8,-0.021951543573478234,False,0.03130548208268418,0.04311750425740068,0.9884522599018024,1.3614099412999365,BNB
692,2020-12-01 15:00:00+00:00,2020-12-01 23:00:00+00:00,1,8,-0.019206569099327768,False,0.03216145833333332,0.004003906250000036,1.6767880355772051,0.20874992750607102,BNB
693,2020-12-14 15:00:00+00:00,2020-12-14 23:00:00+00:00,1,8,0.021303041679908423,False,0.0029199062913794357,0.025158727464095327,0.35553203993974153,3.0633632743645687,BNB
694,2020-12-16 15:00:00+00:00,2020-12-16 23:00:00+00:00,1,8,0.011083661671791586,False,0.0053016998575168214,0.016269591437754836,0.6655646082046685,2.0424513914280875,BNB
695,2021-01-12 15:00:00+00:00,2021-01-12 23:00:00+00:00,-1,8,-0.009710885214950404,False,0.03820998278829598,0.0,1.4798195349265562,0.0,BNB
696,2021-01-27 15:00:00+00:00,2021-01-27 23:00:00+00:00,-1,8,-0.029968448340391293,False,0.03875774527757574,0.0028347088779068193,2.5032577328580254,0.18308616428023,BNB
697,2021-02-08 15:00:00+00:00,2021-02-08 23:00:00+00:00,1,8,0.03991971360859145,False,0.029771588038460906,0.04693885648533914,1.1584000716807483,1.82637132580853,BNB
698,2021-02-09 15:00:00+00:00,2021-02-09 23:00:00+00:00,1,8,0.12683804478594374,False,0.003343394002215458,0.1848419255510502,0.09213485095013745,5.093741045386048,BNB
699,2021-02-10 15:00:00+00:00,2021-02-10 23:00:00+00:00,-1,8,-0.04959331628633342,False,0.09249351757639407,0.048150457872452125,1.229556494621796,0.6400849459227022,BNB
700,2021-02-11 15:00:00+00:00,2021-02-11 23:00:00+00:00,1,8,-0.03218690156101233,False,0.060236624306061234,0.006851299397868659,1.3096286384908022,0.14895685151169274,BNB
701,2021-02-12 15:00:00+00:00,2021-02-12 23:00:00+00:00,-1,8,-0.043147405080290205,False,0.06885698932985337,0.0005143164197436652,1.78166543101716,0.013307868882738313,BNB
702,2021-02-17 15:00:00+00:00,2021-02-17 23:00:00+00:00,1,8,0.12443599265501776,False,0.02109704641350211,0.19439662447257375,0.9263576876671109,8.535830277239823,BNB
703,2021-02-19 15:00:00+00:00,2021-02-19 23:00:00+00:00,1,8,0.021023429744440318,False,0.13291468316360042,0.06938861923279306,2.2834922686137347,1.1921058815814671,BNB
704,2021-02-22 15:00:00+00:00,2021-02-22 23:00:00+00:00,1,8,-0.00787509300840945,False,0.10657585460198767,0.025303992152653155,1.7303493962676664,0.41083177524610304,BNB
705,2021-02-24 15:00:00+00:00,2021-02-24 23:00:00+00:00,-1,8,-0.008189420859005602,False,0.056123131288980097,0.05043746783324755,0.8641283898030045,0.7765861751381457,BNB
706,2021-03-11 15:00:00+00:00,2021-03-11 23:00:00+00:00,1,8,-0.06189260311060349,False,0.07412203460064233,0.01020084429710974,2.872976309605832,0.3953855848867925,BNB
707,2021-03-31 14:00:00+00:00,2021-03-31 22:00:00+00:00,1,8,-0.02681844881214091,False,0.0415978999623136,0.004535353666619066,1.713712762003702,0.1868434095405497,BNB
708,2021-04-05 14:00:00+00:00,2021-04-05 22:00:00+00:00,1,8,-0.010819540479421392,False,0.020476084989631098,0.01750555806139096,1.0962850792894128,0.9372437219837482,BNB
709,2021-04-07 14:00:00+00:00,2021-04-07 22:00:00+00:00,1,8,-0.0160797967525866,False,0.05677349879758849,0.005801085665028035,1.6703564123233061,0.1706761225613944,BNB
710,2021-04-08 14:00:00+00:00,2021-04-08 22:00:00+00:00,1,8,0.010073019262701977,False,0.005640771172959228,0.03005005910769286,0.22418672954002933,1.19430912321586,BNB
711,2021-04-12 14:00:00+00:00,2021-04-12 22:00:00+00:00,-1,8,-0.03822955371015665,False,0.0681000476830378,0.0334214747063158,1.8031179559332355,0.8849165779914219,BNB
712,2021-04-13 14:00:00+00:00,2021-04-13 22:00:00+00:00,1,8,-0.021803697043937167,False,0.044960457858223134,0.0163162810584991,1.3631143803823313,0.4946781773293744,BNB
713,2021-04-14 14:00:00+00:00,2021-04-14 22:00:00+00:00,-1,8,0.02070032485736828,False,0.027570137949494533,0.06753219689824717,1.0787456576080687,2.6423539949698673,BNB
714,2021-04-16 14:00:00+00:00,2021-04-16 22:00:00+00:00,-1,8,-0.05212564002841659,False,0.0661178493826813,0.0024265832700677246,2.181047157265508,0.08004635045548761,BNB
715,2021-04-21 14:00:00+00:00,2021-04-21 22:00:00+00:00,1,8,-0.045868082844616506,False,0.04719597273821937,0.010583723435779072,1.4220571595056741,0.3188971179714572,BNB
716,2021-04-23 14:00:00+00:00,2021-04-23 22:00:00+00:00,-1,8,-0.024659053532533823,False,0.07190543544150337,0.006187108506768953,1.502872354641279,0.12931476282559226,BNB
717,2021-05-18 14:00:00+00:00,2021-05-18 22:00:00+00:00,-1,8,-0.006044958107228906,False,0.027015327705959935,0.024063908073116536,1.1115130839129772,0.9900804818831546,BNB
718,2021-05-19 14:00:00+00:00,2021-05-19 22:00:00+00:00,-1,8,-0.06886384378444248,False,0.1748281542918821,0.09512583082429134,1.6155003082171784,0.8790106469893308,BNB
719,2021-05-20 14:00:00+00:00,2021-05-20 22:00:00+00:00,1,8,-0.006254313935007177,False,0.09242839352428397,0.032129514321295086,1.347469191292785,0.4684007698107488,BNB
720,2021-05-26 14:00:00+00:00,2021-05-26 22:00:00+00:00,-1,8,-0.03502386231349181,False,0.05406611800809038,0.004742641930534213,1.4808212698254364,0.1298966026162655,BNB
721,2021-05-28 14:00:00+00:00,2021-05-28 22:00:00+00:00,1,8,-0.05937341084327504,False,0.0704900202827832,0.001704929598165684,1.8610478014295686,0.04501283256168137,BNB
722,2021-06-02 14:00:00+00:00,2021-06-02 22:00:00+00:00,1,8,0.0005728584281536234,False,0.013789706968726969,0.030411228761388735,0.624415970341792,1.3770602203073354,BNB
723,2021-06-22 14:00:00+00:00,2021-06-22 22:00:00+00:00,-1,8,-0.14088123076584247,False,0.1973010500737655,0.00863490410483385,3.7678438604132736,0.16490013816191884,BNB
724,2021-07-19 14:00:00+00:00,2021-07-19 22:00:00+00:00,-1,8,-0.005986269109608258,False,0.030202301808564036,0.0027521624133246903,2.1177379113949892,0.19297730080166797,BNB
725,2021-08-10 14:00:00+00:00,2021-08-10 22:00:00+00:00,1,8,0.011696246211201163,False,0.017399093401373536,0.018484840259493505,1.2064542706858188,1.2817400286069265,BNB
726,2021-08-11 14:00:00+00:00,2021-08-11 22:00:00+00:00,1,8,0.014844685946198732,False,0.0030416708912095426,0.03797019162526619,0.2303196720360952,2.875157239250619,BNB
727,2021-08-18 14:00:00+00:00,2021-08-18 22:00:00+00:00,1,8,-0.01916126313586151,False,0.02457561439035972,0.031225780644516136,1.3242811126742609,1.6826318512005654,BNB
728,2021-08-19 14:00:00+00:00,2021-08-19 22:00:00+00:00,1,8,0.034056262002586976,False,7.238858190775175e-05,0.03969307241271141,0.004531411096211518,2.484723751086866,BNB
729,2021-08-20 14:00:00+00:00,2021-08-20 22:00:00+00:00,1,8,0.050124798449334415,False,0.0027341865220687858,0.05422420329480956,0.24163025991331766,4.791995070549832,BNB
730,2021-08-24 14:00:00+00:00,2021-08-24 22:00:00+00:00,-1,8,0.012169064511474367,False,0.0034532671629444976,0.046732837055417746,0.23605026193335535,3.1944526465233336,BNB
731,2021-10-06 14:00:00+00:00,2021-10-06 22:00:00+00:00,1,8,-0.008584949038398427,False,0.01770904925544105,0.008568155784650651,1.2271249539345845,0.5937189298467459,BNB
732,2021-10-12 14:00:00+00:00,2021-10-12 22:00:00+00:00,1,8,0.016902435990321533,False,0.027764247442766614,0.027532298842576495,1.6213542476411678,1.6078090993734935,BNB
733,2021-11-03 14:00:00+00:00,2021-11-03 22:00:00+00:00,-1,8,-0.05137624913826695,False,0.05377974154665292,0.006082342718751666,4.79425458063411,0.5422171732652468,BNB
734,2021-11-16 15:00:00+00:00,2021-11-16 23:00:00+00:00,1,8,-0.003812419638327856,False,0.03187721369539548,0.0023444088379153084,1.6766917536631318,0.12331225066622926,BNB
735,2021-11-17 15:00:00+00:00,2021-11-17 23:00:00+00:00,-1,8,-0.009969257499130867,False,0.021418305464998122,0.010603989203210915,1.1988703433719181,0.593548737921443,BNB
736,2021-11-18 15:00:00+00:00,2021-11-18 23:00:00+00:00,-1,8,0.04792910057403401,False,0.006264359563469287,0.07316197587593336,0.4358895110725985,5.090789819862197,BNB
737,2021-11-19 15:00:00+00:00,2021-11-19 23:00:00+00:00,1,8,-0.001014317819806608,False,0.009731144830436914,0.008801088510359817,0.5781659744566007,0.5229076335350884,BNB
738,2021-11-23 15:00:00+00:00,2021-11-23 23:00:00+00:00,1,8,-0.01837841854515767,False,0.020222932573662217,0.0031965814797026413,1.4557222008742339,0.23010187122746567,BNB
739,2021-12-08 15:00:00+00:00,2021-12-08 23:00:00+00:00,1,8,0.007447400208652821,False,0.00995369587994725,0.017828776151688163,0.6955681512225577,1.2458818328349692,BNB
740,2021-12-17 15:00:00+00:00,2021-12-17 23:00:00+00:00,-1,8,-0.02631106473601636,False,0.036636927851047295,0.009290147401086152,2.609512680570404,0.6617027919498305,BNB
741,2022-01-10 15:00:00+00:00,2022-01-10 23:00:00+00:00,-1,8,-0.012260263285632744,False,0.022214260121820165,0.01815358891675616,1.719461990509319,1.4051517341796504,BNB
742,2022-01-12 15:00:00+00:00,2022-01-12 23:00:00+00:00,1,8,0.003957179593796312,False,0.006845052893590564,0.01308857083592616,0.6267667359370505,1.1984539708372048,BNB
743,2022-01-14 15:00:00+00:00,2022-01-14 23:00:00+00:00,1,8,0.022578343746634144,False,0.007376757988004875,0.02873383068982091,0.6062976071946815,2.3616408212257607,BNB
744,2022-01-19 15:00:00+00:00,2022-01-19 23:00:00+00:00,1,8,-0.0071044071021824,False,0.016589489782913348,0.003844683291558695,1.676151707497742,0.3884551332357155,BNB
745,2022-01-20 15:00:00+00:00,2022-01-20 23:00:00+00:00,1,8,-0.05481129374861833,False,0.059980105399056134,0.006963110330377285,5.4598694837127315,0.633838059330087,BNB
746,2022-01-26 15:00:00+00:00,2022-01-26 23:00:00+00:00,1,8,-0.059602033340258515,False,0.07398036635968022,0.018166177512397547,5.258568632257209,1.2912627489605601,BNB
747,2022-02-02 15:00:00+00:00,2022-02-02 23:00:00+00:00,-1,8,0.008279118394606646,False,0.011483458989563012,0.01773496820584357,1.1849535237056268,1.8300333625453478,BNB
748,2022-02-07 15:00:00+00:00,2022-02-07 23:00:00+00:00,1,8,-0.00817629075548186,False,0.013286073633661107,0.002927052366796187,1.3391278852856743,0.2950230108718805,BNB
749,2022-02-17 15:00:00+00:00,2022-02-17 23:00:00+00:00,-1,8,0.016330355907011977,False,0.005701807594322511,0.03064418294310323,0.5395739894069137,2.8999231856209584,BNB
750,2022-02-21 15:00:00+00:00,2022-02-21 23:00:00+00:00,1,8,-0.0399427034280921,False,0.046946241119711685,0.017522001908599337,3.1251540400661773,1.1664183063149314,BNB
751,2022-02-24 15:00:00+00:00,2022-02-24 23:00:00+00:00,1,8,0.04117751587674974,False,0.004878622230059273,0.08966672544524773,0.23510790787667124,4.321170041757455,BNB
752,2022-02-28 15:00:00+00:00,2022-02-28 23:00:00+00:00,1,8,0.04252833168055996,False,0.005842362438920726,0.05526343743360952,0.42585290381779745,4.028181331112914,BNB
753,2022-04-06 14:00:00+00:00,2022-04-06 22:00:00+00:00,-1,8,0.0020060822027682572,False,0.0031336965926895416,0.02238020626271601,0.2827232137629583,2.019150116202656,BNB
754,2022-04-13 14:00:00+00:00,2022-04-13 22:00:00+00:00,1,8,0.0018781853990594193,False,0.01745707082718921,0.006445321790420103,1.7371565549234542,0.6413752403055367,BNB
755,2022-04-20 14:00:00+00:00,2022-04-20 22:00:00+00:00,-1,8,0.005990816222394436,False,0.006580348900513581,0.01872322295074212,0.8157905097756367,2.3211881051530106,BNB
756,2022-04-26 14:00:00+00:00,2022-04-26 22:00:00+00:00,-1,8,0.017915001760688214,False,0.0,0.031311005755140384,0.0,4.247542486557528,BNB
757,2022-04-28 14:00:00+00:00,2022-04-28 22:00:00+00:00,-1,8,-0.018242304910609027,False,0.02109799794532566,0.004986343932446196,2.356824136618037,0.5570166308633933,BNB
758,2022-04-29 14:00:00+00:00,2022-04-29 22:00:00+00:00,1,8,-0.021608761555823197,False,0.026155231046209333,0.0006751350270053555,2.775973579065381,0.07165514974642444,BNB
759,2022-05-11 14:00:00+00:00,2022-05-11 22:00:00+00:00,-1,8,0.09386207638140057,False,0.022914080585097408,0.12758747945113555,0.5919889930613594,3.2962432512625965,BNB
760,2022-05-12 14:00:00+00:00,2022-05-12 22:00:00+00:00,-1,8,-0.009854549544915433,False,0.0737964288405034,0.013033978753861145,1.5211486334632118,0.2686663742614943,BNB
761,2022-06-21 14:00:00+00:00,2022-06-21 22:00:00+00:00,1,8,-0.028442712833472033,False,0.037299630086313186,0.005020257178086958,2.10185994525739,0.2828949631161034,BNB
762,2022-06-27 14:00:00+00:00,2022-06-27 22:00:00+00:00,-1,8,-0.011463072029301052,False,0.023074928701063018,0.006568144499178904,2.101775420501625,0.5982581721277958,BNB
763,2022-07-13 14:00:00+00:00,2022-07-13 22:00:00+00:00,-1,8,-0.03223910471356338,False,0.031803891192418055,0.0039185310065156295,2.7037357410922476,0.3331250340027645,BNB
764,2022-07-27 14:00:00+00:00,2022-07-27 22:00:00+00:00,1,8,0.03798754713095924,False,0.016917075431617256,0.041442972461472945,1.6848836139644137,4.127580177588583,BNB
765,2022-08-04 14:00:00+00:00,2022-08-04 22:00:00+00:00,1,8,0.00886955791199855,False,0.02146708054239501,0.02169580133965034,1.6106576479885435,1.6278183839640668,BNB
766,2022-08-10 14:00:00+00:00,2022-08-10 22:00:00+00:00,1,8,-0.015680755498376064,False,0.023791687891409216,0.009498696551104063,1.7050665559139966,0.6807381589732117,BNB
767,2022-08-17 14:00:00+00:00,2022-08-17 22:00:00+00:00,-1,8,0.0033969983369835266,False,0.012055631377136477,0.013777864431013222,1.208068399382462,1.380649599294253,BNB
768,2022-08-26 14:00:00+00:00,2022-08-26 22:00:00+00:00,1,8,-0.052175042392392214,False,0.05622033558392938,0.001403837154890086,6.123085323715699,0.1528951150987332,BNB
769,2022-08-29 14:00:00+00:00,2022-08-29 22:00:00+00:00,1,8,0.010207685024745205,False,0.003205699020480774,0.019519145146927937,0.31276943611236796,1.9044183443286948,BNB
770,2022-09-13 14:00:00+00:00,2022-09-13 22:00:00+00:00,-1,8,0.018675154989660842,False,0.004615276211950403,0.02973506200676437,0.3757940872684515,2.4211466385845224,BNB
771,2022-09-16 14:00:00+00:00,2022-09-16 22:00:00+00:00,-1,8,-0.008202843711489436,False,0.013634192054683691,0.005034728602403457,1.4742770273983836,0.5444095761552031,BNB
772,2022-09-19 14:00:00+00:00,2022-09-19 22:00:00+00:00,1,8,0.005282590907843847,False,0.009930672662544628,0.015326962713134626,0.8985822243912696,1.3868684142491405,BNB
773,2022-10-04 14:00:00+00:00,2022-10-04 22:00:00+00:00,1,8,-0.002575581633893774,False,0.011823924867403128,0.007905138339921056,1.8568293774183833,1.2414230694740216,BNB
774,2022-10-21 14:00:00+00:00,2022-10-21 22:00:00+00:00,1,8,-0.001200503764175084,False,0.007174187792729191,0.007657423239907823,1.1969604281128716,1.27758470565415,BNB
775,2022-10-25 14:00:00+00:00,2022-10-25 22:00:00+00:00,1,8,0.040973140181278185,False,0.0,0.051418825749328746,0.0,12.334234335355946,BNB
776,2022-10-28 14:00:00+00:00,2022-10-28 22:00:00+00:00,1,8,0.016075350748693977,False,0.0048551988238110435,0.029438916811980565,0.7038199940121349,4.267528273552382,BNB
777,2022-10-31 14:00:00+00:00,2022-10-31 22:00:00+00:00,-1,8,-0.0040038300626630925,False,0.013204765999263025,0.011392949269131494,0.8601149851094857,0.7420992080828294,BNB
778,2022-11-01 14:00:00+00:00,2022-11-01 22:00:00+00:00,-1,8,-0.014341935571265976,False,0.02160571142284562,0.007765531062124305,1.8535648814116459,0.6662088269421639,BNB
779,2022-11-03 14:00:00+00:00,2022-11-03 22:00:00+00:00,-1,8,-0.033772405336253544,False,0.03433635997396878,0.0005888003966655233,2.447755493338009,0.041974146546409456,BNB
780,2022-11-04 14:00:00+00:00,2022-11-04 22:00:00+00:00,1,8,0.0028280494117012738,False,0.01079944297609916,0.020234745786796272,0.7110106932388496,1.3322095094369992,BNB
781,2022-11-10 15:00:00+00:00,2022-11-10 23:00:00+00:00,1,8,-0.00098011727155604,False,0.03303381800359423,0.01921254696944942,1.0027990731182603,0.5832303214575032,BNB
782,2022-11-11 15:00:00+00:00,2022-11-11 23:00:00+00:00,-1,8,-0.008271590235024395,False,0.010039390664761026,0.023425244884442524,0.42684445803459287,0.9959704020807222,BNB
783,2022-12-13 15:00:00+00:00,2022-12-13 23:00:00+00:00,1,8,-0.02575331581704971,False,0.04365464010052064,0.0020463112547118765,2.4078297933330157,0.11286702156248353,BNB
784,2022-12-22 15:00:00+00:00,2022-12-22 23:00:00+00:00,-1,8,-0.021389157133391932,False,0.026003156932790525,0.0030738556118634587,3.6833590085451755,0.43541304573857303,BNB
785,2023-01-25 15:00:00+00:00,2023-01-25 23:00:00+00:00,-1,8,-0.023413542457077115,False,0.0526580411610915,0.004390963330428379,4.76004966079231,0.39692330080445093,BNB
786,2023-01-30 15:00:00+00:00,2023-01-30 23:00:00+00:00,1,8,-0.017617507920835336,False,0.03275790015109139,0.001382325521586803,3.477513409828616,0.1467449230840362,BNB
787,2023-02-02 15:00:00+00:00,2023-02-02 23:00:00+00:00,-1,8,-0.004077729274674694,False,0.020847384879514413,0.014777116929302817,2.046650734256562,1.4507141969289112,BNB
788,2023-02-14 15:00:00+00:00,2023-02-14 23:00:00+00:00,1,8,-0.011193091776613005,False,0.017136928071760902,0.009237875288683573,1.3607689798793234,0.7335395282161948,BNB
789,2023-03-13 14:00:00+00:00,2023-03-13 22:00:00+00:00,1,8,0.022389674568992372,False,0.002029004789781844,0.04277541245343273,0.13072671264380853,2.7559762698349872,BNB
790,2023-03-14 14:00:00+00:00,2023-03-14 22:00:00+00:00,1,8,-0.029047575210185486,False,0.03514164395715817,0.013213765130870195,2.905257649569333,1.0924187915873933,BNB
791,2023-03-16 14:00:00+00:00,2023-03-16 22:00:00+00:00,-1,8,-0.06345340767702906,False,0.06603258250056236,0.006040936987885979,5.009357872546512,0.45827702191666253,BNB
792,2023-04-26 14:00:00+00:00,2023-04-26 22:00:00+00:00,1,8,-0.036701296934204305,False,0.062166496573844564,0.00023327015599937043,9.326583692602256,0.03499656169831296,BNB
793,2023-05-10 14:00:00+00:00,2023-05-10 22:00:00+00:00,1,8,-0.0051223771634970935,False,0.026745441839781513,0.005526967791118763,5.483820892877815,1.133236146509196,BNB
794,2023-06-02 14:00:00+00:00,2023-06-02 22:00:00+00:00,-1,8,-0.008686253111486696,False,0.009853023012209862,0.0018331205604111501,2.73798163034191,0.5093919312264055,BNB
795,2023-06-07 14:00:00+00:00,2023-06-07 22:00:00+00:00,-1,8,0.04166393411560014,False,0.0,0.05900920974450382,0.0,5.417920902755399,BNB
796,2023-06-12 14:00:00+00:00,2023-06-12 22:00:00+00:00,-1,8,-0.004765046703988304,False,0.017316956729308663,0.014582700403628251,0.9718514224674727,0.81840119786734,BNB
797,2023-06-30 14:00:00+00:00,2023-06-30 22:00:00+00:00,-1,8,-0.02556045515979794,False,0.029614500893540886,0.00510594842992093,2.6640131940783203,0.45931261966868386,BNB
798,2023-08-16 14:00:00+00:00,2023-08-16 22:00:00+00:00,-1,8,0.002721330055114481,False,0.011393928970676658,0.010662997678218326,2.2908262813686044,2.1438676142619735,BNB
799,2023-08-22 14:00:00+00:00,2023-08-22 22:00:00+00:00,-1,8,-0.003362106748394939,False,0.024562763432004232,0.01826461896225963,3.398021464504437,2.5267339095033092,BNB
800,2023-10-17 14:00:00+00:00,2023-10-17 22:00:00+00:00,-1,8,-0.004199143634814949,False,0.016857400636307435,0.0006647988983333244,2.857559216735779,0.11269247615297275,BNB
801,2023-10-23 14:00:00+00:00,2023-10-23 22:00:00+00:00,-1,8,-0.026489120861357858,False,0.02770032454175619,9.142021300914308e-05,3.96138337986234,0.013073872540806487,BNB
802,2023-10-31 14:00:00+00:00,2023-10-31 22:00:00+00:00,-1,8,0.0007577474239172706,False,0.003493411161227649,0.012249049261519334,0.5918642181907606,2.0752707397320935,BNB
803,2023-11-06 15:00:00+00:00,2023-11-06 23:00:00+00:00,1,8,8.893714706274185e-05,False,0.018743369091123462,0.0034578961845258965,1.9902891259917033,0.36718122240517526,BNB
804,2023-11-09 15:00:00+00:00,2023-11-09 23:00:00+00:00,1,8,-0.022232020797347683,False,0.05844795648918135,0.010365348993024175,6.6157431023748,1.1732572056133446,BNB
805,2023-11-10 15:00:00+00:00,2023-11-10 23:00:00+00:00,-1,8,-0.00968423247707692,False,0.012547604730406992,0.005612347163760182,1.0916660063581165,0.48828511466496055,BNB
806,2023-11-14 15:00:00+00:00,2023-11-14 23:00:00+00:00,1,8,-0.01825474275993511,False,0.05564787419446354,0.0008916629514043646,5.877702266852826,0.09418022568882856,BNB
807,2023-11-17 15:00:00+00:00,2023-11-17 23:00:00+00:00,-1,8,-0.015876371589696747,False,0.014373886748684806,0.012261298206370938,1.6358213246075082,1.3953980175326337,BNB
808,2023-11-21 15:00:00+00:00,2023-11-21 23:00:00+00:00,-1,8,0.12369350509155747,False,0.06289504486929381,0.12563402262973083,4.127476376130823,8.2447108753978,BNB
809,2023-12-18 15:00:00+00:00,2023-12-18 23:00:00+00:00,1,8,0.006023613590987779,False,0.008673790069138878,0.011481248690550935,1.0054205411919594,1.3308465134618157,BNB
810,2023-12-26 15:00:00+00:00,2023-12-26 23:00:00+00:00,1,8,-0.023243098229795818,False,0.056547222592247114,0.0012987877980552925,3.301190829936257,0.07582240422115935,BNB
811,2024-01-02 15:00:00+00:00,2024-01-02 23:00:00+00:00,-1,8,-0.0003713610837676282,False,0.0036230722370066224,0.02241174773157206,0.4180337253914599,2.5858900358286023,BNB
812,2024-01-03 15:00:00+00:00,2024-01-03 23:00:00+00:00,-1,8,-0.025171449142662814,False,0.04051869098434863,0.001519855128702714,1.8638663354499148,0.06991358161704013,BNB
813,2024-02-13 15:00:00+00:00,2024-02-13 23:00:00+00:00,-1,8,-0.01096744995326746,False,0.009052448205064472,0.005786100914577107,1.3246525796923267,0.84668515403012,BNB
814,2024-02-15 15:00:00+00:00,2024-02-15 23:00:00+00:00,1,8,-0.035909258563676064,False,0.03987341772151886,0.00825536598789213,3.7979812937170028,0.7863315307902723,BNB
815,2024-02-26 15:00:00+00:00,2024-02-26 23:00:00+00:00,1,8,0.009152300837742332,False,0.007428298038425676,0.01981718832624079,0.8136710198485667,2.1707087885451695,BNB
816,2024-02-27 15:00:00+00:00,2024-02-27 23:00:00+00:00,-1,8,-0.0049063176407643,False,0.004841694339526904,0.013891353392988462,0.5661237675986209,1.624271333214924,BNB
817,2024-02-28 15:00:00+00:00,2024-02-28 23:00:00+00:00,1,8,-0.0047539718325884765,False,0.03340105451555169,0.03255453973782237,3.1671876669229078,3.0869186094701266,BNB
818,2024-03-14 14:00:00+00:00,2024-03-14 22:00:00+00:00,-1,8,-0.012690204628701324,False,0.01788029295395236,0.04781547268288591,1.09106427953752,2.9177236853922457,BNB
819,2024-03-18 14:00:00+00:00,2024-03-18 22:00:00+00:00,-1,8,0.00233042077813377,False,0.008649895480429735,0.02647228429323135,0.450602545973474,1.3790315417396273,BNB
820,2024-03-22 14:00:00+00:00,2024-03-22 22:00:00+00:00,-1,8,0.020266845138214664,False,0.01760888037170287,0.03368105147072116,1.0401927091003005,1.9896088470778828,BNB
821,2024-05-03 14:00:00+00:00,2024-05-03 22:00:00+00:00,1,8,0.012811908966782332,False,0.006551467147338635,0.022288853839887712,0.6995516926826092,2.379956287803817,BNB
822,2024-05-14 14:00:00+00:00,2024-05-14 22:00:00+00:00,-1,8,0.010283981123480649,False,0.0002962911321806314,0.024452732849972066,0.04697201845546767,3.876573052531581,BNB
823,2024-05-15 14:00:00+00:00,2024-05-15 22:00:00+00:00,1,8,0.012679321149746407,False,0.0024822510371644425,0.0178965092259889,0.313997571662378,2.2638566180692,BNB
824,2024-05-23 14:00:00+00:00,2024-05-23 22:00:00+00:00,-1,8,-0.011917083752894086,False,0.01281123213413918,0.02740694601100987,1.205549375975255,2.579020215621167,BNB
825,2024-06-06 14:00:00+00:00,2024-06-06 22:00:00+00:00,1,8,-0.019288328044502197,False,0.030699379347690275,0.00024992710459442383,3.1795910679193664,0.02588540896541504,BNB
826,2024-06-12 14:00:00+00:00,2024-06-12 22:00:00+00:00,1,8,-0.011723108079147278,False,0.02704169593257144,0.012770576591533106,2.3807655855254146,1.1243284937546194,BNB
827,2024-07-05 14:00:00+00:00,2024-07-05 22:00:00+00:00,1,8,0.003180840471318548,False,0.01458789204959881,0.012683361698678966,0.6479196896785652,0.563330174637197,BNB
828,2024-07-15 14:00:00+00:00,2024-07-15 22:00:00+00:00,1,8,0.007977505332851399,False,0.003364230519878875,0.015559566154439198,0.40092936539097446,1.8542983149331855,BNB
829,2024-08-12 14:00:00+00:00,2024-08-12 22:00:00+00:00,-1,8,-0.021340091296693627,False,0.04061780354164997,0.006988009211466764,3.2486845588449604,0.5589134724894638,BNB
830,2024-08-14 14:00:00+00:00,2024-08-14 22:00:00+00:00,-1,8,-0.0069698553760791475,False,0.013752115710109423,0.00928989075242331,1.6771737645197107,1.132971927640556,BNB
831,2024-10-01 14:00:00+00:00,2024-10-01 22:00:00+00:00,-1,8,0.03233307708235715,False,0.003957714024379519,0.056991081951065024,0.5281444854368855,7.605280590291145,BNB
832,2024-10-09 14:00:00+00:00,2024-10-09 22:00:00+00:00,-1,8,0.009308495407173309,False,0.01382528448515131,0.018439494865389944,1.980710544094888,2.641775794696183,BNB
833,2024-10-15 14:00:00+00:00,2024-10-15 22:00:00+00:00,1,8,-0.013792610578325853,False,0.03494529357721533,0.0028230184581977025,4.699670606452186,0.37965790272009875,BNB
834,2024-10-21 14:00:00+00:00,2024-10-21 22:00:00+00:00,-1,8,-0.007083420835085685,False,0.0075616585349497925,0.008383213453380951,1.119521741916029,1.2411549245188507,BNB
835,2024-11-01 14:00:00+00:00,2024-11-01 22:00:00+00:00,1,8,-0.024954367509712645,False,0.02951537330278052,0.0011628304661583223,4.459213294214012,0.1756816361567679,BNB
836,2024-11-05 15:00:00+00:00,2024-11-05 23:00:00+00:00,1,8,-0.0061136785335740955,False,0.015722938235087087,0.007060356363124147,2.59683468030823,1.16610381500962,BNB
837,2024-11-12 15:00:00+00:00,2024-11-12 23:00:00+00:00,1,8,0.005838867239591141,False,0.022269807280514038,0.008105321595685461,1.0929103433981193,0.3977757731313568,BNB
838,2024-11-13 15:00:00+00:00,2024-11-13 23:00:00+00:00,1,8,-0.03642576646603827,False,0.051709274440038255,0.0019279299048574714,3.148684538211905,0.11739563449532281,BNB
839,2024-11-14 15:00:00+00:00,2024-11-14 23:00:00+00:00,-1,8,-0.014635595924441035,False,0.026330154448832768,0.005876119834312635,1.358733754908071,0.30322960627826234,BNB
840,2024-11-15 15:00:00+00:00,2024-11-15 23:00:00+00:00,-1,8,-0.01766469605709515,False,0.018069916297390434,0.009305760709010274,1.3549719448778772,0.6977920915038616,BNB
841,2024-11-22 15:00:00+00:00,2024-11-22 23:00:00+00:00,-1,8,-0.015841329284563475,False,0.017774692454231363,0.0014691162700590362,1.7664838549014477,0.14600366103181314,BNB
842,2024-11-25 15:00:00+00:00,2024-11-25 23:00:00+00:00,-1,8,0.0008890337484611333,False,0.020735817262685013,0.021718779254821134,1.3927173545896125,1.4587378160938478,BNB
843,2024-11-27 15:00:00+00:00,2024-11-27 23:00:00+00:00,1,8,0.01457401753854604,False,0.004416961130741978,0.020854366481575008,0.41598252854045564,1.9640317954660447,BNB
844,2024-12-06 15:00:00+00:00,2024-12-06 23:00:00+00:00,1,8,0.011435295753457751,False,0.006139285911373607,0.030241156669057943,0.41844287707795746,2.0611837900109475,BNB
845,2025-01-09 15:00:00+00:00,2025-01-09 23:00:00+00:00,-1,8,-0.00322650161404242,False,0.01687431693989077,0.01828779599271396,1.8550806238701698,2.0104716605846686,BNB
846,2025-01-15 15:00:00+00:00,2025-01-15 23:00:00+00:00,1,8,0.009899771946207437,False,0.006931719719890336,0.014488430562065944,1.122587391313466,2.346391678565044,BNB
847,2025-01-16 15:00:00+00:00,2025-01-16 23:00:00+00:00,-1,8,-0.010835724355224684,False,0.01985019793238979,0.0011818984421724731,2.696504946545368,0.16055230313003996,BNB
848,2025-01-23 15:00:00+00:00,2025-01-23 23:00:00+00:00,1,8,-0.002387872907992759,False,0.014631319716065348,0.004244531363175524,2.2706394212847845,0.6587102479568934,BNB
849,2025-01-27 15:00:00+00:00,2025-01-27 23:00:00+00:00,1,8,0.016726938730435896,False,0.014073096081137843,0.02059953189701737,1.4685005024833382,2.1495215244239096,BNB
850,2025-02-28 15:00:00+00:00,2025-02-28 23:00:00+00:00,1,8,0.0026150141511066824,False,0.0006524277178767068,0.01883455806606674,0.04513884684607364,1.3030872365823203,BNB
851,2025-03-03 15:00:00+00:00,2025-03-03 23:00:00+00:00,-1,8,0.014444435303937252,False,0.016467346001394875,0.035435415000935715,1.364499856869346,2.936211985391393,BNB
852,2025-03-10 14:00:00+00:00,2025-03-10 22:00:00+00:00,-1,8,0.030345091414979812,False,0.0007719928186713644,0.0615619389587073,0.07088130243247262,5.652371768394806,BNB
853,2025-04-07 14:00:00+00:00,2025-04-07 22:00:00+00:00,1,8,0.003266691038769688,False,0.015617963359933635,0.023129717363500498,0.8524508733972642,1.262453196588345,BNB
854,2025-04-09 14:00:00+00:00,2025-04-09 22:00:00+00:00,1,8,0.03842731223676592,False,0.003742848485928712,0.04418343522198649,0.34179412199832476,4.034798230637318,BNB
855,2025-04-30 14:00:00+00:00,2025-04-30 22:00:00+00:00,-1,8,-0.012047816330273842,False,0.013283983166860854,0.0011661511940375103,2.783531876586877,0.24435585176146582,BNB
856,2020-02-25 15:00:00+00:00,2020-02-25 23:00:00+00:00,-1,8,0.006361641552473575,False,0.005784805244890095,0.03393752410335509,0.44848296030886037,2.6311000338119706,XRP
857,2020-02-26 15:00:00+00:00,2020-02-26 23:00:00+00:00,-1,8,0.01515096213409878,False,0.0,0.06083650190114067,0.0,2.891999885372415,XRP
858,2020-03-12 14:00:00+00:00,2020-03-12 22:00:00+00:00,1,8,0.00017940907819211517,False,0.042378241619228235,0.07273877292852632,0.7924590428329936,1.3601908944148444,XRP
859,2020-03-13 14:00:00+00:00,2020-03-13 22:00:00+00:00,1,8,-0.019598560606152178,False,0.14689265536723167,0.03452605147520405,1.9399171370079533,0.45596342963862185,XRP
860,2020-03-16 14:00:00+00:00,2020-03-16 22:00:00+00:00,1,8,0.01757430686563221,False,0.013768115942029077,0.05652173913043479,0.33618220310383434,1.3801164127420475,XRP
861,2020-03-23 14:00:00+00:00,2020-03-23 22:00:00+00:00,1,8,0.008230859478954002,False,0.019846350832266272,0.01728553137003846,0.9039556623576255,0.7873162220534201,XRP
862,2020-04-23 14:00:00+00:00,2020-04-23 22:00:00+00:00,1,8,0.01125408002309717,False,0.001031991744066077,0.029411764705882408,0.10565229941736132,3.011090533394717,XRP
863,2020-05-01 14:00:00+00:00,2020-05-01 22:00:00+00:00,-1,8,-0.00393201175532426,False,0.007823285780027644,0.017487344684767592,0.4706309968023915,1.0519986987347525,XRP
864,2020-05-04 14:00:00+00:00,2020-05-04 22:00:00+00:00,1,8,-0.0024869406014970874,False,0.020045558086560306,0.0009111617312073154,1.351011413069879,0.06140960968499643,XRP
865,2020-06-11 14:00:00+00:00,2020-06-11 22:00:00+00:00,-1,8,0.028379966815381193,False,0.002028397565922979,0.0684584178498985,0.3166186864975225,10.685880669291068,XRP
866,2020-07-23 14:00:00+00:00,2020-07-23 22:00:00+00:00,1,8,-0.009030838082021193,False,0.015789473684210513,0.008133971291866063,1.921736956626622,0.989985704928871,XRP
867,2020-08-17 14:00:00+00:00,2020-08-17 22:00:00+00:00,1,8,0.026990244138278694,False,0.018742058449809453,0.043519695044472645,1.195589654799941,2.776199706908328,XRP
868,2020-09-02 14:00:00+00:00,2020-09-02 22:00:00+00:00,-1,8,-0.01185564281514856,False,0.013873676524279028,0.02409638554216866,0.6646551628739438,1.154401072359999,XRP
869,2020-10-05 14:00:00+00:00,2020-10-05 22:00:00+00:00,1,8,-0.003955423889876206,False,0.018643395477984857,0.00595001983339945,1.7128053750438992,0.5466400133118853,XRP
870,2020-10-08 14:00:00+00:00,2020-10-08 22:00:00+00:00,1,8,0.014049687925338485,False,0.002020202020202022,0.022222222222222244,0.24512129409160302,2.6963342350076336,XRP
871,2020-10-12 14:00:00+00:00,2020-10-12 22:00:00+00:00,1,8,0.008869682781950917,False,0.0035266457680249077,0.011755485893416939,0.4505211152057496,1.5017370506859062,XRP
872,2020-10-13 14:00:00+00:00,2020-10-13 22:00:00+00:00,-1,8,-0.010061813399782687,False,0.009426551453260068,0.007462686567164229,1.032495107855538,0.8173919603856352,XRP
873,2020-10-14 14:00:00+00:00,2020-10-14 22:00:00+00:00,1,8,-0.028104861367233374,False,0.03642773207990611,0.00039169604386991375,4.332767677830322,0.04658889976161109,XRP
874,2020-10-21 14:00:00+00:00,2020-10-21 22:00:00+00:00,1,8,0.005047803469560129,False,0.003972983710766789,0.016289233214144015,0.44852760228059113,1.8389631693504438,XRP
875,2020-11-03 15:00:00+00:00,2020-11-03 23:00:00+00:00,1,8,-0.008277603953803801,False,0.020798668885191367,0.00041597337770378116,1.5384071899912102,0.030768143799820787,XRP
876,2020-11-05 15:00:00+00:00,2020-11-05 23:00:00+00:00,1,8,0.0011976561565045021,False,0.014657980456026138,0.007328990228013013,1.4634721319851443,0.7317360659925665,XRP
877,2020-11-09 15:00:00+00:00,2020-11-09 23:00:00+00:00,-1,8,-0.011998395847203691,False,0.016545601291364086,0.009281678773204183,1.4734497587230757,0.8265693768446469,XRP
878,2020-11-16 15:00:00+00:00,2020-11-16 23:00:00+00:00,1,8,0.009027287578488842,False,0.01656679591117371,0.021854071201973857,1.5340828361131715,2.023683741255675,XRP
879,2020-11-17 15:00:00+00:00,2020-11-17 23:00:00+00:00,-1,8,-0.008782646762492399,False,0.011639507815098114,0.014632524110409094,0.7047206140647765,0.8859344862528641,XRP
880,2020-11-18 15:00:00+00:00,2020-11-18 23:00:00+00:00,-1,8,-0.02367573890995672,False,0.02229965156794431,0.014634146341463351,1.2312006908200093,0.8079754533506255,XRP
881,2020-11-23 15:00:00+00:00,2020-11-23 23:00:00+00:00,1,8,0.10743783996432528,False,0.04919845218352671,0.11756034641606797,1.164165397056236,2.781788476860978,XRP
882,2020-11-24 15:00:00+00:00,2020-11-24 23:00:00+00:00,1,8,0.0758768400624907,False,0.024868705591597165,0.16002471424158177,0.32448957479096124,2.0880198725679247,XRP
883,2020-11-26 15:00:00+00:00,2020-11-26 23:00:00+00:00,-1,8,-0.08626652689681673,False,0.10218831559927737,0.08552499498092747,1.3192995232671771,1.1041681668208576,XRP
884,2020-11-30 15:00:00+00:00,2020-11-30 23:00:00+00:00,1,8,0.003339914680849526,False,0.03613906678865516,0.026684964928331747,1.2324944810634326,0.9100697644983111,XRP
885,2020-12-01 15:00:00+00:00,2020-12-01 23:00:00+00:00,1,8,-0.04170800713773434,False,0.0526152413471984,0.01909048579854102,1.3561858618383396,0.4920674365962118,XRP
886,2020-12-16 15:00:00+00:00,2020-12-16 23:00:00+00:00,1,8,0.0593273045456876,False,0.02007874015748029,0.06968503937007871,0.7805347474514688,2.708914711743335,XRP
887,2020-12-17 15:00:00+00:00,2020-12-17 23:00:00+00:00,1,8,-0.015049151095029755,False,0.0661446184605131,0.0969676774408531,2.184996218375496,3.203193448600858,XRP
888,2020-12-23 15:00:00+00:00,2020-12-23 23:00:00+00:00,-1,8,0.2589125044587316,False,0.014209591474245194,0.3750740082889283,0.18101320330073167,4.777994345458869,XRP
889,2021-01-06 15:00:00+00:00,2021-01-06 23:00:00+00:00,1,8,-8.315533709579996e-05,False,0.05677728908436622,0.03238704518192721,1.7401534657260254,0.9926227515761132,XRP
890,2021-02-01 15:00:00+00:00,2021-02-01 23:00:00+00:00,-1,8,0.10110328977594407,False,0.025293170843872177,0.17222349965509318,0.1682279017777444,1.1454790766502772,XRP
891,2021-04-06 14:00:00+00:00,2021-04-06 22:00:00+00:00,-1,8,-0.05923263065258391,False,0.15136036693422286,0.07349108725112061,2.489571367739336,1.2087794864023635,XRP
892,2021-04-07 14:00:00+00:00,2021-04-07 22:00:00+00:00,1,8,-0.0343954252791432,False,0.08505556132516354,0.015577941634645357,1.237965629541253,0.2267336317841126,XRP
893,2021-04-14 14:00:00+00:00,2021-04-14 22:00:00+00:00,-1,8,-0.05068749491943293,False,0.05047772533670996,0.10210659606308277,0.9675762233729243,1.9572180390690648,XRP
894,2021-04-16 14:00:00+00:00,2021-04-16 22:00:00+00:00,-1,8,-0.09700341020799655,False,0.1685910698791964,0.008009076953881072,3.1466235862120118,0.1494833057582905,XRP
895,2021-04-21 14:00:00+00:00,2021-04-21 22:00:00+00:00,1,8,-0.029774651794166718,False,0.0348972752440624,0.03606294623342553,0.9201649434199456,0.9509011419475396,XRP
896,2021-05-18 14:00:00+00:00,2021-05-18 22:00:00+00:00,-1,8,-0.004949571682012696,False,0.02489129749826712,0.04215766588947001,0.7111749904455541,1.204496376222973,XRP
897,2021-05-19 14:00:00+00:00,2021-05-19 22:00:00+00:00,-1,8,0.01090456758952198,False,0.10762602326583369,0.10797070228349864,0.9581229363045919,0.9611913844592918,XRP
898,2021-05-28 14:00:00+00:00,2021-05-28 22:00:00+00:00,1,8,-0.040665189839793205,False,0.052608359986765156,0.007499724274842868,1.5303225074906304,0.21815918345778487,XRP
899,2021-06-22 14:00:00+00:00,2021-06-22 22:00:00+00:00,-1,8,-0.06291191517457329,False,0.1411313518696069,0.016682646212847423,2.6506081325414907,0.31331916784117914,XRP
900,2021-07-09 14:00:00+00:00,2021-07-09 22:00:00+00:00,1,8,0.009130627994770886,False,0.006701771182383886,0.02967927237912869,0.46605902896480556,2.063975699701285,XRP
901,2021-07-28 14:00:00+00:00,2021-07-28 22:00:00+00:00,-1,8,-0.003763758710339681,False,0.029814893316377006,0.027977956761339608,1.0786267835213272,1.0121711049157496,XRP
902,2021-08-10 14:00:00+00:00,2021-08-10 22:00:00+00:00,1,8,0.01452719490996008,False,0.032820145602100455,0.027330230337749173,1.880214148637427,1.5657056001380796,XRP
903,2021-08-16 14:00:00+00:00,2021-08-16 22:00:00+00:00,-1,8,0.032369477127099665,False,0.008196062675773393,0.08533547609481708,0.3556500023637551,3.70294414225792,XRP
904,2021-09-29 14:00:00+00:00,2021-09-29 22:00:00+00:00,1,8,-0.04349990149671987,False,0.052240368509212785,0.010887772194304821,3.327319673036104,0.693469430853213,XRP
905,2021-10-06 14:00:00+00:00,2021-10-06 22:00:00+00:00,1,8,0.006242916782810783,False,0.005409438537586297,0.03488155194926308,0.3574216014102057,2.304753084955446,XRP
906,2021-11-03 14:00:00+00:00,2021-11-03 22:00:00+00:00,-1,8,-0.04827664354619881,False,0.04810017271157175,0.00820379965457672,2.441423059530049,0.4164007013561049,XRP
907,2021-11-10 15:00:00+00:00,2021-11-10 23:00:00+00:00,1,8,-0.09372840630841177,False,0.16958798087867064,0.026253888762425043,9.755769781889478,1.5102891921851256,XRP
908,2021-11-16 15:00:00+00:00,2021-11-16 23:00:00+00:00,1,8,-0.011169186485510872,False,0.04008647869561299,0.00306278713629389,2.195300793905264,0.16773084717477674,XRP
909,2021-11-17 15:00:00+00:00,2021-11-17 23:00:00+00:00,-1,8,-0.009108470981201988,False,0.017149179420984647,0.008297990042412058,1.0519632960054865,0.509014498067179,XRP
910,2021-11-19 15:00:00+00:00,2021-11-19 23:00:00+00:00,1,8,-0.01045916607960836,False,0.018447488584474883,0.004200913242009076,1.1461964360667136,0.2610150299953867,XRP
911,2021-11-30 15:00:00+00:00,2021-11-30 23:00:00+00:00,1,8,-0.01967986024386877,False,0.03866809881847473,0.0058588028512840595,2.824620414715228,0.42797279010836853,XRP
912,2021-12-08 15:00:00+00:00,2021-12-08 23:00:00+00:00,1,8,0.003602854341774577,False,0.0014097744360902008,0.03876879699248124,0.07487330802896856,2.0590159707966733,XRP
913,2021-12-09 15:00:00+00:00,2021-12-09 23:00:00+00:00,-1,8,0.01478011831591769,False,0.01663482072608736,0.0521524109250309,0.6192887391298698,1.941553884839602,XRP
914,2021-12-17 15:00:00+00:00,2021-12-17 23:00:00+00:00,-1,8,-0.02514493804190437,False,0.034707158351409986,0.007273191272170381,2.626573123279078,0.5504215736283291,XRP
915,2021-12-24 15:00:00+00:00,2021-12-24 23:00:00+00:00,-1,8,0.03108713315811607,False,0.00669358266043346,0.05439864003399917,0.4094441391834379,3.3275460200304954,XRP
916,2022-01-12 15:00:00+00:00,2022-01-12 23:00:00+00:00,1,8,-0.002596620192262997,False,0.01667502507522565,0.01191073219658985,1.4250017455538357,1.0178583896813198,XRP
917,2022-01-20 15:00:00+00:00,2022-01-20 23:00:00+00:00,1,8,-0.03173530381989661,False,0.03877199947068941,0.007807330951435776,5.416498710465524,1.0906942795817982,XRP
918,2022-01-26 15:00:00+00:00,2022-01-26 23:00:00+00:00,1,8,-0.03344090644882254,False,0.050290743360050336,0.034732044633034746,3.2693454009637373,2.25789166754058,XRP
919,2022-02-02 15:00:00+00:00,2022-02-02 23:00:00+00:00,-1,8,0.015618288444948227,False,0.005384238864415026,0.02936857562408226,0.5748580384035661,3.1355893003831197,XRP
920,2022-02-10 15:00:00+00:00,2022-02-10 23:00:00+00:00,-1,8,0.020266192369080116,False,0.017732962447844204,0.033379694019471544,0.8168873730216784,1.5376703492172814,XRP
921,2022-02-28 15:00:00+00:00,2022-02-28 23:00:00+00:00,1,8,0.038238009415701116,False,0.008019246190858066,0.060678962844159315,0.47589579798085313,3.600944871388452,XRP
922,2022-03-28 14:00:00+00:00,2022-03-28 22:00:00+00:00,1,8,-0.007133619171886672,False,0.025623811122300583,0.02092424751035016,2.5626622893652424,2.0926543585646207,XRP
923,2022-03-31 14:00:00+00:00,2022-03-31 22:00:00+00:00,-1,8,0.0392512827520905,False,0.00011737089201876642,0.09272300469483563,0.012237799611017069,9.667861692704543,XRP
924,2022-04-06 14:00:00+00:00,2022-04-06 22:00:00+00:00,-1,8,0.0011859841270710691,False,0.009262832883056715,0.0270165959089155,0.7123417015787453,2.077663296271347,XRP
925,2022-04-13 14:00:00+00:00,2022-04-13 22:00:00+00:00,1,8,0.005214261719886404,False,0.008233324030142361,0.011303377058331001,0.744877938994283,1.022629034890453,XRP
926,2022-04-26 14:00:00+00:00,2022-04-26 22:00:00+00:00,-1,8,0.01918730955216555,False,0.0012024650533594213,0.043739666315947716,0.09618576655407164,3.4987572584042574,XRP
927,2022-04-28 14:00:00+00:00,2022-04-28 22:00:00+00:00,-1,8,-0.009093019273214075,False,0.020357031005324166,0.00986533041027243,2.0440477759213573,0.990576999100345,XRP
928,2022-05-11 14:00:00+00:00,2022-05-11 22:00:00+00:00,-1,8,0.13611046914949193,False,0.004648214663004394,0.23072047327276574,0.08888359098337947,4.411858243356877,XRP
929,2022-05-24 14:00:00+00:00,2022-05-24 22:00:00+00:00,-1,8,-0.043080472827771846,False,0.04503816793893128,0.007124681933842302,3.180752578777244,0.5031698994675913,XRP
930,2022-06-10 14:00:00+00:00,2022-06-10 22:00:00+00:00,-1,8,0.010240731804721015,False,0.005659891947517456,0.034731155132492954,0.5095148227772185,3.126568230678339,XRP
931,2022-06-21 14:00:00+00:00,2022-06-21 22:00:00+00:00,1,8,-0.020510948231808664,False,0.026260817666368338,0.006266786034019668,1.6691019340126432,0.3983084160711958,XRP
932,2022-06-27 14:00:00+00:00,2022-06-27 22:00:00+00:00,-1,8,-0.007612038886346657,False,0.016799544419134286,0.01110478359908888,1.267172869058481,0.8376227439539197,XRP
933,2022-07-13 14:00:00+00:00,2022-07-13 22:00:00+00:00,-1,8,-0.049105120165662985,False,0.05696614583333339,0.0045572916666665264,3.918480707105758,0.3134784565684507,XRP
934,2022-07-27 14:00:00+00:00,2022-07-27 22:00:00+00:00,1,8,0.042981069620510445,False,0.017068864037669135,0.04885226603884639,1.6978668975652285,4.859412155100506,XRP
935,2022-08-10 14:00:00+00:00,2022-08-10 22:00:00+00:00,1,8,0.00725110954101559,False,0.00876959872442207,0.011427052883337683,0.9278225703530384,1.2089809250054566,XRP
936,2022-08-17 14:00:00+00:00,2022-08-17 22:00:00+00:00,-1,8,-0.020297228622366884,False,0.034874290348742815,0.0016220600162205716,2.9795543968591263,0.1385839254353061,XRP
937,2022-09-13 14:00:00+00:00,2022-09-13 22:00:00+00:00,-1,8,0.016201772684252227,False,0.0029342723004694865,0.029049295774647783,0.24182451720249082,2.3940627203046483,XRP
938,2022-10-13 14:00:00+00:00,2022-10-13 22:00:00+00:00,1,8,0.03098613855166271,False,0.010188919549989442,0.03905752494162592,0.5066893168870091,1.9423090480668548,XRP
939,2022-10-31 14:00:00+00:00,2022-10-31 22:00:00+00:00,-1,8,-0.01157670253409316,False,0.013768598711969884,0.0068842993559848804,1.2109454148491803,0.6054727074245847,XRP
940,2022-11-04 14:00:00+00:00,2022-11-04 22:00:00+00:00,1,8,0.0028044519569807936,False,0.02371382636655944,0.011856913183279664,1.5886576514462054,0.794328825723099,XRP
941,2022-11-10 15:00:00+00:00,2022-11-10 23:00:00+00:00,1,8,0.019413326451188935,False,0.0396396396396397,0.036550836550836525,1.180064195728295,1.088111141515698,XRP
942,2022-11-11 15:00:00+00:00,2022-11-11 23:00:00+00:00,-1,8,-0.01577080666701275,False,0.016724183700557546,0.02574993363419163,0.6191755011744581,0.9533337081574934,XRP
943,2022-11-14 15:00:00+00:00,2022-11-14 23:00:00+00:00,-1,8,-0.07525837155935428,False,0.09569239664642966,0.021971668112171137,3.92138452402405,0.9003783197154909,XRP
944,2022-11-24 15:00:00+00:00,2022-11-24 23:00:00+00:00,1,8,0.028054470839983213,False,0.01000256476019496,0.03821492690433436,0.853086138095955,3.259226527597347,XRP
945,2022-12-13 15:00:00+00:00,2022-12-13 23:00:00+00:00,1,8,0.0009807575287477466,False,0.01170781369305179,0.006108424535505109,1.2315492555608538,0.6425474376839055,XRP
946,2023-01-11 15:00:00+00:00,2023-01-11 23:00:00+00:00,1,8,-0.003232576079345094,False,0.013970983342289045,0.017732401934443982,1.124088474701376,1.4267276794286852,XRP
947,2023-01-23 15:00:00+00:00,2023-01-23 23:00:00+00:00,-1,8,-0.02730505637938679,False,0.04209766658648054,0.004089487611258202,2.707570016256539,0.2630210872934983,XRP
948,2023-02-09 15:00:00+00:00,2023-02-09 23:00:00+00:00,1,8,-0.0726838809040505,False,0.08042563721851034,0.009651076466221131,9.287698552337467,1.1145238262804833,XRP
949,2023-02-14 15:00:00+00:00,2023-02-14 23:00:00+00:00,1,8,0.007135226812745175,False,0.0087859424920127,0.011448349307774297,0.8998779925910921,1.1725682933762893,XRP
950,2023-02-20 15:00:00+00:00,2023-02-20 23:00:00+00:00,1,8,-0.028617160848107465,False,0.0274308106784227,0.0014695077149154774,2.922860046556412,0.15658178820837662,XRP
951,2023-02-27 15:00:00+00:00,2023-02-27 23:00:00+00:00,1,8,0.0015234400973139018,False,0.014006342494714658,0.004228329809725133,2.384195589821808,0.7197571591914812,XRP
952,2023-03-14 14:00:00+00:00,2023-03-14 22:00:00+00:00,1,8,-0.021471614875728535,False,0.03481012658227846,0.02136075949367088,2.8883188365253494,1.7723774678678286,XRP
953,2023-03-21 14:00:00+00:00,2023-03-21 22:00:00+00:00,1,8,0.11659099569855495,False,0.006906406287211273,0.17337461300309606,0.42448689638740134,10.656084847242306,XRP
954,2023-03-29 14:00:00+00:00,2023-03-29 22:00:00+00:00,-1,8,0.005269562334497102,False,0.008514492753623055,0.030615942028985554,0.34595583786276546,1.2439688638044335,XRP
955,2023-05-24 14:00:00+00:00,2023-05-24 22:00:00+00:00,-1,8,-0.005962580952716678,False,0.009775605421017585,0.010442123972450526,1.1726353256613187,1.2525877342291267,XRP
956,2023-06-13 14:00:00+00:00,2023-06-13 22:00:00+00:00,-1,8,0.005551773470169042,False,0.010091393754760036,0.03846153846153846,0.5228308647795383,1.9926761261408927,XRP
957,2023-06-30 14:00:00+00:00,2023-06-30 22:00:00+00:00,-1,8,-0.030631120270407427,False,0.03352801211334634,0.0060566731559592675,2.4402715634639556,0.44082325017412866,XRP
958,2023-09-29 14:00:00+00:00,2023-09-29 22:00:00+00:00,1,8,-0.01707253362938795,False,0.021505376344085957,0.012827768345595224,1.8785246531579112,1.1205234773222708,XRP
959,2023-10-24 14:00:00+00:00,2023-10-24 22:00:00+00:00,1,8,-0.02875708750992397,False,0.08419958419958434,0.005890505890505818,5.3493371680411235,0.37423346443085526,XRP
960,2023-10-30 14:00:00+00:00,2023-10-30 22:00:00+00:00,1,8,0.006699747230489307,False,0.012150668286755591,0.014927963895157182,1.376070887128139,1.6906013756146063,XRP
961,2023-10-31 14:00:00+00:00,2023-10-31 22:00:00+00:00,-1,8,-0.0026023669758475356,False,0.014424689701442558,0.02398523985239849,0.8345567288343445,1.38769316538733,XRP
962,2023-11-03 14:00:00+00:00,2023-11-03 22:00:00+00:00,1,8,0.0023757148963973506,False,0.010160603080957037,0.008521796132415573,0.8651286968498824,0.7255918102611911,XRP
963,2023-11-06 15:00:00+00:00,2023-11-06 23:00:00+00:00,1,8,-0.004887890832447341,False,0.028161236885698625,0.005245720596355486,1.6963073716992532,0.3159788241400485,XRP
964,2023-11-09 15:00:00+00:00,2023-11-09 23:00:00+00:00,1,8,-0.053053366996459184,False,0.14150943396226412,0.007718696397941625,9.210283072071208,0.502379076658426,XRP
965,2023-11-10 15:00:00+00:00,2023-11-10 23:00:00+00:00,-1,8,-0.029789379985327217,False,0.03418803418803422,0.001864801864801832,2.0185167274087656,0.11010091240411246,XRP
966,2023-11-17 15:00:00+00:00,2023-11-17 23:00:00+00:00,-1,8,-0.03388074644959299,False,0.03303152246814208,0.01894701542588881,2.5213464635942158,1.4462545704880685,XRP
967,2023-12-14 15:00:00+00:00,2023-12-14 23:00:00+00:00,-1,8,-0.019583881000632405,False,0.026040829448641684,0.0030541713550876273,2.322185462741963,0.2723550851364051,XRP
968,2023-12-18 15:00:00+00:00,2023-12-18 23:00:00+00:00,1,8,0.018666840165112702,False,0.007838559039359635,0.020847231487658366,0.784578032367964,2.086643703106263,XRP
969,2023-12-20 15:00:00+00:00,2023-12-20 23:00:00+00:00,1,8,-0.004320575194704375,False,0.0209542230818825,0.010477111540941428,2.761928456341242,1.3809642281706445,XRP
970,2024-01-05 15:00:00+00:00,2024-01-05 23:00:00+00:00,-1,8,-0.02455852789117535,False,0.024255395041911997,0.018726591760299543,1.8695286058052971,1.4433860559526066,XRP
971,2024-02-13 15:00:00+00:00,2024-02-13 23:00:00+00:00,-1,8,-0.017461851744578313,False,0.022591233828924372,0.003282486966595935,2.745020214401976,0.3988490909814942,XRP
972,2024-02-16 15:00:00+00:00,2024-02-16 23:00:00+00:00,-1,8,-0.012675057323888005,False,0.01806474691468431,0.012698980504382033,1.4972070136754079,1.0524920591183555,XRP
973,2024-02-20 15:00:00+00:00,2024-02-20 23:00:00+00:00,-1,8,-0.0012321050306494032,False,0.0014159292035398638,0.048849557522123825,0.1273228867781579,4.392639593846314,XRP
974,2024-03-14 14:00:00+00:00,2024-03-14 22:00:00+00:00,-1,8,-0.002426036068687922,False,0.03171278982797307,0.046372475691847465,1.9216203134853531,2.809916496134246,XRP
975,2024-04-04 14:00:00+00:00,2024-04-04 22:00:00+00:00,1,8,-0.013103884342999273,False,0.018940663761314074,0.014750251424740244,1.4506353240979766,1.1296983054922356,XRP
976,2024-04-12 14:00:00+00:00,2024-04-12 22:00:00+00:00,-1,8,0.08439214443103178,False,0.0023470243084659794,0.1773679798826488,0.29042987832515743,21.948200804859006,XRP
977,2024-05-15 14:00:00+00:00,2024-05-15 22:00:00+00:00,1,8,0.016505178850356222,False,0.0015754233950374614,0.02264671130366277,0.2049750307617438,2.946516067199971,XRP
978,2024-06-12 14:00:00+00:00,2024-06-12 22:00:00+00:00,1,8,-0.0034626483873958147,False,0.021942299878098398,0.013409183258837859,2.610690693336104,1.5954220903720575,XRP
979,2024-06-18 14:00:00+00:00,2024-06-18 22:00:00+00:00,-1,8,-0.0012832323932476235,False,0.010829587249693445,0.027584797711483474,0.6238183425212276,1.5889712498182311,XRP
980,2024-06-21 14:00:00+00:00,2024-06-21 22:00:00+00:00,-1,8,-0.0038607730989158656,False,0.015879562796452844,0.011755001031140406,1.7776460114979808,1.3159197747452573,XRP
981,2024-06-24 14:00:00+00:00,2024-06-24 22:00:00+00:00,1,8,-0.018470869151981,False,0.04118136439267883,0.00166389351081524,4.511183551682645,0.1822700424922208,XRP
982,2024-07-04 14:00:00+00:00,2024-07-04 22:00:00+00:00,-1,8,-0.0027325021854917577,False,0.002697235333782825,0.019105416947628698,0.22041804949119237,1.5612945172293082,XRP
983,2024-07-16 14:00:00+00:00,2024-07-16 22:00:00+00:00,1,8,0.038428830614199466,False,0.0034074605451937102,0.06635581061692976,0.20430349468173525,3.9785417385390316,XRP
984,2024-08-05 14:00:00+00:00,2024-08-05 22:00:00+00:00,1,8,0.0529185168300462,False,0.00021510002150997847,0.07162830716283071,0.005995865536556125,1.9966232236734092,XRP
985,2024-08-12 14:00:00+00:00,2024-08-12 22:00:00+00:00,-1,8,-0.009187499218958367,False,0.03339285714285703,0.009107142857143043,2.384973451627216,0.6504473049892562,XRP
986,2024-09-11 14:00:00+00:00,2024-09-11 22:00:00+00:00,-1,8,-0.018077507312524915,False,0.02300380228136882,0.006273764258555075,3.3128963810928846,0.9035171948435057,XRP
987,2024-09-12 14:00:00+00:00,2024-09-12 22:00:00+00:00,1,8,-0.011605543928025916,False,0.02962833099579247,0.0031556802244039686,2.3490235781117654,0.25019186039060515,XRP
988,2024-10-01 14:00:00+00:00,2024-10-01 22:00:00+00:00,-1,8,0.024526483833757058,False,0.014886731391585738,0.0666666666666667,1.3731334598729903,6.149249842039924,XRP
989,2024-10-15 14:00:00+00:00,2024-10-15 22:00:00+00:00,1,8,-0.015082077453939823,False,0.029422514619883045,0.0036549707602339214,3.4117984716028804,0.42382589709352586,XRP
990,2024-10-21 14:00:00+00:00,2024-10-21 22:00:00+00:00,-1,8,-0.006297976429855134,False,0.007533994854832768,0.005696435134141844,0.9012726385505633,0.6814500437821326,XRP
991,2024-11-07 15:00:00+00:00,2024-11-07 23:00:00+00:00,-1,8,-0.017798580717146847,False,0.025349008082292495,0.003306392358559926,2.222252788874484,0.28985905941841406,XRP
992,2024-11-12 15:00:00+00:00,2024-11-12 23:00:00+00:00,1,8,0.06915275808617614,False,0.012138468454967775,0.10954593136520296,0.35398481596376946,3.1946037095001896,XRP
993,2024-11-13 15:00:00+00:00,2024-11-13 23:00:00+00:00,1,8,-0.029724550554935135,False,0.061201572150477376,0.051516002245929185,1.8581506010824749,1.5640854830212525,XRP
994,2024-11-15 15:00:00+00:00,2024-11-15 23:00:00+00:00,1,8,-0.01014061007593511,False,0.05703296703296709,0.020109890109890092,1.6795886320754012,0.5922248933907472,XRP
995,2024-11-25 15:00:00+00:00,2024-11-25 23:00:00+00:00,-1,8,-0.025711580717519632,False,0.0978754051134317,0.01015484335613972,3.163476213342033,0.3282193863732355,XRP
996,2024-11-29 15:00:00+00:00,2024-11-29 23:00:00+00:00,1,8,0.005204587624707713,False,0.03825857519788917,0.01984627738900996,1.7761782397824684,0.9213758185378313,XRP
997,2024-12-02 15:00:00+00:00,2024-12-02 23:00:00+00:00,1,8,0.05141981490494342,False,0.013595569982814618,0.09860607217872827,0.3184516683050138,2.309669122369505,XRP
998,2024-12-03 15:00:00+00:00,2024-12-03 23:00:00+00:00,-1,8,-0.05022660709222867,False,0.0823434668814175,0.032776323736661936,1.25404709675445,0.4991659348450462,XRP
999,2025-01-15 15:00:00+00:00,2025-01-15 23:00:00+00:00,1,8,0.07292812590787849,False,0.006564475016585827,0.08177659834491426,0.32140482598766007,4.00388352373986,XRP
1000,2025-01-16 15:00:00+00:00,2025-01-16 23:00:00+00:00,-1,8,-0.003836686154067347,False,0.05763017273518088,0.0058406859699265895,1.9716442294646406,0.19982162541204646,XRP
1001,2025-01-20 15:00:00+00:00,2025-01-20 23:00:00+00:00,1,8,-0.06443470032690952,False,0.10898524810013421,0.004827894501564593,4.139042391569853,0.1833538056971056,XRP
1002,2025-01-23 15:00:00+00:00,2025-01-23 23:00:00+00:00,1,8,-0.011749135318108598,False,0.03046168491194672,0.010217356814215456,2.123618193573257,0.7122969357610295,XRP
1003,2025-01-27 15:00:00+00:00,2025-01-27 23:00:00+00:00,1,8,0.026592025771838602,False,0.025113536229919357,0.036094353690774766,1.1353191596020908,1.6317340148127206,XRP
1004,2025-02-07 15:00:00+00:00,2025-02-07 23:00:00+00:00,1,8,-0.061891311729346365,False,0.07282282282282296,0.00019756598703956173,3.398364129055692,0.009219653090216499,XRP
1005,2025-02-25 15:00:00+00:00,2025-02-25 23:00:00+00:00,-1,8,-0.07179628133144281,False,0.08763858858168085,0.008096793485761734,2.548430312742455,0.23544553020613126,XRP
1006,2025-02-28 15:00:00+00:00,2025-02-28 23:00:00+00:00,1,8,0.014258780109324517,False,0.002757833674100045,0.028339118444201464,0.12060047152151353,1.2392738108073207,XRP
1007,2025-03-03 15:00:00+00:00,2025-03-03 23:00:00+00:00,-1,8,0.05778649983037752,False,0.030621001716336405,0.10516461226400377,0.9309400451051398,3.1972157472655507,XRP
1008,2025-03-19 14:00:00+00:00,2025-03-19 22:00:00+00:00,1,8,-0.00797857479211215,False,0.026856553475087225,0.023960647413519522,1.6708591531537067,1.4906926565802672,XRP
1009,2025-04-04 14:00:00+00:00,2025-04-04 22:00:00+00:00,1,8,0.009712716175425537,False,0.019498607242339885,0.017657334403474754,1.065631867662272,0.9650031925077176,XRP
1010,2025-04-07 14:00:00+00:00,2025-04-07 22:00:00+00:00,1,8,0.02168337293015988,False,0.0173861873428556,0.07232653934627947,0.491853598336526,2.0461109690799533,XRP
1011,2025-04-09 14:00:00+00:00,2025-04-09 22:00:00+00:00,1,8,0.13600691512601656,False,0.005432396839332759,0.1462906057945566,0.22181642562405735,5.973359502158946,XRP
1012,2025-04-30 14:00:00+00:00,2025-04-30 22:00:00+00:00,-1,8,-0.03604172814759979,False,0.04322671683913468,0.001317027281279253,3.743077980186947,0.11404372518522592,XRP
1013,2020-08-21 14:00:00+00:00,2020-08-21 22:00:00+00:00,-1,8,0.0013934021321908695,False,0.01085680751173713,0.018192488262910794,0.7286666232648382,1.2210089362816159,DOGE
1014,2020-09-03 14:00:00+00:00,2020-09-03 22:00:00+00:00,-1,8,0.013679057925968852,False,0.00033658700774139987,0.039717266913497154,0.021097535281917875,2.4895091632670594,DOGE
1015,2020-09-10 14:00:00+00:00,2020-09-10 22:00:00+00:00,1,8,-0.012891479962137874,False,0.02119392440833633,0.004238784881667205,2.0668343402550673,0.4133668680510075,DOGE
1016,2020-09-21 14:00:00+00:00,2020-09-21 22:00:00+00:00,-1,8,0.003786473735069893,False,0.0015037593984962771,0.03984962406015045,0.12890116774386917,3.415880945212456,DOGE
1017,2020-10-14 14:00:00+00:00,2020-10-14 22:00:00+00:00,1,8,-0.010760347814673485,False,0.013935969868173149,0.0007532956685500059,2.9237514188735734,0.15804061723643162,DOGE
1018,2020-10-26 14:00:00+00:00,2020-10-26 22:00:00+00:00,-1,8,0.04286684202846097,False,0.0014342058085335596,0.053424166367873734,0.10832003261705785,4.034921214985302,DOGE
1019,2020-11-05 15:00:00+00:00,2020-11-05 23:00:00+00:00,1,8,0.004002148112325721,False,0.00912547528517116,0.0083650190114068,1.3837068875922083,1.2683979802928431,DOGE
1020,2020-11-09 15:00:00+00:00,2020-11-09 23:00:00+00:00,-1,8,0.008151428924671323,False,0.0055679287305121835,0.012249443207126964,0.5177675501386565,1.139088610305059,DOGE
1021,2020-11-10 15:00:00+00:00,2020-11-10 23:00:00+00:00,1,8,-0.0015597465604308615,False,0.008963786303334475,0.015417712441735416,0.5932383080469386,1.020369889840742,DOGE
1022,2020-11-16 15:00:00+00:00,2020-11-16 23:00:00+00:00,1,8,-0.03459399234310462,False,0.043463724506854005,0.01972584419926447,3.4080697372384443,1.5467393422851368,DOGE
1023,2020-11-18 15:00:00+00:00,2020-11-18 23:00:00+00:00,-1,8,-0.022239165033150984,False,0.02661996497373034,0.002802101576182053,1.5769509331831129,0.1659948350719014,DOGE
1024,2020-11-26 15:00:00+00:00,2020-11-26 23:00:00+00:00,-1,8,-0.027064464659511893,False,0.0435331230283912,0.06845425867507891,0.8663178451374521,1.3622534231509211,DOGE
1025,2020-12-01 15:00:00+00:00,2020-12-01 23:00:00+00:00,1,8,-0.020467973266782808,False,0.03684210526315784,0.011111111111111191,1.5859148744455152,0.4782917875311912,DOGE
1026,2020-12-17 15:00:00+00:00,2020-12-17 23:00:00+00:00,1,8,0.0023606269807316194,False,0.019394261424017043,0.0996280552603614,1.3024787999910479,6.690815753378663,DOGE
1027,2020-12-21 15:00:00+00:00,2020-12-21 23:00:00+00:00,1,8,0.014024551475944978,False,0.060288065843621376,0.045267489711934276,1.1198508788057204,0.8408436632670964,DOGE
1028,2020-12-23 15:00:00+00:00,2020-12-23 23:00:00+00:00,-1,8,0.0971501462908378,False,0.0014347202295552197,0.14371114299378288,0.040728549262316505,4.079643017775418,DOGE
1029,2021-01-11 15:00:00+00:00,2021-01-11 23:00:00+00:00,-1,8,-0.01651091921450614,False,0.013921113689095068,0.1867138844791794,0.22438688162143583,3.0095398420980426,DOGE
1030,2021-01-14 15:00:00+00:00,2021-01-14 23:00:00+00:00,1,8,-0.020606454827681014,False,0.06081577015833078,0.059976931949250245,2.4780377639877336,2.443857932760312,DOGE
1031,2021-01-28 15:00:00+00:00,2021-01-28 23:00:00+00:00,1,8,0.4353116945173878,False,0.14335921999886628,0.5552973187461028,1.9221943424630028,7.445557840556574,DOGE
1032,2021-01-29 15:00:00+00:00,2021-01-29 23:00:00+00:00,-1,8,0.00893445718567067,False,0.1296033465302159,0.2753977739598117,0.5377382738763578,1.142655090036692,DOGE
1033,2021-04-01 14:00:00+00:00,2021-04-01 22:00:00+00:00,-1,8,0.034033616321782825,False,0.015811111652772953,0.07481434537447804,0.43354244814231113,2.051417709401041,DOGE
1034,2021-04-06 14:00:00+00:00,2021-04-06 22:00:00+00:00,1,8,-0.038280397028101654,False,0.09649163106231147,0.0044409733388462444,4.415981577389769,0.20324308164466381,DOGE
1035,2021-04-14 14:00:00+00:00,2021-04-14 22:00:00+00:00,-1,8,0.04150133299088016,False,0.04403394830528772,0.18063803662030561,0.5964653456159557,2.4468468781660446,DOGE
1036,2021-04-16 14:00:00+00:00,2021-04-16 22:00:00+00:00,1,8,-0.09058744500950844,False,0.2129195442977366,0.061709247799815646,2.3238768093155717,0.6735158595012265,DOGE
1037,2021-04-19 14:00:00+00:00,2021-04-19 22:00:00+00:00,-1,8,-0.07172017975656719,False,0.10044804513960202,0.07957800525331568,1.3268358229829829,1.051159810475985,DOGE
1038,2021-04-23 14:00:00+00:00,2021-04-23 22:00:00+00:00,-1,8,-0.07971564561838027,False,0.12244388914335987,0.0,1.3158671853497768,0.0,DOGE
1039,2021-05-04 14:00:00+00:00,2021-05-04 22:00:00+00:00,1,8,-0.0687945459621874,False,0.13793402086140785,0.0627990036963005,3.2596296268627283,1.484053692537545,DOGE
1040,2021-05-19 14:00:00+00:00,2021-05-19 22:00:00+00:00,-1,8,-0.020453361867342305,False,0.22651552205311168,0.12311189112984433,1.719119891693364,0.9343470108670013,DOGE
1041,2021-06-22 14:00:00+00:00,2021-06-22 22:00:00+00:00,-1,8,-0.11312683780134178,False,0.2066257233967168,0.013523089642139994,2.4533257852329715,0.160563476655715,DOGE
1042,2021-06-23 14:00:00+00:00,2021-06-23 22:00:00+00:00,1,8,-0.011884300688087972,False,0.0846238938053097,0.040546289993192694,1.7279432449505114,0.8279185080129914,DOGE
1043,2021-07-28 14:00:00+00:00,2021-07-28 22:00:00+00:00,-1,8,-0.010497551279939732,False,0.02040416890933115,0.013847433576356604,0.9669483034663588,0.6562263066690145,DOGE
1044,2021-08-09 14:00:00+00:00,2021-08-09 22:00:00+00:00,-1,8,-0.010704415890345872,False,0.06292842340188119,0.022596843615494903,2.0015692241165906,0.7187395503952508,DOGE
1045,2021-08-16 14:00:00+00:00,2021-08-16 22:00:00+00:00,-1,8,-0.0019565479340369783,False,0.050524954586040144,0.04553711629052626,1.7202980371133987,1.5504697116945303,DOGE
1046,2021-08-24 14:00:00+00:00,2021-08-24 22:00:00+00:00,-1,8,0.024660275567261303,False,0.0,0.09975186104218366,0.0,6.250389771948636,DOGE
1047,2021-09-20 14:00:00+00:00,2021-09-20 22:00:00+00:00,1,8,-0.008537716701415864,False,0.038450730610715605,0.011146496815286722,1.5461963059268877,0.44822743095079504,DOGE
1048,2021-10-04 14:00:00+00:00,2021-10-04 22:00:00+00:00,1,8,0.0269731799010832,False,0.06926799758015724,0.06792844179414058,3.7613459077258486,3.6886062176824974,DOGE
1049,2021-10-06 14:00:00+00:00,2021-10-06 22:00:00+00:00,1,8,-0.02499739507036762,False,0.040057614450326975,0.017323263780753696,1.23367549331732,0.5335136973043818,DOGE
1050,2021-10-20 14:00:00+00:00,2021-10-20 22:00:00+00:00,1,8,0.022969589585269703,False,0.00911635345861646,0.04850059976009608,0.8704972884847397,4.6311982935614155,DOGE
1051,2021-10-25 14:00:00+00:00,2021-10-25 22:00:00+00:00,1,8,-0.018528758511216672,False,0.03985980088743047,0.0011558969387375833,1.7435353639102429,0.05056089455680384,DOGE
1052,2021-11-03 14:00:00+00:00,2021-11-03 22:00:00+00:00,-1,8,-0.018867950038363557,False,0.02784371349986816,0.006857315097396437,1.7131593576522028,0.42191475384668276,DOGE
1053,2021-11-19 15:00:00+00:00,2021-11-19 23:00:00+00:00,1,8,-0.009568779999903097,False,0.013709160794362548,0.012470638479607115,0.7904681428796314,0.719055133086771,DOGE
1054,2021-11-23 15:00:00+00:00,2021-11-23 23:00:00+00:00,1,8,-0.036466067451110556,False,0.03733710562414264,0.002186213991769592,1.8828993341607723,0.11025013322870424,DOGE
1055,2021-11-29 15:00:00+00:00,2021-11-29 23:00:00+00:00,1,8,-0.0006605279042770286,False,0.015142366110827315,0.017232570021830977,0.7688336304616278,0.8749609720897611,DOGE
1056,2021-12-14 15:00:00+00:00,2021-12-14 23:00:00+00:00,-1,8,0.02324788503741125,False,0.008080070896105905,0.07032268154094773,0.17339659403376662,1.509109711945496,DOGE
1057,2021-12-17 15:00:00+00:00,2021-12-17 23:00:00+00:00,-1,8,-0.03425195111207341,False,0.05161094224924011,0.013434650455927158,2.961161889494967,0.7708089252984607,DOGE
1058,2022-01-11 15:00:00+00:00,2022-01-11 23:00:00+00:00,-1,8,-0.01461421357402995,False,0.025610244097639123,0.00913698812858465,0.94246969256623,0.3362456976082592,DOGE
1059,2022-01-14 15:00:00+00:00,2022-01-14 23:00:00+00:00,1,8,-0.03480512508266648,False,0.046561936646922444,0.0137522534123101,1.2575251649076002,0.3714150652990379,DOGE
1060,2022-01-24 15:00:00+00:00,2022-01-24 23:00:00+00:00,1,8,0.044903641242127756,False,0.02743599541459673,0.0682460833014902,0.9485270349923165,2.3594279728360505,DOGE
1061,2022-02-02 15:00:00+00:00,2022-02-02 23:00:00+00:00,-1,8,0.01792720516340413,False,0.004557430748415593,0.03553371786655269,0.45316256392595894,3.5332518656101977,DOGE
1062,2022-02-10 15:00:00+00:00,2022-02-10 23:00:00+00:00,-1,8,0.006651263520972683,False,0.022261049634375193,0.016566362518604844,1.4443040456672693,1.0748309177058781,DOGE
1063,2022-02-17 15:00:00+00:00,2022-02-17 23:00:00+00:00,-1,8,0.023458458988965983,False,0.009336027311363534,0.04821291716017545,0.7635336380645136,3.9430244592584986,DOGE
1064,2022-02-21 15:00:00+00:00,2022-02-21 23:00:00+00:00,1,8,-0.04992326690302071,False,0.06706386688948641,0.008791687858751644,4.916505202173593,0.644525600718308,DOGE
1065,2022-02-24 15:00:00+00:00,2022-02-24 23:00:00+00:00,1,8,0.04113707840418071,False,0.014394069987933156,0.0937769350112051,0.5150369409425726,3.3554502499731624,DOGE
1066,2022-02-28 15:00:00+00:00,2022-02-28 23:00:00+00:00,1,8,0.04262397186882355,False,0.005775773399794354,0.0985046285307381,0.42622622210489175,7.269200637268269,DOGE
1067,2022-03-24 14:00:00+00:00,2022-03-24 22:00:00+00:00,-1,8,-0.022595824133353534,False,0.030393103960763994,0.00757969829828337,1.3506412910824435,0.3368347474093104,DOGE
1068,2022-03-28 14:00:00+00:00,2022-03-28 22:00:00+00:00,1,8,-0.03463507440980315,False,0.041224892986499936,0.01336845571287439,2.536934201606842,0.8226799407766479,DOGE
1069,2022-03-30 14:00:00+00:00,2022-03-30 22:00:00+00:00,-1,8,-0.015563201407124139,False,0.025143423755223437,0.005382817479991576,1.5724821434032004,0.3366440645032253,DOGE
1070,2022-04-04 14:00:00+00:00,2022-04-04 22:00:00+00:00,-1,8,0.01307647130895112,False,0.010412494993992645,0.05786944333199847,0.48077223804439667,2.6719841691313992,DOGE
1071,2022-04-05 14:00:00+00:00,2022-04-05 22:00:00+00:00,1,8,0.06862957502275673,False,0.019417475728155383,0.13903166444571347,0.8635018365902205,6.182786026043031,DOGE
1072,2022-04-06 14:00:00+00:00,2022-04-06 22:00:00+00:00,-1,8,0.007598128908371249,False,0.020251964237334007,0.04836087781089122,0.5669373805552257,1.3538237114261904,DOGE
1073,2022-04-14 14:00:00+00:00,2022-04-14 22:00:00+00:00,-1,8,-0.012439225990439506,False,0.02569156049834579,0.026043499683254794,1.440712849268725,1.4604486417244698,DOGE
1074,2022-04-20 14:00:00+00:00,2022-04-20 22:00:00+00:00,-1,8,0.002332634078512753,False,0.004631578947368573,0.025473684210526277,0.3980534983696927,2.1892942410332346,DOGE
1075,2022-04-26 14:00:00+00:00,2022-04-26 22:00:00+00:00,-1,8,0.07120486716432702,False,0.005895067793279701,0.09366607715988738,0.17540124766364354,2.786930935100078,DOGE
1076,2022-05-11 14:00:00+00:00,2022-05-11 22:00:00+00:00,-1,8,0.15814894502320603,False,0.017693652916366622,0.19720193395741184,0.27110202842147896,3.021526677232415,DOGE
1077,2022-06-10 14:00:00+00:00,2022-06-10 22:00:00+00:00,-1,8,0.006985375022852382,False,0.010064043915828085,0.03084564109266764,0.9770889310456972,2.994714126321852,DOGE
1078,2022-06-21 14:00:00+00:00,2022-06-21 22:00:00+00:00,1,8,-0.020608041682348605,False,0.04009539424653448,0.0418840363690566,1.4700146400895253,1.5355915013574646,DOGE
1079,2022-06-27 14:00:00+00:00,2022-06-27 22:00:00+00:00,-1,8,0.013745854093289267,False,0.0057471264367814695,0.035714285714285726,0.2265896033126817,1.4080925348716995,DOGE
1080,2022-07-13 14:00:00+00:00,2022-07-13 22:00:00+00:00,-1,8,-0.030821212214305838,False,0.03603603603603598,0.0033996260411354546,2.273501980772974,0.21448131894084566,DOGE
1081,2022-08-10 14:00:00+00:00,2022-08-10 22:00:00+00:00,1,8,0.0045260745367325175,False,0.013163481953290873,0.01132342533616412,1.0056561423267152,0.8650805525391044,DOGE
1082,2022-08-16 14:00:00+00:00,2022-08-16 22:00:00+00:00,1,8,-0.021556583433066396,False,0.048864025573695694,0.02237698367393542,2.024748583248349,0.9272213138240106,DOGE
1083,2022-08-17 14:00:00+00:00,2022-08-17 22:00:00+00:00,-1,8,0.02001553336948764,False,0.01939024390243895,0.03304878048780493,0.8938502216549933,1.5234805664685815,DOGE
1084,2022-08-29 14:00:00+00:00,2022-08-29 22:00:00+00:00,1,8,0.002944662795272019,False,0.006177728496752755,0.015365119594487543,0.5765234528068431,1.4339173056990642,DOGE
1085,2022-09-13 14:00:00+00:00,2022-09-13 22:00:00+00:00,-1,8,0.004388502167692399,False,0.006767910201386606,0.023605150214592287,0.47432793808557766,1.6543632962496961,DOGE
1086,2022-10-05 14:00:00+00:00,2022-10-05 22:00:00+00:00,-1,8,-0.018014532764013155,False,0.03672048116492565,0.006805951250395692,2.553761298885367,0.4733264476382354,DOGE
1087,2022-10-21 14:00:00+00:00,2022-10-21 22:00:00+00:00,1,8,0.005713102337990053,False,0.007489361702127591,0.010553191489361746,0.7546852700590471,1.063420153265035,DOGE
1088,2022-10-25 14:00:00+00:00,2022-10-25 22:00:00+00:00,1,8,0.029759630937781258,False,0.005587510271158587,0.05636811832374696,0.7116871577641,7.179667503326072,DOGE
1089,2022-10-28 14:00:00+00:00,2022-10-28 22:00:00+00:00,1,8,0.012203237819604355,False,0.015810276679841754,0.06000718648939994,0.46045912023835694,1.7476516609046893,DOGE
1090,2022-10-31 14:00:00+00:00,2022-10-31 22:00:00+00:00,-1,8,-0.07577066688288318,False,0.13947459384721744,0.0012962322848254178,2.705199657057892,0.02514126075332569,DOGE
1091,2022-11-04 14:00:00+00:00,2022-11-04 22:00:00+00:00,1,8,0.025230627306042308,False,0.02822580645161293,0.04104838709677428,0.9558762692224592,1.3901172029549493,DOGE
1092,2022-11-10 15:00:00+00:00,2022-11-10 23:00:00+00:00,1,8,-0.02913461346634879,False,0.07805564577243689,0.020461188697629133,1.5598544996010817,0.4088938979536826,DOGE
1093,2022-11-11 15:00:00+00:00,2022-11-11 23:00:00+00:00,-1,8,-0.013028216169993988,False,0.014711202218738681,0.02833715181478361,0.36442513733086535,0.7019664530553574,DOGE
1094,2022-12-13 15:00:00+00:00,2022-12-13 23:00:00+00:00,1,8,-0.02665801397213304,False,0.046626557799742126,0.0019338203695745554,2.8548437025804483,0.1184036558673917,DOGE
1095,2022-12-22 15:00:00+00:00,2022-12-22 23:00:00+00:00,-1,8,-0.023438445437730923,False,0.025910178049428745,0.016210470369386113,1.960906778103524,1.226823727839122,DOGE
1096,2023-01-12 15:00:00+00:00,2023-01-12 23:00:00+00:00,-1,8,-0.03779768067277817,False,0.048261546445251706,0.002075765438505364,2.6552692715080948,0.1142051299573327,DOGE
1097,2023-01-23 15:00:00+00:00,2023-01-23 23:00:00+00:00,-1,8,-0.018000670869966384,False,0.025959108660693755,0.0064323455088445315,1.3859571266803774,0.3434230048411588,DOGE
1098,2023-01-25 15:00:00+00:00,2023-01-25 23:00:00+00:00,-1,8,-0.031966772204827965,False,0.0604494652085085,0.006129071025117299,4.513127407708011,0.457593434976369,DOGE
1099,2023-01-30 15:00:00+00:00,2023-01-30 23:00:00+00:00,1,8,-0.006020781626663828,False,0.036808413351623236,0.06287151348879734,3.1187569617407247,5.3270693445881845,DOGE
1100,2023-02-02 15:00:00+00:00,2023-02-02 23:00:00+00:00,-1,8,-0.00048664774712633735,False,0.03093344951530329,0.019605707439276723,1.9814392238189227,1.2558417615753728,DOGE
1101,2023-03-14 14:00:00+00:00,2023-03-14 22:00:00+00:00,1,8,-0.025737414445029156,False,0.04119505132929728,0.02237430902869167,2.784570121644764,1.512386328049862,DOGE
1102,2023-03-21 14:00:00+00:00,2023-03-21 22:00:00+00:00,1,8,0.01667824142697309,False,0.01943039659302639,0.03673143465531007,1.3735780589257875,2.596627015503537,DOGE
1103,2023-03-23 14:00:00+00:00,2023-03-23 22:00:00+00:00,-1,8,-0.01067998174321555,False,0.04588482776755184,0.005259006047856923,2.660351732380805,0.304911373338773,DOGE
1104,2023-04-20 14:00:00+00:00,2023-04-20 22:00:00+00:00,-1,8,0.048064788348450425,False,0.0035191281643773948,0.06482007038256336,0.13302847120399888,2.450298614757494,DOGE
1105,2023-05-10 14:00:00+00:00,2023-05-10 22:00:00+00:00,1,8,-0.018189267622790956,False,0.0522478736330498,0.002295126231942804,7.079973047333545,0.31100656797073073,DOGE
1106,2023-06-06 14:00:00+00:00,2023-06-06 22:00:00+00:00,1,8,0.03460265789223796,False,0.0005916284573287733,0.06478331607750325,0.05448895751743756,5.966540848159649,DOGE
1107,2023-06-09 14:00:00+00:00,2023-06-09 22:00:00+00:00,1,8,-0.017039727225170404,False,0.028477858465043453,0.0014238929232522123,3.7126234177863635,0.18563117088932332,DOGE
1108,2023-06-30 14:00:00+00:00,2023-06-30 22:00:00+00:00,-1,8,-0.04229764237849437,False,0.04673192295547844,0.008525418377012928,2.7627164802266506,0.5040090876089142,DOGE
1109,2023-07-21 14:00:00+00:00,2023-07-21 22:00:00+00:00,1,8,-0.022785324990046336,False,0.03541360416945075,0.0006681812107444658,2.4101921942455053,0.04547532441973414,DOGE
1110,2023-08-16 14:00:00+00:00,2023-08-16 22:00:00+00:00,-1,8,0.020627130893515186,False,0.012202208018593948,0.042707728065078415,1.3102099010868054,4.585734653803775,DOGE
1111,2023-10-17 14:00:00+00:00,2023-10-17 22:00:00+00:00,-1,8,-0.002544698755085283,False,0.005937234944868467,0.008312128922816018,0.88245121022874,1.2354316943202603,DOGE
1112,2023-10-23 14:00:00+00:00,2023-10-23 22:00:00+00:00,-1,8,-0.026936425565316,False,0.028996865203761827,0.01097178683385568,2.201630749981049,0.8330494729657911,DOGE
1113,2023-10-25 14:00:00+00:00,2023-10-25 22:00:00+00:00,1,8,0.033847466730519,False,0.003919794964571029,0.04733906226443546,0.2893160621208274,3.4940478271515842,DOGE
1114,2023-10-26 14:00:00+00:00,2023-10-26 22:00:00+00:00,-1,8,0.002350316767700312,False,0.007650577270830558,0.03880929197384895,0.3488483301465677,1.7696124383798337,DOGE
1115,2023-10-31 14:00:00+00:00,2023-10-31 22:00:00+00:00,-1,8,0.007853043883234101,False,0.005680990531682468,0.046030589949016695,0.48358368673530283,3.91826782072705,DOGE
1116,2023-11-02 14:00:00+00:00,2023-11-02 22:00:00+00:00,-1,8,0.007527689089073641,False,0.0029137529137527947,0.02957459207459213,0.2157223815399653,2.1895821726307414,DOGE
1117,2023-11-09 15:00:00+00:00,2023-11-09 23:00:00+00:00,1,8,-0.06323358858754047,False,0.17121075074299003,0.008399017960976841,14.70563506730893,0.7214085127359074,DOGE
1118,2023-11-10 15:00:00+00:00,2023-11-10 23:00:00+00:00,-1,8,-0.029569085362277477,False,0.03446389496717717,0.0016411378555799916,2.1128537452713885,0.1006120831081691,DOGE
1119,2023-11-14 15:00:00+00:00,2023-11-14 23:00:00+00:00,1,8,-0.036306749255720305,False,0.0906067056945185,0.0025279403938264465,6.287602306428694,0.1754250276389755,DOGE
1120,2023-11-17 15:00:00+00:00,2023-11-17 23:00:00+00:00,-1,8,-0.047973756908737,False,0.051662780709289376,0.02797889311571977,1.8795482557909993,1.0179026183381223,DOGE
1121,2023-11-28 15:00:00+00:00,2023-11-28 23:00:00+00:00,1,8,0.0035834956463941877,False,0.007520681875156722,0.015292053146151903,0.6697503598825069,1.3618257317610887,DOGE
1122,2023-12-11 15:00:00+00:00,2023-12-11 23:00:00+00:00,-1,8,-0.0010483447516905213,False,0.008335971298934399,0.0392529281418169,0.32163049840157426,1.514513232979535,DOGE
1123,2023-12-18 15:00:00+00:00,2023-12-18 23:00:00+00:00,1,8,0.02336823953142812,False,0.012711864406779686,0.02798840321141836,0.8019552178007795,1.7657084181403084,DOGE
1124,2024-01-03 15:00:00+00:00,2024-01-03 23:00:00+00:00,-1,8,-0.015600236709274073,False,0.02258144126357352,0.007280355380059319,0.9197475640013013,0.2965306353884016,DOGE
1125,2024-01-15 15:00:00+00:00,2024-01-15 23:00:00+00:00,-1,8,-0.014063047532952122,False,0.02033686837180295,0.003618215845290064,2.238208731824369,0.39820891547795173,DOGE
1126,2024-01-16 15:00:00+00:00,2024-01-16 23:00:00+00:00,-1,8,-0.009680732796089775,False,0.013493438970042012,0.002723446397623149,1.4372888357194888,0.29009499436540037,DOGE
1127,2024-02-13 15:00:00+00:00,2024-02-13 23:00:00+00:00,-1,8,-0.007327950941003631,False,0.009780859229912085,0.0060666088894390305,1.0140118199447392,0.6289440402188774,DOGE
1128,2024-02-16 15:00:00+00:00,2024-02-16 23:00:00+00:00,-1,8,-0.007322556144360391,False,0.010932173504172873,0.013635829317033128,0.8988375576177156,1.1211307170285727,DOGE
1129,2024-02-23 15:00:00+00:00,2024-02-23 23:00:00+00:00,1,8,-0.0024654590635856807,False,0.019746955185053858,0.012415750266051736,2.2719722667392266,1.4284855569318384,DOGE
1130,2024-02-26 15:00:00+00:00,2024-02-26 23:00:00+00:00,1,8,0.03612030775138704,False,0.0008165169718884943,0.041875656129709504,0.11425689211773368,5.859746324323712,DOGE
1131,2024-02-27 15:00:00+00:00,2024-02-27 23:00:00+00:00,1,8,0.028493206810961243,False,0.018664454583160475,0.044276233927830734,1.0749300324980775,2.549972910425998,DOGE
1132,2024-03-01 15:00:00+00:00,2024-03-01 23:00:00+00:00,1,8,0.10655722453822773,False,0.01765969294407753,0.15981226632726137,0.5569280332602552,5.0399478325218965,DOGE
1133,2024-03-04 15:00:00+00:00,2024-03-04 23:00:00+00:00,1,8,0.0746058155598025,False,0.01349898458965483,0.11014215744833343,0.39493306810772283,3.22237423712671,DOGE
1134,2024-03-22 14:00:00+00:00,2024-03-22 22:00:00+00:00,-1,8,-0.019076204314588393,False,0.02932078009414931,0.022663080026899877,1.0108525451780228,0.781324100286685,DOGE
1135,2024-04-12 14:00:00+00:00,2024-04-12 22:00:00+00:00,-1,8,0.08854273775360036,False,0.01308275360814035,0.20543038106115677,0.747894613381958,11.743726131557205,DOGE
1136,2024-05-03 14:00:00+00:00,2024-05-03 22:00:00+00:00,1,8,0.044437094509589284,False,0.007873446980641487,0.05836463449869982,0.4974389595652882,3.6874374250344064,DOGE
1137,2024-05-13 14:00:00+00:00,2024-05-13 22:00:00+00:00,1,8,0.012722874634789084,False,0.0008151620134502342,0.068405678962027,0.0557524140570605,4.678556746287974,DOGE
1138,2024-05-21 14:00:00+00:00,2024-05-21 22:00:00+00:00,1,8,-0.018394422307008457,False,0.032831575204456495,0.027972027972027982,1.8794727969811473,1.6012836826265409,DOGE
1139,2024-05-23 14:00:00+00:00,2024-05-23 22:00:00+00:00,-1,8,-0.020184150764579075,False,0.01906139909411176,0.05611474584801198,0.9264342474111232,2.7273245831376864,DOGE
1140,2024-06-11 14:00:00+00:00,2024-06-11 22:00:00+00:00,-1,8,-0.0031823762205655517,False,0.00910207325001814,0.03561366755761027,0.7829599039531021,3.063485973403771,DOGE
1141,2024-06-12 14:00:00+00:00,2024-06-12 22:00:00+00:00,1,8,4.326474275208976e-06,False,0.02085327498974427,0.031040612607684866,1.7164603483275325,2.5549934365268805,DOGE
1142,2024-06-20 14:00:00+00:00,2024-06-20 22:00:00+00:00,-1,8,-0.004444133878012536,False,0.011068023913394814,0.020277912425270626,0.9054878615435532,1.6589595127549637,DOGE
1143,2024-06-21 14:00:00+00:00,2024-06-21 22:00:00+00:00,-1,8,-0.017610189489453157,False,0.029723294194925677,0.003448558994991295,2.395633539284813,0.27794643273469544,DOGE
1144,2024-06-24 14:00:00+00:00,2024-06-24 22:00:00+00:00,1,8,-0.01114817445083394,False,0.0452868165045287,0.0031029855753102594,2.9911992027692302,0.20495253796751867,DOGE
1145,2024-07-04 14:00:00+00:00,2024-07-04 22:00:00+00:00,-1,8,-0.016219106614082573,False,0.021590066716085977,0.010934025203854711,1.2183202820592351,0.6170034046480253,DOGE
1146,2024-07-23 14:00:00+00:00,2024-07-23 22:00:00+00:00,-1,8,0.010065242748676095,False,0.020895068763771767,0.02742952663171493,1.2816596652560335,1.6824695969361014,DOGE
1147,2024-08-05 14:00:00+00:00,2024-08-05 22:00:00+00:00,1,8,0.05880929227151986,False,0.0,0.1051923292587193,0.0,2.451576993125962,DOGE
1148,2024-08-12 14:00:00+00:00,2024-08-12 22:00:00+00:00,-1,8,-0.032615789287329736,False,0.05114244044725329,0.010792416140009722,3.1011047656960735,0.654415644471985,DOGE
1149,2024-08-14 14:00:00+00:00,2024-08-14 22:00:00+00:00,-1,8,0.003578261004459238,False,0.009641604986365454,0.013439813011297161,0.7924722102967061,1.1046582325347911,DOGE
1150,2024-09-11 14:00:00+00:00,2024-09-11 22:00:00+00:00,-1,8,-0.03041743318312877,False,0.03636733035351483,0.00660300690776105,3.3628975889694472,0.6105819644776909,DOGE
1151,2024-09-27 14:00:00+00:00,2024-09-27 22:00:00+00:00,1,8,-0.008603900085326192,False,0.011234151821537463,0.032900016048788366,0.7405425243906446,2.1687316785726076,DOGE
1152,2024-10-01 14:00:00+00:00,2024-10-01 22:00:00+00:00,-1,8,0.0625489081414799,False,0.006535947712418306,0.10684095860566455,0.48841090632140055,7.983890282000492,DOGE
1153,2024-10-09 14:00:00+00:00,2024-10-09 22:00:00+00:00,-1,8,0.002378012477423798,False,0.0298355810086829,0.020506188804729354,2.7054294535509325,1.859459252904969,DOGE
1154,2024-10-15 14:00:00+00:00,2024-10-15 22:00:00+00:00,1,8,-0.028780496337755774,False,0.06434339141521468,0.005694857628559201,4.476977549674417,0.39624504072414957,DOGE
1155,2024-10-23 14:00:00+00:00,2024-10-23 22:00:00+00:00,1,8,-0.014413616527561755,False,0.049625133880756955,0.006140664048554085,3.4816003608862856,0.4308167353039135,DOGE
1156,2024-10-24 14:00:00+00:00,2024-10-24 22:00:00+00:00,1,8,-0.008755800796078149,False,0.024660221381532822,0.007776376628835644,1.7155487612117242,0.5409827059502887,DOGE
1157,2024-10-31 14:00:00+00:00,2024-10-31 22:00:00+00:00,-1,8,0.0403127661010359,False,0.006393785479533837,0.06579025993426944,0.3787649074754901,3.8973847021543837,DOGE
1158,2024-11-01 14:00:00+00:00,2024-11-01 22:00:00+00:00,1,8,-0.05140910518755401,False,0.06089878202435963,0.013619727605447855,3.20949165370035,0.7177877885615529,DOGE
1159,2024-11-05 15:00:00+00:00,2024-11-05 23:00:00+00:00,1,8,-0.035917707094113877,False,0.06633517911628432,0.003785738501525618,2.963496391497275,0.16912628469362742,DOGE
1160,2024-11-06 15:00:00+00:00,2024-11-06 23:00:00+00:00,-1,8,-0.03640396909986893,False,0.04095029696780247,0.025112014171095088,0.9696103140789889,0.5945956378957652,DOGE
1161,2024-11-13 15:00:00+00:00,2024-11-13 23:00:00+00:00,1,8,-0.08263198180368127,False,0.1252180472396398,0.008721889585592469,2.3256826449407946,0.16199220230197717,DOGE
1162,2024-11-25 15:00:00+00:00,2024-11-25 23:00:00+00:00,-1,8,0.025373183545745213,False,0.04950837491970948,0.05847620929887833,2.118600941468308,2.5023594952372643,DOGE
1163,2024-12-24 15:00:00+00:00,2024-12-24 23:00:00+00:00,1,8,0.00965578579523779,False,0.01586204824706344,0.02238110974254217,0.9844780641571403,1.38908363219142,DOGE
1164,2024-12-30 15:00:00+00:00,2024-12-30 23:00:00+00:00,-1,8,-0.01329588470206754,False,0.03994326058222365,0.011766981527451053,3.0553644601742485,0.9000871896397237,DOGE
1165,2025-01-03 15:00:00+00:00,2025-01-03 23:00:00+00:00,1,8,0.05396925567675284,False,0.0044945679148512795,0.07373297303259263,0.3367939358647875,5.525073524554985,DOGE
1166,2025-01-15 15:00:00+00:00,2025-01-15 23:00:00+00:00,1,8,0.032807610773535875,False,0.0032923378319546933,0.040786895951240756,0.21005480385089667,2.6022491815908846,DOGE
1167,2025-01-16 15:00:00+00:00,2025-01-16 23:00:00+00:00,-1,8,-0.010936842306819183,False,0.047178166009177964,0.002603118374795444,2.5588088575290726,0.14118569919244994,DOGE
1168,2025-01-23 15:00:00+00:00,2025-01-23 23:00:00+00:00,1,8,-0.008216510255949019,False,0.040485374025169635,0.012866353219403751,2.5205037842065474,0.8010224126442257,DOGE
1169,2025-02-03 15:00:00+00:00,2025-02-03 23:00:00+00:00,1,8,0.10971096724696779,False,0.012254049248134644,0.13166338088059082,0.24776838352701075,2.6621423163817433,DOGE
1170,2025-02-25 15:00:00+00:00,2025-02-25 23:00:00+00:00,-1,8,-0.05463914733019464,False,0.0638888888888889,0.01780753968253973,2.2362725715227634,0.6233088922179146,DOGE
1171,2025-02-28 15:00:00+00:00,2025-02-28 23:00:00+00:00,1,8,0.03952213656305301,False,0.0009859374189195981,0.05132063722692133,0.0439870300601064,2.289640669970855,DOGE
1172,2025-03-03 15:00:00+00:00,2025-03-03 23:00:00+00:00,-1,8,0.05890409927826378,False,0.027296217993892327,0.09269438571764152,1.134544341702247,3.852764175866678,DOGE
1173,2025-03-10 14:00:00+00:00,2025-03-10 22:00:00+00:00,-1,8,0.08336946007150067,False,0.0,0.12237394957983203,0.0,5.3481355056565985,DOGE
1174,2025-03-13 14:00:00+00:00,2025-03-13 22:00:00+00:00,-1,8,0.015393463319873736,False,0.01979066410009617,0.027911453320500514,1.0502480379642403,1.4812008802899999,DOGE
1175,2025-03-26 14:00:00+00:00,2025-03-26 22:00:00+00:00,-1,8,0.012067201787466439,False,0.007283394871276096,0.03075211167872137,0.4167364338851492,1.7595538319595232,DOGE
1176,2025-04-04 14:00:00+00:00,2025-04-04 22:00:00+00:00,1,8,0.02654607501950489,False,0.006606606606606712,0.036456456456456406,0.4039765346527294,2.22921596849275,DOGE
1177,2025-04-07 14:00:00+00:00,2025-04-07 22:00:00+00:00,1,8,0.024634747242071202,False,0.0158795345653663,0.053798767967145826,0.5136568921580122,1.740234126018082,DOGE
1178,2025-04-22 14:00:00+00:00,2025-04-22 22:00:00+00:00,1,8,0.050180626285155655,False,0.007504579566270717,0.05985936299710454,0.6145301371448488,4.901724637226261,DOGE
1179,2025-04-28 14:00:00+00:00,2025-04-28 22:00:00+00:00,-1,8,-0.006736700249231682,False,0.01218136702007667,0.019681930972253514,0.9966586543551356,1.610341992453437,DOGE
1180,2025-04-30 14:00:00+00:00,2025-04-30 22:00:00+00:00,-1,8,-0.033857222145605284,False,0.043944201640423786,0.0020355624738071423,3.297448693923329,0.15274285503187426,DOGE
1181,2020-03-13 14:00:00+00:00,2020-03-13 22:00:00+00:00,1,8,0.01114369484278573,False,0.14254859611231097,0.04355651547876167,1.7435411986354121,0.5327486995830425,ADA
1182,2020-03-16 14:00:00+00:00,2020-03-16 22:00:00+00:00,1,8,0.0234057921962087,False,0.01630901287553656,0.06180257510729615,0.3846202334417189,1.4575082530422963,ADA
1183,2020-03-20 14:00:00+00:00,2020-03-20 22:00:00+00:00,-1,8,0.02306904176726538,False,0.038045260741226564,0.13283043620859292,1.1829597032277952,4.130161032821187,ADA
1184,2020-03-23 14:00:00+00:00,2020-03-23 22:00:00+00:00,1,8,0.007857163485178877,False,0.020180932498260286,0.020180932498260164,0.7449949986628741,0.7449949986628697,ADA
1185,2020-04-20 14:00:00+00:00,2020-04-20 22:00:00+00:00,1,8,-0.033706333516483306,False,0.044042913608130965,0.021739130434782605,3.4331026099983695,1.6945442369863757,ADA
1186,2020-04-23 14:00:00+00:00,2020-04-23 22:00:00+00:00,1,8,0.0650234010560309,False,0.00025490695896005763,0.08590364516951307,0.01761171661550352,5.935148499422866,ADA
1187,2020-05-01 14:00:00+00:00,2020-05-01 22:00:00+00:00,-1,8,-0.01865665895818084,False,0.02311217373978883,0.007770472205618678,1.1390644866693802,0.382961336035396,ADA
1188,2020-05-04 14:00:00+00:00,2020-05-04 22:00:00+00:00,1,8,0.02809460724478291,False,0.0018637399047421786,0.05197763512114306,0.10148906715956696,2.8304173174501495,ADA
1189,2020-05-28 14:00:00+00:00,2020-05-28 22:00:00+00:00,1,8,0.07018380319931199,False,0.008159102498725162,0.08584055753867084,0.610093405306555,6.418691034996038,ADA
1190,2020-05-29 14:00:00+00:00,2020-05-29 22:00:00+00:00,1,8,-0.03216999723783428,False,0.034954407294832776,0.0,1.6193596259469938,0.0,ADA
1191,2020-06-03 14:00:00+00:00,2020-06-03 22:00:00+00:00,1,8,-0.010382719697407304,False,0.031324440209623716,0.026441162458313478,1.5625029050802495,1.3189188020068987,ADA
1192,2020-06-17 14:00:00+00:00,2020-06-17 22:00:00+00:00,1,8,0.014364822215904578,False,0.025637865154689986,0.017009737458400176,1.7617647342498945,1.1688631409927246,ADA
1193,2020-07-01 14:00:00+00:00,2020-07-01 22:00:00+00:00,1,8,0.05370005050995026,False,0.0019272191361524031,0.0767486679514794,0.16403572781819836,6.532481631348117,ADA
1194,2020-07-02 14:00:00+00:00,2020-07-02 22:00:00+00:00,1,8,-0.013206745450359516,False,0.08982785602503919,0.0031298904538340604,5.06225932558125,0.17638534235474412,ADA
1195,2020-07-03 14:00:00+00:00,2020-07-03 22:00:00+00:00,1,8,0.004301833791860171,False,0.011024908125765736,0.04267047774601867,0.5815538265106677,2.250828698902369,ADA
1196,2020-07-08 14:00:00+00:00,2020-07-08 22:00:00+00:00,-1,8,-0.011075540459332081,False,0.03266194882961335,0.02698499105684735,0.9385686723998531,0.7754364983875014,ADA
1197,2020-08-04 14:00:00+00:00,2020-08-04 22:00:00+00:00,1,8,0.0019658803720561642,False,0.012380025038252914,0.03164556962025315,0.8195716298462048,2.0949724246068664,ADA
1198,2020-08-27 14:00:00+00:00,2020-08-27 22:00:00+00:00,1,8,-0.03183502401469211,False,0.06725066155671139,0.0023724792408066093,3.443417244062701,0.12147740616774619,ADA
1199,2020-09-03 14:00:00+00:00,2020-09-03 22:00:00+00:00,-1,8,0.023141434492448824,False,0.0006527415143603191,0.05744125326370756,0.026828184453251046,2.3608802318860707,ADA
1200,2020-10-08 14:00:00+00:00,2020-10-08 22:00:00+00:00,1,8,0.018860148963428174,False,0.0035218783351121754,0.03820704375667022,0.28760970761679244,3.1201295553578277,ADA
1201,2020-10-12 14:00:00+00:00,2020-10-12 22:00:00+00:00,1,8,0.05474389618628142,False,0.005367231638418089,0.07165725047080972,0.3307250832533924,4.415469971154927,ADA
1202,2020-10-13 14:00:00+00:00,2020-10-13 22:00:00+00:00,-1,8,-0.010167486053621555,False,0.02355637030247482,0.014757103574702111,1.3545603278104863,0.8485767034143505,ADA
1203,2020-10-14 14:00:00+00:00,2020-10-14 22:00:00+00:00,1,8,-0.05087029208690494,False,0.05951210794388347,0.004914663568939405,4.434729602264861,0.36623142361046734,ADA
1204,2020-11-03 15:00:00+00:00,2020-11-03 23:00:00+00:00,1,8,-0.008144832211143448,False,0.02482079811704293,0.004707392746335679,1.6392988296569033,0.310901502176306,ADA
1205,2020-11-04 15:00:00+00:00,2020-11-04 23:00:00+00:00,-1,8,-0.03361393254730821,False,0.04185593770279038,0.009625784122863962,2.845208336528767,0.6543243978063591,ADA
1206,2020-11-05 15:00:00+00:00,2020-11-05 23:00:00+00:00,1,8,0.0052768040358184614,False,0.010912085649577984,0.010706197241095318,0.8288127294429709,0.8131747534157403,ADA
1207,2020-11-09 15:00:00+00:00,2020-11-09 23:00:00+00:00,-1,8,-0.027490090047509404,False,0.047609794014768766,0.01525456665371164,3.017813183401471,0.9669319791714928,ADA
1208,2020-11-16 15:00:00+00:00,2020-11-16 23:00:00+00:00,1,8,-0.009704477981306258,False,0.017070379553690635,0.002860957467099071,1.797105925633356,0.3011909372569957,ADA
1209,2020-11-26 15:00:00+00:00,2020-11-26 23:00:00+00:00,-1,8,-0.05870351574103877,False,0.06087222179790732,0.06026120827923314,1.0273622380227767,1.0170499445419947,ADA
1210,2020-12-01 15:00:00+00:00,2020-12-01 23:00:00+00:00,1,8,-0.04309853995180132,False,0.05983691987002648,0.00839923977683761,1.5269940384718648,0.21434240089205162,ADA
1211,2020-12-03 15:00:00+00:00,2020-12-03 23:00:00+00:00,1,8,-0.01295543506986456,False,0.02480433473810948,0.015833835039133014,1.419331531946636,0.906029594422247,ADA
1212,2020-12-16 15:00:00+00:00,2020-12-16 23:00:00+00:00,1,8,0.020016479850712973,False,0.01643350235200683,0.02437534363736327,1.0889147254402631,1.6151560425675264,ADA
1213,2020-12-29 15:00:00+00:00,2020-12-29 23:00:00+00:00,-1,8,0.011904432759597943,False,0.01189473684210518,0.05263157894736847,0.3361498591776578,1.487388757423276,ADA
1214,2021-01-04 15:00:00+00:00,2021-01-04 23:00:00+00:00,1,8,0.0008476342187666929,False,0.06519738658323372,0.00947823686389991,1.3737880317722135,0.19971794957309566,ADA
1215,2021-01-06 15:00:00+00:00,2021-01-06 23:00:00+00:00,-1,8,-0.13465090337788527,False,0.15257845224198302,0.005836709469202893,2.7939509523650115,0.10687931185914984,ADA
1216,2021-01-27 15:00:00+00:00,2021-01-27 23:00:00+00:00,-1,8,-0.028452891509568364,False,0.05369454923897498,0.006504488096786789,2.3614523198462707,0.2860632731491543,ADA
1217,2021-02-02 15:00:00+00:00,2021-02-02 23:00:00+00:00,1,8,-0.020822735647312303,False,0.0731204943357364,0.005462768101016428,1.978566854691352,0.1478169971049262,ADA
1218,2021-02-22 15:00:00+00:00,2021-02-22 23:00:00+00:00,1,8,0.05687939217727851,False,0.07326540514313441,0.1122852983988355,1.3664317697505883,2.0941698023555033,ADA
1219,2021-02-24 15:00:00+00:00,2021-02-24 23:00:00+00:00,-1,8,-0.019764281925904233,False,0.050662962744055094,0.036586086648147005,1.1079773737942031,0.8001221011611235,ADA
1220,2021-03-26 14:00:00+00:00,2021-03-26 22:00:00+00:00,-1,8,-0.0024681415552314017,False,0.026816010541920725,0.015326964256300459,1.0135744458927733,0.5793188095228639,ADA
1221,2021-04-06 14:00:00+00:00,2021-04-06 22:00:00+00:00,1,8,-0.046139165040842416,False,0.08481583659291939,0.0011296482720991171,4.841505163523007,0.06448321636656826,ADA
1222,2021-04-13 14:00:00+00:00,2021-04-13 22:00:00+00:00,1,8,-0.002873190063958396,False,0.014058053092269795,0.036123676456883094,0.752445547750628,1.9334896048523345,ADA
1223,2021-04-14 14:00:00+00:00,2021-04-14 22:00:00+00:00,-1,8,-0.03133315464242675,False,0.03781252200859217,0.06061694485527141,1.0635186547007236,1.704918059416858,ADA
1224,2021-04-16 14:00:00+00:00,2021-04-16 22:00:00+00:00,-1,8,-0.058316226469595916,False,0.06759817338123665,0.0018517015735774818,2.370791685435526,0.06494256390312336,ADA
1225,2021-04-23 14:00:00+00:00,2021-04-23 22:00:00+00:00,-1,8,-0.04802124289333559,False,0.09729744952078778,0.006730561631105258,1.904623433272461,0.1317525327213099,ADA
1226,2021-05-14 14:00:00+00:00,2021-05-14 22:00:00+00:00,1,8,0.014481054532278805,False,0.023844005379124872,0.030464466742526095,0.8442341134788127,1.0786418499761823,ADA
1227,2021-05-18 14:00:00+00:00,2021-05-18 22:00:00+00:00,-1,8,0.002746792635826345,False,0.032630223806694426,0.022826302238066958,1.0098968776265822,0.7064680737266377,ADA
1228,2021-05-19 14:00:00+00:00,2021-05-19 22:00:00+00:00,-1,8,-0.10333139776260301,False,0.2804011700793983,0.10224265217996939,2.539215271586506,0.9258738248109766,ADA
1229,2021-05-28 14:00:00+00:00,2021-05-28 22:00:00+00:00,1,8,-0.06380700913905842,False,0.07161125319693101,0.0046035805626597655,1.944386885947707,0.1249962998109217,ADA
1230,2021-06-22 14:00:00+00:00,2021-06-22 22:00:00+00:00,-1,8,-0.13174286333887522,False,0.2240782840763071,0.010180883661164352,4.716830797605443,0.21430682494634304,ADA
1231,2021-07-02 14:00:00+00:00,2021-07-02 22:00:00+00:00,1,8,0.013547023635309415,False,0.01132662126147475,0.01695291679005028,0.634207957069823,0.9492393605816214,ADA
1232,2021-07-16 14:00:00+00:00,2021-07-16 22:00:00+00:00,1,8,-0.010427540896239415,False,0.01577102803738311,0.02169559412550069,1.1541250951501942,1.5876853160796407,ADA
1233,2021-07-19 14:00:00+00:00,2021-07-19 22:00:00+00:00,-1,8,-0.005068778976763867,False,0.012602788702180909,0.002145155523775436,0.9769026353974964,0.1662812996421241,ADA
1234,2021-07-28 14:00:00+00:00,2021-07-28 22:00:00+00:00,-1,8,-0.002813155967622604,False,0.018650019508388457,0.016777214202106962,1.0122723736405377,0.9106215913502849,ADA
1235,2021-08-03 14:00:00+00:00,2021-08-03 22:00:00+00:00,1,8,0.0022036186479193276,False,0.019344359125812168,0.01808919078558769,1.279501480640709,1.196480392202188,ADA
1236,2021-08-11 14:00:00+00:00,2021-08-11 22:00:00+00:00,1,8,-0.00756207350084565,False,0.03759357708581964,0.02923944884452645,2.0529808875290847,1.596762912522625,ADA
1237,2021-08-16 14:00:00+00:00,2021-08-16 22:00:00+00:00,-1,8,0.0061628941181213585,False,0.0164275907778251,0.031671637551484146,0.8947083478729614,1.72495644013548,ADA
1238,2021-08-20 14:00:00+00:00,2021-08-20 22:00:00+00:00,1,8,-0.033830347478050894,False,0.06508645813095006,7.7715173887693e-05,2.8412118504550072,0.0033924917617369488,ADA
1239,2021-08-24 14:00:00+00:00,2021-08-24 22:00:00+00:00,-1,8,0.0022818972476912865,False,0.03016525943566433,0.06606769141949918,1.559978658748984,3.416651823169122,ADA
1240,2021-09-15 14:00:00+00:00,2021-09-15 22:00:00+00:00,1,8,-0.0002954682027127211,False,0.00972427868262026,0.033294649645844235,0.6111968145671608,2.092657406254665,ADA
1241,2021-09-20 14:00:00+00:00,2021-09-20 22:00:00+00:00,1,8,-0.03824699566196772,False,0.06704425104756641,0.002716765667449471,2.4156421310714724,0.09788659734424264,ADA
1242,2021-10-06 14:00:00+00:00,2021-10-06 22:00:00+00:00,1,8,-0.0007898218383810198,False,0.007314760464171215,0.01788052557908524,0.5309688900817173,1.2979239535330902,ADA
1243,2021-11-03 14:00:00+00:00,2021-11-03 22:00:00+00:00,-1,8,-0.018147652204884762,False,0.028311574006161095,0.010464035988460373,1.5589486148484808,0.5761917160234532,ADA
1244,2021-11-09 15:00:00+00:00,2021-11-09 23:00:00+00:00,1,8,-0.01426936093092579,False,0.048990613347049024,0.0015430114440015635,2.8473332809711414,0.08967978837704496,ADA
1245,2021-11-10 15:00:00+00:00,2021-11-10 23:00:00+00:00,1,8,-0.06473437225780138,False,0.14991134751773044,0.015203900709219858,8.459488679050692,0.8579552385908894,ADA
1246,2021-11-16 15:00:00+00:00,2021-11-16 23:00:00+00:00,1,8,-0.024950229182754764,False,0.04613079863622272,0.002789544374418882,2.230484135173472,0.13487809999929357,ADA
1247,2021-11-19 15:00:00+00:00,2021-11-19 23:00:00+00:00,1,8,-0.0022483884809391882,False,0.009251831648751202,0.011979250227284988,0.6181776001346091,0.8004149273419345,ADA
1248,2021-11-24 15:00:00+00:00,2021-11-24 23:00:00+00:00,-1,8,-0.018109029395343552,False,0.03283839566262085,0.012938204670075724,2.247528145250242,0.8855176557271099,ADA
1249,2021-12-13 15:00:00+00:00,2021-12-13 23:00:00+00:00,-1,8,0.018440112119100408,False,0.00023721040562976753,0.05258163991460426,0.014148540525022303,3.1362598163802895,ADA
1250,2022-01-14 15:00:00+00:00,2022-01-14 23:00:00+00:00,1,8,0.016764930536137184,False,0.010225921521997727,0.03598890210067371,0.5687044314136274,2.0014869136572364,ADA
1251,2022-01-18 15:00:00+00:00,2022-01-18 23:00:00+00:00,-1,8,-0.03954595302895908,False,0.04577978464744708,0.019034386939909755,1.6793753364585633,0.6982531747946091,ADA
1252,2022-01-20 15:00:00+00:00,2022-01-20 23:00:00+00:00,1,8,-0.08683968871693545,False,0.10423057715631012,0.016908040236855288,5.442774831318047,0.8829141923493369,ADA
1253,2022-01-24 15:00:00+00:00,2022-01-24 23:00:00+00:00,1,8,0.061967286190673994,False,0.018125062934246317,0.11680596113180948,0.5075388619376487,3.270805999153733,ADA
1254,2022-02-02 15:00:00+00:00,2022-02-02 23:00:00+00:00,-1,8,0.009259663053691285,False,0.013312901063116582,0.023082080260511454,1.000035978730236,1.7338753300286802,ADA
1255,2022-02-21 15:00:00+00:00,2022-02-21 23:00:00+00:00,1,8,-0.06550363718233711,False,0.08176233848760861,0.01906375767845797,3.7722164222791763,0.8795323264381502,ADA
1256,2022-02-22 15:00:00+00:00,2022-02-22 23:00:00+00:00,1,8,-0.017479636121432256,False,0.030313274735181344,0.006197881451431216,1.2244703798214969,0.2503563973612761,ADA
1257,2022-02-23 15:00:00+00:00,2022-02-23 23:00:00+00:00,-1,8,0.031006090946757322,False,0.04052882531426105,0.052123970524490595,2.084748184859355,2.6811868366773948,ADA
1258,2022-02-24 15:00:00+00:00,2022-02-24 23:00:00+00:00,1,8,0.06175070236485739,False,0.009288713576791048,0.14492938032828603,0.2886671309484954,4.503998111648389,ADA
1259,2022-02-28 15:00:00+00:00,2022-02-28 23:00:00+00:00,1,8,0.033680404927508706,False,0.010833880499015004,0.061063690085357926,0.512086466494323,2.8863055384225778,ADA
1260,2022-03-22 14:00:00+00:00,2022-03-22 22:00:00+00:00,1,8,0.003038962815736253,False,0.02191500256016394,0.011367127496159753,1.7328400797229229,0.8988095740618862,ADA
1261,2022-03-23 14:00:00+00:00,2022-03-23 22:00:00+00:00,1,8,0.02854926027044603,False,0.008083140877598118,0.056389530408006365,0.48994881221341574,3.417976237584094,ADA
1262,2022-03-28 14:00:00+00:00,2022-03-28 22:00:00+00:00,1,8,-0.03349223447758484,False,0.05745829639777575,8.058667096479252e-05,4.41657852283954,0.006194359779591676,ADA
1263,2022-04-13 14:00:00+00:00,2022-04-13 22:00:00+00:00,1,8,0.00292595099078177,False,0.009023024268823824,0.014830947936112934,0.7066442363566181,1.1614956988390555,ADA
1264,2022-04-26 14:00:00+00:00,2022-04-26 22:00:00+00:00,-1,8,0.027735911890762358,False,0.0004633920296571675,0.05525949953660793,0.043279203408618835,5.161045006476928,ADA
1265,2022-04-28 14:00:00+00:00,2022-04-28 22:00:00+00:00,-1,8,-0.024752089680259378,False,0.02612883804936778,0.0063816977724262145,2.339248154509676,0.5713371068618088,ADA
1266,2022-05-05 14:00:00+00:00,2022-05-05 22:00:00+00:00,-1,8,0.05914463904165551,False,0.0072446555819477365,0.08491686460807603,0.44903132357656866,5.263236005856507,ADA
1267,2022-05-18 14:00:00+00:00,2022-05-18 22:00:00+00:00,-1,8,0.015769385005787374,False,0.010297697060475472,0.03669724770642213,0.49702271695383954,1.7712082276900682,ADA
1268,2022-05-31 14:00:00+00:00,2022-05-31 22:00:00+00:00,-1,8,0.009634652713942982,False,0.03482186039013391,0.04336611317104615,1.0307315333559568,1.2836425114479204,ADA
1269,2022-06-10 14:00:00+00:00,2022-06-10 22:00:00+00:00,-1,8,0.002711567557493318,False,0.018147577469611462,0.0275637733264852,0.9306586885170758,1.4135476306721553,ADA
1270,2022-06-21 14:00:00+00:00,2022-06-21 22:00:00+00:00,1,8,-0.05738716812716291,False,0.0630029440628066,0.0037291462217860904,2.803798366649036,0.1659569126677013,ADA
1271,2022-07-13 14:00:00+00:00,2022-07-13 22:00:00+00:00,-1,8,-0.03249811130732039,False,0.039601554907677305,0.003158406219630766,2.3702094084049437,0.18903510619180897,ADA
1272,2022-07-19 14:00:00+00:00,2022-07-19 22:00:00+00:00,1,8,0.03558742727009759,False,0.0248212867355045,0.04467831612390779,1.4065793353614202,2.5318428036505387,ADA
1273,2022-07-22 14:00:00+00:00,2022-07-22 22:00:00+00:00,-1,8,0.02922577309629101,False,0.007821901323706295,0.043722422783794596,0.5688330081328641,3.179630660845272,ADA
1274,2022-07-26 14:00:00+00:00,2022-07-26 22:00:00+00:00,-1,8,-0.006760090074287049,False,0.016036906854130117,0.010325131810193282,1.1304803980992322,0.7278435439816917,ADA
1275,2022-07-27 14:00:00+00:00,2022-07-27 22:00:00+00:00,1,8,0.062478294902159844,False,0.02488401518346696,0.07992408266554193,1.995061233681879,6.407866165808727,ADA
1276,2022-08-10 14:00:00+00:00,2022-08-10 22:00:00+00:00,1,8,0.00012929419361410658,False,0.01681928611474492,0.007288357316389487,1.533014650751834,0.66430634865913,ADA
1277,2022-08-16 14:00:00+00:00,2022-08-16 22:00:00+00:00,-1,8,-0.017376714361929165,False,0.02712477396021682,0.007233273056057872,2.0338640613572165,0.5423637496952617,ADA
1278,2022-08-17 14:00:00+00:00,2022-08-17 22:00:00+00:00,-1,8,-0.006087246735987538,False,0.017402694610778396,0.0058008982035927985,1.0466918189134056,0.3488972729711352,ADA
1279,2022-08-26 14:00:00+00:00,2022-08-26 22:00:00+00:00,1,8,-0.07258803262833022,False,0.08099034830046165,0.006294586655476296,5.703291663156358,0.4432610100898726,ADA
1280,2022-08-29 14:00:00+00:00,2022-08-29 22:00:00+00:00,1,8,0.012333108856024653,False,0.0004531037607612902,0.019030357951970917,0.040892057816429364,1.7174664282897383,ADA
1281,2022-09-13 14:00:00+00:00,2022-09-13 22:00:00+00:00,-1,8,0.008611349865305366,False,0.005279831045406552,0.023442449841605068,0.3199626059439677,1.4206339703912152,ADA
1282,2022-09-14 14:00:00+00:00,2022-09-14 22:00:00+00:00,1,8,-0.009546895418531192,False,0.024576621230896368,0.005369681949607582,1.9271686291994659,0.4210620534385366,ADA
1283,2022-09-16 14:00:00+00:00,2022-09-16 22:00:00+00:00,-1,8,-0.022506611434884086,False,0.02701515484296076,0.002855260267955124,2.4242293036626488,0.25621935729767126,ADA
1284,2022-10-13 14:00:00+00:00,2022-10-13 22:00:00+00:00,1,8,0.040373713568531186,False,0.006841817186644779,0.045977011494252824,0.36076128188019085,2.4243158142348777,ADA
1285,2022-10-21 14:00:00+00:00,2022-10-21 22:00:00+00:00,1,8,0.01931522623664731,False,0.011153507484590625,0.02612268858233055,1.00280376207943,2.348671969080759,ADA
1286,2022-10-25 14:00:00+00:00,2022-10-25 22:00:00+00:00,1,8,0.11459360853717167,False,0.0,0.13693398799781786,0.0,15.844904929284905,ADA
1287,2022-10-28 14:00:00+00:00,2022-10-28 22:00:00+00:00,1,8,0.04174266020508831,False,0.010755441741357329,0.05352112676056331,0.8018197288223294,3.9900076981872656,ADA
1288,2022-10-31 14:00:00+00:00,2022-10-31 22:00:00+00:00,-1,8,-0.004596190701078565,False,0.016217564870259497,0.007984031936127697,1.1391473847473363,0.5608110201833002,ADA
1289,2022-11-04 14:00:00+00:00,2022-11-04 22:00:00+00:00,1,8,0.018601067218854166,False,0.020038628681796306,0.0289715113471753,1.5420005886737143,2.229398441455966,ADA
1290,2022-11-10 15:00:00+00:00,2022-11-10 23:00:00+00:00,1,8,-0.008148804279236664,False,0.04659882163899311,0.012854847348687656,1.4513354574233024,0.40036840204780455,ADA
1291,2022-11-11 15:00:00+00:00,2022-11-11 23:00:00+00:00,-1,8,-0.007604461164072595,False,0.009705966314587536,0.023979446188980926,0.3973573778188308,0.9817064628465213,ADA
1292,2022-11-22 15:00:00+00:00,2022-11-22 23:00:00+00:00,1,8,-0.006643233861625096,False,0.018483110261313024,0.008922880815806148,1.249298406648013,0.6031095756231692,ADA
1293,2022-12-13 15:00:00+00:00,2022-12-13 23:00:00+00:00,1,8,-0.013609677900683143,False,0.025706125039669934,0.0015867978419549364,2.758023897699802,0.1702483887469016,ADA
1294,2022-12-22 15:00:00+00:00,2022-12-22 23:00:00+00:00,-1,8,-0.027258993064892614,False,0.029246794871794986,0.013621794871794818,4.640467617722923,2.1613136849668235,ADA
1295,2023-02-14 15:00:00+00:00,2023-02-14 23:00:00+00:00,1,8,0.04263747857982517,False,0.0,0.06504065040650413,0.0,5.880291734640379,ADA
1296,2023-02-27 15:00:00+00:00,2023-02-27 23:00:00+00:00,1,8,-0.011923578827770778,False,0.028034839412085007,0.006532389765922736,3.4426142027569684,0.8021625326812374,ADA
1297,2023-03-14 14:00:00+00:00,2023-03-14 22:00:00+00:00,1,8,-0.056125591612518594,False,0.06814404432132967,0.01966759002770082,4.554000396334535,1.3143659680477708,ADA
1298,2023-03-17 14:00:00+00:00,2023-03-17 22:00:00+00:00,-1,8,-0.01348667099091655,False,0.015416543136673698,0.019567150904239536,1.0299115895424011,1.3071954790345757,ADA
1299,2023-03-21 14:00:00+00:00,2023-03-21 22:00:00+00:00,1,8,0.05419203768807915,False,0.012222853894258175,0.10034110289937463,0.8459523415326955,6.944678524675341,ADA
1300,2023-04-26 14:00:00+00:00,2023-04-26 22:00:00+00:00,1,8,-0.044964304729292,False,0.0922002888781897,0.0038517091959556823,9.29958912649259,0.38849458491874816,ADA
1301,2023-05-10 14:00:00+00:00,2023-05-10 22:00:00+00:00,1,8,-0.007941116716855889,False,0.03382949932341004,0.008930987821380312,3.277703353670401,0.8653136853689919,ADA
1302,2023-06-06 14:00:00+00:00,2023-06-06 22:00:00+00:00,-1,8,-0.025840239261502612,False,0.03600464576074339,0.00029036004645757545,3.394077825698602,0.02737159536853405,ADA
1303,2023-06-13 14:00:00+00:00,2023-06-13 22:00:00+00:00,-1,8,0.010010753742702447,False,0.0025225225225224447,0.033873873873873944,0.1493760370085715,2.0059067826865973,ADA
1304,2023-06-30 14:00:00+00:00,2023-06-30 22:00:00+00:00,-1,8,-0.03874220254663946,False,0.045454545454545456,0.009379509379509347,2.0737836504481373,0.4279236104099316,ADA
1305,2023-08-16 14:00:00+00:00,2023-08-16 22:00:00+00:00,-1,8,0.0015726026622909723,False,0.01876379690949225,0.027593818984547488,2.1756845483672564,3.1995361005400897,ADA
1306,2023-10-03 14:00:00+00:00,2023-10-03 22:00:00+00:00,1,8,-0.01887838469043131,False,0.020508925180402433,0.0007595898214965192,2.3938375830774183,0.08866065122510507,ADA
1307,2023-10-17 14:00:00+00:00,2023-10-17 22:00:00+00:00,-1,8,-0.001650664494960595,False,0.007720438845997501,0.003250711093051698,1.1707791277993218,0.4929596327576272,ADA
1308,2023-10-24 14:00:00+00:00,2023-10-24 22:00:00+00:00,1,8,-0.041007732290816085,False,0.06026170798898077,0.00034435261707985187,4.140525191770473,0.0236601439529715,ADA
1309,2023-10-25 14:00:00+00:00,2023-10-25 22:00:00+00:00,1,8,-0.009807958485355393,False,0.01628895184135975,0.02655807365439096,1.2481344061509778,2.035001749159208,ADA
1310,2023-10-27 14:00:00+00:00,2023-10-27 22:00:00+00:00,1,8,-0.0014543898442375893,False,0.023809523809523867,0.009316770186335335,1.9308954079048417,0.7555677683105828,ADA
1311,2023-10-31 14:00:00+00:00,2023-10-31 22:00:00+00:00,-1,8,0.009204376656061386,False,0.0027201632097926657,0.03468208092485545,0.2301206053012497,2.9340377175908463,ADA
1312,2023-11-09 15:00:00+00:00,2023-11-09 23:00:00+00:00,1,8,-0.04784294613431292,False,0.12217898832684833,0.004409857328145212,9.522096607086945,0.3436850155424119,ADA
1313,2023-11-10 15:00:00+00:00,2023-11-10 23:00:00+00:00,-1,8,-0.046280032077295974,False,0.04744925946242468,0.0019199122325835943,2.529243884255503,0.10233934791784936,ADA
1314,2023-11-14 15:00:00+00:00,2023-11-14 23:00:00+00:00,1,8,-0.03448092962643998,False,0.09262250942380179,0.001884760366181956,6.032069316999089,0.12274559656683821,ADA
1315,2023-11-17 15:00:00+00:00,2023-11-17 23:00:00+00:00,-1,8,-0.015467098459765849,False,0.01991701244813289,0.024066390041493736,1.0135555485315977,1.2247129544756719,ADA
1316,2023-12-11 15:00:00+00:00,2023-12-11 23:00:00+00:00,-1,8,-0.030928360870797363,False,0.042896935933147654,0.02971216341689882,1.669133274988909,1.1561096276979461,ADA
1317,2023-12-13 15:00:00+00:00,2023-12-13 23:00:00+00:00,1,8,0.0680411253110928,False,0.01683937823834209,0.10087435233160606,0.6323078367698673,3.7877671375733066,ADA
1318,2023-12-14 15:00:00+00:00,2023-12-14 23:00:00+00:00,-1,8,-0.01681576757282349,False,0.020803782505910324,0.009929078014184354,0.7667534508289235,0.36595051062289097,ADA
1319,2023-12-18 15:00:00+00:00,2023-12-18 23:00:00+00:00,1,8,0.043359973852093364,False,0.010699877214523952,0.05437642518856326,0.6328684104248317,3.216216511994982,ADA
1320,2024-01-03 15:00:00+00:00,2024-01-03 23:00:00+00:00,-1,8,-0.02550426339773775,False,0.04452996151731719,0.006047278724573887,1.5689286619063383,0.21306438618480952,ADA
1321,2024-01-05 15:00:00+00:00,2024-01-05 23:00:00+00:00,-1,8,-0.01599340320825421,False,0.017437452615618076,0.013836239575435887,0.9920323961282576,0.7871561404061063,ADA
1322,2024-02-12 15:00:00+00:00,2024-02-12 23:00:00+00:00,1,8,0.02944994468593491,False,0.004589682393978239,0.039471268588213836,0.4781506784227315,4.112095834435593,ADA
1323,2024-02-13 15:00:00+00:00,2024-02-13 23:00:00+00:00,-1,8,-0.013818953603214779,False,0.01767441860465128,0.006511627906976647,1.3568577986433503,0.49989497844753933,ADA
1324,2024-02-15 15:00:00+00:00,2024-02-15 23:00:00+00:00,1,8,-0.014841639825672022,False,0.0278647980214345,0.011376751854905038,2.267916280912069,0.9259539845143813,ADA
1325,2024-02-16 15:00:00+00:00,2024-02-16 23:00:00+00:00,-1,8,-0.005147362016904858,False,0.014205986808726472,0.014882462371046895,0.9372735024742859,0.9819055740206881,ADA
1326,2024-02-23 15:00:00+00:00,2024-02-23 23:00:00+00:00,1,8,-0.0121438216960598,False,0.0354838709677418,0.008998302207130871,2.902661618283231,0.7360816543971974,ADA
1327,2024-02-26 15:00:00+00:00,2024-02-26 23:00:00+00:00,1,8,0.0340616103535253,False,0.004209462872537375,0.04866139080653315,0.4087643538111375,4.725315930056857,ADA
1328,2024-02-28 15:00:00+00:00,2024-02-28 23:00:00+00:00,1,8,-0.01931923486516556,False,0.07116104868913871,0.034488139825218485,4.88379054020557,2.366924801283836,ADA
1329,2024-03-14 14:00:00+00:00,2024-03-14 22:00:00+00:00,-1,8,0.02178463969693653,False,0.018208016767094607,0.06471050563269584,0.865826513683777,3.077110055825793,ADA
1330,2024-03-15 14:00:00+00:00,2024-03-15 22:00:00+00:00,1,8,-0.009276599187831885,False,0.02727146236259907,0.031306525671351004,0.9901606911692191,1.1366640587401762,ADA
1331,2024-03-18 14:00:00+00:00,2024-03-18 22:00:00+00:00,-1,8,0.011263071793804112,False,0.006023189278723089,0.032224062641168456,0.3110530225377217,1.6641336705768075,ADA
1332,2024-04-12 14:00:00+00:00,2024-04-12 22:00:00+00:00,-1,8,0.11254404306462502,False,0.0049557522123894245,0.22761061946902647,0.4605663985055641,21.153156731362497,ADA
1333,2024-05-03 14:00:00+00:00,2024-05-03 22:00:00+00:00,1,8,0.004891259694233605,False,0.006889128094725589,0.0189451022604951,0.6359498036607868,1.748861960067139,ADA
1334,2024-05-15 14:00:00+00:00,2024-05-15 22:00:00+00:00,1,8,0.018747814529526823,False,0.002034358047016302,0.028254972875226065,0.208654256483469,2.8979757844925893,ADA
1335,2024-05-23 14:00:00+00:00,2024-05-23 22:00:00+00:00,-1,8,-0.0023961032130582196,False,0.010267379679144322,0.05540106951871665,0.6490025991745275,3.501909858045914,ADA
1336,2024-06-10 14:00:00+00:00,2024-06-10 22:00:00+00:00,-1,8,-0.0013851967992914423,False,0.01929625425652669,0.007264472190692351,2.2499531562308386,0.8470411882280745,ADA
1337,2024-06-11 14:00:00+00:00,2024-06-11 22:00:00+00:00,-1,8,0.0028250721908308915,False,0.009198113207547204,0.02995283018867922,0.8306234416061474,2.7048506944610318,ADA
1338,2024-06-12 14:00:00+00:00,2024-06-12 22:00:00+00:00,1,8,-6.39986906183145e-05,False,0.015525114155251079,0.01484018264840184,1.5183535441827938,1.4513673584100306,ADA
1339,2024-06-18 14:00:00+00:00,2024-06-18 22:00:00+00:00,-1,8,-0.034016969478320204,False,0.03527815468113979,0.007598371777476172,2.0450254873896765,0.44046702805315585,ADA
1340,2024-06-20 14:00:00+00:00,2024-06-20 22:00:00+00:00,-1,8,0.0004538842668718187,False,0.004655975168132498,0.025349198137609868,0.46754852595163404,2.545541974625523,ADA
1341,2024-06-21 14:00:00+00:00,2024-06-21 22:00:00+00:00,-1,8,-0.00016270900083786692,False,0.015352038115404901,0.011646373742721055,1.3241983155025112,1.0045642393467409,ADA
1342,2024-06-24 14:00:00+00:00,2024-06-24 22:00:00+00:00,1,8,-0.005600888156083582,False,0.03936591809775436,0.003170409511228478,2.949796865156569,0.23756753276428286,ADA
1343,2024-06-26 14:00:00+00:00,2024-06-26 22:00:00+00:00,1,8,-0.017121366487265994,False,0.030734061468122936,0.0015240030480060693,3.604108063389555,0.1787161023168343,ADA
1344,2024-06-27 14:00:00+00:00,2024-06-27 22:00:00+00:00,1,8,0.0037690857128362194,False,0.013596716264751082,0.008465879938430029,1.4029110427763267,0.8735106492758373,ADA
1345,2024-07-04 14:00:00+00:00,2024-07-04 22:00:00+00:00,-1,8,0.003051442838494179,False,0.018937401367701317,0.013413992635455008,1.1178379303426857,0.7918018673260636,ADA
1346,2024-07-12 14:00:00+00:00,2024-07-12 22:00:00+00:00,1,8,0.0016065852909532908,False,0.011962890625000036,0.020263671874999934,1.0258781848263199,1.7377120273588573,ADA
1347,2024-07-17 14:00:00+00:00,2024-07-17 22:00:00+00:00,1,8,-0.032360722431258725,False,0.03807218309859163,0.0030809859154928626,3.170094216949571,0.25653941640053485,ADA
1348,2024-07-23 14:00:00+00:00,2024-07-23 22:00:00+00:00,-1,8,0.01551217555472585,False,0.016094162863319682,0.033389382656737986,1.4125118381579786,2.9304350075217886,ADA
1349,2024-08-05 14:00:00+00:00,2024-08-05 22:00:00+00:00,1,8,0.029454713632357618,False,0.00032862306933943144,0.06605323693723301,0.008193321772878888,1.6468576763488383,ADA
1350,2024-08-12 14:00:00+00:00,2024-08-12 22:00:00+00:00,-1,8,-0.008829934189144592,False,0.037940379403794036,0.009635651912074618,2.837033276176383,0.7205163876003469,ADA
1351,2024-08-14 14:00:00+00:00,2024-08-14 22:00:00+00:00,-1,8,0.0001278936540765874,False,0.01344889420203229,0.012253436939629386,1.2772396825836365,1.163707266353977,ADA
1352,2024-09-05 14:00:00+00:00,2024-09-05 22:00:00+00:00,1,8,-0.04332195108646884,False,0.05414201183431964,0.0050295857988165065,5.059785068820893,0.47003467852433856,ADA
1353,2024-09-11 14:00:00+00:00,2024-09-11 22:00:00+00:00,-1,8,-0.04995986880162577,False,0.05407854984894251,0.00392749244712998,5.273092497410166,0.38296202495158377,ADA
1354,2024-10-01 14:00:00+00:00,2024-10-01 22:00:00+00:00,-1,8,0.06186109284021935,False,0.004251926654265188,0.09088493223491896,0.4110953571159342,8.78716325835315,ADA
1355,2024-10-15 14:00:00+00:00,2024-10-15 22:00:00+00:00,1,8,-0.04105838455391295,False,0.059810554803788926,0.004600811907983706,4.640736158448604,0.356979704496042,ADA
1356,2024-10-21 14:00:00+00:00,2024-10-21 22:00:00+00:00,-1,8,-0.023313940909326644,False,0.027559055118110166,0.007030371203599556,2.7651217277300235,0.7053881958494982,ADA
1357,2024-11-01 14:00:00+00:00,2024-11-01 22:00:00+00:00,1,8,-0.006912971230066477,False,0.023483365949119425,0.012021246854906263,2.215574934712585,1.1341633594361937,ADA
1358,2024-11-04 15:00:00+00:00,2024-11-04 23:00:00+00:00,-1,8,-0.001288273101636847,False,0.0070293398533008075,0.022004889975550074,0.6481774626784589,2.0290772744716716,ADA
1359,2024-11-06 15:00:00+00:00,2024-11-06 23:00:00+00:00,-1,8,-0.037369697006032154,False,0.03836317135549876,0.0014208581983518058,2.8377687268215466,0.10510254543783507,ADA
1360,2024-11-11 15:00:00+00:00,2024-11-11 23:00:00+00:00,-1,8,-0.014774157667496624,False,0.05079311508606145,0.007424907188660261,1.4207973273709413,0.20769130366884514,ADA
1361,2024-11-13 15:00:00+00:00,2024-11-13 23:00:00+00:00,1,8,-0.04948923839109584,False,0.08172362555720651,0.0,2.5505072591693008,0.0,ADA
1362,2024-11-14 15:00:00+00:00,2024-11-14 23:00:00+00:00,-1,8,-0.060458305706562354,False,0.10054945054945044,0.007692307692307861,3.588915101789854,0.2745618110658968,ADA
1363,2024-11-25 15:00:00+00:00,2024-11-25 23:00:00+00:00,-1,8,0.025358279748731127,False,0.03460172501268394,0.05601217656012179,1.1550414553400177,1.8697445259463041,ADA
1364,2024-12-02 15:00:00+00:00,2024-12-02 23:00:00+00:00,1,8,0.05242955758667121,False,0.0035279590756747254,0.0975480684424061,0.11016308400449802,3.0460092727243686,ADA
1365,2024-12-03 15:00:00+00:00,2024-12-03 23:00:00+00:00,-1,8,-0.020818012693317893,False,0.029411764705882446,0.02632894517580391,0.7030065078988763,0.6293202733598957,ADA
1366,2024-12-24 15:00:00+00:00,2024-12-24 23:00:00+00:00,1,8,0.0034186778719372053,False,0.019220444539890504,0.019972082035863793,1.0807584501126235,1.1230227470443974,ADA
1367,2024-12-30 15:00:00+00:00,2024-12-30 23:00:00+00:00,-1,8,-0.024298881820244433,False,0.05131877312328445,0.010621792576679818,3.1130572815033166,0.6443304605902221,ADA
1368,2025-01-15 15:00:00+00:00,2025-01-15 23:00:00+00:00,1,8,0.014557493146088708,False,0.003712517848643517,0.030271299381247074,0.17510804106228223,1.4278040271232213,ADA
1369,2025-01-16 15:00:00+00:00,2025-01-16 23:00:00+00:00,-1,8,-0.025433764928449447,False,0.07331020905596705,0.0009374707040403955,3.204307248167906,0.04097579601237277,ADA
1370,2025-01-23 15:00:00+00:00,2025-01-23 23:00:00+00:00,1,8,-0.006021260679975181,False,0.03200483091787445,0.018417874396135247,2.0290374170780203,1.1676536079411217,ADA
1371,2025-02-25 15:00:00+00:00,2025-02-25 23:00:00+00:00,-1,8,-0.07419266738604621,False,0.0780351313539562,0.014145810663764958,2.7890647469926604,0.5055874342158005,ADA
1372,2025-03-03 15:00:00+00:00,2025-03-03 23:00:00+00:00,-1,8,0.07638057380737082,False,0.0552173448680978,0.12207625760974054,1.0325854703889923,2.2828727130650286,ADA
1373,2025-03-10 14:00:00+00:00,2025-03-10 22:00:00+00:00,-1,8,0.04152158151242375,False,0.0,0.08486366165831934,0.0,3.185334400339665,ADA
1374,2025-04-07 14:00:00+00:00,2025-04-07 22:00:00+00:00,1,8,0.03329871434779672,False,0.015498414934836068,0.06604438182458608,0.48934142160886507,2.085261739810522,ADA
1375,2025-04-28 14:00:00+00:00,2025-04-28 22:00:00+00:00,-1,8,0.004279428200128447,False,0.012487583368809466,0.029516106144458692,0.9293152861452783,2.196563403616109,ADA
1376,2025-04-30 14:00:00+00:00,2025-04-30 22:00:00+00:00,-1,8,-0.027098939401081268,False,0.03756009615384619,0.002403846153846056,3.0720291126357453,0.19660986320867951,ADA
1377,2020-11-04 15:00:00+00:00,2020-11-04 23:00:00+00:00,-1,8,-0.057308024727332485,False,0.07646162004507495,0.007026382076097006,3.895958933918224,0.35801616557895904,AVAX
1378,2020-11-05 15:00:00+00:00,2020-11-05 23:00:00+00:00,1,8,-0.013360569465282485,False,0.028405519470801277,0.015444939986231282,1.2595264187201825,0.6848426049100268,AVAX
1379,2020-11-09 15:00:00+00:00,2020-11-09 23:00:00+00:00,-1,8,-0.030445568547483644,False,0.041642760078514175,0.014585535255926386,1.6131312049710553,0.5650053459035715,AVAX
1380,2020-11-24 15:00:00+00:00,2020-11-24 23:00:00+00:00,1,8,0.01153035711023679,False,0.002706975852817245,0.041586814871598196,0.10859117287013817,1.668267930111099,AVAX
1381,2020-11-26 15:00:00+00:00,2020-11-26 23:00:00+00:00,-1,8,-0.04227440461427007,False,0.060379138535923714,0.02918718122586167,1.5203574995550033,0.7349384397262982,AVAX
1382,2020-12-01 15:00:00+00:00,2020-12-01 23:00:00+00:00,1,8,-0.008644560675776201,False,0.029075230777734776,0.011027582775966025,1.325253686242463,0.5026389931661089,AVAX
1383,2020-12-09 15:00:00+00:00,2020-12-09 23:00:00+00:00,1,8,0.04916061326787645,False,0.004681587892002734,0.09148335791701416,0.1996030628200462,3.9004625905863235,AVAX
1384,2020-12-18 15:00:00+00:00,2020-12-18 23:00:00+00:00,-1,8,-0.020866903619016372,False,0.025508229901479197,0.009762776438372455,1.4270638866287528,0.5461808107517292,AVAX
1385,2021-01-01 15:00:00+00:00,2021-01-01 23:00:00+00:00,-1,8,-0.015230627717111946,False,0.04506772472294427,0.05699822137091255,1.4227255356348776,1.7993547606116889,AVAX
1386,2021-01-06 15:00:00+00:00,2021-01-06 23:00:00+00:00,-1,8,0.005395918617027044,False,0.07133818072625103,0.07142397529116534,1.8840433674309478,1.8863092043130054,AVAX
1387,2021-01-22 15:00:00+00:00,2021-01-22 23:00:00+00:00,1,8,0.0037125521259864552,False,0.03078837128728464,0.053962329522189656,0.9254715108123851,1.6220604254724482,AVAX
1388,2021-02-09 15:00:00+00:00,2021-02-09 23:00:00+00:00,1,8,0.08407822508449682,False,0.043223584366771796,0.10455726922127917,0.9809604560475222,2.372930149153428,AVAX
1389,2021-02-15 15:00:00+00:00,2021-02-15 23:00:00+00:00,1,8,-0.05304488530375216,False,0.14989024469757525,0.04214651910273532,2.626798668649909,0.7386099108095194,AVAX
1390,2021-03-02 15:00:00+00:00,2021-03-02 23:00:00+00:00,-1,8,0.06430637532018721,False,0.02446866315268505,0.10479994185664207,0.5910588170299507,2.531520797522492,AVAX
1391,2021-04-14 14:00:00+00:00,2021-04-14 22:00:00+00:00,1,8,0.03876349662833668,False,0.03222158490073637,0.070584109672456,1.0584550048989239,2.3186352992660586,AVAX
1392,2021-04-16 14:00:00+00:00,2021-04-16 22:00:00+00:00,-1,8,-0.07956684324014175,False,0.11485295949786141,0.0018183544040957676,3.5104730024706656,0.05557788038209573,AVAX
1393,2021-04-23 14:00:00+00:00,2021-04-23 22:00:00+00:00,-1,8,-0.01212894262720526,False,0.05843634612297326,0.011986942794455988,0.9864559678075604,0.20234994211437027,AVAX
1394,2021-05-18 14:00:00+00:00,2021-05-18 22:00:00+00:00,-1,8,-0.04065754752332068,False,0.055590434335939735,0.03087723303464416,1.5515901128838154,0.8618175062321812,AVAX
1395,2021-05-19 14:00:00+00:00,2021-05-19 22:00:00+00:00,-1,8,-0.08214364072374891,False,0.2478068307639894,0.12699088663657268,1.9377419654474628,0.9930136691810163,AVAX
1396,2021-05-20 14:00:00+00:00,2021-05-20 22:00:00+00:00,1,8,-0.03158811001795007,False,0.1243006034009873,0.01821173889193641,1.710769498481996,0.2506511356999225,AVAX
1397,2021-05-26 14:00:00+00:00,2021-05-26 22:00:00+00:00,-1,8,-0.028160215681486796,False,0.031954887218045,0.038559235927657,0.7694685242794133,0.9285001747664181,AVAX
1398,2021-05-28 14:00:00+00:00,2021-05-28 22:00:00+00:00,1,8,-0.09090681480262582,False,0.09929078014184395,0.005910165484633595,2.307557782257397,0.13735462989627426,AVAX
1399,2021-06-22 14:00:00+00:00,2021-06-22 22:00:00+00:00,-1,8,-0.11782923082586338,False,0.16885435261997275,0.013231124645594818,3.703808986562233,0.2902238384992781,AVAX
1400,2021-07-09 14:00:00+00:00,2021-07-09 22:00:00+00:00,1,8,0.00552387796135171,False,0.02081826219757257,0.019934088899606087,0.9434245232221028,0.9033563002281102,AVAX
1401,2021-07-19 14:00:00+00:00,2021-07-19 22:00:00+00:00,-1,8,-0.006639501484874525,False,0.023066215947504406,0.00268443030423536,1.5361707317943383,0.17877849033812976,AVAX
1402,2021-07-27 14:00:00+00:00,2021-07-27 22:00:00+00:00,1,8,-0.030668277499585634,False,0.0673139686684074,0.0025293733681462614,3.395040406038139,0.1275712152571929,AVAX
1403,2021-08-16 14:00:00+00:00,2021-08-16 22:00:00+00:00,-1,8,-0.04001612748165769,False,0.09586699813548784,0.005127408328154144,3.935240939991959,0.21047479905953803,AVAX
1404,2021-08-18 14:00:00+00:00,2021-08-18 22:00:00+00:00,1,8,0.21597260548566993,False,0.000537393640841778,0.2763098969995523,0.011266502318306983,5.79285994199767,AVAX
1405,2021-08-24 14:00:00+00:00,2021-08-24 22:00:00+00:00,1,8,0.04308510562737805,False,0.1257324816761819,0.05059069583403995,3.568204070380317,1.4357302456123417,AVAX
1406,2021-09-17 14:00:00+00:00,2021-09-17 22:00:00+00:00,1,8,-0.0029162354555713676,False,0.04017457984148388,0.027475108733538464,1.128540585770193,0.7718008608077576,AVAX
1407,2021-11-03 14:00:00+00:00,2021-11-03 22:00:00+00:00,-1,8,-0.0704761482410639,False,0.08062519789297953,0.0035260930888576115,4.578692812631945,0.20024629401907296,AVAX
1408,2021-11-16 15:00:00+00:00,2021-11-16 23:00:00+00:00,1,8,0.08878621513423517,False,0.029488767979313633,0.09800140063567316,1.0329719972073008,3.432924109096686,AVAX
1409,2021-11-23 15:00:00+00:00,2021-11-23 23:00:00+00:00,1,8,-0.0500941303469183,False,0.04950006172077529,0.019048574250092532,1.6427221767071263,0.6321510371399436,AVAX
1410,2021-11-24 15:00:00+00:00,2021-11-24 23:00:00+00:00,-1,8,-0.023094058810411752,False,0.05189315034922193,0.009583909534895923,1.9570961570886467,0.3614471735557539,AVAX
1411,2021-11-26 15:00:00+00:00,2021-11-26 23:00:00+00:00,1,8,-0.05297217967356735,False,0.05312068202548569,0.007242908361856485,1.6117760640301682,0.2197627343339348,AVAX
1412,2021-12-08 15:00:00+00:00,2021-12-08 23:00:00+00:00,1,8,-0.012837576768336044,False,0.029360461966826013,0.00705301134332235,1.187336610516591,0.28522366547833733,AVAX
1413,2022-01-20 15:00:00+00:00,2022-01-20 23:00:00+00:00,1,8,-0.07078689101776565,False,0.08203510382012155,0.006424228518985916,7.63985869414339,0.5982828791386265,AVAX
1414,2022-01-26 15:00:00+00:00,2022-01-26 23:00:00+00:00,1,8,-0.08948670472555326,False,0.10238526991212168,0.024550146463942043,4.7041664887064485,1.1279745259023664,AVAX
1415,2022-02-02 15:00:00+00:00,2022-02-02 23:00:00+00:00,-1,8,0.030790955777189034,False,0.018594168192703302,0.04662628539230861,1.0548765375441822,2.6451828327812206,AVAX
1416,2022-02-21 15:00:00+00:00,2022-02-21 23:00:00+00:00,1,8,-0.09034905517398248,False,0.09825633193330788,0.016163930253277465,3.9815648118049247,0.6549983563461523,AVAX
1417,2022-02-24 15:00:00+00:00,2022-02-24 23:00:00+00:00,1,8,0.07669059545435365,False,0.016082294986960295,0.15864966676325706,0.476156983107146,4.697224292813741,AVAX
1418,2022-02-28 15:00:00+00:00,2022-02-28 23:00:00+00:00,1,8,0.041549936577644164,False,0.017513134851138246,0.0743057292969727,0.6807110218099488,2.888159621107942,AVAX
1419,2022-03-03 15:00:00+00:00,2022-03-03 23:00:00+00:00,-1,8,-0.0016676992672730033,False,0.008328075709779137,0.028391167192429023,0.4176210950652304,1.4237082786314743,AVAX
1420,2022-03-14 14:00:00+00:00,2022-03-14 22:00:00+00:00,-1,8,-0.0029709138675557125,False,0.016467065868263603,0.019760479041916065,0.9443520345903756,1.133222441508436,AVAX
1421,2022-03-22 14:00:00+00:00,2022-03-22 22:00:00+00:00,-1,8,-0.0006885010118411292,False,0.01323119777158775,0.02019498607242334,0.7237995608711827,1.1047466981718013,AVAX
1422,2022-04-06 14:00:00+00:00,2022-04-06 22:00:00+00:00,-1,8,-0.009050464186465323,False,0.02482562950703386,0.01879654805532573,1.3062077348712848,0.988985856402549,AVAX
1423,2022-04-13 14:00:00+00:00,2022-04-13 22:00:00+00:00,1,8,0.01663290372235819,False,0.009696351109976919,0.02883388619545809,0.6514982139532026,1.9373499520187618,AVAX
1424,2022-04-15 14:00:00+00:00,2022-04-15 22:00:00+00:00,-1,8,-0.023178529281414232,False,0.02622516556291396,0.010728476821192084,1.986846450740268,0.8128008207573831,AVAX
1425,2022-04-20 14:00:00+00:00,2022-04-20 22:00:00+00:00,-1,8,0.008030531724156964,False,0.0020168914660279413,0.02508508760872299,0.17743658173747326,2.206867485359865,AVAX
1426,2022-04-26 14:00:00+00:00,2022-04-26 22:00:00+00:00,-1,8,0.00023673360228542654,False,0.001724385687598654,0.030751544762178482,0.14208046455055787,2.533768284485154,AVAX
1427,2022-04-28 14:00:00+00:00,2022-04-28 22:00:00+00:00,-1,8,0.011766476620752793,False,0.014945054945054886,0.016849816849816932,1.263295461376541,1.424303706453956,AVAX
1428,2022-05-02 14:00:00+00:00,2022-05-02 22:00:00+00:00,1,8,0.044771855673235605,False,0.011527873365450698,0.07381280110116999,0.5560589243403847,3.560436993164581,AVAX
1429,2022-05-05 14:00:00+00:00,2022-05-05 22:00:00+00:00,-1,8,0.07376588068014485,False,0.004215456674473006,0.11943793911007024,0.23205098741293534,6.57477797669993,AVAX
1430,2022-05-11 14:00:00+00:00,2022-05-11 22:00:00+00:00,-1,8,0.1274916468394432,False,0.05995410212277692,0.21113023522662075,0.5216649212464519,1.8370592441980282,AVAX
1431,2022-05-27 14:00:00+00:00,2022-05-27 22:00:00+00:00,1,8,-0.040287280988214054,False,0.09733389758781213,0.009733389758781229,2.5482222749996426,0.2548222274999647,AVAX
1432,2022-06-10 14:00:00+00:00,2022-06-10 22:00:00+00:00,-1,8,0.013164854340333654,False,0.01701570680628259,0.034031413612565495,0.8635038184894791,1.727007636978974,AVAX
1433,2022-06-21 14:00:00+00:00,2022-06-21 22:00:00+00:00,1,8,-0.08100227601588701,False,0.09159891598915977,0.002168021680216756,3.4223905688744636,0.0810033270739502,AVAX
1434,2022-06-27 14:00:00+00:00,2022-06-27 22:00:00+00:00,-1,8,0.03418617032184085,False,0.007980049875311727,0.044887780548628534,0.35690031161229385,2.0075642528191557,AVAX
1435,2022-06-28 14:00:00+00:00,2022-06-28 22:00:00+00:00,1,8,-0.07958603167979977,False,0.08809055118110232,0.004921259842519755,3.7550005793736667,0.2097765686800962,AVAX
1436,2022-07-19 14:00:00+00:00,2022-07-19 22:00:00+00:00,1,8,0.004665871952778268,False,0.0227272727272726,0.04864433811802243,0.9503411733587123,2.0340635640309435,AVAX
1437,2022-08-10 14:00:00+00:00,2022-08-10 22:00:00+00:00,1,8,-0.02550759069979343,False,0.041022192333557465,0.008069939475454,2.042158456119515,0.40173608972843283,AVAX
1438,2022-08-17 14:00:00+00:00,2022-08-17 22:00:00+00:00,-1,8,0.020758857982705645,False,0.014465169394746822,0.03654358583936052,0.9426035475111992,2.381314225291459,AVAX
1439,2022-08-26 14:00:00+00:00,2022-08-26 22:00:00+00:00,1,8,-0.07140053619092325,False,0.07404181184668986,0.006533101045296105,5.372322450186985,0.4740284514870826,AVAX
1440,2022-08-29 14:00:00+00:00,2022-08-29 22:00:00+00:00,1,8,0.028902291884932617,False,0.0016163793103446975,0.040948275862069054,0.08158498266101694,2.066819560745933,AVAX
1441,2022-09-13 14:00:00+00:00,2022-09-13 22:00:00+00:00,-1,8,0.0342918748943774,False,0.005037783375314754,0.04836272040302271,0.21469926590023905,2.0611129526423406,AVAX
1442,2022-09-16 14:00:00+00:00,2022-09-16 22:00:00+00:00,-1,8,-0.021244113912253434,False,0.0265987549518958,0.007357102433503257,1.8134842850567683,0.5016020362923087,AVAX
1443,2022-09-22 14:00:00+00:00,2022-09-22 22:00:00+00:00,-1,8,-0.024784011257852255,False,0.041447752481027486,0.0005837711617044957,2.6084592865468106,0.0367388631907928,AVAX
1444,2022-10-21 14:00:00+00:00,2022-10-21 22:00:00+00:00,1,8,0.01819920157084563,False,0.011842105263157876,0.026315789473684237,0.8915810697066233,1.9812912660147235,AVAX
1445,2022-10-25 14:00:00+00:00,2022-10-25 22:00:00+00:00,1,8,0.04083317733537478,False,0.0030000000000000027,0.06875000000000009,0.3507969318616633,8.03909635516312,AVAX
1446,2022-10-28 14:00:00+00:00,2022-10-28 22:00:00+00:00,1,8,0.03373485823585567,False,0.007411630558722863,0.04846066134549609,0.5460229697307368,3.5701501867010044,AVAX
1447,2022-10-31 14:00:00+00:00,2022-10-31 22:00:00+00:00,-1,8,0.006254416872635005,False,0.01386918833727341,0.01213553979511435,0.7934826782635067,0.694297343480575,AVAX
1448,2022-11-08 15:00:00+00:00,2022-11-08 23:00:00+00:00,-1,8,0.04024254285917267,False,0.09622411693057235,0.10846528623629734,4.272490011480874,4.816015639523707,AVAX
1449,2022-11-09 15:00:00+00:00,2022-11-09 23:00:00+00:00,-1,8,0.10824954161786539,False,0.014626635873749011,0.16607180348519837,0.3761089561184766,4.270366281670557,AVAX
1450,2022-11-10 15:00:00+00:00,2022-11-10 23:00:00+00:00,1,8,-0.004074603994762084,False,0.03290617554253328,0.026531006503960383,0.904706745001132,0.7294308785527742,AVAX
1451,2022-11-11 15:00:00+00:00,2022-11-11 23:00:00+00:00,-1,8,0.016345870188503,False,0.008858267716535395,0.046681664791900994,0.30988218437815995,1.6330299240245953,AVAX
1452,2022-11-22 15:00:00+00:00,2022-11-22 23:00:00+00:00,1,8,-0.0014482378822482302,False,0.017288961038961118,0.003003246753246675,0.9884616416260833,0.1717046044139153,AVAX
1453,2022-12-13 15:00:00+00:00,2022-12-13 23:00:00+00:00,1,8,-0.015519940669443878,False,0.03247359724118112,0.0036640563258854915,1.9599472163829303,0.2211444868042694,AVAX
1454,2023-01-12 15:00:00+00:00,2023-01-12 23:00:00+00:00,-1,8,-0.029191592770933132,False,0.056398549751577806,0.002215657311669093,1.883296104799187,0.07398663268853832,AVAX
1455,2023-01-17 15:00:00+00:00,2023-01-17 23:00:00+00:00,1,8,-0.025872228773961076,False,0.02801343733986206,0.037977566474975896,1.7003881704257873,2.3052010359227824,AVAX
1456,2023-01-25 15:00:00+00:00,2023-01-25 23:00:00+00:00,-1,8,-0.02504296683310697,False,0.06167963758857017,0.007376001858520089,3.729415977679749,0.4459847732253517,AVAX
1457,2023-01-30 15:00:00+00:00,2023-01-30 23:00:00+00:00,1,8,-0.045184887230433984,False,0.05945998635344587,0.03699190954284045,3.2339304935708872,2.0119288890330327,AVAX
1458,2023-02-14 15:00:00+00:00,2023-02-14 23:00:00+00:00,1,8,0.0007661669143424267,False,0.017182130584192563,0.013745704467353815,1.1165393880625043,0.8932315104499882,AVAX
1459,2023-02-27 15:00:00+00:00,2023-02-27 23:00:00+00:00,1,8,-0.033982311154469674,False,0.04458598726114652,0.006261470365972129,5.046682139057618,0.7087350219499778,AVAX
1460,2023-03-08 15:00:00+00:00,2023-03-08 23:00:00+00:00,-1,8,0.029222782298846953,False,0.02404925286987751,0.04078753286731221,2.276516553542197,3.8609720748075618,AVAX
1461,2023-03-14 14:00:00+00:00,2023-03-14 22:00:00+00:00,1,8,-0.02410285080428883,False,0.047912467607255815,0.03265188597754105,2.8905271037819555,1.9698664276975661,AVAX
1462,2023-03-21 14:00:00+00:00,2023-03-21 22:00:00+00:00,1,8,-0.0025138296392813375,False,0.027578693882231414,0.006536322458574668,1.8941902766096679,0.4489349096330654,AVAX
1463,2023-04-17 14:00:00+00:00,2023-04-17 22:00:00+00:00,1,8,-0.028588461920521755,False,0.03143641700596542,0.0,1.9221244601847565,0.0,AVAX
1464,2023-04-20 14:00:00+00:00,2023-04-20 22:00:00+00:00,1,8,-0.049748164212647134,False,0.06933457422056775,0.002843699912103806,4.864475677741641,0.19951242526158738,AVAX
1465,2023-04-26 14:00:00+00:00,2023-04-26 22:00:00+00:00,1,8,-0.0521164656506522,False,0.10627485638532919,0.000939019001325644,9.66917607687459,0.08543450795574992,AVAX
1466,2023-05-10 14:00:00+00:00,2023-05-10 22:00:00+00:00,1,8,-0.007283941148534565,False,0.061181299300968425,0.005579426665811566,6.635706114759601,0.605143010465496,AVAX
1467,2023-06-09 14:00:00+00:00,2023-06-09 22:00:00+00:00,1,8,-0.024301647008298028,False,0.029463717939659424,0.002755599519536473,3.8471058841292356,0.3598012697387029,AVAX
1468,2023-06-30 14:00:00+00:00,2023-06-30 22:00:00+00:00,-1,8,-0.034622799010441685,False,0.03823272784960745,0.010629015626239278,2.0965184056009147,0.5828495152500394,AVAX
1469,2023-08-16 14:00:00+00:00,2023-08-16 22:00:00+00:00,-1,8,0.011425705688257615,False,0.014982914220625547,0.03355822307894514,1.839936390842579,4.121027121010012,AVAX
1470,2023-08-28 14:00:00+00:00,2023-08-28 22:00:00+00:00,1,8,0.005178437401914245,False,0.001669449081802952,0.02543454777570464,0.2561151559318317,3.9019897286086245,AVAX
1471,2023-10-05 14:00:00+00:00,2023-10-05 22:00:00+00:00,-1,8,-0.011640728547262896,False,0.021395720855828696,0.018996200759848158,1.3128691680588003,1.1656315043512866,AVAX
1472,2023-10-17 14:00:00+00:00,2023-10-17 22:00:00+00:00,-1,8,-0.0036028428275907574,False,0.00723525542644165,0.010195132646349482,0.7803375800307746,1.0995665900433518,AVAX
1473,2023-10-31 14:00:00+00:00,2023-10-31 22:00:00+00:00,-1,8,0.015277809085567808,False,0.010198698786706492,0.03490416739933183,0.7041836969996258,2.4100079974901076,AVAX
1474,2023-11-10 15:00:00+00:00,2023-11-10 23:00:00+00:00,-1,8,-0.11570739677177605,False,0.1348091603053435,0.001068702290076286,6.236595325273652,0.049440733042937175,AVAX
1475,2023-11-14 15:00:00+00:00,2023-11-14 23:00:00+00:00,1,8,-0.04731022585849984,False,0.10272071071626881,0.0032204330927262533,3.713450102255183,0.1164216788815134,AVAX
1476,2023-11-17 15:00:00+00:00,2023-11-17 23:00:00+00:00,-1,8,-0.05415560825307336,False,0.052947052947052924,0.04852290566576278,1.3020504776438446,1.1932538070051406,AVAX
1477,2023-12-08 15:00:00+00:00,2023-12-08 23:00:00+00:00,1,8,0.0657654282022653,False,0.013243618498344545,0.08565630673929304,0.6231829176832256,4.030586290176996,AVAX
1478,2023-12-11 15:00:00+00:00,2023-12-11 23:00:00+00:00,-1,8,-0.11407662840937131,False,0.1276680858359289,0.008486441695002345,3.562959436987897,0.23683951494749197,AVAX
1479,2023-12-18 15:00:00+00:00,2023-12-18 23:00:00+00:00,1,8,0.033371362000856025,False,0.019692991314885732,0.04602605534235509,0.7843944644307119,1.833270652124614,AVAX
1480,2024-01-03 15:00:00+00:00,2024-01-03 23:00:00+00:00,-1,8,-0.021768190679460727,False,0.03978440851252993,0.012335389231538662,1.2150759922722065,0.376741438944736,AVAX
1481,2024-01-11 15:00:00+00:00,2024-01-11 23:00:00+00:00,1,8,-0.052267654748365894,False,0.07741174771999901,0.002406333469692093,3.436067365768172,0.1068096787618271,AVAX
1482,2024-02-13 15:00:00+00:00,2024-02-13 23:00:00+00:00,-1,8,-0.008824145330419253,False,0.019760737598740155,0.01173452541210544,1.2607113429737213,0.7486486381155069,AVAX
1483,2024-02-16 15:00:00+00:00,2024-02-16 23:00:00+00:00,-1,8,0.001633568349906524,False,0.008914786592957741,0.01909955675083428,0.6085837025315206,1.3038650833566539,AVAX
1484,2024-02-26 15:00:00+00:00,2024-02-26 23:00:00+00:00,1,8,0.03769182000859875,False,0.0025417670576397718,0.04286584235748894,0.24866144206615795,4.19357161151171,AVAX
1485,2024-03-07 15:00:00+00:00,2024-03-07 23:00:00+00:00,1,8,-0.02503068612150751,False,0.026673581204482422,0.0014204865730198279,1.3700513172392177,0.07296131275238715,AVAX
1486,2024-03-12 14:00:00+00:00,2024-03-12 22:00:00+00:00,1,8,0.09147275572884077,False,0.032127642789523465,0.1327311454717576,1.2481300776592612,5.156485833423472,AVAX
1487,2024-03-14 14:00:00+00:00,2024-03-14 22:00:00+00:00,-1,8,0.013470061728769436,False,0.012660088565496207,0.07167925325689513,0.44998188573848186,2.5477203719387798,AVAX
1488,2024-03-15 14:00:00+00:00,2024-03-15 22:00:00+00:00,1,8,0.02068724088199482,False,0.015437613985962474,0.08689645008566216,0.3787161912852411,2.131747344024439,AVAX
1489,2024-03-18 14:00:00+00:00,2024-03-18 22:00:00+00:00,-1,8,-0.015868364728346258,False,0.058125818076046755,0.03220593701016437,1.9458501336376044,1.0781427067944809,AVAX
1490,2024-04-12 14:00:00+00:00,2024-04-12 22:00:00+00:00,-1,8,0.11897098388811898,False,0.003574158162118555,0.2687587106055837,0.3252823951772187,24.459599476343886,AVAX
1491,2024-04-16 14:00:00+00:00,2024-04-16 22:00:00+00:00,-1,8,-0.028302092277701495,False,0.031147155618241724,0.04013869299482839,1.1508931355040706,1.4831320972627893,AVAX
1492,2024-05-03 14:00:00+00:00,2024-05-03 22:00:00+00:00,1,8,0.019728725467082903,False,0.006953423555440547,0.03057207711978853,0.5359429254265103,2.3563771597265015,AVAX
1493,2024-05-15 14:00:00+00:00,2024-05-15 22:00:00+00:00,1,8,0.012840718269244857,False,0.006415160967570962,0.017832970396092097,0.4668010285306934,1.2976212077504843,AVAX
1494,2024-05-23 14:00:00+00:00,2024-05-23 22:00:00+00:00,-1,8,-0.015856511797994133,False,0.014409372630037448,0.05855278642223901,0.7385337280368776,3.0010472179211636,AVAX
1495,2024-06-11 14:00:00+00:00,2024-06-11 22:00:00+00:00,-1,8,-0.005037921836133552,False,0.010119653767820818,0.026667515274949115,0.8178490434020584,2.155212259028059,AVAX
1496,2024-06-12 14:00:00+00:00,2024-06-12 22:00:00+00:00,1,8,0.000764364637442707,False,0.02246276307061441,0.02514623409515779,1.6933862887922861,1.8956834427554052,AVAX
1497,2024-06-20 14:00:00+00:00,2024-06-20 22:00:00+00:00,-1,8,-0.007104784423593783,False,0.014484314724506866,0.02169007933619623,0.9572215073673507,1.4334271818867876,AVAX
1498,2024-06-21 14:00:00+00:00,2024-06-21 22:00:00+00:00,-1,8,-0.017353090018471126,False,0.027301235934329402,0.007009776793949503,1.9113481889144763,0.4907515620185861,AVAX
1499,2024-06-27 14:00:00+00:00,2024-06-27 22:00:00+00:00,1,8,0.015516185569098692,False,0.0023680279791614004,0.0332981165069765,0.1753344611437993,2.4654722690066007,AVAX
1500,2024-07-05 14:00:00+00:00,2024-07-05 22:00:00+00:00,1,8,0.012929123038295314,False,0.016796906469024472,0.02106662370095866,0.6493840395017407,0.8144552821568559,AVAX
1501,2024-07-10 14:00:00+00:00,2024-07-10 22:00:00+00:00,-1,8,0.021109355571499237,False,0.012083903328773423,0.02382580939352481,0.8131111071236727,1.6032096357438352,AVAX
1502,2024-07-12 14:00:00+00:00,2024-07-12 22:00:00+00:00,1,8,0.0021990531789829156,False,0.018352572882019223,0.014869888475836392,1.5252517144816575,1.2358116236738312,AVAX
1503,2024-07-22 14:00:00+00:00,2024-07-22 22:00:00+00:00,-1,8,-0.01665720164435119,False,0.027536599277520748,0.008175423030610278,1.6420632142021674,0.48751704173090665,AVAX
1504,2024-08-05 14:00:00+00:00,2024-08-05 22:00:00+00:00,1,8,0.0405628275350709,False,0.0,0.07485380116959071,0.0,1.8638588057895533,AVAX
1505,2024-08-12 14:00:00+00:00,2024-08-12 22:00:00+00:00,-1,8,-0.009220744809507303,False,0.04360576923076923,0.010576923076923192,2.8886254025551876,0.7006588628028094,AVAX
1506,2024-08-21 14:00:00+00:00,2024-08-21 22:00:00+00:00,1,8,0.00761212282085498,False,0.02531862116157738,0.017235480283979074,1.923485855524311,1.3093999996221146,AVAX
1507,2024-08-22 14:00:00+00:00,2024-08-22 22:00:00+00:00,1,8,-0.009597335546864516,False,0.03145588944239104,0.0057448176120842315,2.310202555653908,0.4219143875587629,AVAX
1508,2024-08-28 14:00:00+00:00,2024-08-28 22:00:00+00:00,-1,8,0.017410085945102693,False,0.01744888185566139,0.03510598425852663,0.996231694679401,2.004351595739239,AVAX
1509,2024-08-29 14:00:00+00:00,2024-08-29 22:00:00+00:00,1,8,-0.04360791967277625,False,0.04873496474491915,0.022978017420157697,3.3550057817201,1.5818495345301626,AVAX
1510,2024-09-11 14:00:00+00:00,2024-09-11 22:00:00+00:00,-1,8,-0.014491704751440465,False,0.02468601126028585,0.009917713295799014,1.9091977612657263,0.7670285742628942,AVAX
1511,2024-09-20 14:00:00+00:00,2024-09-20 22:00:00+00:00,-1,8,0.0014074405459277304,False,0.004642559210764938,0.029015995067280864,0.32995582081095814,2.0622238800684887,AVAX
1512,2024-10-01 14:00:00+00:00,2024-10-01 22:00:00+00:00,-1,8,0.062313523288055915,False,0.006977992485238872,0.10524244050814095,0.5820923803731267,8.779147131678782,AVAX
1513,2024-10-09 14:00:00+00:00,2024-10-09 22:00:00+00:00,-1,8,-0.008128449481139218,False,0.01872818922062817,0.005040713454827414,1.636127182792436,0.440365494333364,AVAX
1514,2024-10-15 14:00:00+00:00,2024-10-15 22:00:00+00:00,1,8,-0.0494370392245032,False,0.06664404479131315,0.004920257889379016,4.639099854390432,0.3424997346673173,AVAX
1515,2024-10-21 14:00:00+00:00,2024-10-21 22:00:00+00:00,-1,8,-0.008899075670961099,False,0.010169124806173597,0.013270347264793989,0.9657210811409789,1.2602317654605752,AVAX
1516,2024-11-01 14:00:00+00:00,2024-11-01 22:00:00+00:00,1,8,-0.03681650738832053,False,0.044430562604927115,0.003396712606879309,4.455259978757633,0.3406042338769012,AVAX
1517,2024-11-05 15:00:00+00:00,2024-11-05 23:00:00+00:00,1,8,-0.004486324641632354,False,0.020928494311103784,0.01611161863632581,1.8071926190691256,1.3912514607119357,AVAX
1518,2024-11-12 15:00:00+00:00,2024-11-12 23:00:00+00:00,1,8,0.014870890967381435,False,0.039118106591053664,0.01707077136739782,1.0769510842983643,0.4699712572012131,AVAX
1519,2024-11-13 15:00:00+00:00,2024-11-13 23:00:00+00:00,1,8,-0.05598204591187669,False,0.08975834292289982,0.009148446490218785,3.0968011236984045,0.3156354991461887,AVAX
1520,2024-11-14 15:00:00+00:00,2024-11-14 23:00:00+00:00,-1,8,-0.005618394678843119,False,0.03724111723351695,0.0082019127240484,1.3857889307454496,0.30520351450941535,AVAX
1521,2024-11-19 15:00:00+00:00,2024-11-19 23:00:00+00:00,-1,8,0.005104677719400652,False,0.032280763479637584,0.017151904301169873,1.692448223641439,0.8992572305451808,AVAX
1522,2024-11-22 15:00:00+00:00,2024-11-22 23:00:00+00:00,-1,8,-0.09626198750149673,False,0.09939759036144583,0.00264536406495545,4.314852778941671,0.11483534405088397,AVAX
1523,2024-11-25 15:00:00+00:00,2024-11-25 23:00:00+00:00,-1,8,0.01920399342795474,False,0.031743818553634666,0.05389012827663124,1.1087197473078616,1.8822262767254123,AVAX
1524,2024-12-02 15:00:00+00:00,2024-12-02 23:00:00+00:00,1,8,0.054193952131667514,False,0.03972288267606779,0.07403459867180459,1.4284779128589997,2.6623644072480506,AVAX
1525,2024-12-03 15:00:00+00:00,2024-12-03 23:00:00+00:00,-1,8,-0.03317046428496428,False,0.03724032933352034,0.012860834551974117,1.125251462662852,0.38860217268937375,AVAX
1526,2024-12-06 15:00:00+00:00,2024-12-06 23:00:00+00:00,1,8,0.019021168756848547,False,0.0054996127033307305,0.027691711851278073,0.24701824845755518,1.2437890679376944,AVAX
1527,2024-12-11 15:00:00+00:00,2024-12-11 23:00:00+00:00,1,8,0.012335549139637893,False,0.005942471815403993,0.01945000526814881,0.28101156526460824,0.9197648040398481,AVAX
1528,2024-12-12 15:00:00+00:00,2024-12-12 23:00:00+00:00,1,8,0.008661354859029226,False,0.014750608272506013,0.053204835766423354,0.7814743244302593,2.818745662474621,AVAX
1529,2024-12-20 15:00:00+00:00,2024-12-20 23:00:00+00:00,1,8,0.06733153461199148,False,0.00037694192401916467,0.07221130287283602,0.01006686554903053,1.9285238144648584,AVAX
1530,2024-12-30 15:00:00+00:00,2024-12-30 23:00:00+00:00,-1,8,-0.02412461625924061,False,0.05600068189567007,0.009489714740311288,3.659785092360191,0.6201766721706174,AVAX
1531,2025-01-15 15:00:00+00:00,2025-01-15 23:00:00+00:00,1,8,0.0038698659362038997,False,0.01627818112342384,0.013807158323780268,1.0629107011283565,0.9015611893764643,AVAX
1532,2025-01-16 15:00:00+00:00,2025-01-16 23:00:00+00:00,-1,8,-0.02226600290909325,False,0.035978428351309794,0.0032100667693888037,2.0476824818025254,0.1826982942364847,AVAX
1533,2025-01-20 15:00:00+00:00,2025-01-20 23:00:00+00:00,1,8,-0.04785455443836359,False,0.08388954325350081,0.0,3.2803158157175893,0.0,AVAX
1534,2025-01-23 15:00:00+00:00,2025-01-23 23:00:00+00:00,1,8,-0.01096526211824441,False,0.03676081814387101,0.01870043133435361,2.4088596820589134,1.2254002319027832,AVAX
1535,2025-02-03 15:00:00+00:00,2025-02-03 23:00:00+00:00,1,8,0.09733056362408184,False,0.013516644782575032,0.11079786823202299,0.3159567553764898,2.589942660500445,AVAX
1536,2025-02-07 15:00:00+00:00,2025-02-07 23:00:00+00:00,1,8,-0.0832661658726632,False,0.09043431511846704,7.680196613029037e-05,5.314506736654063,0.0045133815173257884,AVAX
1537,2025-02-25 15:00:00+00:00,2025-02-25 23:00:00+00:00,-1,8,-0.06468186272928309,False,0.07668563711777755,0.009742452011189433,2.7153673547061614,0.344971198522421,AVAX
1538,2025-03-10 14:00:00+00:00,2025-03-10 22:00:00+00:00,-1,8,0.08578019986069467,False,0.0,0.11381979904463846,0.0,5.214096316735445,AVAX
1539,2025-03-13 14:00:00+00:00,2025-03-13 22:00:00+00:00,-1,8,0.02008141173532643,False,0.020319224274118926,0.0346461840169962,0.9571649307778526,1.6320560213799242,AVAX
1540,2025-03-26 14:00:00+00:00,2025-03-26 22:00:00+00:00,-1,8,0.003891632351212242,False,0.011026102610261072,0.01822682268226812,0.8693866324972277,1.4371493312709132,AVAX
1541,2025-04-07 14:00:00+00:00,2025-04-07 22:00:00+00:00,1,8,0.032731819213986775,False,0.008255806789476947,0.06339720288337132,0.28217776859406885,2.1668725662932546,AVAX
1542,2025-04-28 14:00:00+00:00,2025-04-28 22:00:00+00:00,-1,8,-0.009719357726665517,False,0.02033177764428637,0.017790305438750428,1.4825310495950683,1.297214668395674,AVAX
1543,2025-04-30 14:00:00+00:00,2025-04-30 22:00:00+00:00,-1,8,-0.02541962399079361,False,0.034674469641550944,0.008436966593513694,2.508341293980125,0.6103277691400225,AVAX
1544,2020-02-20 15:00:00+00:00,2020-02-20 23:00:00+00:00,1,8,-0.011949691211064439,False,0.06140350877192983,0.006694367497691578,2.018912670526436,0.2201070204709266,LINK
1545,2020-02-25 15:00:00+00:00,2020-02-25 23:00:00+00:00,-1,8,0.01924472459488185,False,0.009474824038982171,0.058473199783432524,0.4126816243812653,2.5468351676100816,LINK
1546,2020-02-28 15:00:00+00:00,2020-02-28 23:00:00+00:00,1,8,0.030316275460926127,False,0.04289940828402365,0.037721893491124155,1.4209714059098908,1.249474856920763,LINK
1547,2020-03-13 14:00:00+00:00,2020-03-13 22:00:00+00:00,1,8,-0.00925128213173591,False,0.22408963585434175,0.09203681472589034,1.8247098430129383,0.7494343998088853,LINK
1548,2020-03-16 14:00:00+00:00,2020-03-16 22:00:00+00:00,1,8,-0.0038564627530799324,False,0.050142450142450064,0.07920227920227921,0.7017351946469802,1.1084226369992092,LINK
1549,2020-03-17 14:00:00+00:00,2020-03-17 22:00:00+00:00,-1,8,-0.0833657981137533,False,0.13716814159292035,0.007743362831858414,2.3230421409805238,0.13113947570051357,LINK
1550,2020-03-23 14:00:00+00:00,2020-03-23 22:00:00+00:00,1,8,0.03974844862294005,False,0.026989297347603455,0.055839925546765985,0.7326268962828024,1.5157797854127004,LINK
1551,2020-04-09 14:00:00+00:00,2020-04-09 22:00:00+00:00,1,8,-0.02334374727794037,False,0.053959965187119215,0.004061502756019667,1.8169513718368149,0.13675978067588732,LINK
1552,2020-05-04 14:00:00+00:00,2020-05-04 22:00:00+00:00,1,8,-0.004373885676251387,False,0.011936339522546401,0.016976127320954923,0.7272937393159995,1.0343733181383128,LINK
1553,2020-05-20 14:00:00+00:00,2020-05-20 22:00:00+00:00,1,8,-0.022927005467099533,False,0.05919304179753566,0.00024160425223470543,5.49126981327624,0.022413346176625285,LINK
1554,2020-05-21 14:00:00+00:00,2020-05-21 22:00:00+00:00,-1,8,0.018624259378329365,False,0.007319535588086803,0.05603230691569913,0.4688020137345827,3.588760243071643,LINK
1555,2020-06-11 14:00:00+00:00,2020-06-11 22:00:00+00:00,-1,8,0.048237394019302174,False,0.0060975609756097095,0.08771106941838651,0.834855590535836,12.009076571554044,LINK
1556,2020-06-23 14:00:00+00:00,2020-06-23 22:00:00+00:00,1,8,0.027363631022040154,False,0.001053074978938478,0.03369839932603204,0.08244715646285035,2.6383090068112693,LINK
1557,2020-07-02 14:00:00+00:00,2020-07-02 22:00:00+00:00,1,8,-0.021642237660627624,False,0.06146620379824385,0.004696753114151457,5.7622612429601645,0.4403056763723652,LINK
1558,2020-07-14 14:00:00+00:00,2020-07-14 22:00:00+00:00,-1,8,-0.07269412403924905,False,0.12382360849690781,0.013175584834632948,4.094145814671241,0.435642008510077,LINK
1559,2020-07-15 14:00:00+00:00,2020-07-15 22:00:00+00:00,1,8,0.010037229795951976,False,0.046732215153267774,0.016541353383458725,1.6082558824457278,0.5692588890835154,LINK
1560,2020-07-21 14:00:00+00:00,2020-07-21 22:00:00+00:00,-1,8,0.01000532005863113,False,0.016215473409371916,0.05180706335028168,0.7615473454273256,2.4330792307296862,LINK
1561,2020-07-22 14:00:00+00:00,2020-07-22 22:00:00+00:00,1,8,-0.011590492187019862,False,0.03242456326098466,0.008470089994706201,1.8088852534504198,0.47252512743194663,LINK
1562,2020-07-27 14:00:00+00:00,2020-07-27 22:00:00+00:00,-1,8,-0.015716446750149212,False,0.062271062271062244,0.055824175824175856,2.9374790349559214,2.6333635583957817,LINK
1563,2020-08-12 14:00:00+00:00,2020-08-12 22:00:00+00:00,1,8,0.046144294197045826,False,0.012308940890031136,0.09238468821858525,0.436448342357406,3.2757606354956925,LINK
1564,2020-08-18 14:00:00+00:00,2020-08-18 22:00:00+00:00,-1,8,-0.09844491268383938,False,0.11119873817034713,0.010252365930599291,2.3466736343474306,0.216359980471747,LINK
1565,2020-08-19 14:00:00+00:00,2020-08-19 22:00:00+00:00,1,8,-0.045849414588840016,False,0.09019973213765782,0.0058813253362838555,2.5003979328337556,0.1630343390679253,LINK
1566,2020-10-12 14:00:00+00:00,2020-10-12 22:00:00+00:00,1,8,0.03637235823783194,False,0.0127077223851418,0.047987203412423275,0.6201340052020837,2.3417647748889725,LINK
1567,2020-10-14 14:00:00+00:00,2020-10-14 22:00:00+00:00,1,8,-0.04755397128308089,False,0.05955862802446148,0.002747496233271345,3.334632080319394,0.1538297537052133,LINK
1568,2020-11-04 15:00:00+00:00,2020-11-04 23:00:00+00:00,-1,8,-0.06337565377931377,False,0.08119614799797265,0.0095286365940192,4.7137384223438,0.5531727986271091,LINK
1569,2020-11-05 15:00:00+00:00,2020-11-05 23:00:00+00:00,1,8,0.019148388104707464,False,0.011345816806567599,0.03966423761645619,0.5905984417872159,2.0646937395813425,LINK
1570,2020-11-09 15:00:00+00:00,2020-11-09 23:00:00+00:00,-1,8,-0.018186292793539158,False,0.04447164422684618,0.017217462260301943,1.6941152654351783,0.6558868275354555,LINK
1571,2020-11-16 15:00:00+00:00,2020-11-16 23:00:00+00:00,1,8,-0.011643028040505286,False,0.018376001256478716,0.00714622271085278,1.5426480736437567,0.5999186953059008,LINK
1572,2020-11-18 15:00:00+00:00,2020-11-18 23:00:00+00:00,-1,8,-0.03439174948620938,False,0.034203695220644266,0.019697663765460442,1.3492269484315709,0.7770101622664007,LINK
1573,2020-11-26 15:00:00+00:00,2020-11-26 23:00:00+00:00,-1,8,-0.06927043357106259,False,0.08139145012573346,0.05448449287510481,1.678665154116322,1.1237202370500616,LINK
1574,2020-12-01 15:00:00+00:00,2020-12-01 23:00:00+00:00,1,8,-0.04349557178551819,False,0.04520295202952033,0.007663922793073996,1.6761176205878672,0.2841769278233712,LINK
1575,2020-12-16 15:00:00+00:00,2020-12-16 23:00:00+00:00,1,8,0.021887076606901926,False,0.004272852128795908,0.031130779795513465,0.3077096882995967,2.241884871897092,LINK
1576,2021-01-12 15:00:00+00:00,2021-01-12 23:00:00+00:00,-1,8,0.010347691661921708,False,0.053518123667377404,0.016986496090973757,1.3276792310905097,0.4214015089384234,LINK
1577,2021-01-15 15:00:00+00:00,2021-01-15 23:00:00+00:00,1,8,0.044643943282584586,False,0.12167205772580246,0.07066434436426981,2.845900652949193,1.6528339170502488,LINK
1578,2021-03-17 14:00:00+00:00,2021-03-17 22:00:00+00:00,1,8,0.028328601650730784,False,0.013717833183138007,0.04382363739528061,0.7308959482707668,2.334954696057235,LINK
1579,2021-04-06 14:00:00+00:00,2021-04-06 22:00:00+00:00,1,8,0.008827767181025455,False,0.061697882857398065,0.0372212131137778,2.8993780861208274,1.7491421851597662,LINK
1580,2021-04-14 14:00:00+00:00,2021-04-14 22:00:00+00:00,-1,8,-0.10978523194974335,False,0.12136403702071392,0.0392243278977523,4.580872908041817,1.4805181618364838,LINK
1581,2021-04-15 14:00:00+00:00,2021-04-15 22:00:00+00:00,1,8,0.024015512854419364,False,0.0016114889684101937,0.05457733962130002,0.051361576989268284,1.7394957618570015,LINK
1582,2021-04-16 14:00:00+00:00,2021-04-16 22:00:00+00:00,-1,8,-0.06361199026524782,False,0.09723255277129457,0.002795660314447528,2.80573102510935,0.0806712428744141,LINK
1583,2021-04-21 14:00:00+00:00,2021-04-21 22:00:00+00:00,1,8,-0.015971756653072544,False,0.015215777754214774,0.04050471848160338,0.5404143741219768,1.4385943617741923,LINK
1584,2021-04-23 14:00:00+00:00,2021-04-23 22:00:00+00:00,-1,8,-0.04721757772440588,False,0.08674040014912372,0.008326084255001885,1.794387512976494,0.1722406351997502,LINK
1585,2021-05-19 14:00:00+00:00,2021-05-19 22:00:00+00:00,-1,8,-0.04109999393912444,False,0.16487480801514448,0.09826052791370508,1.4604342013473823,0.8703757556123594,LINK
1586,2021-05-20 14:00:00+00:00,2021-05-20 22:00:00+00:00,1,8,-0.023449666085936537,False,0.10503963759909396,0.0216433874418019,1.5796265244222003,0.3254815959276647,LINK
1587,2021-05-25 14:00:00+00:00,2021-05-25 22:00:00+00:00,1,8,0.03730479568109271,False,0.009466608329024285,0.05361759675430582,0.20544130272781483,1.163591916290317,LINK
1588,2021-05-26 14:00:00+00:00,2021-05-26 22:00:00+00:00,-1,8,-0.054613569760198544,False,0.058688872669365066,0.029526905978369072,1.384569938197205,0.6965897371370898,LINK
1589,2021-05-28 14:00:00+00:00,2021-05-28 22:00:00+00:00,1,8,-0.10208772387843441,False,0.11252953531110534,0.0008204253084798693,2.4159844780231987,0.01761435169162336,LINK
1590,2021-06-22 14:00:00+00:00,2021-06-22 22:00:00+00:00,-1,8,-0.10839301929033902,False,0.1819978914074854,0.011926726410121305,3.4827931725220984,0.22823517893790854,LINK
1591,2021-07-09 14:00:00+00:00,2021-07-09 22:00:00+00:00,1,8,0.0032178415096199343,False,0.013344138303619657,0.015289032955159248,0.72165243570029,0.826832547786156,LINK
1592,2021-07-19 14:00:00+00:00,2021-07-19 22:00:00+00:00,-1,8,-0.001287558107488836,False,0.021893777194557647,0.002969818357621332,1.2208345651740247,0.16560216499205718,LINK
1593,2021-07-28 14:00:00+00:00,2021-07-28 22:00:00+00:00,-1,8,-0.006239013022979967,False,0.032573289902280186,0.022801302931595963,1.4309412736342324,1.0016588915439553,LINK
1594,2021-08-03 14:00:00+00:00,2021-08-03 22:00:00+00:00,1,8,0.019237210915920826,False,0.013709226868365598,0.03085650436202673,0.5901617706317265,1.3283264931460212,LINK
1595,2021-08-04 14:00:00+00:00,2021-08-04 22:00:00+00:00,1,8,0.007345798506588598,False,0.01513526888815576,0.031012867040580618,0.7435760562246679,1.523621782781875,LINK
1596,2021-08-10 14:00:00+00:00,2021-08-10 22:00:00+00:00,1,8,-0.01733805281921327,False,0.05263157894736829,0.00043859649122818126,2.639829319002834,0.021998577658362575,LINK
1597,2021-08-16 14:00:00+00:00,2021-08-16 22:00:00+00:00,-1,8,0.037012036798203,False,0.017007381203442293,0.050477907411816784,0.8532591010902433,2.532473012035845,LINK
1598,2021-08-18 14:00:00+00:00,2021-08-18 22:00:00+00:00,1,8,-0.03916736786194594,False,0.04024839006439745,0.03265869365225392,1.4414793207976297,1.1696575060186478,LINK
1599,2021-08-20 14:00:00+00:00,2021-08-20 22:00:00+00:00,1,8,0.019182335658008223,False,0.009979474838983652,0.029372213178568966,0.5460242930829825,1.6070927775137462,LINK
1600,2021-08-24 14:00:00+00:00,2021-08-24 22:00:00+00:00,-1,8,0.0505342508048139,False,0.00010878236275292312,0.0662484589165276,0.007539680689118951,4.591665539673262,LINK
1601,2021-09-02 14:00:00+00:00,2021-09-02 22:00:00+00:00,1,8,0.0035489301382563916,False,0.03964657168008872,0.006553421799093623,2.384912725569668,0.39421665940748685,LINK
1602,2021-09-06 14:00:00+00:00,2021-09-06 22:00:00+00:00,1,8,0.011027855952439566,False,0.007007688597611141,0.03231480693392354,0.3352205056211953,1.5458143963665694,LINK
1603,2021-09-10 14:00:00+00:00,2021-09-10 22:00:00+00:00,-1,8,0.037726634982171714,False,0.010122280099006278,0.05304961394953637,0.3686667702114357,1.9321367957066415,LINK
1604,2021-09-14 14:00:00+00:00,2021-09-14 22:00:00+00:00,1,8,0.02885023949177216,False,0.005661111700810251,0.047305664649895614,0.2899342012829631,2.422762669470758,LINK
1605,2021-09-16 14:00:00+00:00,2021-09-16 22:00:00+00:00,-1,8,0.0106783192460716,False,0.023042698718374482,0.03522810279567036,1.111249994752309,1.6988994876544599,LINK
1606,2021-09-23 14:00:00+00:00,2021-09-23 22:00:00+00:00,1,8,0.02925364041350857,False,0.015935929391574413,0.04033015976790757,0.7659460940072866,1.9384328071415184,LINK
1607,2021-10-06 14:00:00+00:00,2021-10-06 22:00:00+00:00,1,8,-0.015550515889830328,False,0.01920816806228894,0.036726898780666956,1.0404335777731049,1.9893567452640504,LINK
1608,2021-10-20 14:00:00+00:00,2021-10-20 22:00:00+00:00,1,8,0.025785921499375395,False,0.0036265749429843087,0.03506935357236321,0.3696505000551615,3.5745584438323337,LINK
1609,2021-11-01 14:00:00+00:00,2021-11-01 22:00:00+00:00,1,8,0.00020409706669159082,False,0.01559902825725609,0.011123897199846649,1.0095956924475211,0.7199575839584841,LINK
1610,2021-11-03 14:00:00+00:00,2021-11-03 22:00:00+00:00,-1,8,-0.038211842893627036,False,0.03875315922493686,0.005411185276391616,2.680544575426124,0.3742900870369205,LINK
1611,2021-11-05 14:00:00+00:00,2021-11-05 22:00:00+00:00,1,8,-0.013950649748154811,False,0.03346544685162573,0.005751408051971208,2.3060543100054227,0.3963209989590737,LINK
1612,2021-11-10 15:00:00+00:00,2021-11-10 23:00:00+00:00,1,8,-0.07831864207351395,False,0.16405710949524976,0.018417281460644218,8.566202065700132,0.961653871497226,LINK
1613,2021-11-16 15:00:00+00:00,2021-11-16 23:00:00+00:00,1,8,-0.013968674846403371,False,0.05003315649867375,0.003381962864721496,2.1777095421660446,0.14720104261162173,LINK
1614,2021-11-23 15:00:00+00:00,2021-11-23 23:00:00+00:00,1,8,-0.012873278137907916,False,0.015250944018770406,0.011511529860321884,0.9297032144766578,0.7017471378501691,LINK
1615,2021-11-30 15:00:00+00:00,2021-11-30 23:00:00+00:00,1,8,-0.024476124059791344,False,0.026735120745388967,0.008746910058946449,1.6899754738997412,0.5529080497822668,LINK
1616,2021-12-07 15:00:00+00:00,2021-12-07 23:00:00+00:00,1,8,-0.01601925667574685,False,0.021144945188794034,0.03166869671132776,1.0445105736108495,1.56435915402548,LINK
1617,2021-12-08 15:00:00+00:00,2021-12-08 23:00:00+00:00,1,8,-0.038818511254134797,False,0.04180987600609087,0.00561235588427241,1.583363422391062,0.21254306086207017,LINK
1618,2021-12-09 15:00:00+00:00,2021-12-09 23:00:00+00:00,-1,8,-0.0010792663057886392,False,0.028618230873000635,0.02384852572750053,1.1636660910675674,0.9697217425563063,LINK
1619,2021-12-13 15:00:00+00:00,2021-12-13 23:00:00+00:00,-1,8,0.0151763001897563,False,0.0035408835866427672,0.058179441085144515,0.19058122614020115,3.1313961464266216,LINK
1620,2021-12-17 15:00:00+00:00,2021-12-17 23:00:00+00:00,-1,8,-0.02451741721676631,False,0.05252322928837716,0.01329772436432411,2.7223571261129527,0.6892408401917228,LINK
1621,2021-12-27 15:00:00+00:00,2021-12-27 23:00:00+00:00,1,8,-0.03560495656359339,False,0.04917694624365692,0.010478980155946937,3.1932847779983224,0.6804482664526567,LINK
1622,2022-01-05 15:00:00+00:00,2022-01-05 23:00:00+00:00,1,8,-0.08331129619364204,False,0.1588144465785411,0.03404511731254472,7.336974487687405,1.572830196080012,LINK
1623,2022-01-18 15:00:00+00:00,2022-01-18 23:00:00+00:00,-1,8,-0.032569307937106384,False,0.03554944079531326,0.021791230250310652,2.0878863023844896,1.279840417566524,LINK
1624,2022-01-19 15:00:00+00:00,2022-01-19 23:00:00+00:00,1,8,-0.028982185055537363,False,0.04698880795878486,0.0019097530644876007,2.6518847320614323,0.10777981425203126,LINK
1625,2022-01-20 15:00:00+00:00,2022-01-20 23:00:00+00:00,1,8,-0.0962446744576327,False,0.09866338374956031,0.009672880759760766,6.461288526186243,0.6334596594300207,LINK
1626,2022-02-02 15:00:00+00:00,2022-02-02 23:00:00+00:00,-1,8,0.029608956788325706,False,0.007928279563334913,0.054095261328291684,0.4751870083535567,3.242237510843045,LINK
1627,2022-02-21 15:00:00+00:00,2022-02-21 23:00:00+00:00,1,8,-0.06273550705664872,False,0.07421503330161754,0.02269946989261925,3.591146216271269,1.0983908756727125,LINK
1628,2022-02-24 15:00:00+00:00,2022-02-24 23:00:00+00:00,1,8,0.0777412726843795,False,0.011109268777980316,0.1693748963687615,0.3853763210582586,5.875550924791277,LINK
1629,2022-02-28 15:00:00+00:00,2022-02-28 23:00:00+00:00,1,8,0.03859355766529929,False,0.011865708103580647,0.056676205765338133,0.5934435978065247,2.8345658906993996,LINK
1630,2022-04-06 14:00:00+00:00,2022-04-06 22:00:00+00:00,-1,8,0.0037271255563225193,False,0.008654702812778366,0.02551864579355987,0.5553908287246555,1.6375861935190295,LINK
1631,2022-04-13 14:00:00+00:00,2022-04-13 22:00:00+00:00,1,8,-0.0008112556652507192,False,0.02050372472507992,0.008655551614047526,1.7115538588505377,0.7225244663659665,LINK
1632,2022-04-19 14:00:00+00:00,2022-04-19 22:00:00+00:00,1,8,-0.016783462947415912,False,0.020895939618421937,0.006709064225312747,1.9960719925346122,0.6408793019509139,LINK
1633,2022-04-20 14:00:00+00:00,2022-04-20 22:00:00+00:00,-1,8,0.004855663588162085,False,0.006882849641666042,0.02802809905626904,0.6098189028806915,2.4832831612151964,LINK
1634,2022-04-26 14:00:00+00:00,2022-04-26 22:00:00+00:00,-1,8,0.03906161310011312,False,0.0014573905039501687,0.055227429623379655,0.1305798990367045,4.948290910865025,LINK
1635,2022-04-28 14:00:00+00:00,2022-04-28 22:00:00+00:00,-1,8,-0.0125097469815601,False,0.028315469524875955,0.008798592225244057,2.2982764045602506,0.7141536850328557,LINK
1636,2022-04-29 14:00:00+00:00,2022-04-29 22:00:00+00:00,1,8,-0.037733862509263555,False,0.04552793025508557,0.001210849208911896,3.375113394317388,0.08976365410418924,LINK
1637,2022-05-02 14:00:00+00:00,2022-05-02 22:00:00+00:00,1,8,0.013696541040645733,False,0.0330994783234395,0.018078791149487364,2.2983686497800377,1.2553589636026856,LINK
1638,2022-05-04 14:00:00+00:00,2022-05-04 22:00:00+00:00,-1,8,-0.0817459745936889,False,0.08474727629933915,0.008572959457045908,6.319701349814123,0.6392953947124936,LINK
1639,2022-05-12 14:00:00+00:00,2022-05-12 22:00:00+00:00,-1,8,-0.06272635774044048,False,0.14630541871921182,0.010673234811165765,2.1889852519608275,0.15969028212957656,LINK
1640,2022-05-18 14:00:00+00:00,2022-05-18 22:00:00+00:00,-1,8,0.02301312009203049,False,0.01060563773374262,0.04339938598939435,0.5337048106824687,2.1839762647664283,LINK
1641,2022-06-10 14:00:00+00:00,2022-06-10 22:00:00+00:00,-1,8,0.025724243969091513,False,0.03835360149672605,0.039055191768007445,1.4040752553474487,1.4297595587989198,LINK
1642,2022-06-27 14:00:00+00:00,2022-06-27 22:00:00+00:00,-1,8,0.006646393094551955,False,0.01473044798785124,0.029309035687167747,0.7723324160528467,1.536702642249469,LINK
1643,2022-06-28 14:00:00+00:00,2022-06-28 22:00:00+00:00,1,8,-0.07270600815379238,False,0.09142938903991991,0.002575475747603347,3.90805937152512,0.11008617947957954,LINK
1644,2022-07-13 14:00:00+00:00,2022-07-13 22:00:00+00:00,-1,8,-0.03374276506926308,False,0.03689221353281206,0.006800408024481475,2.0692605559795774,0.3814305172312579,LINK
1645,2022-07-27 14:00:00+00:00,2022-07-27 22:00:00+00:00,1,8,0.05890520462771742,False,0.01572574304135865,0.06762069507784238,1.198032706514655,5.151540638013031,LINK
1646,2022-07-29 14:00:00+00:00,2022-07-29 22:00:00+00:00,1,8,0.028375628525739865,False,0.000909090909090982,0.05480519480519477,0.0376875675693508,2.27202193060925,LINK
1647,2022-08-10 14:00:00+00:00,2022-08-10 22:00:00+00:00,1,8,-0.004888801194043189,False,0.012979870201297828,0.022879771202288,0.7004833068771096,1.2347502358511924,LINK
1648,2022-08-12 14:00:00+00:00,2022-08-12 22:00:00+00:00,1,8,-0.016810897539909015,False,0.02555056660252288,0.003634808638015897,1.403062910392713,0.19959890775461683,LINK
1649,2022-08-17 14:00:00+00:00,2022-08-17 22:00:00+00:00,-1,8,-0.0001808218238953925,False,0.009074187614960129,0.016309012875536374,0.6258305003010745,1.1248034667573312,LINK
1650,2022-08-26 14:00:00+00:00,2022-08-26 22:00:00+00:00,1,8,-0.06652151283109034,False,0.08212087297146052,0.004896474538332421,6.337041050774181,0.37784742210749117,LINK
1651,2022-08-29 14:00:00+00:00,2022-08-29 22:00:00+00:00,1,8,0.01858053893983491,False,0.00046047582501920395,0.026707597851112874,0.037128260439269985,2.153439105477582,LINK
1652,2022-09-02 14:00:00+00:00,2022-09-02 22:00:00+00:00,1,8,-0.03656273989356754,False,0.05397489539748948,0.01087866108786615,3.67980198070896,0.741665515491732,LINK
1653,2022-09-13 14:00:00+00:00,2022-09-13 22:00:00+00:00,-1,8,0.01069981871302943,False,0.007990081278412981,0.030996004959360866,0.40318021052287384,1.5640611615111568,LINK
1654,2022-09-22 14:00:00+00:00,2022-09-22 22:00:00+00:00,-1,8,-0.01826635096827444,False,0.03670520231213879,0.009104046242774527,2.350704066837468,0.5830486464990534,LINK
1655,2022-09-23 14:00:00+00:00,2022-09-23 22:00:00+00:00,-1,8,-0.046021556464343256,False,0.05151558275224137,0.01024619325458945,2.871749169233764,0.5711766303448373,LINK
1656,2022-09-26 14:00:00+00:00,2022-09-26 22:00:00+00:00,1,8,-0.0023934983186842595,False,0.005782575173477246,0.018247237214083827,0.3065816632814206,0.9674354707991532,LINK
1657,2022-09-28 14:00:00+00:00,2022-09-28 22:00:00+00:00,1,8,-0.06980687355061962,False,0.06810591603053442,0.018249045801526774,3.071222768195482,0.8229370990085985,LINK
1658,2022-10-21 14:00:00+00:00,2022-10-21 22:00:00+00:00,1,8,0.01768530515426712,False,0.0037548813457495274,0.026884950435566143,0.3177080589653773,2.2747897021920616,LINK
1659,2022-10-25 14:00:00+00:00,2022-10-25 22:00:00+00:00,1,8,0.013589835898036223,False,0.0020077441560304365,0.04388355083895024,0.2317539170068144,5.065478471720288,LINK
1660,2022-10-31 14:00:00+00:00,2022-10-31 22:00:00+00:00,-1,8,0.02179387863372745,False,0.02032571644994325,0.024744350460800483,1.0436680845774207,1.2705524507899035,LINK
1661,2022-11-03 14:00:00+00:00,2022-11-03 22:00:00+00:00,-1,8,-0.02287897537864286,False,0.04422123662927216,0.0009131228802505297,2.2829956643600324,0.047141503393868696,LINK
1662,2022-11-04 14:00:00+00:00,2022-11-04 22:00:00+00:00,1,8,0.05341769761438645,False,0.01434772124427294,0.07246202073788269,0.7595197174096119,3.835893698850226,LINK
1663,2022-11-08 15:00:00+00:00,2022-11-08 23:00:00+00:00,-1,8,0.13432101670058022,False,0.11608194019307755,0.2382858488344714,3.673812213154333,7.541375171829984,LINK
1664,2022-11-10 15:00:00+00:00,2022-11-10 23:00:00+00:00,1,8,0.0012873563830383622,False,0.04140302613480045,0.03356258596973875,1.0058178079679003,0.815347326060362,LINK
1665,2022-11-11 15:00:00+00:00,2022-11-11 23:00:00+00:00,-1,8,-0.023272182983143094,False,0.02498530276308053,0.022339800117577913,0.7825041378141392,0.6996507585161724,LINK
1666,2022-11-22 15:00:00+00:00,2022-11-22 23:00:00+00:00,1,8,-0.0031038046008401076,False,0.014144271570014261,0.012415527267012373,0.7205164186182181,0.6324533007870953,LINK
1667,2022-12-13 15:00:00+00:00,2022-12-13 23:00:00+00:00,1,8,-0.014385299124015836,False,0.02949599083619708,0.008591065292096163,2.3609442304311004,0.6876536593488582,LINK
1668,2023-01-18 15:00:00+00:00,2023-01-18 23:00:00+00:00,1,8,-0.07215185970926559,False,0.09757865738726983,0.006524575902566322,6.99734909948265,0.46787623993568905,LINK
1669,2023-01-23 15:00:00+00:00,2023-01-23 23:00:00+00:00,-1,8,-0.02012400691477217,False,0.030368763557483726,0.015184381778741927,1.717922411967109,0.8589612059835581,LINK
1670,2023-01-25 15:00:00+00:00,2023-01-25 23:00:00+00:00,-1,8,-0.035888410115623326,False,0.06782974883441113,0.005865543690780524,5.126900981739545,0.443346204629359,LINK
1671,2023-02-02 15:00:00+00:00,2023-02-02 23:00:00+00:00,-1,8,0.0036392605029213977,False,0.04155086158977215,0.02265147304057801,3.626342604243841,1.9769024899389398,LINK
1672,2023-02-27 15:00:00+00:00,2023-02-27 23:00:00+00:00,1,8,-0.02491113944392816,False,0.0395304910955208,0.0070156502968160405,3.981414756154908,0.7065992058705018,LINK
1673,2023-03-08 15:00:00+00:00,2023-03-08 23:00:00+00:00,-1,8,0.007737494767585128,False,0.022081064730792483,0.019963702359346594,2.062899178126029,1.8650869281687352,LINK
1674,2023-03-14 14:00:00+00:00,2023-03-14 22:00:00+00:00,1,8,-0.030371570792820674,False,0.04757870958633344,0.016800790625441164,3.2217522094531184,1.137651373664453,LINK
1675,2023-03-21 14:00:00+00:00,2023-03-21 22:00:00+00:00,1,8,0.009262691817763326,False,0.02131729980869086,0.021044001093194972,1.3144063949546336,1.297555030916763,LINK
1676,2023-04-17 14:00:00+00:00,2023-04-17 22:00:00+00:00,1,8,0.010574474480910458,False,0.01328576700701178,0.018698486898757662,0.8945717509286191,1.2590269087143757,LINK
1677,2023-04-20 14:00:00+00:00,2023-04-20 22:00:00+00:00,1,8,-0.04904485921061294,False,0.06111391129032262,0.0021421370967742376,4.256027019498418,0.14918032851850424,LINK
1678,2023-05-10 14:00:00+00:00,2023-05-10 22:00:00+00:00,1,8,-0.011023632053614552,False,0.05634227176860495,0.002259716782163254,6.830131855424012,0.2739357696025618,LINK
1679,2023-05-24 14:00:00+00:00,2023-05-24 22:00:00+00:00,-1,8,-0.01138227345941406,False,0.015974440894568776,0.011341853035143727,2.224149302384989,1.5791460046933277,LINK
1680,2023-06-02 14:00:00+00:00,2023-06-02 22:00:00+00:00,-1,8,-0.0154547093361031,False,0.0165276247442154,0.0014166535495040852,2.6750397741018337,0.229289123494428,LINK
1681,2023-06-13 14:00:00+00:00,2023-06-13 22:00:00+00:00,-1,8,-0.006095638174107394,False,0.011465698452130805,0.011274603477928392,0.9338976416267064,0.918332680932909,LINK
1682,2023-06-30 14:00:00+00:00,2023-06-30 22:00:00+00:00,-1,8,-0.058229125928742353,False,0.0825919086788652,0.012086620782272968,4.110140862698254,0.6014840286875499,LINK
1683,2023-07-06 14:00:00+00:00,2023-07-06 22:00:00+00:00,-1,8,0.008802529381559893,False,0.003852945898218016,0.024241451276288295,0.33071167548193225,2.0807276249071527,LINK
1684,2023-08-16 14:00:00+00:00,2023-08-16 22:00:00+00:00,-1,8,0.013950980931101779,False,0.015404929577464851,0.033157276995305164,1.570510728737536,3.3803373780445876,LINK
1685,2023-10-03 14:00:00+00:00,2023-10-03 22:00:00+00:00,1,8,-0.031467562075241554,False,0.04056874510827028,0.0006522306287503122,2.8590278948857333,0.045965078695911134,LINK
1686,2023-10-17 14:00:00+00:00,2023-10-17 22:00:00+00:00,-1,8,0.004617742557895812,False,0.008289169724147295,0.012637586628618015,0.8430784927814424,1.2853491775192492,LINK
1687,2023-10-23 14:00:00+00:00,2023-10-23 22:00:00+00:00,-1,8,-0.02034440083648486,False,0.0486853943816855,0.0060981705488353435,1.610910394028335,0.20177727728075628,LINK
1688,2023-10-31 14:00:00+00:00,2023-10-31 22:00:00+00:00,-1,8,-0.010585073095328024,False,0.0182839814484481,0.02693542632893325,0.8628057964822868,1.2710602465251228,LINK
1689,2023-11-09 15:00:00+00:00,2023-11-09 23:00:00+00:00,1,8,-0.07235738944006603,False,0.1658221434000507,0.008297441094502167,8.120400227157564,0.4063301870732019,LINK
1690,2023-11-10 15:00:00+00:00,2023-11-10 23:00:00+00:00,1,8,0.021166551053895793,False,0.008384349214799122,0.03293851477242475,0.3233892101532211,1.2704576113162114,LINK
1691,2023-12-04 15:00:00+00:00,2023-12-04 23:00:00+00:00,-1,8,-0.001814674712286633,False,0.012767868600025654,0.01231874759399462,0.652163252898735,0.6292228369676247,LINK
1692,2023-12-08 15:00:00+00:00,2023-12-08 23:00:00+00:00,1,8,-0.006999555277710925,False,0.018559146160687746,0.005217906907797271,0.9808965645413117,0.2757792258135358,LINK
1693,2023-12-22 15:00:00+00:00,2023-12-22 23:00:00+00:00,1,8,-0.010864187299977497,False,0.013208762886597943,0.012371134020618568,0.8542792558358951,0.8001054493682535,LINK
1694,2023-12-27 15:00:00+00:00,2023-12-27 23:00:00+00:00,1,8,0.04713399336779059,False,0.0005047318611986826,0.05413249211356459,0.03777910452068916,4.051808959844353,LINK
1695,2023-12-28 15:00:00+00:00,2023-12-28 23:00:00+00:00,-1,8,0.005914610980166367,False,0.014100913493961156,0.019066887376617003,0.5735725414400273,0.7755698277732528,LINK
1696,2024-01-02 15:00:00+00:00,2024-01-02 23:00:00+00:00,-1,8,0.015720679116352117,False,0.0027837120476468594,0.025118145918301284,0.22769149279249748,2.054518586127602,LINK
1697,2024-02-01 15:00:00+00:00,2024-02-01 23:00:00+00:00,1,8,0.03868143070705646,False,0.005464812678365405,0.05580180946019797,0.31314909446489375,3.1976001979248663,LINK
1698,2024-02-13 15:00:00+00:00,2024-02-13 23:00:00+00:00,-1,8,-0.007411709132701893,False,0.00952332708576054,0.008814143153842232,0.6837908022892976,0.6328702106294584,LINK
1699,2024-02-16 15:00:00+00:00,2024-02-16 23:00:00+00:00,-1,8,0.002501633855779007,False,0.007311586051743567,0.022650577768688077,0.5587221511237428,1.730866524110613,LINK
1700,2024-02-26 15:00:00+00:00,2024-02-26 23:00:00+00:00,1,8,0.025116815507026928,False,0.0020911528150132936,0.03420911528150143,0.21859072597791263,3.5759200813824625,LINK
1701,2024-02-28 15:00:00+00:00,2024-02-28 23:00:00+00:00,1,8,-0.034813271503352713,False,0.09936139186403173,0.022426710916679134,6.002653039567583,1.3548498257323538,LINK
1702,2024-03-14 14:00:00+00:00,2024-03-14 22:00:00+00:00,-1,8,-0.012505247154074261,False,0.023419649657273462,0.0536938309215537,1.3681572233376036,3.1367507071642566,LINK
1703,2024-03-19 14:00:00+00:00,2024-03-19 22:00:00+00:00,1,8,-0.02387249180787761,False,0.03302152597768503,0.013186070100304394,1.3642585254213668,0.54477217568021,LINK
1704,2024-04-05 14:00:00+00:00,2024-04-05 22:00:00+00:00,1,8,-0.00044357409327918534,False,0.0028838389664321553,0.013034952128273105,0.22863776438843453,1.0334426950357052,LINK
1705,2024-04-12 14:00:00+00:00,2024-04-12 22:00:00+00:00,-1,8,0.12120609213339086,False,0.005179839366779316,0.25875916656966585,0.5357406895067688,26.76295624210151,LINK
1706,2024-04-24 14:00:00+00:00,2024-04-24 22:00:00+00:00,-1,8,0.027804957361246056,False,0.006128500823723227,0.04579901153212522,0.5833465388562061,4.359417682850146,LINK
1707,2024-05-15 14:00:00+00:00,2024-05-15 22:00:00+00:00,1,8,0.024773227601853017,False,0.004237603152182023,0.033157386067950316,0.3613478198976519,2.827388204813185,LINK
1708,2024-05-17 14:00:00+00:00,2024-05-17 22:00:00+00:00,-1,8,0.0010022086553296847,False,0.02244404488808967,0.012462024924049879,1.064858948272149,0.5912614602284626,LINK
1709,2024-05-23 14:00:00+00:00,2024-05-23 22:00:00+00:00,-1,8,-0.03793636386361127,False,0.038863508354715706,0.03623505851429995,2.0024906158404234,1.8670564679091766,LINK
1710,2024-05-29 14:00:00+00:00,2024-05-29 22:00:00+00:00,1,8,-0.024087392720928778,False,0.030811150702158927,0.008121987004820853,2.3193955345340056,0.6114052854638996,LINK
1711,2024-06-12 14:00:00+00:00,2024-06-12 22:00:00+00:00,1,8,0.007236700690582944,False,0.017692985770054074,0.022100491122024987,1.3553179702989613,1.6929416639677528,LINK
1712,2024-06-18 14:00:00+00:00,2024-06-18 22:00:00+00:00,-1,8,-0.04669783804049489,False,0.045919903643480836,0.01234567901234579,2.580933149133954,0.6938902237015945,LINK
1713,2024-06-21 14:00:00+00:00,2024-06-21 22:00:00+00:00,-1,8,0.02374538111156849,False,0.01620484040687477,0.026937916520519137,1.20966338268704,2.010868999791446,LINK
1714,2024-06-24 14:00:00+00:00,2024-06-24 22:00:00+00:00,1,8,-0.011923391890974199,False,0.042921298682176263,0.006994036663476451,3.2121856894725846,0.5234264845624313,LINK
1715,2024-06-27 14:00:00+00:00,2024-06-27 22:00:00+00:00,1,8,0.013943317919737942,False,0.007010834926704922,0.03045110119679907,0.7598317537771183,3.300279334587475,LINK
1716,2024-07-05 14:00:00+00:00,2024-07-05 22:00:00+00:00,1,8,0.007914301319840434,False,0.01236488699639697,0.019489027186374023,0.4461287176359249,0.703169766869868,LINK
1717,2024-07-12 14:00:00+00:00,2024-07-12 22:00:00+00:00,1,8,0.0012612926211279995,False,0.008706664555960203,0.014959632737058734,0.7923858060538183,1.3614628849470005,LINK
1718,2024-07-23 14:00:00+00:00,2024-07-23 22:00:00+00:00,-1,8,-0.012327095757583008,False,0.020924467774861535,0.017279090113735792,1.71117845085048,1.4130637381587554,LINK
1719,2024-08-05 14:00:00+00:00,2024-08-05 22:00:00+00:00,1,8,0.06210124057719004,False,0.00011204481792730779,0.09490196078431366,0.002382378413563425,2.0178745162857536,LINK
1720,2024-08-12 14:00:00+00:00,2024-08-12 22:00:00+00:00,-1,8,-0.02032769286284821,False,0.05022474105921432,0.00938049638460036,3.1538909961445794,0.5890535712643585,LINK
1721,2024-08-13 14:00:00+00:00,2024-08-13 22:00:00+00:00,1,8,0.019137345993387483,False,0.018853478801799137,0.021437458129964608,1.3959608373631787,1.5872854191337746,LINK
1722,2024-08-14 14:00:00+00:00,2024-08-14 22:00:00+00:00,-1,8,-0.002922690776110691,False,0.018882540912172004,0.012685194151254017,1.4544863657604818,0.9771164816134522,LINK
1723,2024-10-01 14:00:00+00:00,2024-10-01 22:00:00+00:00,-1,8,0.06873616163038627,False,0.004535147392290272,0.09019904257999495,0.4434572128689761,8.819871233727369,LINK
1724,2024-10-10 14:00:00+00:00,2024-10-10 22:00:00+00:00,-1,8,-0.011149247724254708,False,0.019401701232916103,0.021026474242568947,2.019251315374631,2.1883511792237145,LINK
1725,2024-10-15 14:00:00+00:00,2024-10-15 22:00:00+00:00,1,8,-0.033787706606624196,False,0.06162561153549052,0.004119818041369843,5.022802615207597,0.3357862472562185,LINK
1726,2024-10-16 14:00:00+00:00,2024-10-16 22:00:00+00:00,-1,8,0.002113239693569969,False,0.008595480726628225,0.019406291537439026,0.6188373235526387,1.3971688026600841,LINK
1727,2024-10-30 14:00:00+00:00,2024-10-30 22:00:00+00:00,1,8,0.007571451320422952,False,0.004853969559851854,0.019169066227889803,0.447450187354072,1.7670490449745813,LINK
1728,2024-11-01 14:00:00+00:00,2024-11-01 22:00:00+00:00,1,8,-0.026300200012696916,False,0.036854399169478344,0.014101565879401355,3.0953635269325757,1.184376185187818,LINK
1729,2024-11-05 15:00:00+00:00,2024-11-05 23:00:00+00:00,1,8,-0.0001436639831432524,False,0.022578564187632565,0.007833379412035671,2.226466085445044,0.7724474173992896,LINK
1730,2024-11-13 15:00:00+00:00,2024-11-13 23:00:00+00:00,1,8,-0.07152876179985013,False,0.09205951884299818,0.0001390627172855422,3.946539912053652,0.0059615406526510135,LINK
1731,2024-11-14 15:00:00+00:00,2024-11-14 23:00:00+00:00,-1,8,-0.01387565404661234,False,0.027332053742802294,0.01151631477927066,1.2181377749372793,0.5132602984286303,LINK
1732,2024-11-19 15:00:00+00:00,2024-11-19 23:00:00+00:00,-1,8,0.008226386273083308,False,0.02367024894572172,0.02530267990749557,1.2388855591273278,1.3243259425154161,LINK
1733,2024-11-22 15:00:00+00:00,2024-11-22 23:00:00+00:00,-1,8,-0.05903926110141358,False,0.06365270657167585,0.0027964578200945344,3.1726520633557804,0.13938429567044167,LINK
1734,2024-11-25 15:00:00+00:00,2024-11-25 23:00:00+00:00,-1,8,0.0072089143959348755,False,0.051997534599652444,0.03883005547150789,1.9744539132931,1.4744575020604795,LINK
1735,2024-11-26 15:00:00+00:00,2024-11-26 23:00:00+00:00,1,8,-0.002245156034754818,False,0.038964028776978396,0.007654676258992755,1.482576886495088,0.2912595655891366,LINK
1736,2024-12-02 15:00:00+00:00,2024-12-02 23:00:00+00:00,1,8,0.14003655449303298,False,0.013062409288824545,0.26026499367947925,0.3892131939607428,7.754968262465023,LINK
1737,2024-12-03 15:00:00+00:00,2024-12-03 23:00:00+00:00,-1,8,-0.04016874087704744,False,0.0648972530486517,0.014093421663361456,1.5588186347304056,0.3385210819245524,LINK
1738,2024-12-04 15:00:00+00:00,2024-12-04 23:00:00+00:00,1,8,-0.07936790150993017,False,0.08370936902485661,0.014684512428298293,3.0427389429065994,0.5337650772389836,LINK
1739,2024-12-06 15:00:00+00:00,2024-12-06 23:00:00+00:00,1,8,0.08087770685304868,False,0.006126933153046547,0.08793205442406826,0.2669452297641765,3.8311242975120883,LINK
1740,2024-12-09 15:00:00+00:00,2024-12-09 23:00:00+00:00,1,8,-0.14141982433383388,False,0.2526650385703764,0.0025584370275613037,9.654736650117666,0.09776198510398217,LINK
1741,2024-12-20 15:00:00+00:00,2024-12-20 23:00:00+00:00,1,8,0.05687438614714335,False,0.0011319387847504563,0.07171964140179314,0.030150814320151396,1.9103555953249052,LINK
1742,2024-12-30 15:00:00+00:00,2024-12-30 23:00:00+00:00,-1,8,-0.018224591200310773,False,0.0546604724720766,0.007363843036473307,3.127693540086529,0.42136196878200405,LINK
1743,2025-01-15 15:00:00+00:00,2025-01-15 23:00:00+00:00,1,8,0.008294517635218678,False,0.017034671110494008,0.010970698514095186,1.0468650786805354,0.6742038686067493,LINK
1744,2025-01-20 15:00:00+00:00,2025-01-20 23:00:00+00:00,1,8,-0.025290348556325136,False,0.09039226833428089,0.0,2.550541906485279,0.0,LINK
1745,2025-01-23 15:00:00+00:00,2025-01-23 23:00:00+00:00,1,8,0.0026989046367172165,False,0.0428599259692187,0.022092343658679143,2.3644661351028535,1.21877481691211,LINK
1746,2025-01-29 15:00:00+00:00,2025-01-29 23:00:00+00:00,-1,8,-0.05142125268557862,False,0.08266879319510897,0.011607301080985313,5.081967401657877,0.713545262183476,LINK
1747,2025-02-28 15:00:00+00:00,2025-02-28 23:00:00+00:00,1,8,0.02721445819470538,False,0.0017447135180403625,0.03622025263451742,0.07753914316768731,1.609712612161166,LINK
1748,2025-03-10 14:00:00+00:00,2025-03-10 22:00:00+00:00,-1,8,0.06114260549200026,False,0.0,0.096936176406375,0.0,4.495751064394357,LINK
1749,2025-03-13 14:00:00+00:00,2025-03-13 22:00:00+00:00,-1,8,0.011491819828612311,False,0.016885409471179724,0.02448384373321046,0.8430197113092196,1.2223785813983614,LINK
1750,2025-04-07 14:00:00+00:00,2025-04-07 22:00:00+00:00,1,8,0.02430116426320898,False,0.014061943752225102,0.05651477394090421,0.468559248025849,1.8831336866861494,LINK
1751,2025-04-30 14:00:00+00:00,2025-04-30 22:00:00+00:00,-1,8,-0.03085082562658747,False,0.040920900692840656,0.0031033487297920945,3.26132045984569,0.24733118125813444,LINK
1752,2020-02-17 15:00:00+00:00,2020-02-17 23:00:00+00:00,1,8,-0.0005025837753933973,False,0.015292645627693708,0.030863339357708866,0.5344125878984117,1.0785417683040583,LTC
1753,2020-02-25 15:00:00+00:00,2020-02-25 23:00:00+00:00,-1,8,3.339746123684896e-05,False,0.013711911357340649,0.03795013850415525,0.7121405105212048,1.9709747462910279,LTC
1754,2020-02-26 15:00:00+00:00,2020-02-26 23:00:00+00:00,-1,8,0.04183488291702168,False,0.001408891671884726,0.1014402003757045,0.04748667287628159,3.4190404470924167,LTC
1755,2020-03-12 14:00:00+00:00,2020-03-12 22:00:00+00:00,-1,8,-0.03230340930497377,False,0.1203561559717532,0.02456248081056189,1.6281528557058202,0.332276093001188,LTC
1756,2020-03-13 14:00:00+00:00,2020-03-13 22:00:00+00:00,1,8,-0.009673674802254947,False,0.1312449365379422,0.04185795301107203,1.5604757221386574,0.49768258627878903,LTC
1757,2020-03-16 14:00:00+00:00,2020-03-16 22:00:00+00:00,1,8,0.022197834864055847,False,0.015180265654648969,0.07210626185958247,0.32850059086386607,1.560377806603361,LTC
1758,2020-03-23 14:00:00+00:00,2020-03-23 22:00:00+00:00,1,8,-0.0005721025557903988,False,0.02673241629898783,0.013755515182974335,0.8648392892987811,0.44501439158092665,LTC
1759,2020-05-04 14:00:00+00:00,2020-05-04 22:00:00+00:00,1,8,0.00047099480257026857,False,0.013370118845500753,0.004881154499151189,0.905549740977854,0.3305975244839866,LTC
1760,2020-06-11 14:00:00+00:00,2020-06-11 22:00:00+00:00,-1,8,0.031893933623309764,False,0.002860915492957803,0.0787852112676056,0.3888477921662879,10.708269968886789,LTC
1761,2020-06-12 14:00:00+00:00,2020-06-12 22:00:00+00:00,1,8,-0.014340955885336414,False,0.02075055187637964,0.0019867549668874927,2.058020570262563,0.19704452268472142,LTC
1762,2020-07-30 14:00:00+00:00,2020-07-30 22:00:00+00:00,1,8,0.006612596715440882,False,0.004406839414771726,0.035254715318173806,0.2864075577499927,2.2912604619999417,LTC
1763,2020-08-06 14:00:00+00:00,2020-08-06 22:00:00+00:00,1,8,-0.00967864113519509,False,0.020609919571045524,0.01926943699731901,1.9205087072638554,1.795597571832062,LTC
1764,2020-08-11 14:00:00+00:00,2020-08-11 22:00:00+00:00,-1,8,0.04738159184771838,False,0.000709471443774373,0.07183398368215686,0.047935337557417614,4.853452927688641,LTC
1765,2020-09-03 14:00:00+00:00,2020-09-03 22:00:00+00:00,-1,8,0.021809378630837043,False,0.00018351991191040576,0.048265736832446365,0.008950938384471514,2.3540967951164786,LTC
1766,2020-09-07 14:00:00+00:00,2020-09-07 22:00:00+00:00,1,8,0.005032759229352791,False,0.01580278128950695,0.025916561314791337,0.7660824315843159,1.256375187798275,LTC
1767,2020-10-08 14:00:00+00:00,2020-10-08 22:00:00+00:00,1,8,0.007973500667695234,False,0.0023549561121815337,0.01755512738171698,0.2527044730382283,1.8837969808304393,LTC
1768,2020-10-12 14:00:00+00:00,2020-10-12 22:00:00+00:00,1,8,0.006660719263663803,False,0.008026624902114265,0.009788566953797965,0.6547643445189055,0.7984931030718426,LTC
1769,2020-10-13 14:00:00+00:00,2020-10-13 22:00:00+00:00,-1,8,-0.01201709728860706,False,0.013133966457870247,0.014548393614871667,1.3177564724761386,1.4596687079735697,LTC
1770,2020-10-14 14:00:00+00:00,2020-10-14 22:00:00+00:00,1,8,-0.028575987024683964,False,0.030475815965395146,0.0009830908375933378,3.277151591265596,0.10571456746017471,LTC
1771,2020-10-19 14:00:00+00:00,2020-10-19 22:00:00+00:00,1,8,0.0027170092568114326,False,0.003336113427856624,0.010425354462051709,0.5749027871532306,1.796571209853804,LTC
1772,2020-10-21 14:00:00+00:00,2020-10-21 22:00:00+00:00,1,8,0.020122650951829996,False,0.013351134846462004,0.02994468815563609,0.9598804853260194,2.152874802802635,LTC
1773,2020-10-28 14:00:00+00:00,2020-10-28 22:00:00+00:00,-1,8,0.000713206328943062,False,0.017799352750809096,0.016181229773462757,0.8812313161751366,0.8011193783410305,LTC
1774,2020-11-04 15:00:00+00:00,2020-11-04 23:00:00+00:00,-1,8,-0.05162614472780608,False,0.057673883885801976,0.00019160758766043325,4.505097142140749,0.014967100139999487,LTC
1775,2020-11-05 15:00:00+00:00,2020-11-05 23:00:00+00:00,1,8,0.007587049829059844,False,0.02055027173913045,0.015624999999999908,1.3289971299235426,1.0104771566360753,LTC
1776,2020-11-09 15:00:00+00:00,2020-11-09 23:00:00+00:00,-1,8,-0.007113158410554654,False,0.019339380455245636,0.0159164812596269,1.0611226095025905,0.8733132980862007,LTC
1777,2020-11-16 15:00:00+00:00,2020-11-16 23:00:00+00:00,1,8,0.007183415522735236,False,0.01181933305192049,0.02392007879555372,0.6589891082253365,1.3336684333132005,LTC
1778,2020-11-17 15:00:00+00:00,2020-11-17 23:00:00+00:00,-1,8,-0.055981887024680044,False,0.0639470782800441,0.018054024255788344,3.0280537555564395,0.854903107710979,LTC
1779,2020-11-24 15:00:00+00:00,2020-11-24 23:00:00+00:00,1,8,-0.01278471012994862,False,0.019320973866428455,0.020661157024793323,0.602680429478628,0.6444848523326334,LTC
1780,2020-11-26 15:00:00+00:00,2020-11-26 23:00:00+00:00,-1,8,-0.020973978623599225,False,0.042001146788990716,0.07611811926605508,1.0352971727642895,1.8762552857946737,LTC
1781,2020-11-27 15:00:00+00:00,2020-11-27 23:00:00+00:00,-1,8,-0.016395345561268815,False,0.028045704110402143,0.031013503487164317,0.7871900578796224,0.8704905931049803,LTC
1782,2020-11-30 15:00:00+00:00,2020-11-30 23:00:00+00:00,1,8,0.05147544895278511,False,0.008992805755395683,0.06330935251798563,0.4363118296097211,3.0716352804524374,LTC
1783,2020-12-01 15:00:00+00:00,2020-12-01 23:00:00+00:00,1,8,-0.05992780858170723,False,0.06684841875681581,0.016357688113413305,1.7415249829280115,0.42614803823687,LTC
1784,2020-12-07 15:00:00+00:00,2020-12-07 23:00:00+00:00,-1,8,0.006926688780628354,False,0.010697729704029546,0.02793296089385468,0.6386509743447076,1.6675886552333887,LTC
1785,2020-12-16 15:00:00+00:00,2020-12-16 23:00:00+00:00,1,8,0.05032786961781215,False,0.010628571428571506,0.06228571428571432,0.5818506633720476,3.4097700165350946,LTC
1786,2020-12-21 15:00:00+00:00,2020-12-21 23:00:00+00:00,1,8,-0.023329768886416975,False,0.0698415589145874,0.004006556182844764,2.0866266849746977,0.11970218271041634,LTC
1787,2020-12-24 15:00:00+00:00,2020-12-24 23:00:00+00:00,1,8,0.030378536603624585,False,0.014576714632778941,0.03447953653522704,0.425399109044584,1.0062325079323793,LTC
1788,2021-01-08 15:00:00+00:00,2021-01-08 23:00:00+00:00,1,8,-0.04063788333807134,False,0.09186847367251717,0.01366363030437685,2.5774968793466337,0.3833520147033097,LTC
1789,2021-01-12 15:00:00+00:00,2021-01-12 23:00:00+00:00,-1,8,-0.01006932709918185,False,0.0710498409331919,0.005453719133464618,1.4265237758221003,0.10949862671555556,LTC
1790,2021-01-14 15:00:00+00:00,2021-01-14 23:00:00+00:00,1,8,-0.024434946062191293,False,0.052727390936870254,0.021520057213445173,2.2951761004602087,0.9367488153542889,LTC
1791,2021-02-12 15:00:00+00:00,2021-02-12 23:00:00+00:00,-1,8,-0.08279380729338004,False,0.09574702512119873,0.0,4.10773686442573,0.0,LTC
1792,2021-03-03 15:00:00+00:00,2021-03-03 23:00:00+00:00,-1,8,0.005558863280585538,False,0.03714678801989634,0.008254841782199186,1.740789222163381,0.3868420493696402,LTC
1793,2021-04-07 14:00:00+00:00,2021-04-07 22:00:00+00:00,1,8,-0.024459085531022186,False,0.0552016985138005,0.0,1.6074814502602057,0.0,LTC
1794,2021-04-14 14:00:00+00:00,2021-04-14 22:00:00+00:00,-1,8,-0.06377988052373001,False,0.06719696969696973,0.03412878787878784,2.713683446945568,1.3782574891194774,LTC
1795,2021-04-16 14:00:00+00:00,2021-04-16 22:00:00+00:00,-1,8,-0.14601232247527898,False,0.18124071322436858,0.002451708766716078,5.746841840667296,0.07773961088010312,LTC
1796,2021-04-21 14:00:00+00:00,2021-04-21 22:00:00+00:00,1,8,-0.006140848583219543,False,0.013008621993646944,0.04885796399939501,0.4420104137930288,1.66010887971103,LTC
1797,2021-04-23 14:00:00+00:00,2021-04-23 22:00:00+00:00,-1,8,-0.014116910050014642,False,0.055328047399146194,0.004312973773634141,1.1529850581780725,0.08987836280285574,LTC
1798,2021-05-19 14:00:00+00:00,2021-05-19 22:00:00+00:00,-1,8,-0.041335394768336364,False,0.15974358974358976,0.1076923076923077,1.3852600408979319,0.933883173639055,LTC
1799,2021-05-28 14:00:00+00:00,2021-05-28 22:00:00+00:00,1,8,-0.03444530158404743,False,0.04271102618860287,0.034899404293582154,1.1170510873159536,0.9127483226621166,LTC
1800,2021-06-22 14:00:00+00:00,2021-06-22 22:00:00+00:00,-1,8,-0.11050386231425768,False,0.14667535853976532,0.014993481095176005,3.1678947385036245,0.32382923993592594,LTC
1801,2021-07-09 14:00:00+00:00,2021-07-09 22:00:00+00:00,1,8,0.003120586637374164,False,0.0086638285159459,0.01471357084173596,0.5589180659213634,0.9491970602285383,LTC
1802,2021-07-14 14:00:00+00:00,2021-07-14 22:00:00+00:00,1,8,-0.001902249191113095,False,0.011211104331909692,0.006330079316656376,0.6538966018359702,0.36920692484615325,LTC
1803,2021-07-19 14:00:00+00:00,2021-07-19 22:00:00+00:00,-1,8,-0.008040933119195034,False,0.02124999999999996,0.002232142857142857,1.338900125863272,0.1406407695234532,LTC
1804,2021-08-04 14:00:00+00:00,2021-08-04 22:00:00+00:00,1,8,0.02114401208682552,False,0.004403721855245434,0.02407841466013222,0.3930089073460287,2.1488712837145703,LTC
1805,2021-08-16 14:00:00+00:00,2021-08-16 22:00:00+00:00,-1,8,0.0043078372821363665,False,0.02221977173733253,0.020234878976677598,1.323318928345902,1.2051068156400695,LTC
1806,2021-08-18 14:00:00+00:00,2021-08-18 22:00:00+00:00,1,8,-0.026748246747946475,False,0.03260549702783822,0.02777941263021599,1.6948569704364913,1.4439936643430051,LTC
1807,2021-08-19 14:00:00+00:00,2021-08-19 22:00:00+00:00,1,8,0.03961351009105754,False,0.0,0.047354260089686025,0.0,2.6926424417944803,LTC
1808,2021-08-20 14:00:00+00:00,2021-08-20 22:00:00+00:00,1,8,0.008562468667528335,False,0.006082052416233676,0.018743779719119686,0.4840524690431122,1.4917617000510093,LTC
1809,2021-08-24 14:00:00+00:00,2021-08-24 22:00:00+00:00,-1,8,0.03425759990048807,False,0.00044057715607436984,0.05336490802951881,0.0332822418364365,4.031311542439185,LTC
1810,2021-09-03 14:00:00+00:00,2021-09-03 22:00:00+00:00,1,8,0.06793182651757661,False,0.0037541295424967465,0.09105015517068775,0.2260235968609792,5.481825635868282,LTC
1811,2021-09-13 14:00:00+00:00,2021-09-13 22:00:00+00:00,1,8,-0.16495871544622565,False,0.19800884955752215,0.010047935103244738,5.846096506734001,0.2966594596061451,LTC
1812,2021-10-06 14:00:00+00:00,2021-10-06 22:00:00+00:00,1,8,0.016177791499536614,False,0.008280183506769711,0.02579165267987012,0.4200955518017147,1.3085408741931588,LTC
1813,2021-10-20 14:00:00+00:00,2021-10-20 22:00:00+00:00,1,8,0.05267182274941269,False,0.0033156498673740345,0.06901652723933892,0.31096122612783483,6.4727775223224135,LTC
1814,2021-11-03 14:00:00+00:00,2021-11-03 22:00:00+00:00,-1,8,-0.047842395566510064,False,0.05271364619485936,0.006337709370755952,3.2677220628735246,0.3928749808416618,LTC
1815,2021-11-08 15:00:00+00:00,2021-11-08 23:00:00+00:00,1,8,0.053272513789516515,False,0.005532310553231045,0.07019990701999068,0.4951366559565674,6.2828264747430085,LTC
1816,2021-11-09 15:00:00+00:00,2021-11-09 23:00:00+00:00,1,8,0.02064074330376346,False,0.016569499846578895,0.05477140227063505,0.7344317855384197,2.427705068863077,LTC
1817,2021-11-17 15:00:00+00:00,2021-11-17 23:00:00+00:00,-1,8,0.0024325547642236054,False,0.022455089820359257,0.011535752025361062,0.8740240268351758,0.4490084216290523,LTC
1818,2021-11-19 15:00:00+00:00,2021-11-19 23:00:00+00:00,1,8,-0.006017023111501839,False,0.017602261845045306,0.00930274978339195,0.751104798859191,0.39695694032973344,LTC
1819,2021-11-23 15:00:00+00:00,2021-11-23 23:00:00+00:00,1,8,-0.004360296530283545,False,0.01836572973476902,0.0035892415979117617,1.0243342398445963,0.20018714839602794,LTC
1820,2021-12-01 15:00:00+00:00,2021-12-01 23:00:00+00:00,1,8,-0.04429146694234229,False,0.05213817308580397,0.004248637665096592,3.017669774084314,0.24590400284832767,LTC
1821,2021-12-08 15:00:00+00:00,2021-12-08 23:00:00+00:00,1,8,-0.017765477353508047,False,0.019904410430153018,0.026377881299534237,0.8551336510279891,1.1332470268942412,LTC
1822,2021-12-09 15:00:00+00:00,2021-12-09 23:00:00+00:00,-1,8,-0.006545642653407253,False,0.02307442313942159,0.011829704257393521,1.1485942347741627,0.5888567626166089,LTC
1823,2021-12-10 15:00:00+00:00,2021-12-10 23:00:00+00:00,-1,8,0.00130511426219711,False,0.018480762906938522,0.02374219006905632,0.8863981281289685,1.138753467098073,LTC
1824,2021-12-20 15:00:00+00:00,2021-12-20 23:00:00+00:00,1,8,0.011255811344023904,False,0.019375457753512196,0.032026100272987565,1.0226444591081552,1.6903504633368505,LTC
1825,2021-12-29 15:00:00+00:00,2021-12-29 23:00:00+00:00,1,8,-0.010924527666964466,False,0.01952682439186942,0.0036654448517159806,1.3616081441700874,0.2555919724551273,LTC
1826,2022-01-10 15:00:00+00:00,2022-01-10 23:00:00+00:00,-1,8,-0.014302824912903415,False,0.02773769440436102,0.018197851531184833,2.0506733707755687,1.3453839744683644,LTC
1827,2022-01-14 15:00:00+00:00,2022-01-14 23:00:00+00:00,1,8,-0.0023644570704339438,False,0.012691405711132595,0.005173127327907298,0.8232430554290231,0.3355610280281338,LTC
1828,2022-01-20 15:00:00+00:00,2022-01-20 23:00:00+00:00,1,8,-0.056944550132931177,False,0.06686499504179061,0.010978892194361687,6.375904564772387,1.0468911096818954,LTC
1829,2022-02-02 15:00:00+00:00,2022-02-02 23:00:00+00:00,-1,8,0.018846720755199844,False,0.013980337332010437,0.03346261387210253,1.0004791993225515,2.3946953738623744,LTC
1830,2022-02-07 15:00:00+00:00,2022-02-07 23:00:00+00:00,1,8,0.039823568793352214,False,0.0015207968975742426,0.06280891186981993,0.12473647552179722,5.151616439050529,LTC
1831,2022-02-17 15:00:00+00:00,2022-02-17 23:00:00+00:00,-1,8,0.040953832483203376,False,0.011631716906946279,0.060615989515072015,0.8794211339901359,4.582898867272529,LTC
1832,2022-02-21 15:00:00+00:00,2022-02-21 23:00:00+00:00,1,8,-0.045136961361935936,False,0.05669220369535832,0.021180712032446997,3.5673369138464572,1.3327888310873048,LTC
1833,2022-02-24 15:00:00+00:00,2022-02-24 23:00:00+00:00,1,8,0.06915873183613937,False,0.006153525239883075,0.12974551522736752,0.25187733179670463,5.310769504323835,LTC
1834,2022-02-28 15:00:00+00:00,2022-02-28 23:00:00+00:00,1,8,0.04668223800371084,False,0.00741088180112563,0.06716697936210142,0.43044659767346477,3.901262834610182,LTC
1835,2022-03-31 14:00:00+00:00,2022-03-31 22:00:00+00:00,-1,8,0.015922562304128755,False,0.00023698554388183217,0.0475550991389526,0.017894084126918845,3.590746214801585,LTC
1836,2022-04-05 14:00:00+00:00,2022-04-05 22:00:00+00:00,-1,8,8.866339190844049e-05,False,0.008843865573243355,0.010934233799646241,1.0592366496860666,1.30960167597549,LTC
1837,2022-04-06 14:00:00+00:00,2022-04-06 22:00:00+00:00,-1,8,0.011212372663871373,False,0.005868139454608274,0.027787366240938895,0.46266299704210473,2.190845368346414,LTC
1838,2022-04-13 14:00:00+00:00,2022-04-13 22:00:00+00:00,1,8,0.004665109160525334,False,0.010299881505787945,0.008112296053231252,0.8583615196002082,0.6760546481806983,LTC
1839,2022-04-20 14:00:00+00:00,2022-04-20 22:00:00+00:00,-1,8,-0.008331148877407546,False,0.011111111111111193,0.008870967741935439,1.294009706594603,1.0331206528456782,LTC
1840,2022-04-21 14:00:00+00:00,2022-04-21 22:00:00+00:00,1,8,-0.06137614225427143,False,0.0622755539984234,0.001664184987299621,6.7310910947261835,0.1798744455693333,LTC
1841,2022-04-26 14:00:00+00:00,2022-04-26 22:00:00+00:00,-1,8,0.031477550825400935,False,0.0010773751224289858,0.035553379040156666,0.11087526202872675,3.658883646947997,LTC
1842,2022-04-28 14:00:00+00:00,2022-04-28 22:00:00+00:00,-1,8,-0.03054406198169677,False,0.03675374987583195,0.010628787126254171,3.6842053341585115,1.0654323533917924,LTC
1843,2022-04-29 14:00:00+00:00,2022-04-29 22:00:00+00:00,1,8,-0.01473569922078519,False,0.032883725509500736,0.0013783597518952503,2.867785933633138,0.12020659602055156,LTC
1844,2022-05-02 14:00:00+00:00,2022-05-02 22:00:00+00:00,1,8,0.006599760355867908,False,0.020623692338348185,0.009066454119756866,1.8871147588969068,0.8296011742010496,LTC
1845,2022-05-04 14:00:00+00:00,2022-05-04 22:00:00+00:00,-1,8,-0.051804945851556206,False,0.06193637895154098,0.0031711426023188307,6.057863983521981,0.3101626359563189,LTC
1846,2022-05-11 14:00:00+00:00,2022-05-11 22:00:00+00:00,-1,8,0.12659154166779119,False,0.035616438356164244,0.16503587736464456,0.7522079529686828,3.4855057161369523,LTC
1847,2022-05-18 14:00:00+00:00,2022-05-18 22:00:00+00:00,-1,8,0.011648611815586869,False,0.01064605512614852,0.03412571095231135,0.4879135854528093,1.5639969725473455,LTC
1848,2022-06-10 14:00:00+00:00,2022-06-10 22:00:00+00:00,-1,8,0.0029207008694998047,False,0.017088055797733162,0.03225806451612906,1.2021183091422087,2.269304971339893,LTC
1849,2022-06-20 14:00:00+00:00,2022-06-20 22:00:00+00:00,-1,8,-0.004918787804502223,False,0.02968388589051656,0.0073245952197379055,1.0334708679082323,0.255012292081254,LTC
1850,2022-06-21 14:00:00+00:00,2022-06-21 22:00:00+00:00,1,8,-0.018417492529246644,False,0.0300516224188791,0.026179941002949753,1.3395322236355387,1.1669544524923037,LTC
1851,2022-06-27 14:00:00+00:00,2022-06-27 22:00:00+00:00,-1,8,-0.0066113149216742734,False,0.01130044843049332,0.018295964125560595,0.7519005991646043,1.2173628748379297,LTC
1852,2022-07-13 14:00:00+00:00,2022-07-13 22:00:00+00:00,-1,8,-0.033596385719994175,False,0.03343207786711819,0.004866694879390539,2.227627499477247,0.3242748891644039,LTC
1853,2022-07-28 14:00:00+00:00,2022-07-28 22:00:00+00:00,-1,8,-0.08977007569624788,False,0.09837745516652444,0.001024765157984546,6.846823729664044,0.07132108051732798,LTC
1854,2022-08-04 14:00:00+00:00,2022-08-04 22:00:00+00:00,1,8,-0.014532056611572744,False,0.023554961577012975,0.010691613765452733,1.9145883473764205,0.8690330087382363,LTC
1855,2022-08-10 14:00:00+00:00,2022-08-10 22:00:00+00:00,1,8,-0.0015853878007025736,False,0.010541680181641236,0.010217320791436954,0.8546857620697147,0.828387738621421,LTC
1856,2022-08-17 14:00:00+00:00,2022-08-17 22:00:00+00:00,-1,8,-0.006260162273172576,False,0.018333333333333358,0.005333333333333338,1.172118027903407,0.3409797899355364,LTC
1857,2022-08-26 14:00:00+00:00,2022-08-26 22:00:00+00:00,1,8,-0.05902210039358325,False,0.07696325962040748,0.004701375587672003,6.601250405850225,0.40324380307230334,LTC
1858,2022-08-29 14:00:00+00:00,2022-08-29 22:00:00+00:00,1,8,-0.003711068702554175,False,0.012949640287769763,0.019424460431654644,0.9205510348686232,1.3808265523029348,LTC
1859,2022-09-02 14:00:00+00:00,2022-09-02 22:00:00+00:00,1,8,0.03813842698229486,False,0.004720161834120046,0.052764666217127484,0.32953530407466514,3.6837339348346374,LTC
1860,2022-09-07 14:00:00+00:00,2022-09-07 22:00:00+00:00,1,8,0.03020889688981706,False,0.007231965286566727,0.03688302296148977,0.5560108058811193,2.8356551099936675,LTC
1861,2022-09-13 14:00:00+00:00,2022-09-13 22:00:00+00:00,-1,8,0.07436248306857692,False,0.008780181875196021,0.08592035120727506,0.44211001626993085,4.326362302070023,LTC
1862,2022-09-14 14:00:00+00:00,2022-09-14 22:00:00+00:00,1,8,-0.007395074544298073,False,0.02999668544912168,0.013258203513423883,1.7746870018324985,0.7843920450088354,LTC
1863,2022-09-16 14:00:00+00:00,2022-09-16 22:00:00+00:00,-1,8,-0.0132219514698802,False,0.021276595744680753,0.008183306055646532,1.5853212481361518,0.6097389415908342,LTC
1864,2022-09-19 14:00:00+00:00,2022-09-19 22:00:00+00:00,1,8,0.0034523717449696204,False,0.01745635910224446,0.012276999808171889,0.9843770396755123,0.6923091268047536,LTC
1865,2022-10-13 14:00:00+00:00,2022-10-13 22:00:00+00:00,-1,8,-0.04645388625224431,False,0.047754521438731996,0.004470636049583395,3.095811965436424,0.2898206946365997,LTC
1866,2022-10-21 14:00:00+00:00,2022-10-21 22:00:00+00:00,1,8,0.0064836063547392825,False,0.004701273261508225,0.014299706170421235,0.5331484075374605,1.6216597395931525,LTC
1867,2022-10-25 14:00:00+00:00,2022-10-25 22:00:00+00:00,1,8,0.056385729168769216,False,0.0016933207902162992,0.06848541862652871,0.2572857609382664,10.405779664614759,LTC
1868,2022-10-28 14:00:00+00:00,2022-10-28 22:00:00+00:00,1,8,-0.0011535789676330084,False,0.01058201058201068,0.013866082831600035,1.0707147562215897,1.4030055426351695,LTC
1869,2022-10-31 14:00:00+00:00,2022-10-31 22:00:00+00:00,-1,8,-0.00855174620414218,False,0.011955122310097585,0.00790877322052602,0.9480863886389899,0.6271956109457874,LTC
1870,2022-11-01 14:00:00+00:00,2022-11-01 22:00:00+00:00,-1,8,-0.003580476249219456,False,0.010942914462885308,0.006748130585445877,1.1615868334593669,0.7163118806332696,LTC
1871,2022-11-02 14:00:00+00:00,2022-11-02 22:00:00+00:00,1,8,-0.012948331358409632,False,0.040715810211787835,0.033656214086356995,2.0167362071623036,1.6670601712430388,LTC
1872,2022-11-04 14:00:00+00:00,2022-11-04 22:00:00+00:00,1,8,0.0236256930903536,False,0.0021151231303822415,0.06481341592385566,0.11329606402867491,3.471715104878672,LTC
1873,2022-11-10 15:00:00+00:00,2022-11-10 23:00:00+00:00,1,8,0.010260849435627252,False,0.0423572744014732,0.02293654779842633,1.2119696267235547,0.6562839480676994,LTC
1874,2022-11-11 15:00:00+00:00,2022-11-11 23:00:00+00:00,-1,8,-0.00790974503167502,False,0.021907428759677126,0.03261406687530891,0.6831721428046014,1.017053265227906,LTC
1875,2022-11-22 15:00:00+00:00,2022-11-22 23:00:00+00:00,1,8,-0.0036492934462446147,False,0.020618556701030893,0.02090492554410071,1.0383358336339463,1.0527571646566374,LTC
1876,2022-12-13 15:00:00+00:00,2022-12-13 23:00:00+00:00,1,8,-0.01869355849780448,False,0.025803991356298475,0.001144019321215246,2.0765881172241354,0.0920654830296449,LTC
1877,2023-02-14 15:00:00+00:00,2023-02-14 23:00:00+00:00,1,8,0.0042722339144447745,False,0.009630648745899001,0.01545137051539854,0.8249559698070947,1.3235557317784281,LTC
1878,2023-02-22 15:00:00+00:00,2023-02-22 23:00:00+00:00,-1,8,-0.016139621731277642,False,0.014488087572440377,0.017493024254131892,1.2900619246106408,1.55763032378916,LTC
1879,2023-03-08 15:00:00+00:00,2023-03-08 23:00:00+00:00,-1,8,0.005230813257481816,False,0.023527992277992314,0.020390926640926614,2.3382914771489967,2.026519280195791,LTC
1880,2023-03-14 14:00:00+00:00,2023-03-14 22:00:00+00:00,1,8,-0.0416909143291134,False,0.062268518518518626,0.02268518518518511,3.2884650286773036,1.1980281517114282,LTC
1881,2023-03-21 14:00:00+00:00,2023-03-21 22:00:00+00:00,1,8,-0.008670006563756237,False,0.0318917612949988,0.008939357332688993,2.0139128620177997,0.5645058779898338,LTC
1882,2023-04-20 14:00:00+00:00,2023-04-20 22:00:00+00:00,1,8,-0.028379983945018245,False,0.047775226850333495,0.00349841478080253,3.3163728730062174,0.24284652616979702,LTC
1883,2023-05-03 14:00:00+00:00,2023-05-03 22:00:00+00:00,-1,8,-0.03414125949854298,False,0.03908152615099142,0.01078510959062979,5.776221328495932,1.5940314051932556,LTC
1884,2023-05-10 14:00:00+00:00,2023-05-10 22:00:00+00:00,1,8,-0.005425345271223708,False,0.05172413793103452,0.009113300492610775,5.481607271339352,0.96580699542645,LTC
1885,2023-06-02 14:00:00+00:00,2023-06-02 22:00:00+00:00,-1,8,-0.01971367959272979,False,0.021176470588235338,0.004919786096256618,2.180068349199359,0.5064805255715603,LTC
1886,2023-06-26 14:00:00+00:00,2023-06-26 22:00:00+00:00,1,8,-0.04143064668278937,False,0.048370955187368045,0.004670299121538836,4.591264218833524,0.4432944763011538,LTC
1887,2023-06-30 14:00:00+00:00,2023-06-30 22:00:00+00:00,-1,8,-0.12927591603934346,False,0.1776537489469251,0.015374894692502042,5.670137718254712,0.49071731290170967,LTC
1888,2023-07-06 14:00:00+00:00,2023-07-06 22:00:00+00:00,-1,8,0.009729373233309203,False,0.005264223527029723,0.027839643652561245,0.2725346989338328,1.4412892732077807,LTC
1889,2023-08-01 14:00:00+00:00,2023-08-01 22:00:00+00:00,1,8,0.015211609647491168,False,0.005898416166029406,0.02796286182413984,0.5967478645287281,2.8290269133214214,LTC
1890,2023-08-16 14:00:00+00:00,2023-08-16 22:00:00+00:00,-1,8,0.05131800889862162,False,0.009273570324574947,0.06684698608964448,1.2395374029270916,8.934998779432796,LTC
1891,2023-09-18 14:00:00+00:00,2023-09-18 22:00:00+00:00,1,8,-0.007310264360822136,False,0.014694856800120018,0.010946168840905744,1.353493388921007,1.0082144631758536,LTC
1892,2023-09-20 14:00:00+00:00,2023-09-20 22:00:00+00:00,-1,8,-0.0006014970490095244,False,0.013139588808162135,0.023651259854691624,1.4290728664565768,2.5723311596218146,LTC
1893,2023-09-27 14:00:00+00:00,2023-09-27 22:00:00+00:00,-1,8,0.015484131291016,False,0.0003099333643266081,0.023709902370990254,0.050187161837276374,3.8393178805524095,LTC
1894,2023-10-16 14:00:00+00:00,2023-10-16 22:00:00+00:00,1,8,-0.013216511153747968,False,0.014883283722387525,0.007206642644524643,1.71615986941942,0.830982673613632,LTC
1895,2023-10-17 14:00:00+00:00,2023-10-17 22:00:00+00:00,-1,8,-0.0004237634071267897,False,0.007089912987431481,0.012407347728005206,0.9575641247999551,1.6757372183999368,LTC
1896,2023-10-23 14:00:00+00:00,2023-10-23 22:00:00+00:00,-1,8,-0.027264714989778276,False,0.02995742092457419,0.0009124087591241221,2.9395075466843097,0.08952814862998242,LTC
1897,2023-11-06 15:00:00+00:00,2023-11-06 23:00:00+00:00,1,8,0.01775602102689026,False,0.003945041490953697,0.020269351108692622,0.40961955450057846,2.104597021399471,LTC
1898,2023-11-09 15:00:00+00:00,2023-11-09 23:00:00+00:00,1,8,-0.05110798079704684,False,0.1165418473262384,0.0034161082643542912,12.528997712926722,0.3672535969967317,LTC
1899,2023-11-10 15:00:00+00:00,2023-11-10 23:00:00+00:00,-1,8,-0.022357211664143225,False,0.022812630407567123,0.0029211295034078976,1.5254042359843307,0.19532615216871943,LTC
1900,2023-11-14 15:00:00+00:00,2023-11-14 23:00:00+00:00,1,8,-0.02282130360371822,False,0.06077885952712106,0.0008344923504866211,5.1881563683235195,0.07123326821495399,LTC
1901,2023-11-17 15:00:00+00:00,2023-11-17 23:00:00+00:00,-1,8,-0.012711647310135576,False,0.011219792865362503,0.021864211737629403,0.9031122909091248,1.7599111310023898,LTC
1902,2023-12-04 15:00:00+00:00,2023-12-04 23:00:00+00:00,-1,8,0.0046281983834733365,False,0.007007419620775009,0.011679032701291486,0.6158666245136518,1.0264443741894025,LTC
1903,2023-12-14 15:00:00+00:00,2023-12-14 23:00:00+00:00,-1,8,-0.010606652478718673,False,0.010351966873706004,0.008833678398895798,1.0480773745231367,0.8943593595930774,LTC
1904,2023-12-18 15:00:00+00:00,2023-12-18 23:00:00+00:00,1,8,0.01145881687238524,False,0.008021773384901908,0.01690302248961456,0.7219523267004115,1.521256688404423,LTC
1905,2023-12-27 15:00:00+00:00,2023-12-27 23:00:00+00:00,-1,8,0.009176863243835369,False,0.0034296266983246393,0.013586598074132714,0.26306511664649973,1.0421425774842479,LTC
1906,2024-01-12 15:00:00+00:00,2024-01-12 23:00:00+00:00,1,8,-0.05846653988957315,False,0.07795100222717154,0.007205554827721698,4.620201686386551,0.4270774668088384,LTC
1907,2024-02-13 15:00:00+00:00,2024-02-13 23:00:00+00:00,-1,8,0.008345386786176523,False,0.00229654083536668,0.021817137935983867,0.21047733716831002,1.9995347030989825,LTC
1908,2024-02-16 15:00:00+00:00,2024-02-16 23:00:00+00:00,-1,8,-0.008690976211599175,False,0.008599684678228588,0.018919306292102527,1.018708875333903,2.241159525734543,LTC
1909,2024-02-21 15:00:00+00:00,2024-02-21 23:00:00+00:00,-1,8,-0.0166534117897818,False,0.015772405660377256,0.007517688679245358,1.5678195705319766,0.7472784868890852,LTC
1910,2024-02-26 15:00:00+00:00,2024-02-26 23:00:00+00:00,1,8,0.02130585128000737,False,0.0025434506146671276,0.03348876642645195,0.39387894304588944,5.186072750104434,LTC
1911,2024-03-13 14:00:00+00:00,2024-03-13 22:00:00+00:00,-1,8,-0.01784205838026983,False,0.017402243421742285,0.008072124960687661,1.1213098020842993,0.5201256310872938,LTC
1912,2024-03-14 14:00:00+00:00,2024-03-14 22:00:00+00:00,-1,8,-0.014059817234859062,False,0.019097407446921923,0.04406273338312183,1.1361950074180602,2.621500212646157,LTC
1913,2024-03-27 14:00:00+00:00,2024-03-27 22:00:00+00:00,-1,8,0.004014858967870872,False,0.02044274970871737,0.022455248384704907,1.0817518890573068,1.1882455983427314,LTC
1914,2024-04-12 14:00:00+00:00,2024-04-12 22:00:00+00:00,-1,8,0.09916903959340198,False,0.013933996856993171,0.17286537454164483,1.3049829250874212,16.189637792437953,LTC
1915,2024-04-26 14:00:00+00:00,2024-04-26 22:00:00+00:00,1,8,0.0036248429629003186,False,0.017665830863916085,0.009687713699567,1.4688400549255853,0.8054929333462983,LTC
1916,2024-05-03 14:00:00+00:00,2024-05-03 22:00:00+00:00,1,8,0.001186201111044334,False,0.005386216183131323,0.011017260374586923,0.647777702848255,1.3249998467350823,LTC
1917,2024-05-08 14:00:00+00:00,2024-05-08 22:00:00+00:00,1,8,-0.010098158393126222,False,0.017839687194526,0.00549853372434021,1.9425517429171428,0.5987317015840513,LTC
1918,2024-05-15 14:00:00+00:00,2024-05-15 22:00:00+00:00,1,8,0.021748282730133753,False,0.001874062968515813,0.0296101949025486,0.22879127488957798,3.61490214325518,LTC
1919,2024-05-23 14:00:00+00:00,2024-05-23 22:00:00+00:00,-1,8,0.009158917850057902,False,0.00684931506849319,0.07476201532389132,0.592130130493447,6.463250915894535,LTC
1920,2024-05-24 14:00:00+00:00,2024-05-24 22:00:00+00:00,-1,8,-0.009795223163485522,False,0.01277955271565493,0.004969826056088057,1.0849002696838668,0.4219056604326173,LTC
1921,2024-05-30 14:00:00+00:00,2024-05-30 22:00:00+00:00,1,8,-0.0029953213136549505,False,0.014162634249970527,0.01050395373539479,1.7685779096077576,1.3116952829590847,LTC
1922,2024-06-11 14:00:00+00:00,2024-06-11 22:00:00+00:00,-1,8,-0.004081665184389182,False,0.008026929052304566,0.022009321595028337,0.7546065165289328,2.069082384030916,LTC
1923,2024-06-12 14:00:00+00:00,2024-06-12 22:00:00+00:00,1,8,0.0016726976499386393,False,0.0157128257537047,0.012902401635155917,1.7581669230296715,1.4436980424877819,LTC
1924,2024-06-18 14:00:00+00:00,2024-06-18 22:00:00+00:00,-1,8,-0.01575260954406207,False,0.016643356643356613,0.012587412587412666,1.36738819923776,1.034159142280667,LTC
1925,2024-06-27 14:00:00+00:00,2024-06-27 22:00:00+00:00,1,8,0.005896258185290305,False,0.005524098881369859,0.009114763154260415,0.7927573360163365,1.3080496044269765,LTC
1926,2024-06-28 14:00:00+00:00,2024-06-28 22:00:00+00:00,-1,8,-0.002757061843970786,False,0.008214676889375607,0.007667031763417336,0.9338311237408907,0.8715757154915097,LTC
1927,2024-07-04 14:00:00+00:00,2024-07-04 22:00:00+00:00,-1,8,0.01577096392089046,False,0.009490436560081847,0.026427215651919817,0.7599467739355179,2.1161594781896405,LTC
1928,2024-07-19 14:00:00+00:00,2024-07-19 22:00:00+00:00,1,8,0.027273916390658404,False,0.0008405715886803345,0.03782572149061366,0.09308618830455481,4.188878473704812,LTC
1929,2024-07-22 14:00:00+00:00,2024-07-22 22:00:00+00:00,-1,8,0.009608809016639797,False,0.0034497033255140057,0.015454670898302809,0.36596696841906656,1.639532018517425,LTC
1930,2024-08-12 14:00:00+00:00,2024-08-12 22:00:00+00:00,-1,8,-0.019392060600766495,False,0.03590514362057446,0.0083500334001336,2.749996708580363,0.6395341182745033,LTC
1931,2024-09-11 14:00:00+00:00,2024-09-11 22:00:00+00:00,-1,8,-0.030100078125713813,False,0.03586252697991041,0.0026564834799933023,4.118140434949462,0.305047439625879,LTC
1932,2024-10-01 14:00:00+00:00,2024-10-01 22:00:00+00:00,-1,8,0.051575960716346236,False,0.004468275245755096,0.07759904676794759,0.5885188042903474,10.2206099011758,LTC
1933,2024-10-09 14:00:00+00:00,2024-10-09 22:00:00+00:00,-1,8,0.005080063130353529,False,0.012343774108933761,0.010183613639870337,2.0111550819649904,1.6592029426211146,LTC
1934,2024-10-15 14:00:00+00:00,2024-10-15 22:00:00+00:00,1,8,0.03516014299059958,False,0.039876397881106446,0.0594467333725722,4.27964027506712,6.379980336262447,LTC
1935,2024-10-16 14:00:00+00:00,2024-10-16 22:00:00+00:00,-1,8,0.005458750418298186,False,0.011084268864572987,0.015631661219269694,0.7592506306752383,1.0707380689009838,LTC
1936,2024-10-17 14:00:00+00:00,2024-10-17 22:00:00+00:00,1,8,0.020151974673220312,False,0.007266629401900447,0.0320011179429848,0.6882422084082777,3.03091280241339,LTC
1937,2024-11-01 14:00:00+00:00,2024-11-01 22:00:00+00:00,1,8,-0.0070680267882471046,False,0.018830525272547055,0.006512813252159252,2.1818717172870525,0.7546323232722275,LTC
1938,2024-11-05 15:00:00+00:00,2024-11-05 23:00:00+00:00,1,8,-0.0066739190768812726,False,0.026438335586600435,0.00480697010665476,2.5217889333494514,0.4585070787908223,LTC
1939,2024-11-11 15:00:00+00:00,2024-11-11 23:00:00+00:00,1,8,0.016985657998770283,False,0.0077110911193935035,0.019791800539776274,0.530831271820408,1.3624669310056876,LTC
1940,2024-11-13 15:00:00+00:00,2024-11-13 23:00:00+00:00,1,8,-0.022132119506019676,False,0.04723487312947294,0.015094339622641652,2.245525331339536,0.7175783427972147,LTC
1941,2024-11-14 15:00:00+00:00,2024-11-14 23:00:00+00:00,-1,8,-0.06571979609476912,False,0.08084022915340558,0.011203055378739599,2.8690775581413064,0.3976044490022572,LTC
1942,2024-11-18 15:00:00+00:00,2024-11-18 23:00:00+00:00,-1,8,-0.0040115175035371755,False,0.02771518702118064,0.0254619197836864,1.1892286302918413,1.092543375796575,LTC
1943,2024-11-22 15:00:00+00:00,2024-11-22 23:00:00+00:00,-1,8,-0.024136486374803305,False,0.028096201393571586,0.002472465722634287,1.3891844396171444,0.1222482306863081,LTC
1944,2024-11-25 15:00:00+00:00,2024-11-25 23:00:00+00:00,-1,8,0.005730280946724363,False,0.030744680851063837,0.03159574468085105,1.4933362098884257,1.5346742364597308,LTC
1945,2024-12-03 15:00:00+00:00,2024-12-03 23:00:00+00:00,-1,8,-0.047688370882261015,False,0.06035850253807106,0.020463197969543136,1.6402414125503497,0.5560871017581998,LTC
1946,2024-12-30 15:00:00+00:00,2024-12-30 23:00:00+00:00,-1,8,-0.009777400131745162,False,0.03668423186055928,0.013984596676124944,2.6260101683454184,1.0010756995350034,LTC
1947,2025-01-15 15:00:00+00:00,2025-01-15 23:00:00+00:00,1,8,0.0806507860803261,False,0.005814507673243727,0.09579639691163852,0.5049304445854921,8.318936013252786,LTC
1948,2025-01-16 15:00:00+00:00,2025-01-16 23:00:00+00:00,-1,8,-0.06303392437420047,False,0.11989358050120162,0.0036045314109165957,5.0267853157934645,0.15112740391075605,LTC
1949,2025-01-20 15:00:00+00:00,2025-01-20 23:00:00+00:00,1,8,-0.021047100103708548,False,0.07504705786070874,0.0,2.6441547834500203,0.0,LTC
1950,2025-01-23 15:00:00+00:00,2025-01-23 23:00:00+00:00,1,8,0.0038534376633765706,False,0.02206645898234681,0.01358601592246446,1.6607104378465924,1.0224766225173103,LTC
1951,2025-01-24 15:00:00+00:00,2025-01-24 23:00:00+00:00,1,8,-0.030118594903809644,False,0.04646017699115045,0.006964929531301166,3.282365559713764,0.49206538373133696,LTC
1952,2025-01-27 15:00:00+00:00,2025-01-27 23:00:00+00:00,1,8,0.014751815526884381,False,0.03528475415634944,0.023257870534135087,1.6839603969356909,1.109978908255856,LTC
1953,2025-02-25 15:00:00+00:00,2025-02-25 23:00:00+00:00,-1,8,-0.05308447173977271,False,0.06674569162031543,0.009756542354335802,2.417929148507809,0.353440462964942,LTC
1954,2025-02-26 15:00:00+00:00,2025-02-26 23:00:00+00:00,1,8,0.004040009331288483,False,0.04607642711118111,0.01368139644598192,1.8775846236381923,0.5575080623089438,LTC
1955,2025-03-03 15:00:00+00:00,2025-03-03 23:00:00+00:00,-1,8,0.019917750224791517,False,0.02650709219858164,0.054787234042553125,1.0393177014554027,2.148154981603465,LTC
1956,2025-03-10 14:00:00+00:00,2025-03-10 22:00:00+00:00,-1,8,0.0730442482677208,False,0.0,0.0968789275240888,0.0,4.903083977917178,LTC
1957,2025-04-07 14:00:00+00:00,2025-04-07 22:00:00+00:00,1,8,0.020747822040049303,False,0.015665052691540792,0.039447450868698324,0.5478254181657096,1.3795240075627466,LTC
1958,2025-04-09 14:00:00+00:00,2025-04-09 22:00:00+00:00,1,8,0.0764300304481627,False,0.007686932215234063,0.10286512928022362,0.43700754833158867,5.847955555855471,LTC
1959,2025-04-16 14:00:00+00:00,2025-04-16 22:00:00+00:00,-1,8,-0.021652125091655858,False,0.033840717586300556,0.004892633867898878,2.8372247493171434,0.4102011685759728,LTC
1960,2025-04-22 14:00:00+00:00,2025-04-22 22:00:00+00:00,1,8,0.03799677058266527,False,0.002833908329226094,0.04361754558896016,0.2952782226923639,4.544716992743551,LTC
1961,2025-04-28 14:00:00+00:00,2025-04-28 22:00:00+00:00,-1,8,-0.002895323294393618,False,0.014061401453011517,0.018631356925240254,1.3033903235829476,1.7269921787474052,LTC
1962,2025-04-30 14:00:00+00:00,2025-04-30 22:00:00+00:00,-1,8,-0.02888942637996846,False,0.036891775952935295,0.0028189729133472727,3.0354767757420213,0.23194673037231864,LTC
